-- MySQL dump 10.17  Distrib 10.3.11-MariaDB, for Linux (x86_64)
--
-- Host: localhost    Database: urban_management
-- ------------------------------------------------------
-- Server version	10.3.11-MariaDB

/*!40101 SET @OLD_CHARACTER_SET_CLIENT=@@CHARACTER_SET_CLIENT */;
/*!40101 SET @OLD_CHARACTER_SET_RESULTS=@@CHARACTER_SET_RESULTS */;
/*!40101 SET @OLD_COLLATION_CONNECTION=@@COLLATION_CONNECTION */;
/*!40101 SET NAMES utf8mb4 */;
/*!40103 SET @OLD_TIME_ZONE=@@TIME_ZONE */;
/*!40103 SET TIME_ZONE='+00:00' */;
/*!40014 SET @OLD_UNIQUE_CHECKS=@@UNIQUE_CHECKS, UNIQUE_CHECKS=0 */;
/*!40014 SET @OLD_FOREIGN_KEY_CHECKS=@@FOREIGN_KEY_CHECKS, FOREIGN_KEY_CHECKS=0 */;
/*!40101 SET @OLD_SQL_MODE=@@SQL_MODE, SQL_MODE='NO_AUTO_VALUE_ON_ZERO' */;
/*!40111 SET @OLD_SQL_NOTES=@@SQL_NOTES, SQL_NOTES=0 */;

--
-- Table structure for table `announcement_campaign`
--

DROP TABLE IF EXISTS `announcement_campaign`;
/*!40101 SET @saved_cs_client     = @@character_set_client */;
/*!40101 SET character_set_client = utf8 */;
CREATE TABLE `announcement_campaign` (
  `id` int(11) NOT NULL AUTO_INCREMENT,
  `title` varchar(255) DEFAULT NULL,
  `description` varchar(255) DEFAULT NULL,
  `content` text DEFAULT NULL,
  `attach` text DEFAULT NULL,
  `status` int(11) DEFAULT 1 COMMENT ' 0 - chưa active, 1 - đã active',
  `is_send_push` int(11) DEFAULT NULL,
  `is_send_email` int(11) DEFAULT NULL,
  `is_send_sms` int(11) DEFAULT NULL,
  `send_at` int(11) DEFAULT NULL,
  `building_cluster_id` int(11) DEFAULT NULL,
  `created_at` int(11) DEFAULT NULL,
  `updated_at` int(11) DEFAULT NULL,
  `created_by` int(11) DEFAULT NULL,
  `updated_by` int(11) DEFAULT NULL,
  `announcement_category_id` int(11) DEFAULT NULL,
  `is_send` int(1) DEFAULT 0 COMMENT '1 - đã gửi, 0 - chưa gửi',
  `total_apartment_send` int(11) DEFAULT 0 COMMENT 'Số căn hộ đã gửi',
  `total_apartment_open` int(11) DEFAULT 0 COMMENT 'Số căn hộ đã mở',
  PRIMARY KEY (`id`),
  KEY `idx-announcement_campaign-building_cluster_id` (`building_cluster_id`),
  KEY `idx-announcement_campaign-is_send_email` (`is_send_email`),
  KEY `idx-announcement_campaign-is_send_push` (`is_send_push`),
  KEY `idx-announcement_campaign-is_send_sms` (`is_send_sms`),
  KEY `idx-announcement_campaign-send_at` (`send_at`),
  KEY `idx-announcement_campaign-status` (`status`),
  KEY `idx-announcement_campaign-announcement_category_id` (`announcement_category_id`),
  KEY `idx-announcement_campaign-total_apartment_send` (`total_apartment_send`),
  KEY `idx-announcement_campaign-total_apartment_open` (`total_apartment_open`)
) ENGINE=InnoDB AUTO_INCREMENT=97 DEFAULT CHARSET=utf8;
/*!40101 SET character_set_client = @saved_cs_client */;

--
-- Dumping data for table `announcement_campaign`
--

LOCK TABLES `announcement_campaign` WRITE;
/*!40000 ALTER TABLE `announcement_campaign` DISABLE KEYS */;
INSERT INTO `announcement_campaign` VALUES (1,'Thông báo tiền điện','bạn phải nộp tiền điện','<p>bạn phải nộp tiền điện</p>\n','{\"fileImageList\":[],\"fileList\":[]}',1,NULL,NULL,NULL,1558510062,1,1558510062,1558767888,1,5,1,1,0,0),(2,'Thong bao1','<p>sdfsdf sdf s</p>\n','<p>sdfsdf sdf s</p>\n','{\"fileImageList\":[{\"uid\":\"rc-upload-1558600217224-27\",\"name\":\"playstore-icon.png\",\"status\":\"done\",\"url\":\"\\/uploads\\/images\\/201905\\/1558601052-playstore-icon.png\"}],\"fileList\":[{\"uid\":\"rc-upload-1558600217224-29\",\"name\":\"etripeLogo.pdf\",\"status\":\"done\",\"url\":\"\\/uploads\\/applications\\/201905\\/1558601056-etripelogo.pdf\"}]}',1,NULL,NULL,NULL,1558601057,2,1558601057,1558601101,18,NULL,2,1,0,0),(3,'Highcharts Annotations Demo','<p>sdfsd\'sdf</p>\n<p></p>\n<p>sdf</p>\n<p></p>\n','<p>sdfsd\'sdf</p>\n<p></p>\n<p>sdf</p>\n<p></p>\n','{\"fileImageList\":[],\"fileList\":[]}',1,NULL,NULL,NULL,1558602490,2,1558602490,1558602541,18,NULL,2,1,0,0),(4,'Thong bao1','<p>sdfsdf sdf s</p>\n','<p>sdfsdf sdf s</p>\n','{\"fileImageList\":[{\"uid\":\"rc-upload-1558600217224-27\",\"name\":\"playstore-icon.png\",\"status\":\"done\",\"url\":\"\\/uploads\\/images\\/201905\\/1558601052-playstore-icon.png\"}],\"fileList\":[{\"uid\":\"rc-upload-1558600217224-29\",\"name\":\"etripeLogo.pdf\",\"status\":\"done\",\"url\":\"\\/uploads\\/applications\\/201905\\/1558601056-etripelogo.pdf\"}]}',1,NULL,NULL,NULL,1558607858,2,1558607858,1558607881,18,NULL,2,1,0,0),(5,'Thong bao1','<p>sdfsdf sdf s</p>\n','<p>sdfsdf sdf s</p>\n','{\"fileImageList\":[{\"uid\":\"rc-upload-1558600217224-27\",\"name\":\"playstore-icon.png\",\"status\":\"done\",\"url\":\"\\/uploads\\/images\\/201905\\/1558601052-playstore-icon.png\"}],\"fileList\":[{\"uid\":\"rc-upload-1558600217224-29\",\"name\":\"etripeLogo.pdf\",\"status\":\"done\",\"url\":\"\\/uploads\\/applications\\/201905\\/1558601056-etripelogo.pdf\"}]}',1,NULL,NULL,NULL,1558607858,2,1558607858,1558607941,18,NULL,2,1,0,0),(6,'Thong bao1','<p>sdfsdf sdf s</p>\n','<p>sdfsdf sdf s</p>\n','{\"fileImageList\":[{\"uid\":\"rc-upload-1558600217224-27\",\"name\":\"playstore-icon.png\",\"status\":\"done\",\"url\":\"\\/uploads\\/images\\/201905\\/1558601052-playstore-icon.png\"}],\"fileList\":[{\"uid\":\"rc-upload-1558600217224-29\",\"name\":\"etripeLogo.pdf\",\"status\":\"done\",\"url\":\"\\/uploads\\/applications\\/201905\\/1558601056-etripelogo.pdf\"}]}',1,NULL,NULL,NULL,1558607858,2,1558607858,1558953089,18,13,2,1,2,2),(7,'Thong bao 333333','<p>sdfsdf sdf s</p>\n','<p>sdfsdf sdf s</p>\n','{\"fileImageList\":[{\"uid\":\"rc-upload-1558610504576-19\",\"name\":\"default-apartment.png\",\"status\":\"done\",\"url\":\"\\/uploads\\/images\\/201905\\/1558681197-default-apartment.png\"}],\"fileList\":[{\"uid\":\"rc-upload-1558600217224-29\",\"name\":\"etripeLogo.pdf\",\"status\":\"done\",\"url\":\"\\/uploads\\/applications\\/201905\\/1558601056-etripelogo.pdf\"}]}',1,NULL,NULL,NULL,1558607858,2,1558607858,1558951116,18,13,2,1,2,2),(8,'Thông báo nháp','<p></p>\n','<p></p>\n','{\"fileImageList\":[{\"uid\":\"rc-upload-1558609596513-11\",\"name\":\"ic_launcher copy.png\",\"status\":\"done\",\"url\":\"\\/uploads\\/images\\/201905\\/1558609912-ic_launcher-copy.png\"}],\"fileList\":[{\"uid\":\"rc-upload-1558609596513-13\",\"name\":\"animation-smart-hotel7.mp4\",\"status\":\"done\",\"url\":\"\\/uploads\\/videos\\/201905\\/1558609921-animation-smart-hotel7.mp4\"}]}',1,NULL,NULL,NULL,1558609922,2,1558609922,1558609981,18,NULL,5,1,0,0),(9,'Nhap 1','<p></p>\n','<p></p>\n','{\"fileImageList\":[],\"fileList\":[]}',1,NULL,NULL,NULL,1558609932,2,1558609932,1558609981,18,NULL,5,1,0,0),(10,'Nhap 2','<p>weewr</p>\n','<p>weewr</p>\n','{\"fileImageList\":[],\"fileList\":[]}',1,NULL,NULL,NULL,1558610243,2,1558610243,1558610281,18,NULL,2,1,0,0),(11,'Nhap 2','<p>weewr</p>\n','<p>weewr</p>\n','{\"fileImageList\":[],\"fileList\":[]}',1,NULL,NULL,NULL,1558610243,2,1558610243,1558610281,18,NULL,2,1,0,0),(12,'Nhap 2','<p>weewr</p>\n','<p>weewr</p>\n','{\"fileImageList\":[],\"fileList\":[]}',1,NULL,NULL,NULL,1558610243,2,1558610243,1558610281,18,NULL,2,1,0,0),(13,'Nhap 2','<p>weewr</p>\n','<p>weewr</p>\n','{\"fileImageList\":[],\"fileList\":[]}',1,NULL,NULL,NULL,1558610243,2,1558610243,1558610281,18,NULL,2,1,0,0),(14,'Nhap 2','<p>weewr</p>\n','<p>weewr</p>\n','{\"fileImageList\":[],\"fileList\":[]}',1,NULL,NULL,NULL,1558610243,2,1558610243,1558610281,18,NULL,2,1,0,0),(15,'Nhap 2','<p>weewr</p>\n','<p>weewr</p>\n','{\"fileImageList\":[],\"fileList\":[]}',1,NULL,NULL,NULL,1558610243,2,1558610243,1558610281,18,NULL,2,1,0,0),(16,'Nhap 3','<p></p>\n','<p></p>\n','{\"fileImageList\":[],\"fileList\":[]}',1,NULL,NULL,NULL,1558610326,2,1558610326,1558610341,18,NULL,5,1,0,0),(17,'Nhap 3','<p></p>\n','<p></p>\n','{\"fileImageList\":[],\"fileList\":[]}',1,NULL,NULL,NULL,1558610326,2,1558610326,1558610341,18,NULL,5,1,0,0),(18,'Nhap 3','<p></p>\n','<p></p>\n','{\"fileImageList\":[],\"fileList\":[]}',1,NULL,NULL,NULL,1558610326,2,1558610326,1558610341,18,NULL,5,1,0,0),(19,'Nhap 3','<p></p>\n','<p></p>\n','{\"fileImageList\":[],\"fileList\":[]}',1,NULL,NULL,NULL,1558610326,2,1558610326,1558610341,18,NULL,5,1,0,0),(20,'Nhap 3','<p></p>\n','<p></p>\n','{\"fileImageList\":[],\"fileList\":[]}',1,NULL,NULL,NULL,1558610326,2,1558610326,1558610341,18,NULL,5,1,0,0),(21,'Nhap 3','<p></p>\n','<p></p>\n','{\"fileImageList\":[],\"fileList\":[]}',1,NULL,NULL,NULL,1558610326,2,1558610326,1558610341,18,NULL,5,1,0,0),(22,'Nhap 4','<p>sdfsd</p>\n','<p>sdfsd</p>\n','{\"fileImageList\":[],\"fileList\":[]}',1,NULL,NULL,NULL,1558610342,2,1558610342,1558610401,18,NULL,2,1,0,0),(23,'Nhap 4','<p>sdfsd</p>\n','<p>sdfsd</p>\n','{\"fileImageList\":[],\"fileList\":[]}',1,NULL,NULL,NULL,1558610342,2,1558610342,1558610401,18,NULL,2,1,0,0),(24,'Nhap 4','<p>sdfsd</p>\n','<p>sdfsd</p>\n','{\"fileImageList\":[],\"fileList\":[]}',1,NULL,NULL,NULL,1558610342,2,1558610342,1558610401,18,NULL,2,1,0,0),(25,'Nhap 4','<p>sdfsd</p>\n','<p>sdfsd</p>\n','{\"fileImageList\":[],\"fileList\":[]}',1,NULL,NULL,NULL,1558610342,2,1558610342,1558610401,18,NULL,2,1,0,0),(26,'Nhap 4','<p>sdfsd</p>\n','<p>sdfsd</p>\n','{\"fileImageList\":[],\"fileList\":[]}',1,NULL,NULL,NULL,1558610342,2,1558610342,1558610401,18,NULL,2,1,0,0),(27,'Nhap 4','<p>sdfsd</p>\n','<p>sdfsd</p>\n','{\"fileImageList\":[],\"fileList\":[]}',1,NULL,NULL,NULL,1558610342,2,1558610342,1558610401,18,NULL,2,1,0,0),(28,'Nhap 5','<p>dfs</p>\n','<p>dfs</p>\n','{\"fileImageList\":[],\"fileList\":[]}',1,NULL,NULL,NULL,1558610363,2,1558610363,1558610401,18,NULL,2,1,0,0),(29,'Highcharts Demo','<p>Hello</p>\n','<p>Hello</p>\n','{\"fileImageList\":[],\"fileList\":[]}',1,NULL,NULL,NULL,1558694769,2,1558694769,1558971670,18,13,5,1,2,2),(30,'Trang bị lư hóa vàng mã phục vụ cư dân tại Luci Building','Kính gửi: Quý Cư Dân Khu Căn Hộ Luci Building\nHiện nay, qua ghi nhận từ BQL và một','<p><strong>Kính gửi: Quý Cư Dân Khu Căn Hộ Luci Building</strong></p>\n<p>Hiện nay, qua ghi nhận từ BQL và một số ý kiến góp ý từ Cư Dân về việc chưa có dụng cụ cho Cư Dân hóa vàng mã. Nhằm phục vụ nhu cầu trên của Cư Dân theo tập quán thờ cúng Tổ Tiên, Ông Bà cùng với tín ngưỡng Á Đông trong các ngày rằm, mùng một hàng tháng và các ngày giỗ kỵ hàng năm...</p>\n<p>Nay Ban Quản Lý xin thông báo đến Quý Cư Dân việc trang bị và đưa và sử dụng \"<strong>Lư Hóa Vàng Mã</strong>\" như sau:</p>\n<p>- Vị trí đặt lư: Khu vực tiếp giáp giữa Block L1 và Block L2 (Cuối đường nội khu)</p>\n<p>- Thời gian triển khai: Từ 14h00 ngày 24/5/2019</p>\n','{\"fileImageList\":[{\"uid\":\"rc-upload-1558753754031-5\",\"name\":\"Trang_b_l_hoa_vang_ma.jpg\",\"status\":\"done\",\"url\":\"\\/uploads\\/images\\/201905\\/1558755183-trang_b_l_hoa_vang_ma.jpg\"}],\"fileList\":[]}',1,NULL,NULL,NULL,1558694769,2,1558756160,1558758410,7,7,2,1,0,0),(31,'Thông báo mất điện 25/05/2019','Sở điện lực đang sửa chữa đường dây. Mong quý cư dân thông cảm.\n','<p>Sở điện lực đang sửa chữa đường dây. Mong quý cư dân thông cảm.</p>\n','{\"fileImageList\":[{\"uid\":\"rc-upload-1558695617207-3\",\"name\":\"11111 copy.jpg\",\"status\":\"done\",\"url\":\"\\/uploads\\/images\\/201905\\/1558769362-11111-copy.jpg\"},{\"uid\":\"rc-upload-1558695617207-5\",\"name\":\"default-apartment.png\",\"status\":\"done\",\"url\":\"\\/uploads\\/images\\/201905\\/1558769366-default-apartment.png\"}],\"fileList\":[{\"uid\":\"rc-upload-1558695617207-7\",\"name\":\"luciLogo.pdf\",\"status\":\"done\",\"url\":\"\\/uploads\\/applications\\/201905\\/1558769374-lucilogo.pdf\"},{\"uid\":\"rc-upload-1558695617207-9\",\"name\":\"Simulator Screen Shot - iPhone XR - 2019-05-23 at 20.39.25.png\",\"status\":\"done\",\"url\":\"\\/uploads\\/images\\/201905\\/1558769379-simulator-screen-shot---iphone-xr---2019-05-23-at-203925.png\"},{\"uid\":\"rc-upload-1558695617207-11\",\"name\":\"11111 copy.jpg\",\"status\":\"done\",\"url\":\"\\/uploads\\/images\\/201905\\/1558769386-11111-copy.jpg\"},{\"uid\":\"rc-upload-1558695617207-13\",\"name\":\"lucibuilding-push-pro.p12\",\"status\":\"done\",\"url\":\"\\/uploads\\/applications\\/201905\\/1558769390-lucibuilding-push-pro.p12\"}]}',1,NULL,NULL,NULL,1558769393,2,1558769393,1558769401,18,NULL,7,1,0,0),(32,'Thông báo cắt điện ','Thông Báo Cắt Điện\n\nNgày 08/07/2013\nKính gửi Quý Cư dân/ Dear Valued Residents!\nBan qu','<h1><span style=\"color: rgb(68,68,68);background-color: rgb(255,255,255);font-size: 1.57143rem;font-family: TimesNewRoman, \"Times New Roman\", Times, Baskerville, Georgia, serif;\">Thông Báo Cắt Điện</span></h1>\n<p style=\"text-align:start;\"></p>\n<p style=\"text-align:justify;\"><span style=\"color: rgb(68,68,68);background-color: rgb(255,255,255);font-size: 15.996;font-family: TimesNewRoman, \"Times New Roman\", Times, Baskerville, Georgia, serif;\">Ngày 08/07/2013</span></p>\n<p style=\"text-align:justify;\"><span style=\"color: rgb(68,68,68);background-color: rgb(255,255,255);font-size: 15.996;font-family: TimesNewRoman, \"Times New Roman\", Times, Baskerville, Georgia, serif;\">Kính gửi Quý Cư dân/ Dear Valued Residents!</span></p>\n<p style=\"text-align:justify;\"><span style=\"color: rgb(68,68,68);background-color: rgb(255,255,255);font-size: 15.996;font-family: TimesNewRoman, \"Times New Roman\", Times, Baskerville, Georgia, serif;\">Ban quản lý tòa nhà xin thông báo tới toàn thể Quý Cư dân, Quý công ty lịch cắt điện từ Công ty Điện lực GIA ĐỊNH như sau</span></p>\n<p style=\"text-align:justify;\"><span style=\"color: rgb(68,68,68);background-color: rgb(255,255,255);font-size: 15.996;font-family: TimesNewRoman, \"Times New Roman\", Times, Baskerville, Georgia, serif;\">Please be informed that the power will be cut off as arranged from Gia Dinh Power Station as detailed followings:</span></p>\n<p style=\"text-align:justify;\"><span style=\"color: rgb(68,68,68);background-color: rgb(255,255,255);font-size: 15.996;font-family: TimesNewRoman, \"Times New Roman\", Times, Baskerville, Georgia, serif;\">Thời gian cắt điện</span> <span style=\"color: rgb(68,68,68);background-color: rgb(255,255,255);font-size: 15.996;font-family: TimesNewRoman, \"Times New Roman\", Times, Baskerville, Georgia, serif;\">:    Từ 09h00 – 14h00</span>   <span style=\"color: rgb(68,68,68);background-color: rgb(255,255,255);font-size: 15.996;font-family: TimesNewRoman, \"Times New Roman\", Times, Baskerville, Georgia, serif;\">Ngày</span> <span style=\"color: rgb(68,68,68);background-color: rgb(255,255,255);font-size: 15.996;font-family: TimesNewRoman, \"Times New Roman\", Times, Baskerville, Georgia, serif;\">: 12/07/2013</span></p>\n<p style=\"text-align:justify;\"><span style=\"color: rgb(68,68,68);background-color: rgb(255,255,255);font-size: 15.996;font-family: TimesNewRoman, \"Times New Roman\", Times, Baskerville, Georgia, serif;\">Time  </span>    <span style=\"color: rgb(68,68,68);background-color: rgb(255,255,255);font-size: 15.996;font-family: TimesNewRoman, \"Times New Roman\", Times, Baskerville, Georgia, serif;\">:  </span>  <span style=\"color: rgb(68,68,68);background-color: rgb(255,255,255);font-size: 15.996;font-family: TimesNewRoman, \"Times New Roman\", Times, Baskerville, Georgia, serif;\">09h00</span> <span style=\"color: rgb(68,68,68);background-color: rgb(255,255,255);font-size: 15.996;font-family: TimesNewRoman, \"Times New Roman\", Times, Baskerville, Georgia, serif;\">-</span> <span style=\"color: rgb(68,68,68);background-color: rgb(255,255,255);font-size: 15.996;font-family: TimesNewRoman, \"Times New Roman\", Times, Baskerville, Georgia, serif;\">14h00</span>  <span style=\"color: rgb(68,68,68);background-color: rgb(255,255,255);font-size: 15.996;font-family: TimesNewRoman, \"Times New Roman\", Times, Baskerville, Georgia, serif;\">Date     </span> <span style=\"color: rgb(68,68,68);background-color: rgb(255,255,255);font-size: 15.996;font-family: TimesNewRoman, \"Times New Roman\", Times, Baskerville, Georgia, serif;\">: 12<sup>nd</sup></span> <span style=\"color: rgb(68,68,68);background-color: rgb(255,255,255);font-size: 15.996;font-family: TimesNewRoman, \"Times New Roman\", Times, Baskerville, Georgia, serif;\">July, 2013</span></p>\n<p style=\"text-align:justify;\"><span style=\"color: rgb(68,68,68);background-color: rgb(255,255,255);font-size: 15.996;font-family: TimesNewRoman, \"Times New Roman\", Times, Baskerville, Georgia, serif;\">Trong khoảng thời gian trên hệ thống Máy phát điện dự phòng của Tòa nhà sẽ được kích hoạt đảm bảo cung cấp điện cho các hoạt động sinh hoạt, làm việc bình thường của Quý Cư dân. Tuy nhiên trong quá trình chuyển đổi, thời gian gián đoạn có thể sẽ là 20 giây. Chúng tôi lưu ý Quý Cư dân hạn chế sử dụng các thiết bị điện không cần thiết để giảm tải cho máy phát điện và đảm bảo các thiết bị điện không bị ảnh hưởng trong quá trình chuyển đổi điện đột ngột.</span></p>\n<p style=\"text-align:justify;\"><span style=\"color: rgb(68,68,68);background-color: rgb(255,255,255);font-size: 15.996;font-family: TimesNewRoman, \"Times New Roman\", Times, Baskerville, Georgia, serif;\">During that time, the back-up generator will be run to provide full power for your normal operations &amp; work. However, during transferring to back-up generator, it will take 20 seconds for interruption. Please be noticed that you shouldn’t use unnecessary electric equipments to save power and protect them from damage because of suddenly transferring process.</span></p>\n<p style=\"text-align:justify;\"><span style=\"color: rgb(68,68,68);background-color: rgb(255,255,255);font-size: 15.996;font-family: TimesNewRoman, \"Times New Roman\", Times, Baskerville, Georgia, serif;\">Vì vậy Chúng tôi thông báo đến Quý Cư dân và rất mong nhận được thông cảm cho sự bất tiện này.</span></p>\n<p style=\"text-align:justify;\"><span style=\"color: rgb(68,68,68);background-color: rgb(255,255,255);font-size: 15.996;font-family: TimesNewRoman, \"Times New Roman\", Times, Baskerville, Georgia, serif;\">Therefore, we will appreciate for your kind corporation and be sorry for any inconveniences caused to you.</span></p>\n<p style=\"text-align:justify;\"><span style=\"color: rgb(68,68,68);background-color: rgb(255,255,255);font-size: 15.996;font-family: TimesNewRoman, \"Times New Roman\", Times, Baskerville, Georgia, serif;\">Xin kính chúc Quý Cư dân có một ngày làm việc vui vẻ./</span> <span style=\"color: rgb(68,68,68);background-color: rgb(255,255,255);font-size: 15.996;font-family: TimesNewRoman, \"Times New Roman\", Times, Baskerville, Georgia, serif;\">Wishing you a great day.</span></p>\n<p style=\"text-align:justify;\"><span style=\"color: rgb(68,68,68);background-color: rgb(255,255,255);font-size: 15.996;font-family: TimesNewRoman, \"Times New Roman\", Times, Baskerville, Georgia, serif;\">Chào trân trọng/ Yours sincerely,</span></p>\n<p style=\"text-align:justify;\"><span style=\"color: rgb(68,68,68);background-color: rgb(255,255,255);font-size: 15.996;font-family: TimesNewRoman, \"Times New Roman\", Times, Baskerville, Georgia, serif;\">Trưởng Ban Quản lý/ Property Manager</span></p>\n<p style=\"text-align:justify;\"><span style=\"color: rgb(68,68,68);background-color: rgb(255,255,255);font-size: 15.996;font-family: TimesNewRoman, \"Times New Roman\", Times, Baskerville, Georgia, serif;\">NGUYEN VIET BACH</span>&nbsp;</p>\n','{\"fileImageList\":[{\"uid\":\"rc-upload-1558773917419-8\",\"name\":\"lang-viet-kieu-chau-au.png\",\"status\":\"done\",\"url\":\"\\/uploads\\/images\\/201905\\/1558774345-lang-viet-kieu-chau-au.png\"}],\"fileList\":[{\"uid\":\"rc-upload-1558773917419-10\",\"name\":\"[SRS - WEB] T\\u00e0i li\\u1ec7u \\u0111\\u1eb7c t\\u1ea3 ph\\u1ea7n m\\u1ec1m .docx\",\"status\":\"done\",\"url\":\"\\/uploads\\/applications\\/201905\\/1558774358-srs---web-ti-liu-c-t-phn-mm.docx\"}]}',1,NULL,NULL,NULL,1558774360,1,1558774360,1558774382,6,NULL,1,1,0,0),(33,'Thông báo thu tiền dịch vụ quý 2/2019','THÔNG  BÁO\nKính gửi: Toàn thể Cư dân Khu Green House\nĐơn vị quản lý dịch vụ K','<p><strong>THÔNG  BÁO</strong></p>\n<p><em>Kính gửi</em>: <strong>Toàn thể Cư dân Khu Green House</strong></p>\n<p>Đơn vị quản lý dịch vụ Khu nhà ở chung cư cao tầng Green House xin trân trọng thông báo lịch <strong>thu tiền phí dịch vụ tháng 7 và tiền nước sạch</strong> <strong>tháng 05 năm 2016</strong> tại Khu Green House như sau:</p>\n<p>-         Thời gian thu tiền : từ 08h00 ngày 16 tháng 06 năm 2016 đến hết 18h00 ngày 26 tháng 06 năm 2016.</p>\n<p>-         Địa điểm: Phòng làm việc Bộ phận Dịch vụ Khách hàng, Tầng 1, Nhà GH4 – Khu Green House.</p>\n<p>Sau thời gian trên, nếu Cư dân chưa thanh toán tiền phí dịch vụ và tiền nước đầy đủ, Đơn vị quản lý dịch vụ sẽ tạm thời ngừng cung cấp dịch vụ đối với những Cư dân chưa thanh toán khoản phí nói trên.</p>\n<p>Mọi thắc mắc xin vui lòng liên hệ Bộ phận Dịch vụ Khách hàng qua số điện thoại: <strong>043.657.4832 / 043.657.4833 hoặc hotline 0981773330</strong></p>\n<p>Trân trọng thông báo.&nbsp;</p>\n','{\"fileImageList\":[],\"fileList\":[{\"uid\":\"rc-upload-1558773917419-14\",\"name\":\"Ecogreen - HDMB.doc\",\"status\":\"done\",\"url\":\"\\/uploads\\/applications\\/201905\\/1558774445-ecogreen---hdmb.doc\"}]}',1,NULL,NULL,NULL,1558774446,1,1558774446,1558774592,6,6,1,1,0,0),(34,'trdy','dfgdfg\n','<p>dfgdfg</p>\n','{\"fileImageList\":[],\"fileList\":[]}',0,NULL,NULL,NULL,1558776878,2,1558776878,1558776901,7,NULL,7,1,0,0),(35,'Thông báo kiểm tra bảo dưỡng thang máy','THÔNG BÁO\nVề việc kiểm tra và bảo dưỡng định kỳ thang máy khu Green House\nKính ','<p><strong>THÔNG BÁO</strong></p>\n<p>Về việc kiểm tra và bảo dưỡng định kỳ thang máy khu Green House</p>\n<p>Kính gửi: Toàn thể Qúy Cư dân khu nhà Green House</p>\n<p>Đơn vị quản lý và vận hành Khu chung cư cao tầng Green House trân trọng cảm ơn toàn thể quý  Cư dân đã tin tưởng và sử dụng dịch vụ của Công ty chúng tôi trong thời gian vừa qua.</p>\n<p>Để đảm bảo cho công tác vận hành hệ thống thang máy tại các tòa nhà được ổn định và an toàn, phòng ngừa các sự cố về thang máy có thể xảy ra ảnh hưởng đến đời sống sinh hoạt hàng ngày của Cư dân. Công ty CP HUDLAND Thương mại và Dịch vụ phối hợp cùng đơn vị nhà thầu tiến hành kiểm tra và bảo dưỡng định kỳ thang máy tháng 6  năm 2018. Trong quá trình kiểm tra và bảo dưỡng thang máy Đơn vị dịch vụ sẽ tiến hành cắt luân phiên các thang máy của các tòa nhà. Thời gian tạm ngừng thang máy cụ thể như sau:</p>\n<p>Tòa nhà GH3: Sáng 8h00-11h 00, chiều 13h30 đến 17h30 ngày 18 tháng 06 năm 2018</p>\n<p>Tòa nhà GH4: Sáng 8h00-11h 00, chiều 13h30 đến 17h30 ngày 18 tháng 06 năm 2018</p>\n<p>Tòa nhà GH5: Sáng 8h00-11h 00, chiều 13h30 đến 17h30 ngày 19 tháng 06 năm 2018</p>\n<p>Tòa nhà GH6: Sáng 8h00-11h 00, chiều 13h30 đến 17h30 ngày 19 tháng 06 năm 2018</p>\n<p>Trong quá trình tiến hành kiểm tra và bỏa dưỡng có thể làm ảnh hưởng đến đời sống sinh hoạt hàng ngày của Qúy Cư dân. Đơn vị quản lý vận hành rất mong nhận được sự hợp tác và thông cảm của toàn thể Qúy Cư dân</p>\n<p>Mọi sự đóng góp, thắc mắc của Qúy Cư dân xin vui lòng liên hệ đến số điện thoại: 02436574833 hoặc hotline: 0981 773 330.</p>\n<p>Trân trọng thông báo!&nbsp;</p>\n','{\"fileImageList\":[],\"fileList\":[]}',1,NULL,NULL,NULL,1558777034,1,1558777034,1558777764,20,NULL,1,1,1,0),(36,'Demo giải pháp Cư dân thông minh','Kính thưa toàn thể cư dân Seasons Avenue\nThuật ngữ “công nghệ 4.0” đang là chủ','<p><strong>Kính thưa toàn thể cư dân Seasons Avenue</strong></p>\n<p>Thuật ngữ “công nghệ 4.0” đang là chủ đề được quan tâm đặc biệt trong thời gian gần đây. Công nghệ 4.0 là xu hướng ứng dụng trong tương lai và dần được ứng dụng mạnh mẽ để thay thế nguồn nhân lực làm việc bằng tay chân thông thường. Quản lý tòa nhà không nằm ngoài trong xu hướng ấy, với sự phát triển vượt bậc trong thời gian gần đây, công nghệ 4.0 đang từng bước được đưa vào công tác quản lý vận hành tòa nhà, giúp quá trình quản lý đạt hiệu quả và chất lượng cao nhất.</p>\n<p>BQT lâm thời chung cư Seasons Avenue kính mời toàn thể cư dân tới dự buổi giới thiệu phần mềm quản lý chung cư để có những đánh giá khách quan nhất về các phần mềm quản lý này.</p>\n<p>Thời gian: 20h ngày 25/05/2019</p>\n<p>Địa điểm: Phòng cộng đồng chung cư Seasons Avenue</p>\n<p>Nhằm mục đích đánh giá chất lượng phần mềm quản lý tòa nhà, BQT lâm thời quyết định thành lập tiểu ban IT là các cư dân Seasons Avenue có kiến thức và đang hoạt động trong lĩnh vực công nghệ thông tin giúp tổng hợp, đánh giá và xin ý kiến cư dân về các phần mềm quản lý chung cư được giới thiệu.</p>\n<p><em>(Chị tiết cụ thể mời quý cư dân xem thư mời và quyết định đính kèm)</em></p>\n<p><strong>Rất mong chờ sự có mặt và những đóng góp tích cực từ quý cư dân!</strong></p>\n','{\"fileImageList\":[{\"uid\":\"rc-upload-1558776024646-5\",\"name\":\"SA.jpg\",\"status\":\"done\",\"url\":\"\\/uploads\\/images\\/201905\\/1558776522-sa.jpg\"}],\"fileList\":[]}',1,NULL,NULL,NULL,1558777133,1,1558777133,1558777764,1,NULL,1,1,0,0),(37,'THÔNG BÁO VỀ VIỆC PHUN CÔN TRÙNG ĐỊNH KỲ','THÔNG BÁO\nVề việc phun côn trùng định kỳ\nKính gửi: Toàn thể Cư dân Khu Green Ho','<p style=\"text-align:center;\"><span style=\"color: rgb(40,40,40);background-color: rgb(244,251,233);font-size: 12px;font-family: arial;\"><strong>THÔNG BÁO</strong></span></p>\n<p style=\"text-align:center;\"><span style=\"color: rgb(40,40,40);background-color: rgb(244,251,233);font-size: 12px;font-family: arial;\"><strong>Về việc phun côn trùng định kỳ</strong></span></p>\n<p style=\"text-align:center;\"><span style=\"color: rgb(40,40,40);background-color: rgb(244,251,233);font-size: 12px;font-family: arial;\"><strong>Kính gửi: Toàn thể Cư dân Khu Green House</strong></span></p>\n<p style=\"text-align:justify;\"><span style=\"color: rgb(40,40,40);background-color: rgb(244,251,233);font-size: 12px;font-family: arial;\">Đơn vị quản lý dịch vụ Khu chung cư cao tầng Green House xin trân trọng thông báo tới toàn thể Qúy Cư dân lịch phun côn trùng định kỳ tháng 05/2018 như sau:</span></p>\n<p style=\"text-align:justify;\"><span style=\"color: rgb(40,40,40);background-color: rgb(244,251,233);font-size: 12px;font-family: arial;\">1. Phun tồn lưu</span></p>\n<p style=\"text-align:justify;\"><span style=\"color: rgb(40,40,40);background-color: rgb(244,251,233);font-size: 12px;font-family: arial;\">- Ngày 10 tháng 05 năm 2018</span></p>\n<p style=\"text-align:justify;\"><span style=\"color: rgb(40,40,40);background-color: rgb(244,251,233);font-size: 12px;font-family: arial;\">- Khu vực xử lý: Khu vực công cộng, sân vườn</span></p>\n<p style=\"text-align:justify;\"><span style=\"color: rgb(40,40,40);background-color: rgb(244,251,233);font-size: 12px;font-family: arial;\">- Thời gian: Sáng 8h30 – 11h30 chiều: 14h00 đến 15h00</span></p>\n<p style=\"text-align:justify;\"><span style=\"color: rgb(40,40,40);background-color: rgb(244,251,233);font-size: 12px;font-family: arial;\">- Yêu cầu: Rời khỏi khu vực xử lý và có thể trở lại sau 01 giờ thực hiện</span></p>\n<p style=\"text-align:justify;\"><span style=\"color: rgb(40,40,40);background-color: rgb(244,251,233);font-size: 12px;font-family: arial;\">2. Phun mù và phun khói</span></p>\n<p style=\"text-align:justify;\"><span style=\"color: rgb(40,40,40);background-color: rgb(244,251,233);font-size: 12px;font-family: arial;\">- Ngày 10 tháng 05 năm 2018</span></p>\n<p style=\"text-align:justify;\"><span style=\"color: rgb(40,40,40);background-color: rgb(244,251,233);font-size: 12px;font-family: arial;\">- Khu vự xử lý: Khu vực công cộng, sân vườn</span></p>\n<p style=\"text-align:justify;\"><span style=\"color: rgb(40,40,40);background-color: rgb(244,251,233);font-size: 12px;font-family: arial;\">- Thời gian: Chiều: 14h00 đến 17h00</span></p>\n<p style=\"text-align:justify;\"><span style=\"color: rgb(40,40,40);background-color: rgb(244,251,233);font-size: 12px;font-family: arial;\">- Yêu cầu: Rời khỏi khu vực xử lý và có thể trở lại sau 01 giờ thực hiện</span></p>\n<p style=\"text-align:justify;\"><span style=\"color: rgb(40,40,40);background-color: rgb(244,251,233);font-size: 12px;font-family: arial;\">3. Kiểm tra và xử lý bả chuột</span></p>\n<p style=\"text-align:justify;\"><span style=\"color: rgb(40,40,40);background-color: rgb(244,251,233);font-size: 12px;font-family: arial;\">- Ngày 10 tháng 05 năm 2018</span></p>\n<p style=\"text-align:justify;\"><span style=\"color: rgb(40,40,40);background-color: rgb(244,251,233);font-size: 12px;font-family: arial;\">- Khu vự xử lý: Khu vực công cộng, sân vườn</span></p>\n<p style=\"text-align:justify;\"><span style=\"color: rgb(40,40,40);background-color: rgb(244,251,233);font-size: 12px;font-family: arial;\">- Thời gian: Chiều: 14h00 đến 17h00</span></p>\n<p style=\"text-align:justify;\"><span style=\"color: rgb(40,40,40);background-color: rgb(244,251,233);font-size: 12px;font-family: arial;\">Tùy vào điều kiện thời tiết, nếu điều kiện thời tiết không thuận lợi thì Đơn vị quản lý sẽ lùi lịch phun đến khi thời tiết thuận lợi</span></p>\n<p style=\"text-align:justify;\"><span style=\"color: rgb(40,40,40);background-color: rgb(244,251,233);font-size: 12px;font-family: arial;\">Việc xử lý không gây độc hại với trẻ em, vật nuôi nhưng Đơn vị quản lý dịch vụ khuyến cáo Qúy Cư dân không nên tiếp xúc trực tiếp với khu vực xử lý trong vòng 01 giờ</span></p>\n<p style=\"text-align:justify;\"><span style=\"color: rgb(40,40,40);background-color: rgb(244,251,233);font-size: 12px;font-family: arial;\">Mọi câu hỏi thắc mắc xin vui lòng liên hệ Bộ phận Dịch vụ Khách hàng qua số điện thoại: 0243 .657.4832 hoặc hotline dịch vụ khách hàng: 0981 773 330 để được xử lý kịp thời</span></p>\n<p style=\"text-align:justify;\"><span style=\"color: rgb(40,40,40);background-color: rgb(244,251,233);font-size: 12px;font-family: arial;\">Trân trọng thông báo!</span>&nbsp;</p>\n','{\"fileImageList\":[],\"fileList\":[]}',1,NULL,NULL,NULL,1558777531,1,1558777531,1559002098,20,23,9,1,10,1),(38,'Lực : Gửi phản phản hồi','Đây là nội dung\n','<p>Đây là nội dung</p>\n','{\"fileImageList\":[],\"fileList\":[]}',1,NULL,NULL,NULL,1558777563,1,1558777563,1558951528,1,18,10,1,2,1),(39,'THÔNG BÁO VỀ VIỆC TĂNG CƯỜNG CÔNG TÁC ĐỀ CAO CẢNH GIÁC PHÒNG CHỐNG TỘI PHẠM DỊP WORLD CUP 2018','THÔNG BÁO\nVề việc tăng cường công tác đề cao cảnh giác phòng chống tội phạm','<p style=\"text-align:center;\"><span style=\"color: rgb(40,40,40);background-color: rgb(244,251,233);font-size: 12px;font-family: arial;\"><strong>THÔNG BÁO</strong></span></p>\n<p style=\"text-align:center;\"><span style=\"color: rgb(40,40,40);background-color: rgb(244,251,233);font-size: 12px;font-family: arial;\"><strong>Về việc tăng cường công tác đề cao cảnh giác phòng chống tội phạm</strong></span></p>\n<p style=\"text-align:justify;\"><span style=\"color: rgb(40,40,40);background-color: rgb(244,251,233);font-size: 12px;font-family: arial;\">Hiện nay đang là thời điểm diễn ra giải bóng đá thế giới  World Cup 2018 nên tình hình tội phạm có chiều hướng gia tăng. Để hạn chế các tác động xấu từ bên ngoài đến con người và tài sản của Cư dân Khu Green House – CT17, Công ty Cổ phần HUDLAD Thương  mại và Dịch vụ kính mong Qúy Cư dân một số vấn đề sau:</span></p>\n<p style=\"text-align:justify;\"><span style=\"color: rgb(40,40,40);background-color: rgb(244,251,233);font-size: 12px;font-family: arial;\">1. Qúy Cư dân chủ động nâng cao cảnh giác, tự bảo quản tài sản</span></p>\n<p style=\"text-align:justify;\"><span style=\"color: rgb(40,40,40);background-color: rgb(244,251,233);font-size: 12px;font-family: arial;\">2. Kiểm tra các khóa cửa căn hộ trước khi ra khỏi nhà</span></p>\n<p style=\"text-align:justify;\"><span style=\"color: rgb(40,40,40);background-color: rgb(244,251,233);font-size: 12px;font-family: arial;\">3. Khi nhà không có người ở hay đi công tác trong thời gian dài, cần thông báo cho Đơn vị Dịch vụ Khu Chung cư Green House hoặc hàng xóm</span></p>\n<p style=\"text-align:justify;\"><span style=\"color: rgb(40,40,40);background-color: rgb(244,251,233);font-size: 12px;font-family: arial;\">4. Đối với các tài sản cá nhân có giá trị lớn như: Xe máy, ô tô cần chủ động gửi tại các bãi xe có người trông giữ đảm bảo</span></p>\n<p style=\"text-align:justify;\"><span style=\"color: rgb(40,40,40);background-color: rgb(244,251,233);font-size: 12px;font-family: arial;\">5. Không đậu đỗ xe tại các vị trí không có lực lượng trông giữ</span></p>\n<p style=\"text-align:justify;\"><span style=\"color: rgb(40,40,40);background-color: rgb(244,251,233);font-size: 12px;font-family: arial;\">6. Bộ phận an ninh cần tăng cường tuần tra, kiểm tra các hiện tượng nghi vấn, quản lý Khách đến khu chung cư, tránh để kẻ gian trà trộn gây ảnh hưởng đến an ninh trật trự chung của Khu.</span></p>\n<p style=\"text-align:justify;\"><span style=\"color: rgb(40,40,40);background-color: rgb(244,251,233);font-size: 12px;font-family: arial;\">Rất mong toàn thể Qúy Cư dân hợp tác cùng Đơn vị dịch vụ – Công ty CP HUDLAND Thương mại và Dịch vụ – chủ động phòng chống trộm cắp, tệ nạn xã hội trong thời gian này</span></p>\n<p style=\"text-align:justify;\"><span style=\"color: rgb(40,40,40);background-color: rgb(244,251,233);font-size: 12px;font-family: arial;\">Mọi sự đóng góp ý kiến của Qúy Cư dân xin vui lòng liên hệ</span></p>\n<p style=\"text-align:justify;\"><span style=\"color: rgb(40,40,40);background-color: rgb(244,251,233);font-size: 12px;font-family: arial;\">Phòng Dịch vụ Khách hàng Tầng 1 – GH4. SĐT: 024.3657.4833/ 024.3657.4832 hoặc hotline 0981 773 330.</span></p>\n<p style=\"text-align:justify;\"><span style=\"color: rgb(40,40,40);background-color: rgb(244,251,233);font-size: 12px;font-family: arial;\">Trân trọng thông báo!</span>&nbsp;</p>\n','{\"fileImageList\":[],\"fileList\":[]}',1,NULL,NULL,NULL,1558777600,1,1558777600,1558777764,20,NULL,9,1,10,0),(40,'THÔNG BÁO LỊCH TRỰC NGHỈ LỄ NGÀY 30/04 VÀ NGÀY 01/05/2018','THÔNG BÁO\nVề việc lịch trực nghỉ lễ 30/04 và 01/05/2018\nKính gửi: Toàn thể Qúy','<p style=\"text-align:center;\"><span style=\"color: rgb(40,40,40);background-color: rgb(244,251,233);font-size: 12px;font-family: arial;\"><strong>THÔNG BÁO</strong></span></p>\n<p style=\"text-align:center;\"><span style=\"color: rgb(40,40,40);background-color: rgb(244,251,233);font-size: 12px;font-family: arial;\"><strong>Về việc lịch trực nghỉ lễ 30/04 và 01/05/2018</strong></span></p>\n<p style=\"text-align:center;\"><span style=\"color: rgb(40,40,40);background-color: rgb(244,251,233);font-size: 12px;font-family: arial;\"><strong>Kính gửi: Toàn thể Qúy Cư dân Khu chung cư cao tầng Green House</strong></span></p>\n<p style=\"text-align:justify;\"><span style=\"color: rgb(40,40,40);background-color: rgb(244,251,233);font-size: 12px;font-family: arial;\">Đơn vị quản lý và vận hành khu chung cư cao tầng Green House trân trọng cảm ơn toàn thể Qúy Cư dân đã tin tưởng và sử dụng dịch vụ của Công ty Cổ phần HUDLAND Thương mại và Dịch vụ trong thời gian vừa qua.</span></p>\n<p style=\"text-align:justify;\"><span style=\"color: rgb(40,40,40);background-color: rgb(244,251,233);font-size: 12px;font-family: arial;\">Nhằm đảm bảo cho công tác quản lý và vận hành khu chung cư cao tầng Green House trong thời gian nghỉ lễ 30/04 và 01/05 được an toàn và hiệu quả. Đồng thời đảm bảo việc nghỉ lễ cho các phòng ban và bộ phận trong công ty theo đúng Quy định của Nhà nước. Công ty Cổ phần HUDLAND Thương mại và Dịch vụ xin phép được thông báo tới toàn thể Qúy Cư dân về lịch trực nghỉ lễ của Ban quản lý CT17 như sau:</span></p>\n<p style=\"text-align:justify;\"><span style=\"color: rgb(40,40,40);background-color: rgb(244,251,233);font-size: 12px;font-family: arial;\">Thời gian trực: Ngày 30/04/2018 và 01/05/2018.</span></p>\n<p style=\"text-align:justify;\"><span style=\"color: rgb(40,40,40);background-color: rgb(244,251,233);font-size: 12px;font-family: arial;\">Mọi sự đóng góp ý kiến của Qúy Cư dân vui lòng liên hệ Bộ phận Dịch vụ Khách hàng tại tầng 1 tòa nhà GH4 hoặc qua số điện thoai 0243 657 4832/ 0243 657 4833 hoặc hotline 0981 773 330 để được xử lý kịp thời.</span></p>\n<p style=\"text-align:justify;\"><span style=\"color: rgb(40,40,40);background-color: rgb(244,251,233);font-size: 12px;font-family: arial;\">Trân trọng thông báo!</span>&nbsp;</p>\n','{\"fileImageList\":[{\"uid\":\"rc-upload-1558777635380-9\",\"name\":\"lang-viet-kieu-chau-au.png\",\"status\":\"done\",\"url\":\"\\/uploads\\/images\\/201905\\/1558777914-lang-viet-kieu-chau-au.png\"}],\"fileList\":[]}',1,NULL,NULL,NULL,1558777920,1,1558777920,1559002064,20,23,1,1,10,1),(41,'THÔNG BÁO VỀ VIỆC THAU RỬA HỆ THỐNG BỂ NƯỚC SINH HOẠT ĐỊNH KỲ','THÔNG BÁO\nVề việc thau rửa hệ thống bể nước sinh hoạt định kỳ\nKính gửi: T','<p><strong>THÔNG BÁO</strong></p>\n<p><strong>Về việc thau rửa hệ thống bể nước sinh hoạt định kỳ</strong></p>\n<p><strong>Kính gửi:</strong> <strong>Toàn thể Qúy Cư dân khu nhà Green House</strong></p>\n<p>- Căn cứ vào Kế hoạch thau rửa hệ thống bể nước sinh hoạt định kỳ năm 2018 của đơn vị quản lý và vận hành dịch vụ Cụm chung cư Green House.</p>\n<p>Đơn vị quản lý và vận hành Khu chung cư Green House trân trọng cảm ơn toàn thể Qúy Cư dân đã tin tưởng và sử dụng dịch vụ của Công tu HUDLANDTS Trong thời gian vừa qua.</p>\n<p>Thực hiện kế hoạch trong công tác quản lý vận hành, Đơn vị quản lý và vận hành khu Chung cư cao tầng Green House trân trọng thông báo tới toàn thể Qúy cư dân về lịch trình thau rửa bể nước sinh hoạt các tòa nhà GH1, GH2, GH3, GH4 GH5, GH6 với nội dung cụ thể như sau:</p>\n<p><strong>Thời gian thau rửa bể ngầm                                     Thời gian thau rửa bể mái </strong></p>\n<p>GH1: 7H00 đến 15h00 ngày 7/5/18                            8H30 đến 11h00 ngày 9/5/18</p>\n<p>GH2: 7H00 đến 15h00 ngày 11/5/18                          8H30 đến 11h00 ngày 13/5/18</p>\n<p>GH3: 7H00 đến 15h00 ngày 27/4/18                         8H30 đến 11h00 ngày 30/4/18</p>\n<p>GH4: 7H00 đến 15h00 ngày 02/5/18                         8H30 đến 11h00 ngày 4/5/18</p>\n<p>GH5: 7H00 đến 15h00 ngày 18/4/18                          8H30 đến 11h00 ngày 23/04/18</p>\n<p>GH6: 7H00 đến 15h00 ngày 26/4/18                        8H30 đến 11h00 ngày 26/04/18</p>\n<p>2. Thành phần tham gia</p>\n<p>- Đơn vị thực hiện thau rửa bể: Bộ phận kỹ thuật Công ty Cổ phần HUDLAND Thương mại và Dịch vụ</p>\n<p>- Giám sát và nghiệm thu quá trình thực hiện: Đại diện Ban quản trị, đại diện Tổ dân phố, đại diện Cư dân từng tòa nhà.</p>\n<p>Trong thời gian thau rửa bể việc cung cấp nước sinh hoạt tới các hộ Cư dân sẽ bị gián đoạn và có thể gây ảnh hưởng đến sinh hoạt hàng ngày của Qúy Cư dân. Rất mong nhận được sự chia sẻ và hợp tác từ phía Cư dân. Đồng thời để quá trình thực hiện khách quan và minh bạch, đề nghị các thành phần tham gia giám sát và nghiệm thu quá trình thực hiện có mặt đúng thời gian và địa điểm đã nêu trên.</p>\n<p>Mọi sự đóng góp ý kiến của Qúy Cư dân xin liên hệ tới Bộ phận Dịch vụ Khách hàng tại tầng 1 tòa nhà GH4 hoặc liên hệ qua số điện thoại: 043 657 4833/ 043 657 4832, hotline Dịch vụ Khách hàng: 0981 773 330</p>\n<p><strong>Trân trọng thông báo!</strong>&nbsp;</p>\n','{\"fileImageList\":[{\"uid\":\"rc-upload-1558778018126-5\",\"name\":\"20190408112444-c52a_wm.jpg\",\"status\":\"done\",\"url\":\"\\/uploads\\/images\\/201905\\/1558778085-20190408112444-c52a_wm.jpg\"},{\"uid\":\"rc-upload-1558778018126-7\",\"name\":\"20190408112444-55a3_wm.jpg\",\"status\":\"done\",\"url\":\"\\/uploads\\/images\\/201905\\/1558778089-20190408112444-55a3_wm.jpg\"}],\"fileList\":[{\"uid\":\"rc-upload-1558778018126-9\",\"name\":\"Luci Building.docx\",\"status\":\"done\",\"url\":\"\\/uploads\\/applications\\/201905\\/1558778111-luci-building.docx\"}]}',1,NULL,NULL,NULL,1558778114,1,1558778114,1558778161,20,NULL,9,1,10,0),(42,'Thông báo mất điện 25/05/2019','......','<p>Điện luôn là nhu cầu không thể thiếu trong đời sống sinh hoạt thường ngày của chúng ta. Bởi vậy nếu đột xuất mất điện mà không biết trước chắc chắc sẽ khiến chúng ta bị lỡ dỡ nhiều công việc. Vì thế ChanhTuoi.com xin gửi đến mọi người bảng tổng hợp các thông báo lịch cắt điện Hà Nội trên toàn địa bàn thành phố.</p>\n<p>Hàng ngày, hàng tuần chúng tôi sẽ cập nhật đầy đủ chi tiết các thông báo tạm ngừng cấp điện các quận huyện trên địa bàn toàn thành phố của điện lực Hà Nội nhanh nhất, chính xác nhất để chuyển đến các bạn. Sau đây sẽ là thông báo lịch cắt điện từ ngày ngày 01/5 đến hết ngày 31/5/2019 của công ty điện lực Hà Nội trên toàn khu vực thành phố để phục vụ công tác sữa chữa, nâng cấp lưới điện.&nbsp;</p>\n','{\"fileImageList\":[],\"fileList\":[]}',1,NULL,NULL,NULL,1558779214,2,1558779214,1558779241,7,NULL,7,1,0,0),(43,'Thông báo lịch cắt điện Hà Nội từ 01/5 đến 31/5/2019','......','<p><span style=\"color: rgb(0,0,0);background-color: rgb(255,255,255);font-size: 16px;font-family: TeXGyreAdventor, Arial, sans-serif;\">Điện luôn là nhu cầu không thể thiếu trong đời sống sinh hoạt thường ngày của chúng ta. Bởi vậy nếu đột xuất mất điện mà không biết trước chắc chắc sẽ khiến chúng ta bị lỡ dỡ nhiều công việc. Vì thế</span> <strong>ChanhTuoi.com</strong> <span style=\"color: rgb(0,0,0);background-color: rgb(255,255,255);font-size: 16px;font-family: TeXGyreAdventor, Arial, sans-serif;\">xin gửi đến mọi người bảng tổng hợp các</span> <strong>thông báo lịch cắt điện Hà Nội</strong> <span style=\"color: rgb(0,0,0);background-color: rgb(255,255,255);font-size: 16px;font-family: TeXGyreAdventor, Arial, sans-serif;\">trên toàn địa bàn thành phố.</span>&nbsp;</p>\n','{\"fileImageList\":[],\"fileList\":[]}',1,NULL,NULL,NULL,1558779446,1,1558779446,1558951523,1,18,10,1,2,1),(44,'THÔNG BÁO LỊCH THU TIỀN NƯỚC THÁNG 06 NĂM 2019','THÔNG BÁO\nSố: 224/08/ TB- HUDLANDTS\nV/v thu tiền nước tháng 06 năm 2014\nKính gửi:...','<h2 style=\"text-align:center;\"><span style=\"color: rgb(29,29,29);background-color: transparent;font-size: 18px;font-family: Sylfaen;\"><strong>THÔNG BÁO</strong></span></h2>\n<p style=\"text-align:center;\"><span style=\"color: rgb(40,40,40);background-color: transparent;font-size: 12px;font-family: arial;\"><strong>Số</strong>: 224/08/ TB- HUDLANDTS</span></p>\n<p style=\"text-align:center;\"><span style=\"color: rgb(40,40,40);background-color: transparent;font-size: 12px;font-family: arial;\"><em>V/v thu tiền nước tháng 06 năm 2014</em></span></p>\n<p style=\"text-align:center;\"><span style=\"color: rgb(40,40,40);background-color: transparent;font-size: 12px;font-family: arial;\"><em>Kính gửi:</em></span> <span style=\"color: rgb(40,40,40);background-color: transparent;font-size: 12px;font-family: arial;\"><strong>Toàn bộ Cư dân Khu Green House</strong></span></p>\n<p style=\"text-align:justify;\"><span style=\"color: rgb(40,40,40);background-color: transparent;font-size: 12px;font-family: arial;\">Đơn vị quản lý dịch vụ Khu nhà ở chung cư cao tầng Green House xin trân trọng thông báo lịch thu tiền nước sạch tháng 06 năm 2014 tại Khu Green House như sau:</span></p>\n<p style=\"text-align:justify;\"><span style=\"color: rgb(40,40,40);background-color: transparent;font-size: 12px;font-family: arial;\">- Thời gian thu tiền nước tháng 06: từ 08h00 ngày 12 tháng 08 năm 2014 đến hết 18h00 ngày 25 tháng 08 năm 2014.</span></p>\n<p style=\"text-align:justify;\"><span style=\"color: rgb(40,40,40);background-color: transparent;font-size: 12px;font-family: arial;\">- Địa điểm: Phòng làm việc Bộ phận Dịch vụ Khách hàng, Tầng 1, Nhà GH4 – Khu Green House.</span></p>\n<p style=\"text-align:justify;\"><span style=\"color: rgb(40,40,40);background-color: transparent;font-size: 12px;font-family: arial;\">- Sau thời gian trên, nếu Cư dân chưa đóng đầy đủ tiền nước, Đơn vị quản lý dịch vụ sẽ tạm thời ngừng cung cấp nước.</span></p>\n<p style=\"text-align:justify;\"><span style=\"color: rgb(40,40,40);background-color: transparent;font-size: 12px;font-family: arial;\">Mọi thắc mắc xin vui lòng liên hệ Bộ phận Dịch vụ Khách hàng qua số điện thoại: 043.675.4832 / 043.657.4833</span></p>\n<p style=\"text-align:justify;\"><span style=\"color: rgb(40,40,40);background-color: transparent;font-size: 12px;font-family: arial;\">Trân trọng thông báo.</span></p>\n','{\"fileImageList\":[{\"uid\":\"rc-upload-1558780618736-3\",\"name\":\"lang-viet-kieu-chau-au.png\",\"status\":\"done\",\"url\":\"\\/uploads\\/images\\/201905\\/1558780948-lang-viet-kieu-chau-au.png\"}],\"fileList\":[{\"uid\":\"rc-upload-1558780618736-5\",\"name\":\"[SRS - WEB] T\\u00e0i li\\u1ec7u \\u0111\\u1eb7c t\\u1ea3 ph\\u1ea7n m\\u1ec1m .docx\",\"status\":\"done\",\"url\":\"\\/uploads\\/applications\\/201905\\/1558780944-srs---web-ti-liu-c-t-phn-mm.docx\"}]}',1,NULL,NULL,NULL,1558780950,1,1558780950,1558780981,20,NULL,9,1,0,0),(45,'THÔNG BÁO (LẦN 2) VỀ VIỆC CHẬM THANH TOÁN KHOẢN PHÍ QUẢN LÝ TÒA NHÀ THÁNG 01 NĂM 2017 VÀ TIỀN NƯỚC SINH HOẠT THÁNG 11 NĂM 2016','THÔNG BÁO (LẦN 2)\nVề việc thanh toán khoản phí quản lý tòa nhà tháng 1 năm 2017...','<p style=\"text-align:center;\"><span style=\"color: rgb(40,40,40);background-color: transparent;font-size: 12px;font-family: arial;\"><strong>THÔNG BÁO (LẦN 2)</strong></span></p>\n<p style=\"text-align:center;\"><span style=\"color: rgb(40,40,40);background-color: transparent;font-size: 12px;font-family: arial;\"><strong>Về việc thanh toán khoản phí quản lý tòa nhà tháng 1 năm 2017 và tiền nước sinh hoạt tháng 11 năm 2016</strong></span></p>\n<p style=\"text-align:justify;\"><span style=\"color: rgb(40,40,40);background-color: transparent;font-size: 12px;font-family: arial;\"><strong>Kính gửi: Qúy Cư dân khu Green House</strong></span></p>\n<p style=\"text-align:justify;\"><span style=\"color: rgb(40,40,40);background-color: transparent;font-size: 12px;font-family: arial;\">Đơn vị quản lý vận hành khu chung cư cao tầng Green House trân trọng cảm ơn toàn thể Qúy Cư dân đã phối hợp cùng Đơn vụ quản lý hoàn thành công tác quản lý và vận hành Khu chung cư cao tầng Green House trong thời gian vừa qua.</span></p>\n<p style=\"text-align:justify;\"><span style=\"color: rgb(40,40,40);background-color: transparent;font-size: 12px;font-family: arial;\">Công ty Cổ phần Hudland Thương mại và Dịch vụ xin thông báo tới những căn hộ chưa thanh toán phí quản lý vận hành nhà chung cư (phí dịch vụ) tháng 1 năm 2017 và tiền nước sinh hoạt tháng 11 năm 2016.</span></p>\n<p style=\"text-align:justify;\"><span style=\"color: rgb(40,40,40);background-color: transparent;font-size: 12px;font-family: arial;\">Sau khi đã thông báo đến các căn hộ về việc chưa thanh toán phí quản lý và vận hành nhà chung cư tháng 1 năm 2017 và tiền nước sinh hoạt tháng 11 đến nay ngày 26/12/2016 phòng Dịch vụ tiếp tục thông báo tới Qúy Cư dân thanh toán khoản phí nói trên cho Công ty Cổ phần Hudland Thương mại và Dịch vụ trong vòng 5 ngày kể từ ngày nhận thông báo này. Tiền phí có thể thanh toán bằng tiền mặt hoặc chuyển khoản, chi tiết như sau:</span></p>\n<p style=\"text-align:justify;\"><span style=\"color: rgb(40,40,40);background-color: transparent;font-size: 12px;font-family: arial;\"><strong>Tiền mặt</strong>: Nộp trực tiếp BP-DVKH  - Tầng 1, tòa nhà GH4</span></p>\n<p style=\"text-align:justify;\"><span style=\"color: rgb(40,40,40);background-color: transparent;font-size: 12px;font-family: arial;\"><strong>Chuyển khoản: </strong></span></p>\n<p style=\"text-align:justify;\"><span style=\"color: rgb(40,40,40);background-color: transparent;font-size: 12px;font-family: arial;\">- Tên đơn vị thụ hưởng: Công ty Cổ phần Hudland Thương mại và Dịch vụ</span></p>\n<p style=\"text-align:justify;\"><span style=\"color: rgb(40,40,40);background-color: transparent;font-size: 12px;font-family: arial;\">- Số TK: 15110000164535</span></p>\n<p style=\"text-align:justify;\"><span style=\"color: rgb(40,40,40);background-color: transparent;font-size: 12px;font-family: arial;\">- Ngân hàng: BIDV chi nhánh Thành Đô</span></p>\n<p style=\"text-align:justify;\"><span style=\"color: rgb(40,40,40);background-color: transparent;font-size: 12px;font-family: arial;\">- Nội dung: Ghi rõ tên, địa chỉ người nộp phí và loại phí</span></p>\n<p style=\"text-align:justify;\"><span style=\"color: rgb(40,40,40);background-color: transparent;font-size: 12px;font-family: arial;\">Sau thời hạn trên, các căn hộ không thực hiện việc thanh toán khoản phí nói trên thì Công ty Cổ phần Hudland Thương mại và Dịch vụ sẽ tiến hành ngừng cung cấp các dịch vụ cho đến khi Chủ căn hộ thực hiện thanh toán các khoản phí nói trên.</span></p>\n<p style=\"text-align:justify;\"><span style=\"color: rgb(40,40,40);background-color: transparent;font-size: 12px;font-family: arial;\">Đơn vị quản lý và vận hành Khu nhà ở chung cư cao tầng Green House rất mong sự hợp tác của toàn thể Qúy Cư dân. Mọi đóng góp ý kiến xin vui lòng liên hệ tới Bộ phận Dịch vụ Khách hàng tại tầng 1 tòa nhà GH4 hoặc liên hệ qua số điện thoại: 043 657 4833/ 043 657 4832 hoặc liên hệ qua số hotline 0981 773 330.</span></p>\n<p style=\"text-align:justify;\"><span style=\"color: rgb(40,40,40);background-color: transparent;font-size: 12px;font-family: arial;\">Trân trọng thông báo!</span></p>\n','{\"fileImageList\":[],\"fileList\":[]}',1,NULL,NULL,NULL,1558781084,1,1558781084,1558781101,20,NULL,1,1,1,0),(46,'THÔNG BÁO VỀ VIỆC ĐỂ XE TRONG LÒNG ĐƯỜNG NỘI BỘ TRÁNH THIỆT HẠI DO BÃO','THÔNG BÁO\n(Về việc để xe trong lòng đường nội bộ tránh thiệt hại do...','<p style=\"text-align:center;\"><span style=\"color: rgb(40,40,40);background-color: transparent;font-size: 12px;font-family: arial;\"><strong>THÔNG BÁO</strong></span></p>\n<p style=\"text-align:center;\"><span style=\"color: rgb(40,40,40);background-color: transparent;font-size: 12px;font-family: arial;\"><strong><em>(Về việc để xe trong lòng đường nội bộ tránh thiệt hại do bão)</em></strong></span></p>\n<p style=\"text-align:justify;\"><span style=\"color: rgb(40,40,40);background-color: transparent;font-size: 12px;font-family: arial;\">Đơn vị Quản lý vận hành Chung cư cao tầng Green House trân trọng cảm ơn toàn thể Qúy Cư dân đã tin tưởng và sử dụng dịch vụ của Công ty Cổ phần HUDLAND Thương mại và Dịch vụ trong thời gian vừa qua.</span></p>\n<p style=\"text-align:justify;\"><span style=\"color: rgb(40,40,40);background-color: transparent;font-size: 12px;font-family: arial;\">Để đối phó với tình hình mưa bão và đặc biệt là cơn bão số 3 đang tiến vào đất liền. Do ảnh hưởng của hoàn lưu bão, từ chiều tối nay ngày 18 tháng 08 năm 2016 khu vực Hà Nội sẽ có gió mạnh và mưa rất to. Để tránh tình trạng thiệt hại về tài sản cho Cư dân Khu Chung cư cao tầng Green House, Đơn vị Quản lý Dịch vụ đề nghị Qúy Cư dân đang gửi xe đang gửi xe tại bãi xe ngoài trời phối hợp với Đơn vị dịch vụ và dưới sự hướng dẫn của Bảo vệ để đỗ xe trong lòng đường nội bộ trong thời gian cơn bão đi qua. Qúy cư dân lưu ý khi đỗ xe trong lòng đường nội bộ, tránh các vị trí có cây to, khu vực đường cong và đảm bảo công tác phân luồng giao thông. Sau cơn bão đề nghị Qúy Cư dân cho xe về đúng bão xe đã đăng ký với Đơn vị Dịch vụ.</span></p>\n<p style=\"text-align:justify;\"><span style=\"color: rgb(40,40,40);background-color: transparent;font-size: 12px;font-family: arial;\">Mọi sự đóng góp ý kiến xin vui lòng liên hệ bộ phận Dịch vụ Khách hàng tại tầng 1 tòa nhà GH4 hoặc liên hệ số điện thoại: 04.3657.4833/04.3657.4832 hoặc hotline tại Bộ phận Dịch vụ Khách hàng 0981 773 330/ Bộ phận Kỹ thuật 0981 773 331 để được xử lý kịp thời.</span></p>\n<p style=\"text-align:justify;\"><span style=\"color: rgb(40,40,40);background-color: transparent;font-size: 12px;font-family: arial;\">Trân trọng thông báo!</span></p>\n','{\"fileImageList\":[],\"fileList\":[]}',1,NULL,NULL,NULL,1558781163,1,1558781163,1558781222,20,NULL,1,1,0,0),(47,'Thong bao test','s\n','<p>s</p>\n','{\"fileImageList\":[],\"fileList\":[]}',0,NULL,NULL,NULL,1558781703,2,1558781703,1558781761,18,NULL,5,1,0,0),(48,'Highcharts Anootations Demo','Test\n','<p>Test</p>\n','{\"fileImageList\":[],\"fileList\":[]}',0,NULL,NULL,NULL,1558782380,2,1558782380,1558782422,18,NULL,2,1,0,0),(49,'ASDS','ss\n','<p>ss</p>\n','{\"fileImageList\":[],\"fileList\":[]}',0,NULL,NULL,NULL,1558782422,2,1558782422,1559032551,18,15,5,1,5,5),(50,'THÔNG BÁO LỊCH ĐĂNG KÝ THẺ XE THÁNG 09 NĂM 2019','THÔNG BÁO\nSố: 223/08/ TB-HUDLANDTS\nV/v đăng ký thẻ xe tháng 09 năm 2014\nKính gửi:...','<h2 style=\"text-align:center;\"><span style=\"color: rgb(29,29,29);background-color: transparent;font-size: 18px;font-family: Sylfaen;\"><strong>THÔNG BÁO</strong></span></h2>\n<p style=\"text-align:center;\"><span style=\"color: rgb(40,40,40);background-color: transparent;font-size: 12px;font-family: arial;\"><strong>Số</strong>: 223/08/ TB-HUDLANDTS</span></p>\n<p style=\"text-align:center;\"><span style=\"color: rgb(40,40,40);background-color: transparent;font-size: 12px;font-family: arial;\"><em>V/v đăng ký thẻ xe tháng 09 năm 2014</em></span></p>\n<p style=\"text-align:center;\"><span style=\"color: rgb(40,40,40);background-color: transparent;font-size: 12px;font-family: arial;\"><em>Kính gửi:</em></span> <span style=\"color: rgb(40,40,40);background-color: transparent;font-size: 12px;font-family: arial;\"><strong>Toàn thể Cư dân Khu Green House</strong></span></p>\n<p style=\"text-align:justify;\"><span style=\"color: rgb(40,40,40);background-color: transparent;font-size: 12px;font-family: arial;\">Đơn vị quản lý dịch vụ Khu nhà ở chung cư cao tầng Green House xin trân trọng thông báo tới toàn thể Cư dân lịch đăng ký thẻ xe tháng 8 năm 2014 như sau:</span></p>\n<p style=\"text-align:justify;\"><span style=\"color: rgb(40,40,40);background-color: transparent;font-size: 12px;font-family: arial;\">1. Thời gian tiếp nhận đăng ký: từ 08h00 ngày 15 tháng 08 năm 2014 đến hết 18h00 ngày 25 tháng 08 năm 2014.</span></p>\n<p style=\"text-align:justify;\"><span style=\"color: rgb(40,40,40);background-color: transparent;font-size: 12px;font-family: arial;\">2. Nơi tiếp nhận đăng ký và trả thẻ: Bộ phận Dịch vụ Khách hàng, Tầng 1, Nhà GH4, Khu Green House.</span></p>\n<p style=\"text-align:justify;\"><span style=\"color: rgb(40,40,40);background-color: transparent;font-size: 12px;font-family: arial;\">3. Thời gian trả thẻ: từ 08h00 ngày 27 tháng 08 năm 2014 đến hết 18h00 ngày 29 tháng 08 năm 2014.</span></p>\n<p style=\"text-align:justify;\"><span style=\"color: rgb(40,40,40);background-color: transparent;font-size: 12px;font-family: arial;\">4. Thời gian tiếp nhận đăng ký thẻ xe tháng 10/2014: từ ngày 13 đến ngày 23 tháng 09 năm 2014.</span></p>\n<p style=\"text-align:justify;\"><span style=\"color: rgb(40,40,40);background-color: transparent;font-size: 12px;font-family: arial;\">Trân trọng cảm ơn sự hợp tác của Quý Cư dân.</span></p>\n','{\"fileImageList\":[{\"uid\":\"rc-upload-1558782155464-15\",\"name\":\"lang-viet-kieu-chau-au2x (2).png\",\"status\":\"done\",\"url\":\"\\/uploads\\/images\\/201905\\/1558782464-lang-viet-kieu-chau-au2x-2.png\"}],\"fileList\":[{\"uid\":\"rc-upload-1558782155464-17\",\"name\":\"Tr\\u01b0\\u1eddng-h\\u1ecdc-th\\u00f4ng-minh-Tr\\u01b0\\u1eddng-THPT-L\\u00ea-Danh-Ph\\u01b0\\u01a1ng-I.docx\",\"status\":\"done\",\"url\":\"\\/uploads\\/applications\\/201905\\/1558782475-trng-hc-thng-minh-trng-thpt-l-danh-phng-i.docx\"}]}',1,NULL,NULL,NULL,1558782478,1,1558782478,1558782481,20,NULL,1,1,1,0),(51,'DIỄN TẬP PHƯƠNG ÁN CHỮ CHÁY VÀ CỨU NẠN CỨU HỘ TẠI KHU CHUNG CƯ GREEN HOUSE – CT 17','\n\nNgày 26/11/2016 Theo kế hoạch diễn tập phòng cháy chữa cháy do sở cảnh sát...','<p style=\"text-align:justify;\"></p>\n<img src=\"http://www.green-house.com.vn/vi/wp-content/uploads/2016/11/IMG_5593-700x525.jpg\" alt=\"\" style=\"float:none;height: auto;width: \"/>\n<p style=\"text-align:justify;\"><span style=\"color: rgb(40,40,40);background-color: transparent;font-size: 12px;font-family: arial;\">Ngày 26/11/2016 Theo kế hoạch diễn tập phòng cháy chữa cháy do sở cảnh sát PCCC – đội PCCC số 4, lãnh đạo công ty đã chỉ đạo chung công ty thực hiện phối hợp kế hoạch diễn tập PCCC với sở cảnh sát PCCC và đội PCCC số 4 Đây là hoạt động thường niên nhằm mục đích nâng cao ý thức về công tác PCCC của toàn thể cán bộ nhân viên Công ty và toàn bộ cư dân khu Green House. Hoạt động này có ý nghĩa quan trọng trong việc giúp mọi người nắm bắt được các kỹ năng, quy trình phối hợp và triển khai chữa cháy, biết cách sử dụng thành thạo các thiết bị chữa cháy, khả năng cứu hộ, thoát nạn khi có sự cố cháy nổ xảy ra. Tham gia diễn tập có hơn 30 cán bộ công nhân viên và các cư dân Khu chung cư Green House và hơn 30 nhân viên và các chiến sỹ thuộc lực lượng Cảnh sát PCCC.</span></p>\n<p style=\"text-align:justify;\"></p>\n<img src=\"http://www.green-house.com.vn/vi/wp-content/uploads/2016/11/IMG_5647-700x525.jpg\" alt=\"\" style=\"float:none;height: auto;width: \"/>\n<img src=\"http://www.green-house.com.vn/vi/wp-content/uploads/2016/11/IMG_5640-700x525.jpg\" alt=\"\" style=\"float:none;height: auto;width: \"/>\n<p style=\"text-align:justify;\"><span style=\"color: rgb(40,40,40);background-color: transparent;font-size: 12px;font-family: arial;\">Đợt diễn tập lần này thực hiện giả định vụ cháy xảy ra tại khu Chung cư. Khi có thông báo cháy, cán bộ thực hiện việc chữa cháy, cứu nạn cứu hộ và thoát nạn đúng quy trình đặt ra theo kịch bản diễn tập.</span></p>\n<p style=\"text-align:justify;\"><span style=\"color: rgb(40,40,40);background-color: transparent;font-size: 12px;font-family: arial;\">Tình huống giả định: lúc 9h00 sáng ngày 26/11/2016, xảy ra vụ cháy tại tầng 3 tòa nhà GH5  khả năng phát triển của đám cháy là cháy lan từ khu vực này sang khu vực xung quanh với nhiều vật liệu dễ cháy nổ như xe oto , xăng dầu nhớt , khả năng kẹt người trong đám cháy là rất lớn, đe dọa tính mạng của các cán bộ và nhân viên và cư dân đang sinh sống tại Khu chung cư</span></p>\n','{\"fileImageList\":[],\"fileList\":[]}',1,NULL,NULL,NULL,1558782633,1,1558782633,1558782648,20,NULL,1,1,0,0),(52,'DIỄN TẬP PHƯƠNG ÁN CHỮ CHÁY VÀ CỨU NẠN CỨU HỘ TẠI KHU CHUNG CƯ GREEN HOUSE – CT 17','\n\nNgày 26/11/2016 Theo kế hoạch diễn tập phòng cháy chữa cháy do sở cảnh sát...','<p>Ngày 26/11/2016 Theo kế hoạch diễn tập phòng cháy chữa cháy do sở cảnh sát PCCC – đội PCCC số 4, lãnh đạo công ty đã chỉ đạo chung công ty thực hiện phối hợp kế hoạch diễn tập PCCC với sở cảnh sát PCCC và đội PCCC số 4 Đây là hoạt động thường niên nhằm mục đích nâng cao ý thức về công tác PCCC của toàn thể cán bộ nhân viên Công ty và toàn bộ cư dân khu Green House. Hoạt động này có ý nghĩa quan trọng trong việc giúp mọi người nắm bắt được các kỹ năng, quy trình phối hợp và triển khai chữa cháy, biết cách sử dụng thành thạo các thiết bị chữa cháy, khả năng cứu hộ, thoát nạn khi có sự cố cháy nổ xảy ra. Tham gia diễn tập có hơn 30 cán bộ công nhân viên và các cư dân Khu chung cư Green House và hơn 30 nhân viên và các chiến sỹ thuộc lực lượng Cảnh sát PCCC</p>\n<p>Đợt diễn tập lần này thực hiện giả định vụ cháy xảy ra tại khu Chung cư. Khi có thông báo cháy, cán bộ thực hiện việc chữa cháy, cứu nạn cứu hộ và thoát nạn đúng quy trình đặt ra theo kịch bản diễn tập.</p>\n<p>Tình huống giả định: lúc 9h00 sáng ngày 26/11/2016, xảy ra vụ cháy tại tầng 3 tòa nhà GH5  khả năng phát triển của đám cháy là cháy lan từ khu vực này sang khu vực xung quanh với nhiều vật liệu dễ cháy nổ như xe oto , xăng dầu nhớt , khả năng kẹt người trong đám cháy là rất lớn, đe dọa tính mạng của các cán bộ và nhân viên và cư dân đang sinh sống tại Khu chung cư</p>\n','{\"fileImageList\":[{\"uid\":\"rc-upload-1558782933961-5\",\"name\":\"IMG_5730-700x525.jpg\",\"status\":\"done\",\"url\":\"\\/uploads\\/images\\/201905\\/1558783310-img_5730-700x525.jpg\"},{\"uid\":\"rc-upload-1558782933961-7\",\"name\":\"IMG_5761-700x525.jpg\",\"status\":\"done\",\"url\":\"\\/uploads\\/images\\/201905\\/1558783313-img_5761-700x525.jpg\"}],\"fileList\":[]}',1,NULL,NULL,NULL,1558782831,1,1558782831,1559060565,20,9,1,1,27,1),(53,'Demo Giải pháp Cư dân 4.0','Kính thưa toàn thể cư dân Seasons Avenue!\nThuật ngữ công nghệ 4.0 đang là chủ...','<p><strong>Kính thưa toàn thể cư dân Seasons Avenue!</strong></p>\n<p>Thuật ngữ công nghệ 4.0 đang là chủ đề được quan tâm đặc biệt trong thời gian gần đây. Công nghệ 4.0 là xu hướng ứng dụng trong tương lai và dần được ứng dụng mạnh mẽ để thay thế nguồn nhân lực làm việc bằng tay chân thông thường. Quản lý tòa nhà không nằm ngoài trong xu hướng ấy, với sự phát triển vượt bậc trong thời gian gần đây, công nghệ 4.0 đang từng bước được đưa vào công tác quản lý vận hành tòa nhà, giúp quá trình quản lý đạt hiệu quả và chất lượng cao nhất.</p>\n<p>BQT lâm thời chung cư Seasons Avenue kính mời toàn thể cư dân tới dự buổi giới thiệu phần mềm quản lý chung cư để có những đánh giá khách quan nhất về các phần mềm quản lý này.</p>\n<p>Thời gian: 20h ngày 25/05/2019</p>\n<p>Địa điểm: Phòng cộng đồng chung cư Seasons Avenue</p>\n<p>Nhằm mục đích đánh giá chất lượng phần mềm quản lý tòa nhà, BQT lâm thời quyết định thành lập tiểu ban IT là các cư dân Seasons Avenue có kiến thức và đang hoạt động trong lĩnh vực công nghệ thông tin giúp tổng hợp, đánh giá và xin ý kiến cư dân về các phần mềm quản lý chung cư được giới thiệu.</p>\n<p><em>(Chị tiết cụ thể mời quý cư dân xem thư mời và quyết định đính kèm)</em></p>\n<p><strong>Rất mong chờ sự có mặt và những đóng góp tích cực từ quý cư dân!</strong></p>\n','{\"fileImageList\":[{\"uid\":\"rc-upload-1558782463849-10\",\"name\":\"SA.jpg\",\"status\":\"done\",\"url\":\"\\/uploads\\/images\\/201905\\/1558784021-sa.jpg\"},{\"uid\":\"rc-upload-1558782463849-16\",\"name\":\"SA1.jpg\",\"status\":\"done\",\"url\":\"\\/uploads\\/images\\/201905\\/1558784119-sa1.jpg\"}],\"fileList\":[{\"uid\":\"rc-upload-1558782463849-22\",\"name\":\"SA pdf.pdf\",\"status\":\"done\",\"url\":\"\\/uploads\\/applications\\/201905\\/1558784203-sa-pdf.pdf\"}]}',1,NULL,NULL,NULL,1558784042,1,1558784042,1559047957,1,9,1,1,35,2),(54,'Thông báo thu tiền 05/2019','THÔNG  BÁO\nKính gửi: Toàn thể Cư dân Season Avenue\nĐơn vị quản lý dịch vụ Khu...','<p>THÔNG  BÁO</p>\n<p>Kính gửi: Toàn thể Cư dân Season Avenue</p>\n<p>Đơn vị quản lý dịch vụ Khu nhà ở chung cư Season Avenue xin trân trọng thông báo lịch thu tiền phí dịch vụ tháng 7 và tiền nước sạch tháng 05 năm 2019 tại Season Avenue như sau:</p>\n<p>-         Thời gian thu tiền : từ 08h00 ngày 16 tháng 06 năm 2016 đến hết 18h00 ngày 26 tháng 06 năm 2016.</p>\n<p>-         Địa điểm: Phòng làm việc Bộ phận Dịch vụ Khách hàng, Tầng 1,S1 – Season Avenue.</p>\n<p>Sau thời gian trên, nếu Cư dân chưa thanh toán tiền phí dịch vụ và tiền nước đầy đủ, Đơn vị quản lý dịch vụ sẽ tạm thời ngừng cung cấp dịch vụ đối với những Cư dân chưa thanh toán khoản phí nói trên.</p>\n<p>Mọi thắc mắc xin vui lòng liên hệ Bộ phận Dịch vụ Khách hàng qua số điện thoại: 043.657.4832 / 043.657.4833 hoặc hotline 0981773330</p>\n<p>Trân trọng thông báo.&nbsp;</p>\n','{\"fileImageList\":[],\"fileList\":[]}',1,NULL,NULL,NULL,1558791305,1,1558791305,1559002033,5,23,9,1,35,3),(55,'Thông báo 27/05/2019','Trong mỗi gia đình chúng ta có lẽ không giấu nổi niềm vui, niềm hạnh phúc vỡ...','<p>Trong mỗi gia đình chúng ta có lẽ không giấu nổi niềm vui, niềm hạnh phúc vỡ òa khi chào đón thêm một thiên thần bé nhỏ, cung bậc cảm xúc đấy lại được nhân lên nhiều lần hơn nữa khi mẹ biết tin mình có cùng một lúc hai, ba… thiên thần</p>\n','{\"fileImageList\":[{\"uid\":\"rc-upload-1558929425059-3\",\"name\":\"60966493_1440310112774763_5614149321097216000_n.jpg\",\"status\":\"done\",\"url\":\"\\/uploads\\/images\\/201905\\/1558929579-60966493_1440310112774763_5614149321097216000_n.jpg\"}],\"fileList\":[]}',1,NULL,NULL,NULL,1558929634,2,1558929634,1558970259,18,6,2,1,5,5),(56,'xcvdfbv','dfgdg\n','<p>dfgdg</p>\n','{\"fileImageList\":[],\"fileList\":[]}',1,NULL,NULL,NULL,1559278188,1,1559278188,1559692922,6,9,11,1,36,4),(57,'cbvcxbc','\n','<p></p>\n','{\"fileImageList\":[],\"fileList\":[]}',1,NULL,NULL,NULL,1559285617,1,1559285617,1559285641,6,NULL,10,1,2,0),(58,'@#$%%%','dbc\n','<p>dbc</p>\n','{\"fileImageList\":[],\"fileList\":[]}',0,NULL,NULL,NULL,1559286020,1,1559286020,1559286062,6,NULL,10,1,2,0),(59,'@#$%^&*','THÔNG BÁO\nVề việc kiểm tra và bảo dưỡng định kỳ thang máy khu Green House\nKính...','<p style=\"text-align:center;\"><span style=\"color: rgb(40,40,40);background-color: rgb(244,251,233);font-size: 12px;font-family: arial;\"><strong>THÔNG BÁO</strong></span></p>\n<p style=\"text-align:center;\"><span style=\"color: rgb(40,40,40);background-color: rgb(244,251,233);font-size: 12px;font-family: arial;\">Về việc kiểm tra và bảo dưỡng định kỳ thang máy khu Green House</span></p>\n<p style=\"text-align:center;\"><span style=\"color: rgb(40,40,40);background-color: transparent;font-size: 12px;font-family: arial;\">Kính gửi:</span> <span style=\"color: rgb(40,40,40);background-color: rgb(244,251,233);font-size: 12px;font-family: arial;\">Toàn thể Qúy Cư dân khu nhà Green House</span></p>\n<p style=\"text-align:justify;\"><span style=\"color: rgb(40,40,40);background-color: rgb(244,251,233);font-size: 12px;font-family: arial;\">Đơn vị quản lý và vận hành Khu chung cư cao tầng Green House trân trọng cảm ơn toàn thể quý  Cư dân đã tin tưởng và sử dụng dịch vụ của Công ty chúng tôi trong thời gian vừa qua.</span></p>\n<p style=\"text-align:justify;\"><span style=\"color: rgb(40,40,40);background-color: rgb(244,251,233);font-size: 12px;font-family: arial;\">Để đảm bảo cho công tác vận hành hệ thống thang máy tại các tòa nhà được ổn định và an toàn, phòng ngừa các sự cố về thang máy có thể xảy ra ảnh hưởng đến đời sống sinh hoạt hàng ngày của Cư dân. Công ty CP HUDLAND Thương mại và Dịch vụ phối hợp cùng đơn vị nhà thầu tiến hành kiểm tra và bảo dưỡng định kỳ thang máy tháng 6  năm 2018. Trong quá trình kiểm tra và bảo dưỡng thang máy Đơn vị dịch vụ sẽ tiến hành cắt luân phiên các thang máy của các tòa nhà. Thời gian tạm ngừng thang máy cụ thể như sau:</span></p>\n<p style=\"text-align:justify;\"><span style=\"color: rgb(40,40,40);background-color: rgb(244,251,233);font-size: 12px;font-family: arial;\">Tòa nhà GH3: Sáng 8h00-11h 00, chiều 13h30 đến 17h30 ngày 18 tháng 06 năm 2018</span>&nbsp;</p>\n','{\"fileImageList\":[{\"uid\":\"rc-upload-1559286086884-5\",\"name\":\"1.png\",\"status\":\"done\",\"url\":\"\\/uploads\\/images\\/201905\\/1559286355-1.png\"}],\"fileList\":[]}',0,NULL,NULL,NULL,1559286357,1,1559286357,1559286361,6,NULL,10,1,2,0),(60,'vxcvxc','vcxv\n','<p>vcxv</p>\n','{\"fileImageList\":[],\"fileList\":[]}',0,NULL,NULL,NULL,1559286627,1,1559286627,1559286661,6,NULL,10,1,2,0),(61,'!@#$%^&*&**','!@#$%^&amp;&amp;**\n','<p>!@#$%^&amp;&amp;**</p>\n','{\"fileImageList\":[{\"uid\":\"rc-upload-1559286633209-3\",\"name\":\"2.jpg\",\"status\":\"done\",\"url\":\"\\/uploads\\/images\\/201905\\/1559286706-2.jpg\"}],\"fileList\":[{\"uid\":\"rc-upload-1559286633209-5\",\"name\":\"[SRS - WEB] T\\u00e0i li\\u1ec7u \\u0111\\u1eb7c t\\u1ea3 ph\\u1ea7n m\\u1ec1m .docx\",\"status\":\"done\",\"url\":\"\\/uploads\\/applications\\/201905\\/1559286713-srs---web-ti-liu-c-t-phn-mm.docx\"}]}',1,NULL,NULL,NULL,1559286715,1,1559286715,1559286721,6,NULL,10,1,1,0),(62,'!@#$%^&*()_','!@#$%^&amp;*()_\n','<p>!@#$%^&amp;*()_</p>\n','{\"fileImageList\":[],\"fileList\":[]}',0,NULL,NULL,NULL,1559286760,1,1559286760,1559286782,6,NULL,9,1,1,0),(63,'!@#$%^&*()!$%^&*()!@#$%^&','!@#$%^&amp;*()!$%^&amp;*()!@#$%^&amp;\n','<p>!@#$%^&amp;*()!$%^&amp;*()!@#$%^&amp;</p>\n','{\"fileImageList\":[{\"uid\":\"rc-upload-1559286790675-5\",\"name\":\"IMG_5934.jpg\",\"status\":\"done\",\"url\":\"\\/uploads\\/images\\/201905\\/1559286833-img_5934.jpg\"}],\"fileList\":[{\"uid\":\"rc-upload-1559286790675-7\",\"name\":\"A Kiss Audio.mp3\",\"status\":\"done\",\"url\":\"\\/uploads\\/audios\\/201905\\/1559286869-a-kiss-audio.mp3\"}]}',1,NULL,NULL,NULL,1559286888,1,1559286888,1559286901,6,NULL,1,1,0,0),(64,'NỘI DUNG BIÊN BẢN NGHIỆM THU PCCC KHU CT17','BIÊN BẢN NGHIỆM THU PCCC KHU CT17\n1. Biên bản nghiệm thu PCCC nhà 5T – ĐN1 ngày 21...','<p style=\"text-align:center;\"><span style=\"color: rgb(40,40,40);background-color: rgb(244,251,233);font-size: 12px;font-family: arial;\"><strong>BIÊN BẢN NGHIỆM THU PCCC KHU CT17</strong></span></p>\n<p style=\"text-align:justify;\"><span style=\"color: rgb(40,40,40);background-color: rgb(244,251,233);font-size: 12px;font-family: arial;\">1. Biên bản nghiệm thu PCCC nhà 5T – ĐN1 ngày 21 tháng 6 năm 2012</span></p>\n<p style=\"text-align:justify;\"><a href=\"http://www.green-house.com.vn/vi/wp-content/uploads/2019/01/2012-06-21-BBNT-DVSD-Duyen-Hai-PCCC-5T-DN1.pdf\" target=\"_self\"><span style=\"color: rgb(116,51,153);background-color: transparent;font-size: 12px;font-family: arial;\">2012-06-21-BBNT DVSD-Duyen Hai-PCCC 5T-DN1</span></a></p>\n<p style=\"text-align:justify;\"><span style=\"color: rgb(40,40,40);background-color: rgb(244,251,233);font-size: 12px;font-family: arial;\">2.Biên bản nghiệm thu PCCC nhà 5T – ĐN2 ngày 21 tháng 6 năm 2012</span></p>\n<p style=\"text-align:justify;\"><a href=\"http://www.green-house.com.vn/vi/wp-content/uploads/2019/01/2012-06-21-BBNT-DVSD-Duyen-Hai-PCCC-5T-DN2.pdf\" target=\"_self\"><span style=\"color: rgb(116,51,153);background-color: transparent;font-size: 12px;font-family: arial;\">2012-06-21-BBNT DVSD-Duyen Hai-PCCC 5T-DN2</span></a></p>\n<p style=\"text-align:justify;\"><span style=\"color: rgb(40,40,40);background-color: rgb(244,251,233);font-size: 12px;font-family: arial;\">3.Biên bản nghiệm thu PCCC nhà 14T ngày 17 tháng 01 năm 2013</span></p>\n<p style=\"text-align:justify;\"><a href=\"http://www.green-house.com.vn/vi/wp-content/uploads/2019/01/2013-01-17-BBNT-DVSD-PCCC-nha-14T-Duyen-Hai.pdf\" target=\"_self\"><span style=\"color: rgb(116,51,153);background-color: transparent;font-size: 12px;font-family: arial;\">2013-01-17-BBNT DVSD-PCCC nha 14T-Duyen Hai</span></a></p>\n<p style=\"text-align:justify;\"><span style=\"color: rgb(40,40,40);background-color: rgb(244,251,233);font-size: 12px;font-family: arial;\">4.Biên bản nghiệm thu PCCC nhà 17T ngày 17 tháng 12 năm 2014</span></p>\n<p style=\"text-align:justify;\"><a href=\"http://www.green-house.com.vn/vi/wp-content/uploads/2019/01/2014-12-17-BBNT-DVSD-Phuong-Bac-PCCC-17T1.pdf\" target=\"_self\"><span style=\"color: rgb(116,51,153);background-color: transparent;font-size: 12px;font-family: arial;\">2014-12-17-BBNT DVSD-Phuong Bac-PCCC 17T</span></a>&nbsp;</p>\n','{\"fileImageList\":[],\"fileList\":[]}',1,NULL,NULL,NULL,1559287405,1,1559287405,1559299720,6,1,1,1,1,1),(65,'sdvdsfg','sdgsg\n','<p>sdgsg</p>\n','{\"fileImageList\":[],\"fileList\":[]}',1,NULL,NULL,NULL,1559287554,1,1559287554,1559287561,6,NULL,1,1,0,0),(66,'testststs','sdgdsfgdgfdsfgd\n','<p>sdgdsfgdgfdsfgd</p>\n','{\"fileImageList\":[],\"fileList\":[{\"uid\":\"rc-upload-1559287716161-15\",\"name\":\"[SRS - WEB] T\\u00e0i li\\u1ec7u \\u0111\\u1eb7c t\\u1ea3 ph\\u1ea7n m\\u1ec1m .docx\",\"status\":\"done\",\"url\":\"\\/uploads\\/applications\\/201905\\/1559287882-srs---web-ti-liu-c-t-phn-mm.docx\"},{\"uid\":\"rc-upload-1559287716161-17\",\"name\":\"API-Testing-with-Katalon-Studio-2-SOAP.pdf\",\"status\":\"done\",\"url\":\"\\/uploads\\/applications\\/201905\\/1559287887-api-testing-with-katalon-studio-2-soap.pdf\"}]}',0,NULL,NULL,NULL,1559287866,1,1559287866,1559287921,6,NULL,11,1,1,0),(67,'aaaaaaaaaaaaaaaaaaaaaaa','aaaaaaaaaaaaaaaaaaaaaaaaaa\n','<p>aaaaaaaaaaaaaaaaaaaaaaaaaa</p>\n','{\"fileImageList\":[],\"fileList\":[]}',1,NULL,NULL,NULL,1559288125,1,1559288125,1559288162,6,NULL,10,1,1,0),(68,'Test gửi file đính kèm','BIÊN BẢN NGHIỆM THU PCCC KHU CT17\n1. Biên bản nghiệm thu PCCC nhà 5T – ĐN1 ngày 21...','<p style=\"text-align:center;\"><span style=\"color: rgb(40,40,40);background-color: rgb(244,251,233);font-size: 12px;font-family: arial;\"><strong>BIÊN BẢN NGHIỆM THU PCCC KHU CT17</strong></span></p>\n<p style=\"text-align:justify;\"><span style=\"color: rgb(40,40,40);background-color: rgb(244,251,233);font-size: 12px;font-family: arial;\">1. Biên bản nghiệm thu PCCC nhà 5T – ĐN1 ngày 21 tháng 6 năm 2012</span></p>\n<p style=\"text-align:justify;\"><a href=\"http://www.green-house.com.vn/vi/wp-content/uploads/2019/01/2012-06-21-BBNT-DVSD-Duyen-Hai-PCCC-5T-DN1.pdf\" target=\"_self\"><span style=\"color: rgb(116,51,153);background-color: transparent;font-size: 12px;font-family: arial;\">2012-06-21-BBNT DVSD-Duyen Hai-PCCC 5T-DN1</span></a></p>\n<p style=\"text-align:justify;\"><span style=\"color: rgb(40,40,40);background-color: rgb(244,251,233);font-size: 12px;font-family: arial;\">2.Biên bản nghiệm thu PCCC nhà 5T – ĐN2 ngày 21 tháng 6 năm 2012</span></p>\n<p style=\"text-align:justify;\"><a href=\"http://www.green-house.com.vn/vi/wp-content/uploads/2019/01/2012-06-21-BBNT-DVSD-Duyen-Hai-PCCC-5T-DN2.pdf\" target=\"_self\"><span style=\"color: rgb(116,51,153);background-color: transparent;font-size: 12px;font-family: arial;\">2012-06-21-BBNT DVSD-Duyen Hai-PCCC 5T-DN2</span></a></p>\n<p style=\"text-align:justify;\"><span style=\"color: rgb(40,40,40);background-color: rgb(244,251,233);font-size: 12px;font-family: arial;\">3.Biên bản nghiệm thu PCCC nhà 14T ngày 17 tháng 01 năm 2013</span></p>\n<p style=\"text-align:justify;\"><a href=\"http://www.green-house.com.vn/vi/wp-content/uploads/2019/01/2013-01-17-BBNT-DVSD-PCCC-nha-14T-Duyen-Hai.pdf\" target=\"_self\"><span style=\"color: rgb(116,51,153);background-color: transparent;font-size: 12px;font-family: arial;\">2013-01-17-BBNT DVSD-PCCC nha 14T-Duyen Hai</span></a></p>\n<p style=\"text-align:justify;\"><span style=\"color: rgb(40,40,40);background-color: rgb(244,251,233);font-size: 12px;font-family: arial;\">4.Biên bản nghiệm thu PCCC nhà 17T ngày 17 tháng 12 năm 2014</span></p>\n<p style=\"text-align:justify;\"><a href=\"http://www.green-house.com.vn/vi/wp-content/uploads/2019/01/2014-12-17-BBNT-DVSD-Phuong-Bac-PCCC-17T1.pdf\" target=\"_self\"><span style=\"color: rgb(116,51,153);background-color: transparent;font-size: 12px;font-family: arial;\">2014-12-17-BBNT DVSD-Phuong Bac-PCCC 17T</span></a>&nbsp;</p>\n','{\"fileImageList\":[],\"fileList\":[{\"uid\":\"rc-upload-1559287716161-45\",\"name\":\"[SRS - WEB] T\\u00e0i li\\u1ec7u \\u0111\\u1eb7c t\\u1ea3 ph\\u1ea7n m\\u1ec1m .docx\",\"status\":\"done\",\"url\":\"\\/uploads\\/applications\\/201905\\/1559288380-srs---web-ti-liu-c-t-phn-mm.docx\"},{\"uid\":\"rc-upload-1559287716161-47\",\"name\":\"API-Testing-with-Katalon-Studio-2-SOAP.pdf\",\"status\":\"done\",\"url\":\"\\/uploads\\/applications\\/201905\\/1559288383-api-testing-with-katalon-studio-2-soap.pdf\"},{\"uid\":\"rc-upload-1559287716161-49\",\"name\":\"Luci Building.docx\",\"status\":\"done\",\"url\":\"\\/uploads\\/applications\\/201905\\/1559288406-luci-building.docx\"}]}',1,NULL,NULL,NULL,1559288409,1,1559288409,1559288461,6,NULL,9,1,1,0),(69,'xcvxc','vxcvxcv\n','<p>vxcvxcv</p>\n','{\"fileImageList\":[],\"fileList\":[{\"uid\":\"rc-upload-1559288667325-7\",\"name\":\"icomoon (1).zip\",\"status\":\"done\",\"url\":\"\\/uploads\\/applications\\/201905\\/1559288932-icomoon-1.zip\"}]}',0,NULL,NULL,NULL,1559288940,1,1559288940,1559288940,6,6,10,0,0,0),(70,'test 1','sdgsdg\n','<p>sdgsdg</p>\n','{\"fileImageList\":[],\"fileList\":[{\"uid\":\"rc-upload-1559289587746-3\",\"name\":\"NTQ_Solution_Interview Form.docx\",\"status\":\"done\",\"url\":\"\\/uploads\\/applications\\/201905\\/1559289773-ntq_solution_interview-form.docx\"},{\"uid\":\"rc-upload-1559289587746-5\",\"name\":\"NTQ_Solution_Interview Form.docx\",\"status\":\"done\",\"url\":\"\\/uploads\\/applications\\/201905\\/1559289779-ntq_solution_interview-form.docx\"},{\"uid\":\"rc-upload-1559289587746-7\",\"name\":\"OFFER LETTER - L\\u01b0\\u01a1ng Th\\u1ecb May (1).pdf\",\"status\":\"done\",\"url\":\"\\/uploads\\/applications\\/201905\\/1559289793-offer-letter---lng-th-may-1.pdf\"},{\"uid\":\"rc-upload-1559289587746-9\",\"name\":\"OFFER LETTER - L\\u01b0\\u01a1ng Th\\u1ecb May.pdf\",\"status\":\"done\",\"url\":\"\\/uploads\\/applications\\/201905\\/1559289806-offer-letter---lng-th-may.pdf\"},{\"uid\":\"rc-upload-1559289587746-11\",\"name\":\"OFFER LETTER - L\\u01b0\\u01a1ng Th\\u1ecb May.pdf\",\"status\":\"done\",\"url\":\"\\/uploads\\/applications\\/201905\\/1559289819-offer-letter---lng-th-may.pdf\"},{\"uid\":\"rc-upload-1559289587746-13\",\"name\":\"OFFER LETTER - L\\u01b0\\u01a1ng Th\\u1ecb May.pdf\",\"status\":\"done\",\"url\":\"\\/uploads\\/applications\\/201905\\/1559289830-offer-letter---lng-th-may.pdf\"},{\"uid\":\"rc-upload-1559289587746-15\",\"name\":\"OFFER LETTER - L\\u01b0\\u01a1ng Th\\u1ecb May (1).pdf\",\"status\":\"done\",\"url\":\"\\/uploads\\/applications\\/201905\\/1559289842-offer-letter---lng-th-may-1.pdf\"},{\"uid\":\"rc-upload-1559289587746-17\",\"name\":\"OFFER LETTER - L\\u01b0\\u01a1ng Th\\u1ecb May (1).pdf\",\"status\":\"done\",\"url\":\"\\/uploads\\/applications\\/201905\\/1559289851-offer-letter---lng-th-may-1.pdf\"},{\"uid\":\"rc-upload-1559289587746-19\",\"name\":\"OFFER LETTER - L\\u01b0\\u01a1ng Th\\u1ecb May.pdf\",\"status\":\"done\",\"url\":\"\\/uploads\\/applications\\/201905\\/1559289860-offer-letter---lng-th-may.pdf\"},{\"uid\":\"rc-upload-1559289587746-21\",\"name\":\"OFFER LETTER - L\\u01b0\\u01a1ng Th\\u1ecb May.pdf\",\"status\":\"done\",\"url\":\"\\/uploads\\/applications\\/201905\\/1559289881-offer-letter---lng-th-may.pdf\"},{\"uid\":\"rc-upload-1559289587746-25\",\"name\":\"OFFER LETTER - L\\u01b0\\u01a1ng Th\\u1ecb May.pdf\",\"status\":\"done\",\"url\":\"\\/uploads\\/applications\\/201905\\/1559289896-offer-letter---lng-th-may.pdf\"},{\"uid\":\"rc-upload-1559289587746-27\",\"name\":\"OFFER LETTER - L\\u01b0\\u01a1ng Th\\u1ecb May (1).pdf\",\"status\":\"done\",\"url\":\"\\/uploads\\/applications\\/201905\\/1559289903-offer-letter---lng-th-may-1.pdf\"},{\"uid\":\"rc-upload-1559289587746-29\",\"name\":\"OFFER LETTER - L\\u01b0\\u01a1ng Th\\u1ecb May.pdf\",\"status\":\"done\",\"url\":\"\\/uploads\\/applications\\/201905\\/1559289914-offer-letter---lng-th-may.pdf\"},{\"uid\":\"rc-upload-1559289587746-31\",\"name\":\"OFFER LETTER - L\\u01b0\\u01a1ng Th\\u1ecb May.pdf\",\"status\":\"done\",\"url\":\"\\/uploads\\/applications\\/201905\\/1559289937-offer-letter---lng-th-may.pdf\"},{\"uid\":\"rc-upload-1559289587746-33\",\"name\":\"OFFER LETTER - L\\u01b0\\u01a1ng Th\\u1ecb May.pdf\",\"status\":\"done\",\"url\":\"\\/uploads\\/applications\\/201905\\/1559289976-offer-letter---lng-th-may.pdf\"},{\"uid\":\"rc-upload-1559289587746-35\",\"name\":\"OFFER LETTER - L\\u01b0\\u01a1ng Th\\u1ecb May (1).pdf\",\"status\":\"done\",\"url\":\"\\/uploads\\/applications\\/201905\\/1559289981-offer-letter---lng-th-may-1.pdf\"}]}',1,NULL,NULL,NULL,1559289882,1,1559289882,1559289998,6,6,10,1,1,0),(71,'check tầng không có căn hộ','BIÊN BẢN NGHIỆM THU PCCC KHU CT17\n1. Biên bản nghiệm thu PCCC nhà 5T – ĐN1 ngày 21...','<p style=\"text-align:center;\"><span style=\"color: rgb(40,40,40);background-color: rgb(244,251,233);font-size: 12px;font-family: arial;\"><strong>BIÊN BẢN NGHIỆM THU PCCC KHU CT17</strong></span></p>\n<p style=\"text-align:justify;\"><span style=\"color: rgb(40,40,40);background-color: rgb(244,251,233);font-size: 12px;font-family: arial;\">1. Biên bản nghiệm thu PCCC nhà 5T – ĐN1 ngày 21 tháng 6 năm 2012</span></p>\n<p style=\"text-align:justify;\"><a href=\"http://www.green-house.com.vn/vi/wp-content/uploads/2019/01/2012-06-21-BBNT-DVSD-Duyen-Hai-PCCC-5T-DN1.pdf\" target=\"_self\"><span style=\"color: rgb(116,51,153);background-color: transparent;font-size: 12px;font-family: arial;\">2012-06-21-BBNT DVSD-Duyen Hai-PCCC 5T-DN1</span></a></p>\n<p style=\"text-align:justify;\"><span style=\"color: rgb(40,40,40);background-color: rgb(244,251,233);font-size: 12px;font-family: arial;\">2.Biên bản nghiệm thu PCCC nhà 5T – ĐN2 ngày 21 tháng 6 năm 2012</span></p>\n<p style=\"text-align:justify;\"><a href=\"http://www.green-house.com.vn/vi/wp-content/uploads/2019/01/2012-06-21-BBNT-DVSD-Duyen-Hai-PCCC-5T-DN2.pdf\" target=\"_self\"><span style=\"color: rgb(116,51,153);background-color: transparent;font-size: 12px;font-family: arial;\">2012-06-21-BBNT DVSD-Duyen Hai-PCCC 5T-DN2</span></a>&nbsp;</p>\n','{\"fileImageList\":[],\"fileList\":[]}',0,NULL,NULL,NULL,1559290585,1,1559290585,1559290585,6,6,9,0,0,0),(72,'Thong bao test','\n','<p></p>\n','{\"fileImageList\":[],\"fileList\":[]}',0,NULL,NULL,NULL,1559290715,2,1559290715,1559290715,18,18,7,0,0,0),(73,'Highcharts Demo','\n','<p></p>\n','{\"fileImageList\":[],\"fileList\":[]}',1,NULL,NULL,NULL,1559290730,2,1559290730,1559290741,18,NULL,7,1,0,0),(74,'Highcharts Demo','Test\n','<p>Test</p>\n','{\"fileImageList\":[],\"fileList\":[]}',1,NULL,NULL,NULL,1559290813,1,1559290813,1559290861,1,NULL,11,1,0,0),(75,'Highcharts Demo','TEST\n','<p>TEST</p>\n','{\"fileImageList\":[{\"uid\":\"rc-upload-1559290744359-5\",\"name\":\"nuoc-sach-3.jpg\",\"status\":\"done\",\"url\":\"\\/uploads\\/images\\/201905\\/1559290865-nuoc-sach-3.jpg\"}],\"fileList\":[]}',1,NULL,NULL,NULL,1559290876,1,1559290876,1559290921,1,NULL,11,1,0,0),(76,'Highcharts Annotations Demo','dfsdf\n','<p>dfsdf</p>\n','{\"fileImageList\":[],\"fileList\":[]}',0,NULL,NULL,NULL,1559290909,1,1559290909,1559290909,1,1,11,0,0,0),(77,'Highcharts Demo','sdf\n','<p>sdf</p>\n','{\"fileImageList\":[],\"fileList\":[]}',0,NULL,NULL,NULL,1559290960,1,1559290960,1559290960,1,1,11,0,0,0),(78,'Kiểm tra hoạt động của việc upload ảnh','Kiểm tra hoạt động của việc upload ảnh&nbsp;\n','<p><span style=\"color: rgb(0,0,0);background-color: rgb(255,255,255);font-size: 16px;font-family: Times New Roman;\">Kiểm tra hoạt động của việc upload ảnh</span>&nbsp;</p>\n','{\"fileImageList\":[{\"uid\":\"rc-upload-1559291025507-3\",\"name\":\"20181228_202049.jpg\",\"status\":\"done\",\"url\":\"\\/uploads\\/images\\/201905\\/1559291483-20181228_202049.jpg\"},{\"uid\":\"rc-upload-1559291025507-5\",\"name\":\"20181228_202137.jpg\",\"status\":\"done\",\"url\":\"\\/uploads\\/images\\/201905\\/1559291536-20181228_202137.jpg\"},{\"uid\":\"rc-upload-1559291025507-7\",\"name\":\"20181228_202336.jpg\",\"status\":\"done\",\"url\":\"\\/uploads\\/images\\/201905\\/1559291542-20181228_202336.jpg\"},{\"uid\":\"rc-upload-1559291025507-9\",\"name\":\"20181228_202355.jpg\",\"status\":\"done\",\"url\":\"\\/uploads\\/images\\/201905\\/1559291547-20181228_202355.jpg\"},{\"uid\":\"rc-upload-1559291025507-11\",\"name\":\"20181228_202536.jpg\",\"status\":\"done\",\"url\":\"\\/uploads\\/images\\/201905\\/1559291552-20181228_202536.jpg\"},{\"uid\":\"rc-upload-1559291025507-13\",\"name\":\"20181228_202544.jpg\",\"status\":\"done\",\"url\":\"\\/uploads\\/images\\/201905\\/1559291557-20181228_202544.jpg\"}],\"fileList\":[]}',0,NULL,NULL,NULL,1559291560,1,1559291560,1559291560,6,6,10,0,0,0),(79,'sadfdsgfds','sdgsdg\n','<p>sdgsdg</p>\n','{\"fileImageList\":[],\"fileList\":[]}',1,NULL,NULL,NULL,1559291907,1,1559291907,1559291941,6,NULL,9,1,0,0),(80,'kiểm tra lỗi ','sdgfgdg\n','<p>sdgfgdg</p>\n','{\"fileImageList\":[],\"fileList\":[]}',1,NULL,NULL,NULL,1559291955,1,1559291955,1559292001,6,NULL,1,1,0,0),(81,'may test','\n','<p></p>\n','{\"fileImageList\":[],\"fileList\":[]}',1,NULL,NULL,NULL,1559292010,1,1559292010,1559292061,6,NULL,11,1,0,0),(82,'dfdh','\n','<p></p>\n','{\"fileImageList\":[],\"fileList\":[]}',1,NULL,NULL,NULL,1559292037,1,1559292037,1559292061,6,NULL,11,1,0,0),(83,'gfjg','hj\n','<p>hj</p>\n','{\"fileImageList\":[],\"fileList\":[]}',1,NULL,NULL,NULL,1559292061,1,1559292061,1559292121,6,NULL,11,1,0,0),(84,'ngbmbnm','cvncvn\n','<p>cvncvn</p>\n','{\"fileImageList\":[],\"fileList\":[]}',1,NULL,NULL,NULL,1559292087,1,1559292087,1559292121,6,NULL,9,1,0,0),(85,'cfvb','ghfgh\n','<p>ghfgh</p>\n','{\"fileImageList\":[],\"fileList\":[]}',1,NULL,NULL,NULL,1559292154,1,1559292154,1559292181,6,NULL,9,1,0,0),(86,'vcnbvbnmay','vbnvbn\n','<p>vbnvbnmay</p>\n','{\"fileImageList\":[{\"uid\":\"rc-upload-1559292652101-5\",\"name\":\"20181228_202513.jpg\",\"status\":\"done\",\"url\":\"\\/uploads\\/images\\/201905\\/1559292675-20181228_202513.jpg\"}],\"fileList\":[{\"uid\":\"rc-upload-1559292652101-7\",\"name\":\"API-Testing-with-Katalon-Studio-2-SOAP.pdf\",\"status\":\"done\",\"url\":\"\\/uploads\\/applications\\/201905\\/1559292682-api-testing-with-katalon-studio-2-soap.pdf\"}]}',1,NULL,NULL,NULL,1559292187,1,1559292187,1559292684,6,6,9,1,0,0),(87,'jkjhk','kjhk\n','<p>kjhk</p>\n','{\"fileImageList\":[{\"uid\":\"rc-upload-1559292209438-13\",\"name\":\"36.png\",\"status\":\"done\",\"url\":\"\\/uploads\\/images\\/201905\\/1559292620-36.png\"}],\"fileList\":[]}',1,NULL,NULL,NULL,1559292224,1,1559292224,1559292629,6,6,11,1,0,0),(88,'Thông báo nháp','Thông báo nháp\n','<p>Thông báo nháp</p>\n','{\"fileImageList\":[{\"uid\":\"rc-upload-1559292652101-15\",\"name\":\"20181228_202513.jpg\",\"status\":\"done\",\"url\":\"\\/uploads\\/images\\/201905\\/1559292740-20181228_202513.jpg\"}],\"fileList\":[{\"uid\":\"rc-upload-1559292652101-17\",\"name\":\"CV_Luong_Thi_May.docx\",\"status\":\"done\",\"url\":\"\\/uploads\\/applications\\/201905\\/1559292748-cv_luong_thi_may.docx\"}]}',1,NULL,NULL,NULL,1559292748,1,1559292748,1559292781,6,NULL,10,1,1,0),(89,'Thông báo nháp 2','ádafaf\n','<p>ádafaf</p>\n','{\"fileImageList\":[{\"uid\":\"rc-upload-1559292652101-23\",\"name\":\"20181228_202137.jpg\",\"status\":\"done\",\"url\":\"\\/uploads\\/images\\/201905\\/1559292782-20181228_202137.jpg\"}],\"fileList\":[{\"uid\":\"rc-upload-1559292652101-25\",\"name\":\"CV_Luong_Thi_May.docx\",\"status\":\"done\",\"url\":\"\\/uploads\\/applications\\/201905\\/1559292789-cv_luong_thi_may.docx\"}]}',1,NULL,NULL,NULL,1559292790,1,1559292790,1559292841,6,NULL,11,1,1,0),(90,'THÔNG BÁO: (V/v: Thanh tra hệ thống PCCC tại tòa nhà Chung cư Sông Nhuệ)','THÔNG BÁO\n(V/v: Thanh tra hệ thống PCCC tại tòa nhà Chung cư Sông Nhuệ)\nKính...','<p><strong>THÔNG BÁO</strong></p>\n<p>(V/v: Thanh tra hệ thống PCCC tại tòa nhà Chung cư Sông Nhuệ)</p>\n<p><strong><em>Kính gửi: Toàn thể Quý cư dân nhà Chung cư Sông Nhuệ.</em></strong></p>\n<p>Ban quản lý nhà Chung cư Sông Nhuệ xin gửi tới Quý cư dân lời chào trân trọng và lời cảm ơn chân thành vì sự hợp tác và tin cậy đã dành cho chúng tôi trong thời gian qua.</p>\n<p>Thực hiện quyết định số 1534/QĐ-CAHN-PX05 ngày 04/05/2019 của Giám đốc CATP Hà Nội về thanh tra “Việc chấp hành các quy định của pháp luật về PCCC trong lĩnh vực đầu tư xây dựng các dự án công trình nhà chung cư cao tầng trên địa bàn thành phố Hà Nội”. Ban quản lý xin thông báo tới toàn thể Quý cư dân về lịch thanh tra PCCC của công an thành phố Hà Nội tại tòa nhà Chung cư Sông Nhuệ như sau:</p>\n<p><strong><em>Thời gian thanh tra:</em></strong> Ngày 05, 10/06/2019</p>\n<p>+ Sáng từ 08h30 - 11h</p>\n<p>+ Chiều từ 13h30 – 17h00</p>\n<p>Trong khoảng thời gian trên chúng tôi sẽ tiến hành kiểm tra hệ thống và test thử chuông báo cháy các tầng, dẫn đến chuông báo cháy sẽ kêu. Vậy BQL xin thông báo để Quý cư dân được biết.</p>\n<p><strong><em>Ban quản lý trân trọng thông báo!</em></strong></p>\n','{\"fileImageList\":[],\"fileList\":[]}',1,NULL,NULL,NULL,1559634933,2,1559634933,1559664280,18,1,2,1,7,5),(91,'Dự thảo Hồ sơ chào giá Quản lý vận hành CCSN','Theo kế hoạch CCSN sẽ tổ chức chào giá cạnh tranh gói thầu Quản lý vận hành...','<p>Theo kế hoạch CCSN sẽ tổ chức chào giá cạnh tranh gói thầu Quản lý vận hành CCSN. BQT gửi nội dung bản Dự thảo Chào giá cạnh tranh, rất mong sự đóng góp ý kiến các cư dân để BQT có thể bổ sung, chỉnh sửa và hoàn thiện Hồ sơ chào giá này tổ chức mời thầu, đặc biệt ý kiến của cư dân có chuyên môn trong các lĩnh vực có liên quan.</p>\n','{\"fileImageList\":[{\"uid\":\"rc-upload-1559634032420-8\",\"name\":\"60753484_1171613003010766_7179510479235055616_o.jpg\",\"status\":\"done\",\"url\":\"\\/uploads\\/images\\/201906\\/1559640598-60753484_1171613003010766_7179510479235055616_o.jpg\"},{\"uid\":\"rc-upload-1559634032420-10\",\"name\":\"60848791_1171613129677420_2969551795887538176_o.jpg\",\"status\":\"done\",\"url\":\"\\/uploads\\/images\\/201906\\/1559640600-60848791_1171613129677420_2969551795887538176_o.jpg\"},{\"uid\":\"rc-upload-1559634032420-12\",\"name\":\"60849466_1171613236344076_3655494236683370496_o.jpg\",\"status\":\"done\",\"url\":\"\\/uploads\\/images\\/201906\\/1559640604-60849466_1171613236344076_3655494236683370496_o.jpg\"},{\"uid\":\"rc-upload-1559634032420-14\",\"name\":\"60980539_1171613359677397_2413149283885776896_o.jpg\",\"status\":\"done\",\"url\":\"\\/uploads\\/images\\/201906\\/1559640607-60980539_1171613359677397_2413149283885776896_o.jpg\"},{\"uid\":\"rc-upload-1559634032420-16\",\"name\":\"61099816_1171613066344093_588403033424003072_o.jpg\",\"status\":\"done\",\"url\":\"\\/uploads\\/images\\/201906\\/1559640613-61099816_1171613066344093_588403033424003072_o.jpg\"},{\"uid\":\"rc-upload-1559634032420-18\",\"name\":\"61272629_1171613483010718_5416400505574260736_o.jpg\",\"status\":\"done\",\"url\":\"\\/uploads\\/images\\/201906\\/1559640622-61272629_1171613483010718_5416400505574260736_o.jpg\"},{\"uid\":\"rc-upload-1559634032420-20\",\"name\":\"61348949_1171613293010737_946605955905224704_o.jpg\",\"status\":\"done\",\"url\":\"\\/uploads\\/images\\/201906\\/1559640625-61348949_1171613293010737_946605955905224704_o.jpg\"},{\"uid\":\"rc-upload-1559634032420-22\",\"name\":\"61452052_1171613199677413_8548794620690038784_o.jpg\",\"status\":\"done\",\"url\":\"\\/uploads\\/images\\/201906\\/1559640628-61452052_1171613199677413_8548794620690038784_o.jpg\"}],\"fileList\":[]}',1,NULL,NULL,NULL,1559640629,2,1559640629,1559712691,18,13,2,1,7,6),(92,'Tổng kết tết thiếu nhi 01/06/2019','Mặc dù thời tiết không ủng hộ, nhưng với sự chuẩn bị chu đáo của tập...','<p><span style=\"color: rgb(29,33,41);background-color: rgb(255,255,255);font-size: 14px;font-family: system-ui, -apple-system, system-ui, \".SFNSText-Regular\", sans-serif;\">Mặc dù thời tiết không ủng hộ, nhưng với sự chuẩn bị chu đáo của tập thể BQT, cùng BQL và các thành viên của đơn vị tổ chức sự kiện, đêm vui tết thiếu nhi quốc tế 1/6/2019 toà nhà chung cư Sông Nhuệ đã thành công tốt đẹp. Bà con cư dân và các cháu thiếu nhi đã được thưởng thức các tiết mục múa hát do các cô trò Trường Ánh Hoa dàn dựng công phu và biểu diễn đầy sôi động. Bên cạnh đó là các tiết mục do các cháu toà nhà tham gia biểu diễn. Trong đêm vui các cháu thiếu nhi còn được thưởng thức các tiết mục ảo thuật đầy huyền bí, và tiết mục xiếc của Tề thiên đại thánh. Kết thúc đêm vui là màn múa hát tập thể của MC xinh đẹp Thanh Hằng cùng hàng trăm bé thơ. Đêm vui đã hạ màn nhưng niềm vui còn lan tỏa mãi. Chúc các cháu thiếu niên nhi đồng , những chủ nhân tương lai của Chung cư Sông Nhuệ bước vào một kỳ nghỉ hè đầy vui tươi và bổ ích.</span></p>\n','{\"fileImageList\":[{\"uid\":\"rc-upload-1559634032420-32\",\"name\":\"61507848_2638342199725656_6009742918892388352_n.jpg\",\"status\":\"done\",\"url\":\"\\/uploads\\/images\\/201906\\/1559643059-61507848_2638342199725656_6009742918892388352_n.jpg\"}],\"fileList\":[]}',1,NULL,NULL,NULL,1559643068,2,1559643068,1559720772,18,1,2,1,7,6),(93,'THÔNG BÁO VỀ VIỆC KIỂM TRA BẢO DƯỠNG THANG MÁY ĐỊNH KỲ','THÔNG BÁO\nVề việc kiểm tra bảo dưỡng thang máy định kỳ khu Luci Dream\nKính...','<p style=\"text-align:center;\"><span style=\"color: rgb(40,40,40);background-color: rgb(244,251,233);font-size: 12px;font-family: arial;\"><strong>THÔNG BÁO</strong></span></p>\n<p style=\"text-align:center;\"><span style=\"color: rgb(40,40,40);background-color: rgb(244,251,233);font-size: 12px;font-family: arial;\"><strong>Về việc kiểm tra bảo dưỡng thang máy định kỳ khu Luci Dream</strong></span></p>\n<p style=\"text-align:center;\"><span style=\"color: rgb(40,40,40);background-color: transparent;font-size: 12px;font-family: arial;\"><strong>Kính gửi:</strong></span> <span style=\"color: rgb(40,40,40);background-color: rgb(244,251,233);font-size: 12px;font-family: arial;\"><strong>Toàn thể Qúy Cư dân Khu nhà Luci Dream</strong></span><strong> </strong></p>\n<p><span style=\"color: rgb(40,40,40);background-color: rgb(244,251,233);font-size: 12px;font-family: arial;\">Đơn vị quản lý và vận hành Khu chung cư cao tầng Luci Dream</span> <span style=\"color: rgb(40,40,40);background-color: rgb(244,251,233);font-size: 12px;font-family: arial;\"> trân trọng toàn thể cảm ơn toàn thể qúy Cư dân đã tin tưởng và sử dụng dịch vụ của Công ty HUDLANDTS Trong thời gian vừa qua.</span></p>\n<p style=\"text-align:justify;\"><span style=\"color: rgb(40,40,40);background-color: rgb(244,251,233);font-size: 12px;font-family: arial;\">Để đảm bảo cho công tác vận hành thang máy tại các tòa nhà được vận hành ổn định và an toàn, đồng thời phòng ngừa các sự cố về thang máy có thể xảy ra gây ảnh hưởng đến đời sống sinh hoạt hàng ngày của Cư dân. Công ty HUDLANDTS phối hợp cùng đơn vị nhà thầu tiến hành kiểm tra và bảo dưỡng thang máy định kỳ tháng 4 năm 2018. Trong quá trình kiểm tra bảo dưỡng thang máy Đơn vị dịch vụ sẽ tiến hành cắt luôn phiên các thang máy của các tòa nhà. Thời gian cắt tạm ngừng thang máy cụ thể như sau:</span></p>\n<p style=\"text-align:justify;\"><span style=\"color: rgb(40,40,40);background-color: rgb(244,251,233);font-size: 12px;font-family: arial;\">Tòa nhà S1: Sáng 8h00 – 1130, chiều: 13h00 đến 17h00 ngày 19/4/2018</span></p>\n<p style=\"text-align:justify;\"><span style=\"color: rgb(40,40,40);background-color: rgb(244,251,233);font-size: 12px;font-family: arial;\">Tòa nhà S2: Sáng 8h00 – 1130, chiều: 13h00 đến 19h00 ngày 19/4/2018</span></p>\n<p style=\"text-align:justify;\"><span style=\"color: rgb(40,40,40);background-color: rgb(244,251,233);font-size: 12px;font-family: arial;\">Trong quá trình tiến hành  kiểm tra và bảo dưỡng có thể ảnh hưởng tới đời sống sinh hoạt của  quý Cư dân. Đơn vị quản lý rất mong nhận được sự thông cảm và chia sẻ từ quý Cư dân</span></p>\n<p style=\"text-align:justify;\"><span style=\"color: rgb(40,40,40);background-color: rgb(244,251,233);font-size: 12px;font-family: arial;\">Mọi sự đóng góp ý kiến của Qúy Cư dân xin liên hệ tới Bộ phận Dịch vụ Khách hàng tại tầng 1 tòa nhà GH4 hoặc liên hệ qua số điện thoại: 043 657 4833/ 043 657 4832, hotline Dịch vụ Khách hàng: 0981 773 330</span></p>\n<p style=\"text-align:justify;\"><span style=\"color: rgb(40,40,40);background-color: rgb(244,251,233);font-size: 12px;font-family: arial;\"><strong>Trân trọng thông báo!</strong></span>&nbsp;</p>\n','{\"fileImageList\":[],\"fileList\":[]}',1,NULL,NULL,NULL,1559719170,3,1559719170,1559719202,26,NULL,17,1,200,0),(94,'HLV Park Hang-seo và mũi tên trúng nhiều đích trước Thái Lan','Để Việt Nam qua mặt ở nhiều giải đấu trong hai năm qua, Thái Lan khát khao...','<p><span style=\"color: rgb(51,51,51);font-size: 14px;font-family: arial;\">Để Việt Nam qua mặt ở nhiều giải đấu trong hai năm qua, Thái Lan khát khao một cuộc thư hùng. Và thay vì né tránh, HLV Park Hang-seo chọn cách đối đầu trực diện. Ông chính là người tư vấn cho Liên đoàn bóng đá Việt Nam VFF nhận lời \"thách đấu\". Ngay cả khi Thái Lan đổi luật lệ để chắc chắn gặp Việt Nam, rồi sau đó chuyển địa điểm từ Bangkok lên Buriram, nhà cầm quân Hàn Quốc cũng không bất ngờ.</span></p>\n<p style=\"text-align:left;\"><span style=\"color: rgb(51,51,51);font-size: 14px;font-family: arial;\">Có lẽ, chưa trận đấu nào ở cấp  đội tuyển quốc gia mà Thái Lan phải gồng người lên để thi đấu với Việt Nam như hôm qua. Nỗi e sợ từ thất bại 0-4 tại Mỹ Đình hồi tháng 3 là có thật. Nỗi ám ảnh về ngôi vị số một Đông Nam Á cũng có thật. Còn quá sớm để cho rằng Thái Lan đang lâm vào trạng thái \"chưa đá đã lo\" như Việt Nam trước đây. Nhưng, cách họ tiếp cận trận đấu bằng đội hình thấp, gia tăng liều lượng bạo lực khi tranh chấp, lui về rất nhanh sau mỗi pha tấn công bất thành mà không pressing tầm cao như thói quen trước đây cho thấy vị thế giữa hai làng cầu hàng đầu Đông Nam Á đã đổi chiều. Món đòn sút xa quen thuộc để tạo đột biến cũng không còn được sử dụng. Mối lo mất bóng và dính phản công đã khiến Thái Lan không thể chơi thứ bóng đá tốt nhất của họ.</span></p>\n<p style=\"text-align:left;\"><span style=\"color: rgb(51,51,51);font-size: 14px;font-family: arial;\">Vì đây chỉ là một trận giao hữu, Thái Lan không ở trạng thái tốt nhất khi thiếu một vài trụ cột, HLV của họ cũng chỉ tạm quyền, nên chiến thắng 1-0 của Việt Nam vào phút cuối chưa thể dùng để phân tài cao - thấp. Nhưng Thành - Bại trong trận đấu này thì đã rõ. Việt Nam đã thành công trong việc xóa bỏ hoàn toàn những e ngại bé nhỏ còn sót lại đâu đó trong tâm trí về nỗi ám ảnh Thái Lan. Ngược lại, xứ Chùa Vàng đã thất bại trong cơ hội mà họ cố công tạo ra để tìm lại bản năng của một kẻ luôn buộc người khác phải khuất phục họ.</span></p>\n<p style=\"text-align:left;\"><span style=\"color: rgb(51,51,51);font-size: 14px;font-family: arial;\"><strong>Sự khác biệt chắc chắn nằm ở HLV Park Hang-seo</strong>, người đã chủ động chọn cách đối đầu với Thái Lan để hoàn thành nốt công đoạn cuối cùng trong quá trình đưa bóng đá Việt Nam lên đẳng cấp mới. Không có cuộc đối đầu này, không đánh bại Thái Lan, thì chưa thể kết thúc một chu kỳ thành công để chuyển sang một giai đoạn tham vọng hơn.</span></p>\n<p style=\"text-align:left;\"><span style=\"color: rgb(51,51,51);font-size: 14px;font-family: arial;\">Trong quá khứ, Việt Nam rất muốn phân tài với Thái Lan, nhưng ở các kỳ SEA Games hay AFF Cup, vẫn còn tâm lý \"né tránh\" nếu có cơ hội. Chính cái tâm lý nửa vời ấy đã khiến đa số các thế hệ đội tuyển Việt Nam dễ dàng đánh mất thế trận mỗi khi gặp bất lợi trong thi đấu.</span></p>\n<p style=\"text-align:left;\"><span style=\"color: rgb(51,51,51);font-size: 14px;font-family: arial;\">Nhưng ở Chang Arena thì khác. Đoàn Văn Hậu, trẻ tuổi nhất trên sân, là cầu thủ có tần suất va chạm nhiều nhất với các cầu thủ Thái Lan, bao gồm cả tình huống \"gài\" cho Thitipan Puangchan tát vào mặt. Các pha bóng \"nhấc người\" rất tỉnh, chủ động né các pha vào đòn quyết liệt của Văn Hậu cho thấy sự chuẩn bị rất kỹ của HLV Park Hang-seo cho một trận đấu mà ông tin rằng Thái Lan rất máu ăn thua. Đó là lý do ông sử dụng dàn tiền vệ gồm Hùng Dũng – Tuấn Anh – Quang Hải để luân chuyển bóng và kiểm soát trận đấu, tránh rơi vào \"cái bẫy\" đá rát với lợi thế sân nhà và trọng tài của Thái Lan.</span></p>\n<p style=\"text-align:left;\"><span style=\"color: rgb(51,51,51);font-size: 14px;font-family: arial;\">Cách ông đẩy Thái Lan vào sự tức giận và đánh mất lối chơi, còn thể hiện qua việc sử dụng Xuân Trường. Đó là người đang chơi bóng ngay tại Buriram, về lý thuyết, cũng là cầu thủ hay nhất của Việt Nam mà Thái Lan được biết. Nhưng ngôi sao đó chỉ được đưa vào phút cuối, như một hình thức thay người chiến thuật. Một ngôi sao khác mà Thái Lan biết rất rõ, Công Phượng, cũng chỉ vào sân từ ghế dự bị. Ngược lại, tiền đạo 34 tuổi Anh Đức bị chấn thương tưởng phải đi thẳng đến bệnh viện, vẫn được giữ lại trên sân. Một cầu thủ chưa đá phút nào ở V-League mùa này như Trọng Hoàng, lại xuất phát ngay từ đầu. Trọng Hoàng là một trong số ba tuyển thủ đang khoác áo Viettel, đội xếp gần cuối bảng V-League, đá chính trận này.</span></p>\n<p style=\"text-align:left;\"><span style=\"color: rgb(51,51,51);font-size: 14px;font-family: arial;\">Nếu Thái Lan quyết tâm thắng Việt Nam, lẽ đương nhiên họ sẽ tìm hiểu kỹ từng con người của HLV Park Hang-seo, và cách dùng người của ông khiến cho họ nghĩ rằng Việt Nam không sử dụng đội hình tốt nhất cho cuộc đọ sức này. Điều đó, càng khiến Thái Lan bị tổn thương và tự đẩy bản thân vào một thế trận bất lợi. Những toan tính của HLV Park Hang-seo, thật kỳ lạ, chính xác đến từng chi tiết nhỏ nhất ở bàn thắng duy nhất của Anh Đức. Cái cách mà Thái Lan để thủng lưới, sẽ còn ám ảnh họ thêm một thời gian dài.</span></p>\n<p style=\"text-align:left;\"><span style=\"color: rgb(51,51,51);font-size: 14px;font-family: arial;\">Một mũi tên, trúng nhiều đích. Sự thật là đội hình xuất phát của HLV Park không phải tốt nhất. Vấn đề nằm ở chỗ đó. Việt Nam thắng Thái Lan bằng chính yếu tố mà họ vẫn thường chiếm ưu thế khi đối đầu: tâm lý. Sự khác biệt lớn nhất từ trước đến nay giữa Việt Nam với Thái Lan, không hẳn là chất lượng con người mà là tâm thế vào trận. Ông Park đã chỉ ra rằng kể cả khi không được chuẩn bị tốt nhất, không có những ưu thế về sân bãi, khán giả... thì Việt Nam vẫn có thể đá trên cơ Thái Lan.</span></p>\n<p style=\"text-align:left;\"><span style=\"color: rgb(51,51,51);font-size: 14px;font-family: arial;\">Và nếu muốn, Việt Nam có thể hướng đến những mục tiêu xa hơn thay vì mãi nghĩ đến việc làm thế nào để được người Thái Lan công nhận vị thế của mình.</span><br></p>\n','{\"fileImageList\":[],\"fileList\":[]}',1,NULL,NULL,NULL,1559806005,2,1559806005,1559807382,18,1,2,1,7,5),(95,'Thông báo về việc cập nhật cho phần mềm cư dân trên mobile','Kính gửi quý cư dân,\nĐể nâng cao trải nghiệm và chăm sóc người dùng tốt...','<p><strong>Kính gửi quý cư dân</strong>,</p>\n<p>Để nâng cao trải nghiệm và chăm sóc người dùng tốt hơn, BQL đã nâng cấp ứng dụng Luci lên phiên bản mới và có hiệu lực từ <strong>0h ngày 07/06/2019.</strong></p>\n<p><strong>Nội dung cập nhật bao gồm:</strong></p>\n<p>- Thêm giới thiệu ứng dụng ở lần đầu cài đặt.</p>\n<p>- Thêm guide cho các tính năng cơ bản (vẫn đang tiếp tục phát triển).</p>\n<p>- Sửa lỗi giao diện &amp; logic hệ thống.</p>\n<p><strong>Hướng dẫn cập nhật: </strong></p>\n<p>- Với phiên bản ios, quý<span style=\"color: rgba(0,0,0,0.65);background-color: rgb(255,255,255);font-size: 14px;font-family: Quicksand, sans-serif;\"> cư dân</span> vui lòng truy cập vào ứng dụng testflight và cập nhật.</p>\n<p>- Với phiên bản android, quý<span style=\"color: rgba(0,0,0,0.65);background-color: rgb(255,255,255);font-size: 14px;font-family: Quicksand, sans-serif;\"> cư dân</span> vui lòng truy cập vào đường dẫn sau đây, tải và cài đặt: https://drive.google.com/open?id=1Ty5Kto0ec5AsqP88yr91rlyAkmDob4Tl</p>\n<p><strong>Chú ý: </strong>để việc cập nhật diễn ra thuận lợi, kính mong quý cư dân gỡ phiên bản ứng dụng đã cài đặt và làm theo hướng dẫn cập nhật ở trên.</p>\n<p>Những cư dân chưa thể cập nhật, xin vui lòng liên hệ đến Phòng hỗ trợ và Chăm sóc khách  hàng tại quầy lễ tân để được hỗ trợ kịp thời.&nbsp;</p>\n<p>Thông tin số điện thoại Phòng hỗ trợ và CSKH:</p>\n<p><ins>Mr Huy</ins>: <strong><em>097 8928230</em></strong></p>\n<p>Trân trọng.</p>\n','{\"fileImageList\":[],\"fileList\":[]}',1,NULL,NULL,NULL,1559843285,2,1559843285,1559872405,18,9,7,1,7,4),(96,'Thông báo về việc cập nhật cho phần mềm cư dân trên mobile','Kính gửi quý cư dân,\nĐể nâng cao trải nghiệm và chăm sóc người dùng tốt...','<p><strong>Kính gửi quý cư dân,</strong></p>\n<p>Để nâng cao trải nghiệm và chăm sóc người dùng tốt hơn, BQL đã nâng cấp ứng dụng Luci lên phiên bản mới và có hiệu lực từ 0h ngày 07/06/2019.</p>\n<p><strong>Nội dung cập nhật bao gồm:</strong></p>\n<p>- Thêm giới thiệu ứng dụng ở lần đầu cài đặt.</p>\n<p>- Thêm guide cho các tính năng cơ bản (vẫn đang tiếp tục phát triển).</p>\n<p>- Sửa lỗi giao diện &amp; logic hệ thống.</p>\n<p><strong>Hướng dẫn cập nhật: </strong></p>\n<p>- Với phiên bản ios, quý cư dân vui lòng truy cập vào ứng dụng testflight và cập nhật.</p>\n<p>- Với phiên bản android, quý cư dân vui lòng truy cập vào đường dẫn sau đây, tải và cài đặt: https://drive.google.com/open?id=1Ty5Kto0ec5AsqP88yr91rlyAkmDob4Tl</p>\n<p><strong>Chú ý:</strong> để việc cập nhật diễn ra thuận lợi, kính mong quý cư dân gỡ phiên bản ứng dụng đã cài đặt và làm theo hướng dẫn cập nhật ở trên.</p>\n<p>Những cư dân chưa thể cập nhật, xin vui lòng liên hệ đến Phòng hỗ trợ và Chăm sóc khách  hàng tại quầy lễ tân để được hỗ trợ kịp thời.&nbsp;</p>\n<p>Thông tin số điện thoại Phòng hỗ trợ và CSKH:</p>\n<p><strong>Mr Huy: 097 8928230</strong></p>\n<p>Trân trọng.</p>\n','{\"fileImageList\":[],\"fileList\":[]}',1,NULL,NULL,NULL,1559844005,1,1559844005,1559867461,1,9,10,1,38,2);
/*!40000 ALTER TABLE `announcement_campaign` ENABLE KEYS */;
UNLOCK TABLES;

--
-- Table structure for table `announcement_category`
--

DROP TABLE IF EXISTS `announcement_category`;
/*!40101 SET @saved_cs_client     = @@character_set_client */;
/*!40101 SET character_set_client = utf8 */;
CREATE TABLE `announcement_category` (
  `id` int(11) NOT NULL AUTO_INCREMENT,
  `name` varchar(125) NOT NULL,
  `label_color` varchar(255) DEFAULT NULL,
  `building_cluster_id` int(11) DEFAULT NULL,
  `created_at` int(11) DEFAULT NULL,
  `updated_at` int(11) DEFAULT NULL,
  `created_by` int(11) DEFAULT NULL,
  `updated_by` int(11) DEFAULT NULL,
  PRIMARY KEY (`id`)
) ENGINE=InnoDB AUTO_INCREMENT=19 DEFAULT CHARSET=utf8;
/*!40101 SET character_set_client = @saved_cs_client */;

--
-- Dumping data for table `announcement_category`
--

LOCK TABLES `announcement_category` WRITE;
/*!40000 ALTER TABLE `announcement_category` DISABLE KEYS */;
INSERT INTO `announcement_category` VALUES (1,'Thông báo chung','#00d084',1,1558509977,1558767909,1,5),(2,'Thông báo chung','#7bdcb5',2,1558576889,1558755129,18,7),(5,'Thông báo phí','#ff6900',2,1558578664,1558755142,18,7),(7,'Thông báo kỹ thuật','#fcb900',2,1558578681,1558755157,18,7),(9,'Thông báo phí','#fcb900',1,1558776976,1558783653,1,5),(10,'Thông báo kĩ thuật','#0693e3',1,1558777004,1558783642,1,5),(11,'Thông báo test','#FF6900',1,1559277195,1559277195,6,6),(16,'Thông báo chung','#FF6900',3,1559718945,1559718945,26,26),(17,'Kỹ thuật','#f78da7',3,1559718953,1559718968,26,26),(18,'Tài chính','#0693e3',3,1559718960,1559718960,26,26);
/*!40000 ALTER TABLE `announcement_category` ENABLE KEYS */;
UNLOCK TABLES;

--
-- Table structure for table `announcement_item`
--

DROP TABLE IF EXISTS `announcement_item`;
/*!40101 SET @saved_cs_client     = @@character_set_client */;
/*!40101 SET character_set_client = utf8 */;
CREATE TABLE `announcement_item` (
  `id` int(11) NOT NULL AUTO_INCREMENT,
  `announcement_campaign_id` int(11) DEFAULT NULL,
  `building_cluster_id` int(11) DEFAULT NULL,
  `building_area_id` int(11) DEFAULT NULL,
  `apartment_id` int(11) DEFAULT NULL,
  `read_at` int(11) DEFAULT NULL,
  `status` int(11) DEFAULT 1 COMMENT '  0 - đã gửi, 1 - thành công, 2 - thất bại',
  `created_at` int(11) DEFAULT NULL,
  `updated_at` int(11) DEFAULT NULL,
  PRIMARY KEY (`id`),
  KEY `idx-announcement_item-announcement_campaign_id` (`announcement_campaign_id`),
  KEY `idx-announcement_item-apartment_id` (`apartment_id`),
  KEY `idx-announcement_item-building_area_id` (`building_area_id`),
  KEY `idx-announcement_item-building_cluster_id` (`building_cluster_id`),
  KEY `idx-announcement_item-read_at` (`read_at`),
  KEY `idx-announcement_item-status` (`status`)
) ENGINE=InnoDB AUTO_INCREMENT=487 DEFAULT CHARSET=utf8;
/*!40101 SET character_set_client = @saved_cs_client */;

--
-- Dumping data for table `announcement_item`
--

LOCK TABLES `announcement_item` WRITE;
/*!40000 ALTER TABLE `announcement_item` DISABLE KEYS */;
INSERT INTO `announcement_item` VALUES (1,6,2,27,8,1558928137,1,1558608001,1558928137),(2,6,2,27,9,1558953089,1,1558608001,1558953089),(3,7,2,27,8,1558928144,1,1558608001,1558928144),(4,7,2,27,9,1558951116,1,1558608002,1558951116),(5,29,2,27,8,1558928124,1,1558694821,1558928124),(6,29,2,27,9,1558971670,1,1558694821,1558971670),(7,35,1,35,15,NULL,1,1558777764,1558777764),(8,37,1,33,26,NULL,1,1558777764,1558777764),(9,37,1,33,27,NULL,1,1558777764,1558777764),(10,37,1,33,28,NULL,1,1558777764,1558777764),(11,37,1,33,29,NULL,1,1558777764,1558777764),(12,37,1,33,30,NULL,1,1558777764,1558777764),(13,37,1,33,31,NULL,1,1558777764,1558777764),(14,37,1,33,32,NULL,1,1558777764,1558777764),(15,37,1,33,33,NULL,1,1558777764,1558777764),(16,37,1,33,34,NULL,1,1558777764,1558777764),(17,37,1,33,35,1559002098,1,1558777764,1559002098),(18,38,1,23,7,NULL,1,1558777764,1558777764),(19,38,1,23,14,1558951528,1,1558777764,1558951528),(20,39,1,33,26,NULL,1,1558777764,1558777764),(21,39,1,33,27,NULL,1,1558777764,1558777764),(22,39,1,33,28,NULL,1,1558777764,1558777764),(23,39,1,33,29,NULL,1,1558777764,1558777764),(24,39,1,33,30,NULL,1,1558777764,1558777764),(25,39,1,33,31,NULL,1,1558777764,1558777764),(26,39,1,33,32,NULL,1,1558777764,1558777764),(27,39,1,33,33,NULL,1,1558777764,1558777764),(28,39,1,33,34,NULL,1,1558777764,1558777764),(29,39,1,33,35,NULL,1,1558777764,1558777764),(30,40,1,33,26,NULL,1,1558777922,1558777922),(31,40,1,33,27,NULL,1,1558777922,1558777922),(32,40,1,33,28,NULL,1,1558777922,1558777922),(33,40,1,33,29,NULL,1,1558777922,1558777922),(34,40,1,33,30,NULL,1,1558777922,1558777922),(35,40,1,33,31,NULL,1,1558777922,1558777922),(36,40,1,33,32,NULL,1,1558777922,1558777922),(37,40,1,33,33,NULL,1,1558777922,1558777922),(38,40,1,33,34,NULL,1,1558777922,1558777922),(39,40,1,33,35,1559002064,1,1558777922,1559002064),(40,41,1,33,26,NULL,1,1558778161,1558778161),(41,41,1,33,27,NULL,1,1558778161,1558778161),(42,41,1,33,28,NULL,1,1558778161,1558778161),(43,41,1,33,29,NULL,1,1558778161,1558778161),(44,41,1,33,30,NULL,1,1558778161,1558778161),(45,41,1,33,31,NULL,1,1558778161,1558778161),(46,41,1,33,32,NULL,1,1558778161,1558778161),(47,41,1,33,33,NULL,1,1558778161,1558778161),(48,41,1,33,34,NULL,1,1558778161,1558778161),(49,41,1,33,35,NULL,1,1558778161,1558778161),(50,43,1,23,7,NULL,1,1558779452,1558779452),(51,43,1,23,14,1558951523,1,1558779452,1558951523),(52,45,1,35,15,NULL,1,1558781101,1558781101),(53,49,2,26,10,1558970377,1,1558782481,1558970377),(54,49,2,27,8,1558928130,1,1558782481,1558928130),(55,49,2,27,9,1558971667,1,1558782481,1558971667),(56,49,2,27,11,1559032551,1,1558782481,1559032551),(57,49,2,27,13,1558940846,1,1558782481,1558940846),(58,50,1,35,15,NULL,1,1558782481,1558782481),(59,52,1,11,3,NULL,1,1558782841,1558782841),(60,52,1,32,16,NULL,1,1558782841,1558782841),(61,52,1,32,17,NULL,1,1558782841,1558782841),(62,52,1,32,18,NULL,1,1558782841,1558782841),(63,52,1,32,19,NULL,1,1558782841,1558782841),(64,52,1,32,20,NULL,1,1558782841,1558782841),(65,52,1,32,21,NULL,1,1558782841,1558782841),(66,52,1,32,22,NULL,1,1558782841,1558782841),(67,52,1,32,23,NULL,1,1558782841,1558782841),(68,52,1,32,24,NULL,1,1558782841,1558782841),(69,52,1,32,25,NULL,1,1558782841,1558782841),(70,52,1,32,41,NULL,1,1558782841,1558782841),(71,52,1,33,26,NULL,1,1558782841,1558782841),(72,52,1,33,27,NULL,1,1558782841,1558782841),(73,52,1,33,28,NULL,1,1558782841,1558782841),(74,52,1,33,29,NULL,1,1558782841,1558782841),(75,52,1,33,30,NULL,1,1558782841,1558782841),(76,52,1,33,31,NULL,1,1558782841,1558782841),(77,52,1,33,32,NULL,1,1558782841,1558782841),(78,52,1,33,33,NULL,1,1558782841,1558782841),(79,52,1,33,34,NULL,1,1558782841,1558782841),(80,52,1,33,35,NULL,1,1558782841,1558782841),(81,52,1,34,36,NULL,1,1558782841,1558782841),(82,52,1,34,37,1559060565,1,1558782841,1559060565),(83,52,1,34,38,NULL,1,1558782841,1558782841),(84,52,1,34,39,NULL,1,1558782841,1558782841),(85,52,1,35,15,NULL,1,1558782841,1558782841),(86,53,1,4,1,NULL,1,1558784064,1558784064),(87,53,1,4,4,NULL,1,1558784064,1558784064),(88,53,1,5,2,NULL,1,1558784064,1558784064),(89,53,1,11,3,NULL,1,1558784064,1558784064),(90,53,1,23,7,NULL,1,1558784064,1558784064),(91,53,1,23,14,NULL,1,1558784064,1558784064),(92,53,1,32,16,NULL,1,1558784064,1558784064),(93,53,1,32,17,NULL,1,1558784064,1558784064),(94,53,1,32,18,NULL,1,1558784064,1558784064),(95,53,1,32,19,NULL,1,1558784064,1558784064),(96,53,1,32,20,NULL,1,1558784064,1558784064),(97,53,1,32,21,NULL,1,1558784064,1558784064),(98,53,1,32,22,NULL,1,1558784064,1558784064),(99,53,1,32,23,NULL,1,1558784064,1558784064),(100,53,1,32,24,NULL,1,1558784064,1558784064),(101,53,1,32,25,NULL,1,1558784064,1558784064),(102,53,1,32,41,NULL,1,1558784064,1558784064),(103,53,1,33,26,NULL,1,1558784064,1558784064),(104,53,1,33,27,NULL,1,1558784064,1558784064),(105,53,1,33,28,NULL,1,1558784064,1558784064),(106,53,1,33,29,NULL,1,1558784064,1558784064),(107,53,1,33,30,NULL,1,1558784064,1558784064),(108,53,1,33,31,NULL,1,1558784064,1558784064),(109,53,1,33,32,NULL,1,1558784064,1558784064),(110,53,1,33,33,NULL,1,1558784064,1558784064),(111,53,1,33,34,NULL,1,1558784064,1558784064),(112,53,1,33,35,1558958391,1,1558784064,1558958391),(113,53,1,34,36,NULL,1,1558784064,1558784064),(114,53,1,34,37,1559047957,1,1558784064,1559047957),(115,53,1,34,38,NULL,1,1558784064,1558784064),(116,53,1,34,39,NULL,1,1558784064,1558784064),(117,53,1,35,15,NULL,1,1558784064,1558784064),(118,53,1,45,50,NULL,1,1558784064,1558784064),(119,53,1,46,40,NULL,1,1558784064,1558784064),(120,53,1,46,49,NULL,1,1558784064,1558784064),(121,54,1,4,1,NULL,1,1558791361,1558791361),(122,54,1,4,4,NULL,1,1558791361,1558791361),(123,54,1,5,2,NULL,1,1558791361,1558791361),(124,54,1,23,7,NULL,1,1558791361,1558791361),(125,54,1,23,14,1558953526,1,1558791361,1558953526),(126,54,1,45,50,NULL,1,1558791361,1558791361),(127,54,1,46,40,NULL,1,1558791361,1558791361),(128,54,1,46,49,NULL,1,1558791361,1558791361),(129,54,1,11,3,NULL,1,1558791361,1558791361),(130,54,1,32,16,NULL,1,1558791361,1558791361),(131,54,1,32,17,NULL,1,1558791361,1558791361),(132,54,1,32,18,NULL,1,1558791361,1558791361),(133,54,1,32,19,NULL,1,1558791361,1558791361),(134,54,1,32,20,NULL,1,1558791361,1558791361),(135,54,1,32,21,NULL,1,1558791361,1558791361),(136,54,1,32,22,NULL,1,1558791361,1558791361),(137,54,1,32,23,NULL,1,1558791361,1558791361),(138,54,1,32,24,NULL,1,1558791361,1558791361),(139,54,1,32,25,NULL,1,1558791361,1558791361),(140,54,1,32,41,NULL,1,1558791361,1558791361),(141,54,1,33,26,NULL,1,1558791361,1558791361),(142,54,1,33,27,NULL,1,1558791361,1558791361),(143,54,1,33,28,NULL,1,1558791361,1558791361),(144,54,1,33,29,NULL,1,1558791361,1558791361),(145,54,1,33,30,NULL,1,1558791361,1558791361),(146,54,1,33,31,NULL,1,1558791361,1558791361),(147,54,1,33,32,NULL,1,1558791361,1558791361),(148,54,1,33,33,NULL,1,1558791361,1558791361),(149,54,1,33,34,NULL,1,1558791361,1558791361),(150,54,1,33,35,1559002033,1,1558791361,1559002033),(151,54,1,34,36,NULL,1,1558791361,1558791361),(152,54,1,34,37,1558942898,1,1558791361,1558942898),(153,54,1,34,38,NULL,1,1558791361,1558791361),(154,54,1,34,39,NULL,1,1558791361,1558791361),(155,54,1,35,15,NULL,1,1558791361,1558791361),(156,55,2,26,10,1558970259,1,1558929661,1558970259),(157,55,2,27,8,1558930951,1,1558929661,1558930951),(158,55,2,27,9,1558942190,1,1558929661,1558942190),(159,55,2,27,11,1558941701,1,1558929662,1558941701),(160,55,2,27,13,1558940830,1,1558929662,1558940830),(161,56,1,4,1,NULL,1,1559278201,1559278201),(162,56,1,4,4,NULL,1,1559278201,1559278201),(163,56,1,5,2,NULL,1,1559278201,1559278201),(164,56,1,23,7,NULL,1,1559278201,1559278201),(165,56,1,23,14,1559278219,1,1559278201,1559278219),(166,56,1,45,50,NULL,1,1559278201,1559278201),(167,56,1,46,40,NULL,1,1559278201,1559278201),(168,56,1,46,49,NULL,1,1559278201,1559278201),(169,56,1,51,53,1559299742,1,1559278201,1559299742),(170,56,1,11,3,NULL,1,1559278201,1559278201),(171,56,1,32,16,NULL,1,1559278201,1559278201),(172,56,1,32,17,NULL,1,1559278201,1559278201),(173,56,1,32,18,NULL,1,1559278201,1559278201),(174,56,1,32,19,NULL,1,1559278201,1559278201),(175,56,1,32,20,NULL,1,1559278201,1559278201),(176,56,1,32,21,NULL,1,1559278201,1559278201),(177,56,1,32,22,NULL,1,1559278201,1559278201),(178,56,1,32,23,NULL,1,1559278201,1559278201),(179,56,1,32,24,NULL,1,1559278201,1559278201),(180,56,1,32,25,NULL,1,1559278201,1559278201),(181,56,1,32,41,NULL,1,1559278201,1559278201),(182,56,1,33,26,NULL,1,1559278201,1559278201),(183,56,1,33,27,NULL,1,1559278201,1559278201),(184,56,1,33,28,NULL,1,1559278201,1559278201),(185,56,1,33,29,NULL,1,1559278201,1559278201),(186,56,1,33,30,NULL,1,1559278201,1559278201),(187,56,1,33,31,NULL,1,1559278201,1559278201),(188,56,1,33,32,NULL,1,1559278201,1559278201),(189,56,1,33,33,NULL,1,1559278201,1559278201),(190,56,1,33,34,NULL,1,1559278201,1559278201),(191,56,1,33,35,1559280334,1,1559278201,1559280334),(192,56,1,34,36,NULL,1,1559278201,1559278201),(193,56,1,34,37,1559692922,1,1559278201,1559692922),(194,56,1,34,38,NULL,1,1559278202,1559278202),(195,56,1,34,39,NULL,1,1559278202,1559278202),(196,56,1,35,15,NULL,1,1559278202,1559278202),(197,57,1,46,40,NULL,1,1559285641,1559285641),(198,57,1,46,49,NULL,1,1559285641,1559285641),(199,58,1,46,40,NULL,1,1559286062,1559286062),(200,58,1,46,49,NULL,1,1559286062,1559286062),(201,59,1,46,40,NULL,1,1559286361,1559286361),(202,59,1,46,49,NULL,1,1559286361,1559286361),(203,60,1,46,40,NULL,1,1559286661,1559286661),(204,60,1,46,49,NULL,1,1559286661,1559286661),(205,61,1,35,15,NULL,1,1559286721,1559286721),(206,62,1,35,15,NULL,1,1559286782,1559286782),(207,64,1,51,53,1559299720,1,1559287442,1559299720),(208,66,1,35,15,NULL,1,1559287921,1559287921),(209,67,1,35,15,NULL,1,1559288162,1559288162),(210,68,1,35,15,NULL,1,1559288461,1559288461),(211,70,1,35,15,NULL,1,1559289901,1559289901),(212,88,1,35,15,NULL,1,1559292781,1559292781),(213,89,1,35,15,NULL,1,1559292841,1559292841),(214,90,2,26,10,1559637449,1,1559634961,1559637449),(215,90,2,26,51,1559664280,1,1559634961,1559664280),(216,90,2,27,8,1559640364,1,1559634961,1559640364),(217,90,2,27,9,NULL,1,1559634961,1559634961),(218,90,2,27,11,1559634994,1,1559634961,1559634994),(219,90,2,27,13,1559640353,1,1559634961,1559640353),(220,90,2,27,52,NULL,1,1559634961,1559634961),(221,91,2,26,10,1559641477,1,1559640661,1559641477),(222,91,2,26,51,1559643205,1,1559640661,1559643205),(223,91,2,27,8,1559640672,1,1559640661,1559640672),(224,91,2,27,9,1559712691,1,1559640661,1559712691),(225,91,2,27,11,1559640779,1,1559640661,1559640779),(226,91,2,27,13,1559640677,1,1559640661,1559640677),(227,91,2,27,52,NULL,1,1559640661,1559640661),(228,92,2,26,10,1559720772,1,1559643121,1559720772),(229,92,2,26,51,1559643137,1,1559643121,1559643137),(230,92,2,27,8,1559643129,1,1559643121,1559643129),(231,92,2,27,9,1559659664,1,1559643121,1559659664),(232,92,2,27,11,1559643130,1,1559643121,1559643130),(233,92,2,27,13,1559643125,1,1559643121,1559643125),(234,92,2,27,52,NULL,1,1559643121,1559643121),(235,93,3,63,154,NULL,1,1559719201,1559719201),(236,93,3,63,155,NULL,1,1559719201,1559719201),(237,93,3,63,156,NULL,1,1559719201,1559719201),(238,93,3,63,157,NULL,1,1559719201,1559719201),(239,93,3,63,158,NULL,1,1559719201,1559719201),(240,93,3,63,159,NULL,1,1559719201,1559719201),(241,93,3,63,160,NULL,1,1559719201,1559719201),(242,93,3,63,161,NULL,1,1559719201,1559719201),(243,93,3,63,162,NULL,1,1559719201,1559719201),(244,93,3,63,163,NULL,1,1559719201,1559719201),(245,93,3,64,164,NULL,1,1559719201,1559719201),(246,93,3,64,165,NULL,1,1559719201,1559719201),(247,93,3,64,166,NULL,1,1559719201,1559719201),(248,93,3,64,167,NULL,1,1559719201,1559719201),(249,93,3,64,168,NULL,1,1559719201,1559719201),(250,93,3,64,169,NULL,1,1559719201,1559719201),(251,93,3,64,170,NULL,1,1559719201,1559719201),(252,93,3,64,171,NULL,1,1559719201,1559719201),(253,93,3,64,172,NULL,1,1559719201,1559719201),(254,93,3,64,173,NULL,1,1559719201,1559719201),(255,93,3,65,174,NULL,1,1559719201,1559719201),(256,93,3,65,175,NULL,1,1559719201,1559719201),(257,93,3,65,176,NULL,1,1559719201,1559719201),(258,93,3,65,177,NULL,1,1559719201,1559719201),(259,93,3,65,178,NULL,1,1559719201,1559719201),(260,93,3,65,179,NULL,1,1559719201,1559719201),(261,93,3,65,180,NULL,1,1559719201,1559719201),(262,93,3,65,181,NULL,1,1559719201,1559719201),(263,93,3,65,182,NULL,1,1559719201,1559719201),(264,93,3,65,183,NULL,1,1559719201,1559719201),(265,93,3,66,184,NULL,1,1559719201,1559719201),(266,93,3,66,185,NULL,1,1559719201,1559719201),(267,93,3,66,186,NULL,1,1559719201,1559719201),(268,93,3,66,187,NULL,1,1559719201,1559719201),(269,93,3,66,188,NULL,1,1559719201,1559719201),(270,93,3,66,189,NULL,1,1559719201,1559719201),(271,93,3,66,190,NULL,1,1559719201,1559719201),(272,93,3,66,191,NULL,1,1559719201,1559719201),(273,93,3,66,192,NULL,1,1559719201,1559719201),(274,93,3,66,193,NULL,1,1559719201,1559719201),(275,93,3,67,194,NULL,1,1559719201,1559719201),(276,93,3,67,195,NULL,1,1559719201,1559719201),(277,93,3,67,196,NULL,1,1559719201,1559719201),(278,93,3,67,197,NULL,1,1559719201,1559719201),(279,93,3,67,198,NULL,1,1559719201,1559719201),(280,93,3,67,199,NULL,1,1559719201,1559719201),(281,93,3,67,200,NULL,1,1559719201,1559719201),(282,93,3,67,201,NULL,1,1559719201,1559719201),(283,93,3,67,202,NULL,1,1559719201,1559719201),(284,93,3,67,203,NULL,1,1559719201,1559719201),(285,93,3,68,204,NULL,1,1559719201,1559719201),(286,93,3,68,205,NULL,1,1559719201,1559719201),(287,93,3,68,206,NULL,1,1559719201,1559719201),(288,93,3,68,207,NULL,1,1559719201,1559719201),(289,93,3,68,208,NULL,1,1559719201,1559719201),(290,93,3,68,209,NULL,1,1559719201,1559719201),(291,93,3,68,210,NULL,1,1559719201,1559719201),(292,93,3,68,211,NULL,1,1559719201,1559719201),(293,93,3,68,212,NULL,1,1559719201,1559719201),(294,93,3,68,213,NULL,1,1559719201,1559719201),(295,93,3,69,214,NULL,1,1559719201,1559719201),(296,93,3,69,215,NULL,1,1559719201,1559719201),(297,93,3,69,216,NULL,1,1559719201,1559719201),(298,93,3,69,217,NULL,1,1559719201,1559719201),(299,93,3,69,218,NULL,1,1559719201,1559719201),(300,93,3,69,219,NULL,1,1559719201,1559719201),(301,93,3,69,220,NULL,1,1559719201,1559719201),(302,93,3,69,221,NULL,1,1559719201,1559719201),(303,93,3,69,222,NULL,1,1559719201,1559719201),(304,93,3,69,223,NULL,1,1559719201,1559719201),(305,93,3,70,224,NULL,1,1559719201,1559719201),(306,93,3,70,225,NULL,1,1559719201,1559719201),(307,93,3,70,226,NULL,1,1559719201,1559719201),(308,93,3,70,227,NULL,1,1559719201,1559719201),(309,93,3,70,228,NULL,1,1559719201,1559719201),(310,93,3,70,229,NULL,1,1559719201,1559719201),(311,93,3,70,230,NULL,1,1559719201,1559719201),(312,93,3,70,231,NULL,1,1559719201,1559719201),(313,93,3,70,232,NULL,1,1559719201,1559719201),(314,93,3,70,233,NULL,1,1559719201,1559719201),(315,93,3,71,234,NULL,1,1559719201,1559719201),(316,93,3,71,235,NULL,1,1559719201,1559719201),(317,93,3,71,236,NULL,1,1559719201,1559719201),(318,93,3,71,237,NULL,1,1559719201,1559719201),(319,93,3,71,238,NULL,1,1559719201,1559719201),(320,93,3,71,239,NULL,1,1559719201,1559719201),(321,93,3,71,240,NULL,1,1559719201,1559719201),(322,93,3,71,241,NULL,1,1559719201,1559719201),(323,93,3,71,242,NULL,1,1559719201,1559719201),(324,93,3,71,243,NULL,1,1559719201,1559719201),(325,93,3,82,244,NULL,1,1559719201,1559719201),(326,93,3,82,245,NULL,1,1559719201,1559719201),(327,93,3,82,246,NULL,1,1559719201,1559719201),(328,93,3,82,247,NULL,1,1559719201,1559719201),(329,93,3,82,248,NULL,1,1559719201,1559719201),(330,93,3,82,249,NULL,1,1559719201,1559719201),(331,93,3,82,250,NULL,1,1559719201,1559719201),(332,93,3,82,251,NULL,1,1559719201,1559719201),(333,93,3,82,252,NULL,1,1559719201,1559719201),(334,93,3,82,253,NULL,1,1559719201,1559719201),(335,93,3,73,54,NULL,1,1559719201,1559719201),(336,93,3,73,55,NULL,1,1559719201,1559719201),(337,93,3,73,56,NULL,1,1559719201,1559719201),(338,93,3,73,57,NULL,1,1559719201,1559719201),(339,93,3,73,58,NULL,1,1559719201,1559719201),(340,93,3,73,59,NULL,1,1559719201,1559719201),(341,93,3,73,60,NULL,1,1559719201,1559719201),(342,93,3,73,61,NULL,1,1559719201,1559719201),(343,93,3,73,62,NULL,1,1559719201,1559719201),(344,93,3,73,63,NULL,1,1559719201,1559719201),(345,93,3,74,64,NULL,1,1559719201,1559719201),(346,93,3,74,65,NULL,1,1559719201,1559719201),(347,93,3,74,66,NULL,1,1559719201,1559719201),(348,93,3,74,67,NULL,1,1559719201,1559719201),(349,93,3,74,68,NULL,1,1559719201,1559719201),(350,93,3,74,69,NULL,1,1559719201,1559719201),(351,93,3,74,70,NULL,1,1559719201,1559719201),(352,93,3,74,71,NULL,1,1559719201,1559719201),(353,93,3,74,72,NULL,1,1559719201,1559719201),(354,93,3,74,73,NULL,1,1559719201,1559719201),(355,93,3,75,74,NULL,1,1559719201,1559719201),(356,93,3,75,75,NULL,1,1559719201,1559719201),(357,93,3,75,76,NULL,1,1559719201,1559719201),(358,93,3,75,77,NULL,1,1559719201,1559719201),(359,93,3,75,78,NULL,1,1559719201,1559719201),(360,93,3,75,79,NULL,1,1559719201,1559719201),(361,93,3,75,80,NULL,1,1559719201,1559719201),(362,93,3,75,81,NULL,1,1559719201,1559719201),(363,93,3,75,82,NULL,1,1559719201,1559719201),(364,93,3,75,83,NULL,1,1559719201,1559719201),(365,93,3,76,84,NULL,1,1559719201,1559719201),(366,93,3,76,85,NULL,1,1559719201,1559719201),(367,93,3,76,86,NULL,1,1559719201,1559719201),(368,93,3,76,87,NULL,1,1559719201,1559719201),(369,93,3,76,88,NULL,1,1559719201,1559719201),(370,93,3,76,89,NULL,1,1559719201,1559719201),(371,93,3,76,90,NULL,1,1559719201,1559719201),(372,93,3,76,91,NULL,1,1559719201,1559719201),(373,93,3,76,92,NULL,1,1559719201,1559719201),(374,93,3,76,93,NULL,1,1559719201,1559719201),(375,93,3,77,94,NULL,1,1559719201,1559719201),(376,93,3,77,95,NULL,1,1559719201,1559719201),(377,93,3,77,96,NULL,1,1559719201,1559719201),(378,93,3,77,97,NULL,1,1559719201,1559719201),(379,93,3,77,98,NULL,1,1559719201,1559719201),(380,93,3,77,99,NULL,1,1559719201,1559719201),(381,93,3,77,100,NULL,1,1559719201,1559719201),(382,93,3,77,101,NULL,1,1559719201,1559719201),(383,93,3,77,102,NULL,1,1559719201,1559719201),(384,93,3,77,103,NULL,1,1559719201,1559719201),(385,93,3,78,104,NULL,1,1559719201,1559719201),(386,93,3,78,105,NULL,1,1559719201,1559719201),(387,93,3,78,106,NULL,1,1559719201,1559719201),(388,93,3,78,107,NULL,1,1559719201,1559719201),(389,93,3,78,108,NULL,1,1559719201,1559719201),(390,93,3,78,109,NULL,1,1559719201,1559719201),(391,93,3,78,110,NULL,1,1559719201,1559719201),(392,93,3,78,111,NULL,1,1559719201,1559719201),(393,93,3,78,112,NULL,1,1559719201,1559719201),(394,93,3,78,113,NULL,1,1559719201,1559719201),(395,93,3,79,114,NULL,1,1559719201,1559719201),(396,93,3,79,115,NULL,1,1559719201,1559719201),(397,93,3,79,116,NULL,1,1559719201,1559719201),(398,93,3,79,117,NULL,1,1559719201,1559719201),(399,93,3,79,118,NULL,1,1559719201,1559719201),(400,93,3,79,119,NULL,1,1559719201,1559719201),(401,93,3,79,120,NULL,1,1559719201,1559719201),(402,93,3,79,121,NULL,1,1559719201,1559719201),(403,93,3,79,122,NULL,1,1559719201,1559719201),(404,93,3,79,123,NULL,1,1559719201,1559719201),(405,93,3,80,124,NULL,1,1559719201,1559719201),(406,93,3,80,125,NULL,1,1559719201,1559719201),(407,93,3,80,126,NULL,1,1559719201,1559719201),(408,93,3,80,127,NULL,1,1559719201,1559719201),(409,93,3,80,128,NULL,1,1559719201,1559719201),(410,93,3,80,129,NULL,1,1559719201,1559719201),(411,93,3,80,130,NULL,1,1559719201,1559719201),(412,93,3,80,131,NULL,1,1559719201,1559719201),(413,93,3,80,132,NULL,1,1559719201,1559719201),(414,93,3,80,133,NULL,1,1559719201,1559719201),(415,93,3,81,134,NULL,1,1559719201,1559719201),(416,93,3,81,135,NULL,1,1559719201,1559719201),(417,93,3,81,136,NULL,1,1559719201,1559719201),(418,93,3,81,137,NULL,1,1559719201,1559719201),(419,93,3,81,138,NULL,1,1559719201,1559719201),(420,93,3,81,139,NULL,1,1559719201,1559719201),(421,93,3,81,140,NULL,1,1559719201,1559719201),(422,93,3,81,141,NULL,1,1559719201,1559719201),(423,93,3,81,142,NULL,1,1559719201,1559719201),(424,93,3,81,143,NULL,1,1559719201,1559719201),(425,93,3,83,144,NULL,1,1559719201,1559719201),(426,93,3,83,145,NULL,1,1559719201,1559719201),(427,93,3,83,146,NULL,1,1559719201,1559719201),(428,93,3,83,147,NULL,1,1559719201,1559719201),(429,93,3,83,148,NULL,1,1559719202,1559719202),(430,93,3,83,149,NULL,1,1559719202,1559719202),(431,93,3,83,150,NULL,1,1559719202,1559719202),(432,93,3,83,151,NULL,1,1559719202,1559719202),(433,93,3,83,152,NULL,1,1559719202,1559719202),(434,93,3,83,153,NULL,1,1559719202,1559719202),(435,94,2,26,10,1559807381,1,1559806021,1559807381),(436,94,2,26,51,1559806068,1,1559806021,1559806068),(437,94,2,27,8,1559806032,1,1559806021,1559806032),(438,94,2,27,9,NULL,1,1559806021,1559806021),(439,94,2,27,11,1559807361,1,1559806021,1559807361),(440,94,2,27,13,1559806062,1,1559806021,1559806062),(441,94,2,27,52,NULL,1,1559806021,1559806021),(442,95,2,26,10,1559843361,1,1559843342,1559843361),(443,95,2,26,51,NULL,1,1559843342,1559843342),(444,95,2,27,8,1559843399,1,1559843342,1559843399),(445,95,2,27,9,NULL,1,1559843342,1559843342),(446,95,2,27,11,1559844398,1,1559843342,1559844398),(447,95,2,27,13,1559872405,1,1559843342,1559872405),(448,95,2,27,52,NULL,1,1559843342,1559843342),(449,96,1,4,1,NULL,1,1559844062,1559844062),(450,96,1,4,4,NULL,1,1559844062,1559844062),(451,96,1,5,2,NULL,1,1559844062,1559844062),(452,96,1,23,7,NULL,1,1559844062,1559844062),(453,96,1,23,14,NULL,1,1559844062,1559844062),(454,96,1,23,255,NULL,1,1559844062,1559844062),(455,96,1,42,254,NULL,1,1559844062,1559844062),(456,96,1,44,50,NULL,1,1559844062,1559844062),(457,96,1,46,40,NULL,1,1559844062,1559844062),(458,96,1,46,49,NULL,1,1559844062,1559844062),(459,96,1,51,53,1559844098,1,1559844062,1559844098),(460,96,1,11,3,NULL,1,1559844062,1559844062),(461,96,1,32,16,NULL,1,1559844062,1559844062),(462,96,1,32,17,NULL,1,1559844062,1559844062),(463,96,1,32,18,NULL,1,1559844062,1559844062),(464,96,1,32,19,NULL,1,1559844062,1559844062),(465,96,1,32,20,NULL,1,1559844062,1559844062),(466,96,1,32,21,NULL,1,1559844062,1559844062),(467,96,1,32,22,NULL,1,1559844062,1559844062),(468,96,1,32,23,NULL,1,1559844062,1559844062),(469,96,1,32,24,NULL,1,1559844062,1559844062),(470,96,1,32,25,NULL,1,1559844062,1559844062),(471,96,1,32,41,NULL,1,1559844062,1559844062),(472,96,1,33,26,NULL,1,1559844062,1559844062),(473,96,1,33,27,NULL,1,1559844062,1559844062),(474,96,1,33,28,NULL,1,1559844062,1559844062),(475,96,1,33,29,NULL,1,1559844062,1559844062),(476,96,1,33,30,NULL,1,1559844062,1559844062),(477,96,1,33,31,NULL,1,1559844062,1559844062),(478,96,1,33,32,NULL,1,1559844062,1559844062),(479,96,1,33,33,NULL,1,1559844062,1559844062),(480,96,1,33,34,NULL,1,1559844062,1559844062),(481,96,1,33,35,NULL,1,1559844062,1559844062),(482,96,1,34,36,NULL,1,1559844062,1559844062),(483,96,1,34,37,1559867461,1,1559844062,1559867461),(484,96,1,34,38,NULL,1,1559844062,1559844062),(485,96,1,34,39,NULL,1,1559844062,1559844062),(486,96,1,35,15,NULL,1,1559844062,1559844062);
/*!40000 ALTER TABLE `announcement_item` ENABLE KEYS */;
UNLOCK TABLES;

--
-- Table structure for table `announcement_item_send`
--

DROP TABLE IF EXISTS `announcement_item_send`;
/*!40101 SET @saved_cs_client     = @@character_set_client */;
/*!40101 SET character_set_client = utf8 */;
CREATE TABLE `announcement_item_send` (
  `id` int(11) NOT NULL AUTO_INCREMENT,
  `announcement_campaign_id` int(11) DEFAULT NULL,
  `building_cluster_id` int(11) DEFAULT NULL,
  `building_area_id` int(11) DEFAULT NULL,
  `apartment_id` int(11) DEFAULT NULL,
  `tags` varchar(255) DEFAULT NULL,
  `status` int(11) DEFAULT 1 COMMENT ' 0 - đã gửi, 1 - thành công, 2 - thất bại',
  `created_at` int(11) DEFAULT NULL,
  `updated_at` int(11) DEFAULT NULL,
  PRIMARY KEY (`id`),
  KEY `idx-announcement_item_send-announcement_campaign_id` (`announcement_campaign_id`),
  KEY `idx-announcement_item_send-apartment_id` (`apartment_id`),
  KEY `idx-announcement_item_send-building_area_id` (`building_area_id`),
  KEY `idx-announcement_item_send-building_cluster_id` (`building_cluster_id`),
  KEY `idx-announcement_item_send-status` (`status`)
) ENGINE=InnoDB AUTO_INCREMENT=380 DEFAULT CHARSET=utf8;
/*!40101 SET character_set_client = @saved_cs_client */;

--
-- Dumping data for table `announcement_item_send`
--

LOCK TABLES `announcement_item_send` WRITE;
/*!40000 ALTER TABLE `announcement_item_send` DISABLE KEYS */;
INSERT INTO `announcement_item_send` VALUES (1,1,1,1,NULL,'BUILDING_1',1,1558510062,1558510062),(2,1,1,2,NULL,'BUILDING_2',1,1558510062,1558510062),(3,1,1,3,NULL,'BUILDING_3',1,1558510062,1558510062),(4,2,2,25,NULL,'BUILDING_25',1,1558601057,1558601057),(5,2,2,27,NULL,'BUILDING_27',1,1558601057,1558601057),(6,3,2,25,NULL,'BUILDING_25',1,1558602490,1558602490),(7,4,2,25,NULL,'BUILDING_25',1,1558607858,1558607858),(8,4,2,27,NULL,'BUILDING_27',1,1558607858,1558607858),(9,6,2,25,NULL,'BUILDING_25',1,1558607858,1558607858),(10,5,2,25,NULL,'BUILDING_25',1,1558607858,1558607858),(11,6,2,27,NULL,'BUILDING_27',1,1558607858,1558607858),(12,5,2,27,NULL,'BUILDING_27',1,1558607858,1558607858),(13,7,2,25,NULL,'BUILDING_25',1,1558607858,1558607858),(14,7,2,27,NULL,'BUILDING_27',1,1558607858,1558607858),(15,8,2,-1,NULL,'BUILDING_-1',1,1558609922,1558609922),(16,9,2,-1,NULL,'BUILDING_-1',1,1558609932,1558609932),(17,10,2,24,NULL,'BUILDING_24',1,1558610243,1558610243),(18,11,2,24,NULL,'BUILDING_24',1,1558610243,1558610243),(19,12,2,24,NULL,'BUILDING_24',1,1558610243,1558610243),(20,13,2,24,NULL,'BUILDING_24',1,1558610243,1558610243),(21,14,2,24,NULL,'BUILDING_24',1,1558610243,1558610243),(22,15,2,24,NULL,'BUILDING_24',1,1558610243,1558610243),(23,18,2,24,NULL,'BUILDING_24',1,1558610326,1558610326),(24,17,2,24,NULL,'BUILDING_24',1,1558610326,1558610326),(25,16,2,24,NULL,'BUILDING_24',1,1558610326,1558610326),(26,19,2,24,NULL,'BUILDING_24',1,1558610326,1558610326),(27,20,2,24,NULL,'BUILDING_24',1,1558610326,1558610326),(28,21,2,24,NULL,'BUILDING_24',1,1558610326,1558610326),(29,22,2,24,NULL,'BUILDING_24',1,1558610342,1558610342),(30,24,2,24,NULL,'BUILDING_24',1,1558610342,1558610342),(31,23,2,24,NULL,'BUILDING_24',1,1558610342,1558610342),(32,25,2,24,NULL,'BUILDING_24',1,1558610342,1558610342),(33,26,2,24,NULL,'BUILDING_24',1,1558610342,1558610342),(34,27,2,24,NULL,'BUILDING_24',1,1558610342,1558610342),(35,28,2,-1,NULL,'BUILDING_-1',1,1558610363,1558610363),(36,29,2,27,NULL,'BUILDING_27',1,1558694769,1558694769),(37,31,2,24,NULL,'BUILDING_24',1,1558769393,1558769393),(38,32,1,2,NULL,'BUILDING_2',1,1558774360,1558774360),(39,33,1,2,NULL,'BUILDING_2',1,1558774446,1558774446),(40,34,2,25,NULL,'BUILDING_25',1,1558776878,1558776878),(41,35,1,35,NULL,'BUILDING_35',1,1558777034,1558777034),(42,36,1,2,NULL,'BUILDING_2',1,1558777133,1558777133),(43,37,1,33,NULL,'BUILDING_33',1,1558777531,1558777531),(44,38,1,23,NULL,'BUILDING_23',1,1558777563,1558777563),(45,39,1,33,NULL,'BUILDING_33',1,1558777600,1558777600),(46,40,1,33,NULL,'BUILDING_33',1,1558777920,1558777920),(47,41,1,33,NULL,'BUILDING_33',1,1558778114,1558778114),(48,42,2,24,NULL,'BUILDING_24',1,1558779214,1558779214),(49,43,1,23,NULL,'BUILDING_23',1,1558779446,1558779446),(50,44,1,2,NULL,'BUILDING_2',1,1558780950,1558780950),(51,45,1,35,NULL,'BUILDING_35',1,1558781084,1558781084),(52,46,1,2,NULL,'BUILDING_2',1,1558781163,1558781163),(53,47,2,24,NULL,'BUILDING_24',1,1558781703,1558781703),(54,48,2,24,NULL,'BUILDING_24',1,1558782380,1558782380),(55,49,2,24,NULL,'BUILDING_24',1,1558782422,1558782422),(56,49,2,26,NULL,'BUILDING_26',1,1558782422,1558782422),(57,49,2,27,NULL,'BUILDING_27',1,1558782422,1558782422),(58,50,1,35,NULL,'BUILDING_35',1,1558782478,1558782478),(59,51,1,2,NULL,'BUILDING_2',1,1558782633,1558782633),(60,52,1,2,NULL,'BUILDING_2',1,1558782831,1558782831),(61,52,1,8,NULL,'BUILDING_8',1,1558782831,1558782831),(62,52,1,9,NULL,'BUILDING_9',1,1558782831,1558782831),(63,52,1,10,NULL,'BUILDING_10',1,1558782831,1558782831),(64,52,1,11,NULL,'BUILDING_11',1,1558782831,1558782831),(65,52,1,28,NULL,'BUILDING_28',1,1558782831,1558782831),(66,52,1,29,NULL,'BUILDING_29',1,1558782831,1558782831),(67,52,1,30,NULL,'BUILDING_30',1,1558782831,1558782831),(68,52,1,31,NULL,'BUILDING_31',1,1558782831,1558782831),(69,52,1,32,NULL,'BUILDING_32',1,1558782831,1558782831),(70,52,1,33,NULL,'BUILDING_33',1,1558782831,1558782831),(71,52,1,34,NULL,'BUILDING_34',1,1558782831,1558782831),(72,52,1,35,NULL,'BUILDING_35',1,1558782831,1558782831),(73,52,1,36,NULL,'BUILDING_36',1,1558782831,1558782831),(74,52,1,37,NULL,'BUILDING_37',1,1558782831,1558782831),(75,52,1,38,NULL,'BUILDING_38',1,1558782831,1558782831),(76,52,1,39,NULL,'BUILDING_39',1,1558782831,1558782831),(77,52,1,40,NULL,'BUILDING_40',1,1558782831,1558782831),(78,52,1,41,NULL,'BUILDING_41',1,1558782831,1558782831),(79,52,1,52,NULL,'BUILDING_52',1,1558782831,1558782831),(80,52,1,53,NULL,'BUILDING_53',1,1558782831,1558782831),(81,52,1,54,NULL,'BUILDING_54',1,1558782831,1558782831),(82,52,1,55,NULL,'BUILDING_55',1,1558782831,1558782831),(83,53,1,1,NULL,'BUILDING_1',1,1558784042,1558784042),(84,53,1,2,NULL,'BUILDING_2',1,1558784042,1558784042),(85,53,1,3,NULL,'BUILDING_3',1,1558784042,1558784042),(86,53,1,4,NULL,'BUILDING_4',1,1558784042,1558784042),(87,53,1,5,NULL,'BUILDING_5',1,1558784042,1558784042),(88,53,1,6,NULL,'BUILDING_6',1,1558784042,1558784042),(89,53,1,7,NULL,'BUILDING_7',1,1558784042,1558784042),(90,53,1,8,NULL,'BUILDING_8',1,1558784042,1558784042),(91,53,1,9,NULL,'BUILDING_9',1,1558784042,1558784042),(92,53,1,10,NULL,'BUILDING_10',1,1558784042,1558784042),(93,53,1,11,NULL,'BUILDING_11',1,1558784042,1558784042),(94,53,1,12,NULL,'BUILDING_12',1,1558784042,1558784042),(95,53,1,13,NULL,'BUILDING_13',1,1558784042,1558784042),(96,53,1,14,NULL,'BUILDING_14',1,1558784042,1558784042),(97,53,1,15,NULL,'BUILDING_15',1,1558784042,1558784042),(98,53,1,16,NULL,'BUILDING_16',1,1558784042,1558784042),(99,53,1,17,NULL,'BUILDING_17',1,1558784042,1558784042),(100,53,1,18,NULL,'BUILDING_18',1,1558784042,1558784042),(101,53,1,19,NULL,'BUILDING_19',1,1558784042,1558784042),(102,53,1,20,NULL,'BUILDING_20',1,1558784042,1558784042),(103,53,1,21,NULL,'BUILDING_21',1,1558784042,1558784042),(104,53,1,22,NULL,'BUILDING_22',1,1558784042,1558784042),(105,53,1,23,NULL,'BUILDING_23',1,1558784042,1558784042),(106,53,1,28,NULL,'BUILDING_28',1,1558784042,1558784042),(107,53,1,29,NULL,'BUILDING_29',1,1558784042,1558784042),(108,53,1,30,NULL,'BUILDING_30',1,1558784042,1558784042),(109,53,1,31,NULL,'BUILDING_31',1,1558784042,1558784042),(110,53,1,32,NULL,'BUILDING_32',1,1558784042,1558784042),(111,53,1,33,NULL,'BUILDING_33',1,1558784042,1558784042),(112,53,1,34,NULL,'BUILDING_34',1,1558784042,1558784042),(113,53,1,35,NULL,'BUILDING_35',1,1558784042,1558784042),(114,53,1,36,NULL,'BUILDING_36',1,1558784042,1558784042),(115,53,1,37,NULL,'BUILDING_37',1,1558784042,1558784042),(116,53,1,38,NULL,'BUILDING_38',1,1558784042,1558784042),(117,53,1,39,NULL,'BUILDING_39',1,1558784042,1558784042),(118,53,1,40,NULL,'BUILDING_40',1,1558784042,1558784042),(119,53,1,41,NULL,'BUILDING_41',1,1558784042,1558784042),(120,53,1,42,NULL,'BUILDING_42',1,1558784042,1558784042),(121,53,1,43,NULL,'BUILDING_43',1,1558784042,1558784042),(122,53,1,44,NULL,'BUILDING_44',1,1558784042,1558784042),(123,53,1,45,NULL,'BUILDING_45',1,1558784042,1558784042),(124,53,1,46,NULL,'BUILDING_46',1,1558784042,1558784042),(125,53,1,47,NULL,'BUILDING_47',1,1558784042,1558784042),(126,53,1,48,NULL,'BUILDING_48',1,1558784042,1558784042),(127,53,1,49,NULL,'BUILDING_49',1,1558784042,1558784042),(128,53,1,50,NULL,'BUILDING_50',1,1558784042,1558784042),(129,53,1,51,NULL,'BUILDING_51',1,1558784042,1558784042),(130,53,1,52,NULL,'BUILDING_52',1,1558784042,1558784042),(131,53,1,53,NULL,'BUILDING_53',1,1558784042,1558784042),(132,53,1,54,NULL,'BUILDING_54',1,1558784042,1558784042),(133,53,1,55,NULL,'BUILDING_55',1,1558784042,1558784042),(134,53,1,56,NULL,'BUILDING_56',1,1558784042,1558784042),(135,53,1,57,NULL,'BUILDING_57',1,1558784042,1558784042),(136,53,1,58,NULL,'BUILDING_58',1,1558784042,1558784042),(137,54,1,56,NULL,'BUILDING_56',1,1558791305,1558791305),(138,54,1,15,NULL,'BUILDING_15',1,1558791305,1558791305),(139,54,1,1,NULL,'BUILDING_1',1,1558791305,1558791305),(140,54,1,2,NULL,'BUILDING_2',1,1558791305,1558791305),(141,54,1,16,NULL,'BUILDING_16',1,1558791305,1558791305),(142,54,1,17,NULL,'BUILDING_17',1,1558791305,1558791305),(143,54,1,19,NULL,'BUILDING_19',1,1558791305,1558791305),(144,54,1,20,NULL,'BUILDING_20',1,1558791305,1558791305),(145,54,1,21,NULL,'BUILDING_21',1,1558791305,1558791305),(146,54,1,22,NULL,'BUILDING_22',1,1558791305,1558791305),(147,54,1,4,NULL,'BUILDING_4',1,1558791305,1558791305),(148,54,1,6,NULL,'BUILDING_6',1,1558791305,1558791305),(149,54,1,5,NULL,'BUILDING_5',1,1558791305,1558791305),(150,54,1,7,NULL,'BUILDING_7',1,1558791305,1558791305),(151,54,1,14,NULL,'BUILDING_14',1,1558791305,1558791305),(152,54,1,18,NULL,'BUILDING_18',1,1558791305,1558791305),(153,54,1,23,NULL,'BUILDING_23',1,1558791305,1558791305),(154,54,1,42,NULL,'BUILDING_42',1,1558791305,1558791305),(155,54,1,43,NULL,'BUILDING_43',1,1558791305,1558791305),(156,54,1,44,NULL,'BUILDING_44',1,1558791305,1558791305),(157,54,1,45,NULL,'BUILDING_45',1,1558791305,1558791305),(158,54,1,46,NULL,'BUILDING_46',1,1558791305,1558791305),(159,54,1,47,NULL,'BUILDING_47',1,1558791305,1558791305),(160,54,1,48,NULL,'BUILDING_48',1,1558791305,1558791305),(161,54,1,49,NULL,'BUILDING_49',1,1558791305,1558791305),(162,54,1,50,NULL,'BUILDING_50',1,1558791305,1558791305),(163,54,1,51,NULL,'BUILDING_51',1,1558791305,1558791305),(164,54,1,8,NULL,'BUILDING_8',1,1558791305,1558791305),(165,54,1,9,NULL,'BUILDING_9',1,1558791305,1558791305),(166,54,1,10,NULL,'BUILDING_10',1,1558791305,1558791305),(167,54,1,11,NULL,'BUILDING_11',1,1558791305,1558791305),(168,54,1,28,NULL,'BUILDING_28',1,1558791305,1558791305),(169,54,1,29,NULL,'BUILDING_29',1,1558791305,1558791305),(170,54,1,30,NULL,'BUILDING_30',1,1558791305,1558791305),(171,54,1,31,NULL,'BUILDING_31',1,1558791305,1558791305),(172,54,1,32,NULL,'BUILDING_32',1,1558791305,1558791305),(173,54,1,33,NULL,'BUILDING_33',1,1558791305,1558791305),(174,54,1,34,NULL,'BUILDING_34',1,1558791305,1558791305),(175,54,1,35,NULL,'BUILDING_35',1,1558791305,1558791305),(176,54,1,36,NULL,'BUILDING_36',1,1558791305,1558791305),(177,54,1,37,NULL,'BUILDING_37',1,1558791305,1558791305),(178,54,1,38,NULL,'BUILDING_38',1,1558791305,1558791305),(179,54,1,39,NULL,'BUILDING_39',1,1558791305,1558791305),(180,54,1,40,NULL,'BUILDING_40',1,1558791305,1558791305),(181,54,1,41,NULL,'BUILDING_41',1,1558791305,1558791305),(182,54,1,52,NULL,'BUILDING_52',1,1558791305,1558791305),(183,54,1,53,NULL,'BUILDING_53',1,1558791305,1558791305),(184,54,1,54,NULL,'BUILDING_54',1,1558791305,1558791305),(185,54,1,55,NULL,'BUILDING_55',1,1558791305,1558791305),(186,55,2,24,NULL,'BUILDING_24',1,1558929634,1558929634),(187,55,2,26,NULL,'BUILDING_26',1,1558929634,1558929634),(188,55,2,27,NULL,'BUILDING_27',1,1558929634,1558929634),(189,56,1,1,NULL,'BUILDING_1',1,1559278188,1559278188),(190,56,1,2,NULL,'BUILDING_2',1,1559278188,1559278188),(191,56,1,4,NULL,'BUILDING_4',1,1559278188,1559278188),(192,56,1,6,NULL,'BUILDING_6',1,1559278188,1559278188),(193,56,1,5,NULL,'BUILDING_5',1,1559278188,1559278188),(194,56,1,7,NULL,'BUILDING_7',1,1559278188,1559278188),(195,56,1,14,NULL,'BUILDING_14',1,1559278188,1559278188),(196,56,1,18,NULL,'BUILDING_18',1,1559278188,1559278188),(197,56,1,23,NULL,'BUILDING_23',1,1559278188,1559278188),(198,56,1,42,NULL,'BUILDING_42',1,1559278188,1559278188),(199,56,1,43,NULL,'BUILDING_43',1,1559278188,1559278188),(200,56,1,44,NULL,'BUILDING_44',1,1559278188,1559278188),(201,56,1,45,NULL,'BUILDING_45',1,1559278188,1559278188),(202,56,1,46,NULL,'BUILDING_46',1,1559278188,1559278188),(203,56,1,47,NULL,'BUILDING_47',1,1559278188,1559278188),(204,56,1,48,NULL,'BUILDING_48',1,1559278188,1559278188),(205,56,1,49,NULL,'BUILDING_49',1,1559278188,1559278188),(206,56,1,50,NULL,'BUILDING_50',1,1559278188,1559278188),(207,56,1,51,NULL,'BUILDING_51',1,1559278188,1559278188),(208,56,1,8,NULL,'BUILDING_8',1,1559278188,1559278188),(209,56,1,9,NULL,'BUILDING_9',1,1559278188,1559278188),(210,56,1,10,NULL,'BUILDING_10',1,1559278188,1559278188),(211,56,1,11,NULL,'BUILDING_11',1,1559278188,1559278188),(212,56,1,28,NULL,'BUILDING_28',1,1559278188,1559278188),(213,56,1,29,NULL,'BUILDING_29',1,1559278188,1559278188),(214,56,1,30,NULL,'BUILDING_30',1,1559278188,1559278188),(215,56,1,31,NULL,'BUILDING_31',1,1559278188,1559278188),(216,56,1,32,NULL,'BUILDING_32',1,1559278188,1559278188),(217,56,1,33,NULL,'BUILDING_33',1,1559278188,1559278188),(218,56,1,34,NULL,'BUILDING_34',1,1559278188,1559278188),(219,56,1,35,NULL,'BUILDING_35',1,1559278188,1559278188),(220,56,1,36,NULL,'BUILDING_36',1,1559278188,1559278188),(221,56,1,37,NULL,'BUILDING_37',1,1559278188,1559278188),(222,56,1,38,NULL,'BUILDING_38',1,1559278188,1559278188),(223,56,1,39,NULL,'BUILDING_39',1,1559278188,1559278188),(224,56,1,40,NULL,'BUILDING_40',1,1559278188,1559278188),(225,56,1,41,NULL,'BUILDING_41',1,1559278188,1559278188),(226,56,1,52,NULL,'BUILDING_52',1,1559278188,1559278188),(227,56,1,53,NULL,'BUILDING_53',1,1559278188,1559278188),(228,56,1,54,NULL,'BUILDING_54',1,1559278188,1559278188),(229,56,1,55,NULL,'BUILDING_55',1,1559278188,1559278188),(230,57,1,46,NULL,'BUILDING_46',1,1559285617,1559285617),(231,58,1,46,NULL,'BUILDING_46',1,1559286020,1559286020),(232,59,1,46,NULL,'BUILDING_46',1,1559286357,1559286357),(233,60,1,46,NULL,'BUILDING_46',1,1559286627,1559286627),(234,61,1,35,NULL,'BUILDING_35',1,1559286715,1559286715),(235,62,1,35,NULL,'BUILDING_35',1,1559286760,1559286760),(236,63,1,37,NULL,'BUILDING_37',1,1559286888,1559286888),(237,64,1,51,NULL,'BUILDING_51',1,1559287405,1559287405),(238,65,1,42,NULL,'BUILDING_42',1,1559287554,1559287554),(239,66,1,35,NULL,'BUILDING_35',1,1559287866,1559287866),(240,67,1,35,NULL,'BUILDING_35',1,1559288125,1559288125),(241,68,1,35,NULL,'BUILDING_35',1,1559288409,1559288409),(242,69,1,35,NULL,'BUILDING_35',1,1559288940,1559288940),(243,70,1,35,NULL,'BUILDING_35',1,1559289882,1559289882),(244,71,1,50,NULL,'BUILDING_50',1,1559290585,1559290585),(245,72,2,25,NULL,'BUILDING_25',1,1559290715,1559290715),(246,73,2,25,NULL,'BUILDING_25',1,1559290730,1559290730),(247,74,1,56,NULL,'BUILDING_56',1,1559290813,1559290813),(248,74,1,59,NULL,'BUILDING_59',1,1559290813,1559290813),(249,75,1,15,NULL,'BUILDING_15',1,1559290876,1559290876),(250,75,1,56,NULL,'BUILDING_56',1,1559290876,1559290876),(251,75,1,16,NULL,'BUILDING_16',1,1559290876,1559290876),(252,75,1,17,NULL,'BUILDING_17',1,1559290876,1559290876),(253,75,1,19,NULL,'BUILDING_19',1,1559290876,1559290876),(254,75,1,20,NULL,'BUILDING_20',1,1559290876,1559290876),(255,75,1,21,NULL,'BUILDING_21',1,1559290876,1559290876),(256,75,1,22,NULL,'BUILDING_22',1,1559290876,1559290876),(257,75,1,59,NULL,'BUILDING_59',1,1559290876,1559290876),(258,76,1,56,NULL,'BUILDING_56',1,1559290909,1559290909),(259,76,1,59,NULL,'BUILDING_59',1,1559290909,1559290909),(260,77,1,42,NULL,'BUILDING_42',1,1559290960,1559290960),(261,78,1,35,NULL,'BUILDING_35',1,1559291560,1559291560),(262,79,1,47,NULL,'BUILDING_47',1,1559291907,1559291907),(263,80,1,14,NULL,'BUILDING_14',1,1559291955,1559291955),(264,81,1,14,NULL,'BUILDING_14',1,1559292010,1559292010),(265,82,1,14,NULL,'BUILDING_14',1,1559292037,1559292037),(266,83,1,56,NULL,'BUILDING_56',1,1559292061,1559292061),(267,83,1,59,NULL,'BUILDING_59',1,1559292061,1559292061),(268,84,1,49,NULL,'BUILDING_49',1,1559292087,1559292087),(269,85,1,49,NULL,'BUILDING_49',1,1559292154,1559292154),(270,86,1,49,NULL,'BUILDING_49',1,1559292187,1559292187),(271,87,1,15,NULL,'BUILDING_15',1,1559292224,1559292224),(272,87,1,16,NULL,'BUILDING_16',1,1559292224,1559292224),(273,87,1,17,NULL,'BUILDING_17',1,1559292224,1559292224),(274,87,1,19,NULL,'BUILDING_19',1,1559292224,1559292224),(275,87,1,20,NULL,'BUILDING_20',1,1559292224,1559292224),(276,87,1,21,NULL,'BUILDING_21',1,1559292224,1559292224),(277,87,1,22,NULL,'BUILDING_22',1,1559292224,1559292224),(278,88,1,35,NULL,'BUILDING_35',1,1559292748,1559292748),(279,89,1,35,NULL,'BUILDING_35',1,1559292790,1559292790),(280,90,2,25,NULL,'BUILDING_25',1,1559634933,1559634933),(281,90,2,24,NULL,'BUILDING_24',1,1559634933,1559634933),(282,90,2,26,NULL,'BUILDING_26',1,1559634933,1559634933),(283,90,2,27,NULL,'BUILDING_27',1,1559634933,1559634933),(284,91,2,25,NULL,'BUILDING_25',1,1559640629,1559640629),(285,91,2,24,NULL,'BUILDING_24',1,1559640629,1559640629),(286,91,2,26,NULL,'BUILDING_26',1,1559640629,1559640629),(287,91,2,27,NULL,'BUILDING_27',1,1559640629,1559640629),(288,92,2,25,NULL,'BUILDING_25',1,1559643068,1559643068),(289,92,2,24,NULL,'BUILDING_24',1,1559643068,1559643068),(290,92,2,26,NULL,'BUILDING_26',1,1559643068,1559643068),(291,92,2,27,NULL,'BUILDING_27',1,1559643068,1559643068),(292,93,3,61,NULL,'BUILDING_61',1,1559719170,1559719170),(293,93,3,60,NULL,'BUILDING_60',1,1559719170,1559719170),(294,93,3,62,NULL,'BUILDING_62',1,1559719170,1559719170),(295,93,3,63,NULL,'BUILDING_63',1,1559719170,1559719170),(296,93,3,64,NULL,'BUILDING_64',1,1559719170,1559719170),(297,93,3,65,NULL,'BUILDING_65',1,1559719170,1559719170),(298,93,3,66,NULL,'BUILDING_66',1,1559719170,1559719170),(299,93,3,67,NULL,'BUILDING_67',1,1559719170,1559719170),(300,93,3,68,NULL,'BUILDING_68',1,1559719170,1559719170),(301,93,3,69,NULL,'BUILDING_69',1,1559719170,1559719170),(302,93,3,70,NULL,'BUILDING_70',1,1559719170,1559719170),(303,93,3,71,NULL,'BUILDING_71',1,1559719170,1559719170),(304,93,3,82,NULL,'BUILDING_82',1,1559719170,1559719170),(305,93,3,72,NULL,'BUILDING_72',1,1559719170,1559719170),(306,93,3,73,NULL,'BUILDING_73',1,1559719170,1559719170),(307,93,3,74,NULL,'BUILDING_74',1,1559719170,1559719170),(308,93,3,75,NULL,'BUILDING_75',1,1559719170,1559719170),(309,93,3,76,NULL,'BUILDING_76',1,1559719170,1559719170),(310,93,3,77,NULL,'BUILDING_77',1,1559719170,1559719170),(311,93,3,78,NULL,'BUILDING_78',1,1559719170,1559719170),(312,93,3,79,NULL,'BUILDING_79',1,1559719170,1559719170),(313,93,3,80,NULL,'BUILDING_80',1,1559719170,1559719170),(314,93,3,81,NULL,'BUILDING_81',1,1559719170,1559719170),(315,93,3,83,NULL,'BUILDING_83',1,1559719170,1559719170),(316,94,2,25,NULL,'BUILDING_25',1,1559806005,1559806005),(317,94,2,24,NULL,'BUILDING_24',1,1559806005,1559806005),(318,94,2,26,NULL,'BUILDING_26',1,1559806005,1559806005),(319,94,2,27,NULL,'BUILDING_27',1,1559806005,1559806005),(320,95,2,25,NULL,'BUILDING_25',1,1559843285,1559843285),(321,95,2,24,NULL,'BUILDING_24',1,1559843285,1559843285),(322,95,2,26,NULL,'BUILDING_26',1,1559843285,1559843285),(323,95,2,27,NULL,'BUILDING_27',1,1559843285,1559843285),(324,96,1,56,NULL,'BUILDING_56',1,1559844005,1559844005),(325,96,1,15,NULL,'BUILDING_15',1,1559844005,1559844005),(326,96,1,1,NULL,'BUILDING_1',1,1559844005,1559844005),(327,96,1,2,NULL,'BUILDING_2',1,1559844005,1559844005),(328,96,1,86,NULL,'BUILDING_86',1,1559844005,1559844005),(329,96,1,84,NULL,'BUILDING_84',1,1559844005,1559844005),(330,96,1,59,NULL,'BUILDING_59',1,1559844005,1559844005),(331,96,1,16,NULL,'BUILDING_16',1,1559844005,1559844005),(332,96,1,17,NULL,'BUILDING_17',1,1559844005,1559844005),(333,96,1,19,NULL,'BUILDING_19',1,1559844005,1559844005),(334,96,1,20,NULL,'BUILDING_20',1,1559844005,1559844005),(335,96,1,21,NULL,'BUILDING_21',1,1559844005,1559844005),(336,96,1,22,NULL,'BUILDING_22',1,1559844005,1559844005),(337,96,1,4,NULL,'BUILDING_4',1,1559844005,1559844005),(338,96,1,6,NULL,'BUILDING_6',1,1559844005,1559844005),(339,96,1,5,NULL,'BUILDING_5',1,1559844005,1559844005),(340,96,1,7,NULL,'BUILDING_7',1,1559844005,1559844005),(341,96,1,14,NULL,'BUILDING_14',1,1559844005,1559844005),(342,96,1,18,NULL,'BUILDING_18',1,1559844005,1559844005),(343,96,1,23,NULL,'BUILDING_23',1,1559844005,1559844005),(344,96,1,42,NULL,'BUILDING_42',1,1559844005,1559844005),(345,96,1,43,NULL,'BUILDING_43',1,1559844005,1559844005),(346,96,1,44,NULL,'BUILDING_44',1,1559844005,1559844005),(347,96,1,45,NULL,'BUILDING_45',1,1559844005,1559844005),(348,96,1,46,NULL,'BUILDING_46',1,1559844005,1559844005),(349,96,1,47,NULL,'BUILDING_47',1,1559844005,1559844005),(350,96,1,48,NULL,'BUILDING_48',1,1559844005,1559844005),(351,96,1,49,NULL,'BUILDING_49',1,1559844005,1559844005),(352,96,1,50,NULL,'BUILDING_50',1,1559844005,1559844005),(353,96,1,51,NULL,'BUILDING_51',1,1559844005,1559844005),(354,96,1,8,NULL,'BUILDING_8',1,1559844005,1559844005),(355,96,1,9,NULL,'BUILDING_9',1,1559844005,1559844005),(356,96,1,10,NULL,'BUILDING_10',1,1559844005,1559844005),(357,96,1,11,NULL,'BUILDING_11',1,1559844005,1559844005),(358,96,1,28,NULL,'BUILDING_28',1,1559844005,1559844005),(359,96,1,29,NULL,'BUILDING_29',1,1559844005,1559844005),(360,96,1,30,NULL,'BUILDING_30',1,1559844005,1559844005),(361,96,1,31,NULL,'BUILDING_31',1,1559844005,1559844005),(362,96,1,32,NULL,'BUILDING_32',1,1559844005,1559844005),(363,96,1,33,NULL,'BUILDING_33',1,1559844005,1559844005),(364,96,1,34,NULL,'BUILDING_34',1,1559844005,1559844005),(365,96,1,35,NULL,'BUILDING_35',1,1559844005,1559844005),(366,96,1,36,NULL,'BUILDING_36',1,1559844005,1559844005),(367,96,1,37,NULL,'BUILDING_37',1,1559844005,1559844005),(368,96,1,38,NULL,'BUILDING_38',1,1559844005,1559844005),(369,96,1,39,NULL,'BUILDING_39',1,1559844005,1559844005),(370,96,1,40,NULL,'BUILDING_40',1,1559844005,1559844005),(371,96,1,41,NULL,'BUILDING_41',1,1559844005,1559844005),(372,96,1,52,NULL,'BUILDING_52',1,1559844005,1559844005),(373,96,1,53,NULL,'BUILDING_53',1,1559844005,1559844005),(374,96,1,54,NULL,'BUILDING_54',1,1559844005,1559844005),(375,96,1,55,NULL,'BUILDING_55',1,1559844005,1559844005),(376,96,1,87,NULL,'BUILDING_87',1,1559844005,1559844005),(377,96,1,85,NULL,'BUILDING_85',1,1559844005,1559844005),(378,96,1,88,NULL,'BUILDING_88',1,1559844005,1559844005),(379,96,1,89,NULL,'BUILDING_89',1,1559844005,1559844005);
/*!40000 ALTER TABLE `announcement_item_send` ENABLE KEYS */;
UNLOCK TABLES;

--
-- Table structure for table `apartment`
--

DROP TABLE IF EXISTS `apartment`;
/*!40101 SET @saved_cs_client     = @@character_set_client */;
/*!40101 SET character_set_client = utf8 */;
CREATE TABLE `apartment` (
  `id` int(11) NOT NULL AUTO_INCREMENT,
  `name` varchar(64) NOT NULL,
  `description` text DEFAULT NULL,
  `medias` text DEFAULT NULL,
  `status` int(11) DEFAULT 0 COMMENT ' 0 - chưa active, 1 - đã active',
  `is_deleted` int(1) DEFAULT 0 COMMENT '0 : chưa xóa, 1 : đã xóa',
  `building_cluster_id` int(11) DEFAULT NULL,
  `building_area_id` int(11) DEFAULT NULL,
  `resident_user_id` int(11) DEFAULT NULL COMMENT 'chủ hộ',
  `capacity` int(11) DEFAULT 0 COMMENT 'diện tich : m2',
  `created_at` int(11) DEFAULT NULL,
  `updated_at` int(11) DEFAULT NULL,
  `created_by` int(11) DEFAULT NULL,
  `updated_by` int(11) DEFAULT NULL,
  `code` varchar(100) DEFAULT NULL,
  `parent_path` varchar(255) DEFAULT NULL,
  PRIMARY KEY (`id`),
  KEY `idx-apartment-building_area_id` (`building_area_id`),
  KEY `idx-apartment-building_cluster_id` (`building_cluster_id`),
  KEY `idx-apartment-capacity` (`capacity`),
  KEY `idx-apartment-is_deleted` (`is_deleted`),
  KEY `idx-apartment-resident_user_id` (`resident_user_id`),
  KEY `idx-apartment-status` (`status`),
  KEY `idx-apartment-code` (`code`)
) ENGINE=InnoDB AUTO_INCREMENT=257 DEFAULT CHARSET=utf8;
/*!40101 SET character_set_client = @saved_cs_client */;

--
-- Dumping data for table `apartment`
--

LOCK TABLES `apartment` WRITE;
/*!40000 ALTER TABLE `apartment` DISABLE KEYS */;
INSERT INTO `apartment` VALUES (1,'101',NULL,NULL,0,1,1,4,NULL,100,1557980042,1557982548,1,1,NULL,NULL),(2,'102',NULL,NULL,1,1,1,5,NULL,100,1557980528,1558423395,1,5,NULL,NULL),(3,'101',NULL,NULL,1,1,1,11,NULL,979,1557980591,1558423393,1,5,NULL,NULL),(4,'201',NULL,NULL,0,1,1,4,NULL,59,1558423576,1558423816,5,5,'ztHdwF',NULL),(7,'502',NULL,NULL,1,0,1,23,10,56,1558434600,1559183864,5,NULL,'xZR-Eq','Tòa S2/Tầng 5/'),(8,'202',NULL,NULL,1,0,2,27,6,66,1558459174,1559637714,7,7,'uGj3QI','Luci 1/Tang 2/'),(9,'204',NULL,NULL,1,0,2,27,13,70,1558522053,1559183864,7,NULL,'rhiR69','Luci 1/Tang 2/'),(10,'209',NULL,NULL,1,0,2,26,26,90,1558678410,1559642200,18,7,'tmGmrr','Luci 1/Tang 1/'),(11,'201',NULL,NULL,1,0,2,27,15,80,1558711090,1559183864,7,NULL,'00UMKH','Luci 1/Tang 2/'),(13,'203',NULL,NULL,1,0,2,27,9,80,1558720099,1559183864,7,NULL,'SVCPBY','Luci 1/Tang 2/'),(14,'204',NULL,NULL,1,0,1,23,18,200,1558766138,1559287141,1,19,'UO3RFD','Tòa S2/Tầng 5/'),(15,'1007',NULL,NULL,1,0,1,35,19,202,1558767356,1559183864,6,NULL,'NCMXL2','Tòa S1/Tầng 10/'),(16,'7001',NULL,NULL,0,0,1,32,NULL,105,1558768354,1559183864,6,NULL,'E7CC6T','Tòa S1/Tầng 7/'),(17,'7002',NULL,NULL,0,0,1,32,NULL,106,1558768369,1559183864,6,NULL,'WHICEW','Tòa S1/Tầng 7/'),(18,'7003',NULL,NULL,0,0,1,32,NULL,200,1558768381,1559183864,6,NULL,'VFM1HL','Tòa S1/Tầng 7/'),(19,'7004',NULL,NULL,0,0,1,32,NULL,105,1558768393,1559183864,6,NULL,'T6ZBNS','Tòa S1/Tầng 7/'),(20,'7005',NULL,NULL,0,0,1,32,NULL,190,1558768405,1559183864,6,NULL,'2PKMLA','Tòa S1/Tầng 7/'),(21,'7006',NULL,NULL,0,0,1,32,NULL,170,1558768415,1559183864,6,NULL,'CD9LJ7','Tòa S1/Tầng 7/'),(22,'7007',NULL,NULL,0,0,1,32,NULL,189,1558768425,1559183864,6,NULL,'XBPUFC','Tòa S1/Tầng 7/'),(23,'7008',NULL,NULL,0,0,1,32,NULL,145,1558768434,1559183864,6,NULL,'YOMUF8','Tòa S1/Tầng 7/'),(24,'7009',NULL,NULL,0,0,1,32,NULL,165,1558768445,1559183864,6,NULL,'OLAF6D','Tòa S1/Tầng 7/'),(25,'7010',NULL,NULL,1,0,1,32,41,198,1558768455,1559549415,6,6,'5OFKMP','Tòa S1/Tầng 7/'),(26,'8001',NULL,NULL,1,0,1,33,NULL,154,1558768497,1559183864,6,NULL,'AX59QF','Tòa S1/Tầng 8/'),(27,'8002',NULL,NULL,0,0,1,33,NULL,106,1558768514,1559183864,6,NULL,'RZFZQJ','Tòa S1/Tầng 8/'),(28,'8003',NULL,NULL,0,0,1,33,NULL,165,1558768526,1559183864,6,NULL,'SHA2HV','Tòa S1/Tầng 8/'),(29,'8004',NULL,NULL,0,0,1,33,NULL,136,1558768536,1559183864,6,NULL,'UYIXUK','Tòa S1/Tầng 8/'),(30,'8005',NULL,NULL,0,0,1,33,NULL,178,1558768546,1559183864,6,NULL,'GHM7PA','Tòa S1/Tầng 8/'),(31,'8006',NULL,NULL,0,0,1,33,NULL,172,1558768558,1559183864,6,NULL,'SUPMJV','Tòa S1/Tầng 8/'),(32,'8007',NULL,NULL,0,0,1,33,NULL,164,1558768572,1559183864,6,NULL,'MJMNEQ','Tòa S1/Tầng 8/'),(33,'8008',NULL,NULL,0,0,1,33,NULL,89,1558768611,1559183864,6,NULL,'XPNCDB','Tòa S1/Tầng 8/'),(34,'8009',NULL,NULL,1,0,1,33,29,96,1558768622,1559183864,6,NULL,'MLBGDB','Tòa S1/Tầng 8/'),(35,'8010',NULL,NULL,1,0,1,33,NULL,78,1558768633,1559550688,6,6,'CBFHFG','Tòa S1/Tầng 8/'),(36,'9001',NULL,NULL,0,0,1,34,NULL,165,1558768649,1559183864,6,NULL,'DYWJ5L','Tòa S1/Tầng 9/'),(37,'9002',NULL,NULL,1,0,1,34,9,165,1558768668,1559183864,6,NULL,'MKXJ9L','Tòa S1/Tầng 9/'),(38,'9003',NULL,NULL,1,0,1,34,NULL,154,1558768690,1559183864,6,NULL,'LEN6T5','Tòa S1/Tầng 9/'),(39,'9004',NULL,NULL,1,0,1,34,NULL,96,1558768706,1559707798,6,6,'9S1EJJ','Tòa S1/Tầng 9/'),(40,'1',NULL,NULL,0,1,1,46,NULL,-1,1558774375,1558774542,6,6,'3CEGRT',NULL),(41,'1007',NULL,NULL,1,1,1,32,NULL,229,1558774650,1559807827,6,6,'RWOBEZ','Tòa S1/Tầng 7/'),(49,'1010',NULL,NULL,1,0,1,46,25,123,1558775434,1559183864,6,NULL,'GXYEVW','Tòa S2/Tầng 10/'),(50,'ABC123',NULL,NULL,0,1,1,44,NULL,220,1558780900,1559706369,6,6,'CUHMMG','Tòa S2/Tầng 9/'),(51,'1504',NULL,NULL,1,0,2,26,1,68,1558948076,1559183864,18,NULL,'DMUWKI','Luci 1/Tang 1/'),(52,'1209',NULL,NULL,1,0,2,27,36,100,1559017067,1559183864,18,NULL,'HTTDIF','Luci 1/Tang 2/'),(53,'1504',NULL,NULL,1,0,1,51,1,68,1559104233,1559183864,1,NULL,'GNASX2','Tòa S2/Tầng 15/'),(54,'2001',NULL,NULL,1,0,3,73,39,80,1559637705,1559638727,NULL,NULL,'ZJLQAC','Tòa S1/Tầng 2/'),(55,'2002',NULL,NULL,1,0,3,73,40,81,1559637705,1559638727,NULL,NULL,'BH4ICW','Tòa S1/Tầng 2/'),(56,'2003',NULL,NULL,1,0,3,73,41,82,1559637705,1559638727,NULL,NULL,'WTA9KK','Tòa S1/Tầng 2/'),(57,'2004',NULL,NULL,1,0,3,73,44,83,1559637705,1559638727,NULL,NULL,'KTMTPZ','Tòa S1/Tầng 2/'),(58,'2005',NULL,NULL,1,0,3,73,42,84,1559637705,1559638727,NULL,NULL,'NJFMMP','Tòa S1/Tầng 2/'),(59,'2006',NULL,NULL,1,0,3,73,45,85,1559637705,1559638727,NULL,NULL,'FO31X0','Tòa S1/Tầng 2/'),(60,'2007',NULL,NULL,1,0,3,73,46,86,1559637705,1559638727,NULL,NULL,'RKI99S','Tòa S1/Tầng 2/'),(61,'2008',NULL,NULL,1,0,3,73,47,87,1559637705,1559638727,NULL,NULL,'X5ISKI','Tòa S1/Tầng 2/'),(62,'2009',NULL,NULL,1,0,3,73,48,88,1559637705,1559638727,NULL,NULL,'IJ49YG','Tòa S1/Tầng 2/'),(63,'2010',NULL,NULL,1,0,3,73,49,89,1559637705,1559638727,NULL,NULL,'MQPT6X','Tòa S1/Tầng 2/'),(64,'3001',NULL,NULL,1,0,3,74,50,90,1559637705,1559638727,NULL,NULL,'MUX8EA','Tòa S1/Tầng 3/'),(65,'3002',NULL,NULL,1,0,3,74,51,91,1559637705,1559638727,NULL,NULL,'VZKUEJ','Tòa S1/Tầng 3/'),(66,'3003',NULL,NULL,1,0,3,74,52,92,1559637705,1559638727,NULL,NULL,'6E23LL','Tòa S1/Tầng 3/'),(67,'3004',NULL,NULL,1,0,3,74,53,93,1559637705,1559638727,NULL,NULL,'1NABFB','Tòa S1/Tầng 3/'),(68,'3005',NULL,NULL,1,0,3,74,54,94,1559637705,1559638727,NULL,NULL,'SMLKZ8','Tòa S1/Tầng 3/'),(69,'3006',NULL,NULL,1,0,3,74,55,95,1559637705,1559638727,NULL,NULL,'EDXJL6','Tòa S1/Tầng 3/'),(70,'3007',NULL,NULL,1,0,3,74,56,96,1559637705,1559638727,NULL,NULL,'9XRNUS','Tòa S1/Tầng 3/'),(71,'3008',NULL,NULL,1,0,3,74,57,97,1559637705,1559638727,NULL,NULL,'MGHK4E','Tòa S1/Tầng 3/'),(72,'3009',NULL,NULL,1,0,3,74,58,98,1559637705,1559638727,NULL,NULL,'WH3UKP','Tòa S1/Tầng 3/'),(73,'3010',NULL,NULL,1,0,3,74,59,99,1559637705,1559638727,NULL,NULL,'HEFJMT','Tòa S1/Tầng 3/'),(74,'4001',NULL,NULL,1,0,3,75,60,100,1559637705,1559638727,NULL,NULL,'QSNDO5','Tòa S1/Tầng 4/'),(75,'4002',NULL,NULL,1,0,3,75,61,101,1559637705,1559638727,NULL,NULL,'MGEZRD','Tòa S1/Tầng 4/'),(76,'4003',NULL,NULL,1,0,3,75,62,102,1559637705,1559638727,NULL,NULL,'20GZAS','Tòa S1/Tầng 4/'),(77,'4004',NULL,NULL,1,0,3,75,63,103,1559637705,1559638727,NULL,NULL,'FCJO5L','Tòa S1/Tầng 4/'),(78,'4005',NULL,NULL,1,0,3,75,64,104,1559637705,1559638727,NULL,NULL,'YABFBR','Tòa S1/Tầng 4/'),(79,'4006',NULL,NULL,1,0,3,75,65,105,1559637705,1559638727,NULL,NULL,'JAAIKR','Tòa S1/Tầng 4/'),(80,'4007',NULL,NULL,1,0,3,75,66,106,1559637705,1559638727,NULL,NULL,'TQ6KQ6','Tòa S1/Tầng 4/'),(81,'4008',NULL,NULL,1,0,3,75,67,107,1559637705,1559638727,NULL,NULL,'6MF3OQ','Tòa S1/Tầng 4/'),(82,'4009',NULL,NULL,1,0,3,75,68,108,1559637705,1559638727,NULL,NULL,'ZDANGT','Tòa S1/Tầng 4/'),(83,'4010',NULL,NULL,1,0,3,75,69,109,1559637705,1559638727,NULL,NULL,'KHW5ZJ','Tòa S1/Tầng 4/'),(84,'5001',NULL,NULL,1,0,3,76,70,110,1559637705,1559638727,NULL,NULL,'1CHOA9','Tòa S1/Tầng 5/'),(85,'5002',NULL,NULL,1,0,3,76,71,111,1559637705,1559638727,NULL,NULL,'AIHXFC','Tòa S1/Tầng 5/'),(86,'5003',NULL,NULL,1,0,3,76,72,112,1559637705,1559638727,NULL,NULL,'9CGJHB','Tòa S1/Tầng 5/'),(87,'5004',NULL,NULL,1,0,3,76,73,113,1559637705,1559638727,NULL,NULL,'PKI8OV','Tòa S1/Tầng 5/'),(88,'5005',NULL,NULL,1,0,3,76,74,114,1559637705,1559638727,NULL,NULL,'4SIBFR','Tòa S1/Tầng 5/'),(89,'5006',NULL,NULL,1,0,3,76,75,115,1559637705,1559638727,NULL,NULL,'67KDKH','Tòa S1/Tầng 5/'),(90,'5007',NULL,NULL,1,0,3,76,76,116,1559637705,1559638727,NULL,NULL,'ATAFH5','Tòa S1/Tầng 5/'),(91,'5008',NULL,NULL,1,0,3,76,77,117,1559637705,1559638727,NULL,NULL,'XGVMHE','Tòa S1/Tầng 5/'),(92,'5009',NULL,NULL,1,0,3,76,78,118,1559637705,1559638727,NULL,NULL,'LLMBV2','Tòa S1/Tầng 5/'),(93,'5010',NULL,NULL,1,0,3,76,79,119,1559637705,1559638727,NULL,NULL,'TQMTDH','Tòa S1/Tầng 5/'),(94,'6001',NULL,NULL,1,0,3,77,80,120,1559637705,1559638727,NULL,NULL,'DQS0AL','Tòa S1/Tầng 6/'),(95,'6002',NULL,NULL,1,0,3,77,81,121,1559637705,1559638727,NULL,NULL,'4AVE45','Tòa S1/Tầng 6/'),(96,'6003',NULL,NULL,1,0,3,77,82,122,1559637705,1559638727,NULL,NULL,'QVORKD','Tòa S1/Tầng 6/'),(97,'6004',NULL,NULL,1,0,3,77,83,123,1559637705,1559638727,NULL,NULL,'DQCY7E','Tòa S1/Tầng 6/'),(98,'6005',NULL,NULL,1,0,3,77,84,124,1559637705,1559638727,NULL,NULL,'73OSKR','Tòa S1/Tầng 6/'),(99,'6006',NULL,NULL,1,0,3,77,85,125,1559637705,1559638727,NULL,NULL,'RABFYH','Tòa S1/Tầng 6/'),(100,'6007',NULL,NULL,1,0,3,77,86,126,1559637705,1559638727,NULL,NULL,'N9HRYR','Tòa S1/Tầng 6/'),(101,'6008',NULL,NULL,1,0,3,77,87,127,1559637705,1559638727,NULL,NULL,'CBSN7I','Tòa S1/Tầng 6/'),(102,'6009',NULL,NULL,1,0,3,77,88,128,1559637705,1559638727,NULL,NULL,'VAKIAW','Tòa S1/Tầng 6/'),(103,'6010',NULL,NULL,1,0,3,77,89,129,1559637705,1559638727,NULL,NULL,'SJO4H9','Tòa S1/Tầng 6/'),(104,'7001',NULL,NULL,0,0,3,78,NULL,130,1559637705,1559637705,NULL,NULL,'XDJJXN','Tòa S1/Tầng 7/'),(105,'7002',NULL,NULL,0,0,3,78,NULL,131,1559637705,1559637705,NULL,NULL,'ROQNTQ','Tòa S1/Tầng 7/'),(106,'7003',NULL,NULL,0,0,3,78,NULL,132,1559637705,1559637705,NULL,NULL,'THG26U','Tòa S1/Tầng 7/'),(107,'7004',NULL,NULL,0,0,3,78,NULL,133,1559637705,1559637705,NULL,NULL,'Y9WMHN','Tòa S1/Tầng 7/'),(108,'7005',NULL,NULL,0,0,3,78,NULL,134,1559637705,1559637705,NULL,NULL,'MBWPMR','Tòa S1/Tầng 7/'),(109,'7006',NULL,NULL,0,0,3,78,NULL,135,1559637705,1559637705,NULL,NULL,'1IFZ5F','Tòa S1/Tầng 7/'),(110,'7007',NULL,NULL,0,0,3,78,NULL,136,1559637705,1559637705,NULL,NULL,'KHKLK2','Tòa S1/Tầng 7/'),(111,'7008',NULL,NULL,0,0,3,78,NULL,137,1559637705,1559637705,NULL,NULL,'7A1UIV','Tòa S1/Tầng 7/'),(112,'7009',NULL,NULL,0,0,3,78,NULL,138,1559637705,1559637705,NULL,NULL,'QMYOQN','Tòa S1/Tầng 7/'),(113,'7010',NULL,NULL,0,0,3,78,NULL,139,1559637705,1559637705,NULL,NULL,'GRAVDD','Tòa S1/Tầng 7/'),(114,'8001',NULL,NULL,0,0,3,79,NULL,140,1559637705,1559637705,NULL,NULL,'FJDFJ3','Tòa S1/Tầng 8/'),(115,'8002',NULL,NULL,0,0,3,79,NULL,141,1559637705,1559637705,NULL,NULL,'W3WPUY','Tòa S1/Tầng 8/'),(116,'8003',NULL,NULL,0,0,3,79,NULL,142,1559637705,1559637705,NULL,NULL,'7AMOBY','Tòa S1/Tầng 8/'),(117,'8004',NULL,NULL,0,0,3,79,NULL,143,1559637705,1559637705,NULL,NULL,'6WODVJ','Tòa S1/Tầng 8/'),(118,'8005',NULL,NULL,0,0,3,79,NULL,144,1559637705,1559637705,NULL,NULL,'WY1E8M','Tòa S1/Tầng 8/'),(119,'8006',NULL,NULL,0,0,3,79,NULL,145,1559637705,1559637705,NULL,NULL,'MHKIGJ','Tòa S1/Tầng 8/'),(120,'8007',NULL,NULL,0,0,3,79,NULL,146,1559637705,1559637705,NULL,NULL,'9PQTWO','Tòa S1/Tầng 8/'),(121,'8008',NULL,NULL,0,0,3,79,NULL,147,1559637705,1559637705,NULL,NULL,'QA2RLH','Tòa S1/Tầng 8/'),(122,'8009',NULL,NULL,0,0,3,79,NULL,148,1559637705,1559637705,NULL,NULL,'GUPBX3','Tòa S1/Tầng 8/'),(123,'8010',NULL,NULL,0,0,3,79,NULL,149,1559637705,1559637705,NULL,NULL,'RHKCMO','Tòa S1/Tầng 8/'),(124,'9001',NULL,NULL,0,0,3,80,NULL,150,1559637705,1559637705,NULL,NULL,'UIYZJU','Tòa S1/Tầng 9/'),(125,'9002',NULL,NULL,0,0,3,80,NULL,151,1559637705,1559637705,NULL,NULL,'VF8WS8','Tòa S1/Tầng 9/'),(126,'9003',NULL,NULL,0,0,3,80,NULL,152,1559637705,1559637705,NULL,NULL,'TJCEKO','Tòa S1/Tầng 9/'),(127,'9004',NULL,NULL,0,0,3,80,NULL,153,1559637705,1559637705,NULL,NULL,'FBTL7W','Tòa S1/Tầng 9/'),(128,'9005',NULL,NULL,1,0,3,80,114,154,1559637705,1559638727,NULL,NULL,'NCPC1F','Tòa S1/Tầng 9/'),(129,'9006',NULL,NULL,1,0,3,80,115,155,1559637705,1559638727,NULL,NULL,'X6QQCU','Tòa S1/Tầng 9/'),(130,'9007',NULL,NULL,1,0,3,80,116,156,1559637705,1559638727,NULL,NULL,'JZHPKF','Tòa S1/Tầng 9/'),(131,'9008',NULL,NULL,1,0,3,80,117,157,1559637705,1559638727,NULL,NULL,'PDNNKD','Tòa S1/Tầng 9/'),(132,'9009',NULL,NULL,1,0,3,80,118,158,1559637705,1559638727,NULL,NULL,'9WSWDM','Tòa S1/Tầng 9/'),(133,'9010',NULL,NULL,1,0,3,80,119,159,1559637705,1559638727,NULL,NULL,'TJPG1C','Tòa S1/Tầng 9/'),(134,'1001',NULL,NULL,1,0,3,81,120,160,1559637705,1559638727,NULL,NULL,'LPRNAD','Tòa S1/Tầng 10/'),(135,'1002',NULL,NULL,1,0,3,81,121,161,1559637705,1559638727,NULL,NULL,'EELSKC','Tòa S1/Tầng 10/'),(136,'1003',NULL,NULL,1,0,3,81,122,162,1559637705,1559638727,NULL,NULL,'ORTTYF','Tòa S1/Tầng 10/'),(137,'1004',NULL,NULL,1,0,3,81,123,163,1559637705,1559638727,NULL,NULL,'RIXYAJ','Tòa S1/Tầng 10/'),(138,'1005',NULL,NULL,1,0,3,81,124,164,1559637705,1559638727,NULL,NULL,'E47YGB','Tòa S1/Tầng 10/'),(139,'1006',NULL,NULL,1,0,3,81,125,165,1559637705,1559638727,NULL,NULL,'KYNVOH','Tòa S1/Tầng 10/'),(140,'1007',NULL,NULL,0,0,3,81,NULL,166,1559637705,1559637705,NULL,NULL,'W6WENI','Tòa S1/Tầng 10/'),(141,'1008',NULL,NULL,1,0,3,81,127,167,1559637705,1559638727,NULL,NULL,'CSMSG8','Tòa S1/Tầng 10/'),(142,'1009',NULL,NULL,1,0,3,81,128,168,1559637705,1559638727,NULL,NULL,'CJIU9P','Tòa S1/Tầng 10/'),(143,'1010',NULL,NULL,1,0,3,81,129,169,1559637705,1559638727,NULL,NULL,'TB1Y1Y','Tòa S1/Tầng 10/'),(144,'1101',NULL,NULL,1,0,3,83,130,170,1559637705,1559638727,NULL,NULL,'RPQGO3','Tòa S1/Tầng 11/'),(145,'1102',NULL,NULL,1,0,3,83,131,171,1559637705,1559638727,NULL,NULL,'VKBZJN','Tòa S1/Tầng 11/'),(146,'1103',NULL,NULL,1,0,3,83,132,172,1559637705,1559638727,NULL,NULL,'RU935R','Tòa S1/Tầng 11/'),(147,'1104',NULL,NULL,1,0,3,83,133,173,1559637705,1559638727,NULL,NULL,'SLBSPG','Tòa S1/Tầng 11/'),(148,'1105',NULL,NULL,1,0,3,83,134,174,1559637705,1559638727,NULL,NULL,'HJOWEP','Tòa S1/Tầng 11/'),(149,'1106',NULL,NULL,1,0,3,83,135,175,1559637705,1559638727,NULL,NULL,'6MFBDU','Tòa S1/Tầng 11/'),(150,'1107',NULL,NULL,1,0,3,83,136,176,1559637705,1559638727,NULL,NULL,'7DOR1P','Tòa S1/Tầng 11/'),(151,'1108',NULL,NULL,1,0,3,83,137,177,1559637705,1559638727,NULL,NULL,'GFD7KG','Tòa S1/Tầng 11/'),(152,'1109',NULL,NULL,1,0,3,83,138,178,1559637705,1559638727,NULL,NULL,'CMT3DR','Tòa S1/Tầng 11/'),(153,'1110',NULL,NULL,1,0,3,83,139,179,1559637705,1559638727,NULL,NULL,'PYUTP7','Tòa S1/Tầng 11/'),(154,'2001',NULL,NULL,1,0,3,63,140,180,1559637705,1559638727,NULL,NULL,'BWMISO','Tòa S2/Tầng 2/'),(155,'2002',NULL,NULL,1,0,3,63,141,181,1559637705,1559638727,NULL,NULL,'CWHKUK','Tòa S2/Tầng 2/'),(156,'2003',NULL,NULL,1,0,3,63,142,182,1559637705,1559638727,NULL,NULL,'LF8SFB','Tòa S2/Tầng 2/'),(157,'2004',NULL,NULL,1,0,3,63,143,183,1559637705,1559638727,NULL,NULL,'IMV4OY','Tòa S2/Tầng 2/'),(158,'2005',NULL,NULL,1,0,3,63,144,184,1559637705,1559638727,NULL,NULL,'9A8SVM','Tòa S2/Tầng 2/'),(159,'2006',NULL,NULL,1,0,3,63,145,185,1559637705,1559638727,NULL,NULL,'LUWISU','Tòa S2/Tầng 2/'),(160,'2007',NULL,NULL,1,0,3,63,146,186,1559637705,1559638727,NULL,NULL,'THEKSC','Tòa S2/Tầng 2/'),(161,'2008',NULL,NULL,1,0,3,63,147,188,1559637705,1559639669,NULL,26,'P4AMC2','Tòa S2/Tầng 2/'),(162,'2009',NULL,NULL,1,0,3,63,148,188,1559637705,1559638727,NULL,NULL,'EHXPMN','Tòa S2/Tầng 2/'),(163,'2010',NULL,NULL,1,0,3,63,149,189,1559637705,1559638727,NULL,NULL,'LCUK3O','Tòa S2/Tầng 2/'),(164,'3001',NULL,NULL,1,0,3,64,150,190,1559637705,1559638727,NULL,NULL,'T5IVFK','Tòa S2/Tầng 3/'),(165,'3002',NULL,NULL,1,0,3,64,151,191,1559637705,1559638727,NULL,NULL,'UDCPIC','Tòa S2/Tầng 3/'),(166,'3003',NULL,NULL,1,0,3,64,152,192,1559637705,1559638727,NULL,NULL,'B7NG7R','Tòa S2/Tầng 3/'),(167,'3004',NULL,NULL,1,0,3,64,153,193,1559637705,1559638727,NULL,NULL,'XCOGHJ','Tòa S2/Tầng 3/'),(168,'3005',NULL,NULL,1,0,3,64,154,194,1559637705,1559638727,NULL,NULL,'OTB29P','Tòa S2/Tầng 3/'),(169,'3006',NULL,NULL,1,0,3,64,155,195,1559637705,1559638727,NULL,NULL,'7DSGA5','Tòa S2/Tầng 3/'),(170,'3007',NULL,NULL,1,0,3,64,156,196,1559637705,1559638727,NULL,NULL,'2LSILQ','Tòa S2/Tầng 3/'),(171,'3008',NULL,NULL,1,0,3,64,157,197,1559637705,1559638727,NULL,NULL,'GQ7SPY','Tòa S2/Tầng 3/'),(172,'3009',NULL,NULL,1,0,3,64,158,198,1559637705,1559638727,NULL,NULL,'P89YQH','Tòa S2/Tầng 3/'),(173,'3010',NULL,NULL,1,0,3,64,159,199,1559637705,1559638727,NULL,NULL,'SCLJE2','Tòa S2/Tầng 3/'),(174,'4001',NULL,NULL,1,0,3,65,160,200,1559637705,1559638727,NULL,NULL,'WZXGPR','Tòa S2/Tầng 4/'),(175,'4002',NULL,NULL,1,0,3,65,161,201,1559637705,1559638727,NULL,NULL,'F0BXKF','Tòa S2/Tầng 4/'),(176,'4003',NULL,NULL,1,0,3,65,162,202,1559637705,1559638727,NULL,NULL,'QVDVOF','Tòa S2/Tầng 4/'),(177,'4004',NULL,NULL,1,0,3,65,163,203,1559637705,1559638727,NULL,NULL,'XI141A','Tòa S2/Tầng 4/'),(178,'4005',NULL,NULL,1,0,3,65,164,204,1559637705,1559638727,NULL,NULL,'FE7MCS','Tòa S2/Tầng 4/'),(179,'4006',NULL,NULL,1,0,3,65,165,205,1559637705,1559638727,NULL,NULL,'9KLLFE','Tòa S2/Tầng 4/'),(180,'4007',NULL,NULL,1,0,3,65,166,206,1559637705,1559638727,NULL,NULL,'ZACLUR','Tòa S2/Tầng 4/'),(181,'4008',NULL,NULL,1,0,3,65,167,207,1559637705,1559638727,NULL,NULL,'FD5JVX','Tòa S2/Tầng 4/'),(182,'4009',NULL,NULL,1,0,3,65,168,208,1559637705,1559638727,NULL,NULL,'IYCEQM','Tòa S2/Tầng 4/'),(183,'4010',NULL,NULL,1,0,3,65,169,209,1559637705,1559638727,NULL,NULL,'KWJLIK','Tòa S2/Tầng 4/'),(184,'5001',NULL,NULL,1,0,3,66,170,210,1559637705,1559638727,NULL,NULL,'RGRSOK','Tòa S2/Tầng 5/'),(185,'5002',NULL,NULL,1,0,3,66,171,211,1559637705,1559638727,NULL,NULL,'MCXIWF','Tòa S2/Tầng 5/'),(186,'5003',NULL,NULL,1,0,3,66,172,212,1559637705,1559638727,NULL,NULL,'AO3HGI','Tòa S2/Tầng 5/'),(187,'5004',NULL,NULL,1,0,3,66,173,213,1559637705,1559638727,NULL,NULL,'ICMMF8','Tòa S2/Tầng 5/'),(188,'5005',NULL,NULL,1,0,3,66,174,214,1559637705,1559638727,NULL,NULL,'IM4WPC','Tòa S2/Tầng 5/'),(189,'5006',NULL,NULL,1,0,3,66,175,215,1559637705,1559638727,NULL,NULL,'YATCGC','Tòa S2/Tầng 5/'),(190,'5007',NULL,NULL,1,0,3,66,176,216,1559637705,1559638727,NULL,NULL,'BAISDD','Tòa S2/Tầng 5/'),(191,'5008',NULL,NULL,1,0,3,66,177,217,1559637705,1559638727,NULL,NULL,'H5XYT8','Tòa S2/Tầng 5/'),(192,'5009',NULL,NULL,1,0,3,66,178,218,1559637705,1559638727,NULL,NULL,'5WHICD','Tòa S2/Tầng 5/'),(193,'5010',NULL,NULL,0,0,3,66,NULL,219,1559637705,1559637705,NULL,NULL,'IKUF8B','Tòa S2/Tầng 5/'),(194,'6001',NULL,NULL,0,0,3,67,NULL,220,1559637705,1559637705,NULL,NULL,'ATGX61','Tòa S2/Tầng 6/'),(195,'6002',NULL,NULL,0,0,3,67,NULL,221,1559637705,1559637705,NULL,NULL,'QYAWIW','Tòa S2/Tầng 6/'),(196,'6003',NULL,NULL,0,0,3,67,NULL,222,1559637705,1559637705,NULL,NULL,'AJADQ5','Tòa S2/Tầng 6/'),(197,'6004',NULL,NULL,0,0,3,67,NULL,223,1559637705,1559637705,NULL,NULL,'VYYFAB','Tòa S2/Tầng 6/'),(198,'6005',NULL,NULL,0,0,3,67,NULL,224,1559637705,1559637705,NULL,NULL,'1LXATV','Tòa S2/Tầng 6/'),(199,'6006',NULL,NULL,0,0,3,67,NULL,225,1559637705,1559637705,NULL,NULL,'N3195J','Tòa S2/Tầng 6/'),(200,'6007',NULL,NULL,0,0,3,67,NULL,226,1559637705,1559637705,NULL,NULL,'88BDCJ','Tòa S2/Tầng 6/'),(201,'6008',NULL,NULL,0,0,3,67,NULL,227,1559637705,1559637705,NULL,NULL,'KTNJAH','Tòa S2/Tầng 6/'),(202,'6009',NULL,NULL,0,0,3,67,NULL,228,1559637705,1559637705,NULL,NULL,'2H6HIB','Tòa S2/Tầng 6/'),(203,'6010',NULL,NULL,0,0,3,67,NULL,229,1559637705,1559637705,NULL,NULL,'1UKOJI','Tòa S2/Tầng 6/'),(204,'7001',NULL,NULL,0,0,3,68,NULL,230,1559637705,1559637705,NULL,NULL,'NYSIKQ','Tòa S2/Tầng 7/'),(205,'7002',NULL,NULL,0,0,3,68,NULL,231,1559637705,1559637705,NULL,NULL,'IXEO6C','Tòa S2/Tầng 7/'),(206,'7003',NULL,NULL,0,0,3,68,NULL,232,1559637705,1559637705,NULL,NULL,'SPFJSZ','Tòa S2/Tầng 7/'),(207,'7004',NULL,NULL,0,0,3,68,NULL,233,1559637705,1559637705,NULL,NULL,'RCJ5ZL','Tòa S2/Tầng 7/'),(208,'7005',NULL,NULL,0,0,3,68,NULL,234,1559637705,1559637705,NULL,NULL,'8OXY6M','Tòa S2/Tầng 7/'),(209,'7006',NULL,NULL,0,0,3,68,NULL,235,1559637705,1559637705,NULL,NULL,'ELJJDY','Tòa S2/Tầng 7/'),(210,'7007',NULL,NULL,0,0,3,68,NULL,236,1559637705,1559637705,NULL,NULL,'FXUOCY','Tòa S2/Tầng 7/'),(211,'7008',NULL,NULL,0,0,3,68,NULL,237,1559637705,1559637705,NULL,NULL,'RLGV5P','Tòa S2/Tầng 7/'),(212,'7009',NULL,NULL,0,0,3,68,NULL,238,1559637705,1559637705,NULL,NULL,'YSCQDF','Tòa S2/Tầng 7/'),(213,'7010',NULL,NULL,0,0,3,68,NULL,239,1559637705,1559637705,NULL,NULL,'34THKO','Tòa S2/Tầng 7/'),(214,'8001',NULL,NULL,0,0,3,69,NULL,240,1559637705,1559637705,NULL,NULL,'RLKYNY','Tòa S2/Tầng 8/'),(215,'8002',NULL,NULL,0,0,3,69,NULL,241,1559637705,1559637705,NULL,NULL,'SILOLX','Tòa S2/Tầng 8/'),(216,'8003',NULL,NULL,0,0,3,69,NULL,242,1559637705,1559637705,NULL,NULL,'UPBZNZ','Tòa S2/Tầng 8/'),(217,'8004',NULL,NULL,0,0,3,69,NULL,243,1559637705,1559637705,NULL,NULL,'11WZHL','Tòa S2/Tầng 8/'),(218,'8005',NULL,NULL,0,0,3,69,NULL,244,1559637705,1559637705,NULL,NULL,'F73PPE','Tòa S2/Tầng 8/'),(219,'8006',NULL,NULL,0,0,3,69,NULL,245,1559637705,1559637705,NULL,NULL,'0O0XTL','Tòa S2/Tầng 8/'),(220,'8007',NULL,NULL,0,0,3,69,NULL,246,1559637705,1559637705,NULL,NULL,'6DFSIG','Tòa S2/Tầng 8/'),(221,'8008',NULL,NULL,0,0,3,69,NULL,247,1559637705,1559637705,NULL,NULL,'4DEJYW','Tòa S2/Tầng 8/'),(222,'8009',NULL,NULL,0,0,3,69,NULL,248,1559637705,1559637705,NULL,NULL,'HEXO8B','Tòa S2/Tầng 8/'),(223,'8010',NULL,NULL,0,0,3,69,NULL,249,1559637705,1559637705,NULL,NULL,'RABKKQ','Tòa S2/Tầng 8/'),(224,'9001',NULL,NULL,0,0,3,70,NULL,250,1559637705,1559637705,NULL,NULL,'7LZBTX','Tòa S2/Tầng 9/'),(225,'9002',NULL,NULL,0,0,3,70,NULL,251,1559637705,1559637705,NULL,NULL,'OP893F','Tòa S2/Tầng 9/'),(226,'9003',NULL,NULL,0,0,3,70,NULL,252,1559637705,1559637705,NULL,NULL,'BYKOHD','Tòa S2/Tầng 9/'),(227,'9004',NULL,NULL,0,0,3,70,NULL,253,1559637705,1559637705,NULL,NULL,'ZA6PAV','Tòa S2/Tầng 9/'),(228,'9005',NULL,NULL,0,0,3,70,NULL,254,1559637705,1559637705,NULL,NULL,'W3OXB5','Tòa S2/Tầng 9/'),(229,'9006',NULL,NULL,0,0,3,70,NULL,255,1559637705,1559637705,NULL,NULL,'N4RKWY','Tòa S2/Tầng 9/'),(230,'9007',NULL,NULL,0,0,3,70,NULL,256,1559637705,1559637705,NULL,NULL,'XBJCFR','Tòa S2/Tầng 9/'),(231,'9008',NULL,NULL,0,0,3,70,NULL,257,1559637705,1559637705,NULL,NULL,'R12UDH','Tòa S2/Tầng 9/'),(232,'9009',NULL,NULL,0,0,3,70,NULL,258,1559637705,1559637705,NULL,NULL,'BJXXS2','Tòa S2/Tầng 9/'),(233,'9010',NULL,NULL,0,0,3,70,NULL,259,1559637705,1559637705,NULL,NULL,'6KYHXG','Tòa S2/Tầng 9/'),(234,'1001',NULL,NULL,0,0,3,71,NULL,260,1559637705,1559637705,NULL,NULL,'KVQMFS','Tòa S2/Tầng 10/'),(235,'1002',NULL,NULL,0,0,3,71,NULL,261,1559637705,1559637705,NULL,NULL,'ZWR7WJ','Tòa S2/Tầng 10/'),(236,'1003',NULL,NULL,0,0,3,71,NULL,262,1559637705,1559637705,NULL,NULL,'2FNZBM','Tòa S2/Tầng 10/'),(237,'1004',NULL,NULL,0,0,3,71,NULL,263,1559637705,1559637705,NULL,NULL,'7Q8FZ8','Tòa S2/Tầng 10/'),(238,'1005',NULL,NULL,0,0,3,71,NULL,264,1559637705,1559637705,NULL,NULL,'CJWD1Q','Tòa S2/Tầng 10/'),(239,'1006',NULL,NULL,0,0,3,71,NULL,265,1559637705,1559637705,NULL,NULL,'CPDVHR','Tòa S2/Tầng 10/'),(240,'1007',NULL,NULL,0,0,3,71,NULL,266,1559637705,1559637705,NULL,NULL,'YUVRJK','Tòa S2/Tầng 10/'),(241,'1008',NULL,NULL,0,0,3,71,NULL,267,1559637705,1559637705,NULL,NULL,'RUVOFW','Tòa S2/Tầng 10/'),(242,'1009',NULL,NULL,0,0,3,71,NULL,268,1559637705,1559637705,NULL,NULL,'FUDCGL','Tòa S2/Tầng 10/'),(243,'1010',NULL,NULL,0,0,3,71,NULL,269,1559637705,1559637705,NULL,NULL,'LCYBKJ','Tòa S2/Tầng 10/'),(244,'1101',NULL,NULL,0,0,3,82,NULL,270,1559637705,1559637705,NULL,NULL,'YIWO6D','Tòa S2/Tầng 11/'),(245,'1102',NULL,NULL,0,0,3,82,NULL,271,1559637705,1559637705,NULL,NULL,'H30VZU','Tòa S2/Tầng 11/'),(246,'1103',NULL,NULL,0,0,3,82,NULL,272,1559637705,1559637705,NULL,NULL,'CONDHI','Tòa S2/Tầng 11/'),(247,'1104',NULL,NULL,0,0,3,82,NULL,273,1559637705,1559637705,NULL,NULL,'NN6G6B','Tòa S2/Tầng 11/'),(248,'1105',NULL,NULL,0,0,3,82,NULL,274,1559637705,1559637705,NULL,NULL,'IYGY1V','Tòa S2/Tầng 11/'),(249,'1106',NULL,NULL,0,0,3,82,NULL,275,1559637705,1559637705,NULL,NULL,'AB3YIQ','Tòa S2/Tầng 11/'),(250,'1107',NULL,NULL,0,0,3,82,NULL,276,1559637705,1559637705,NULL,NULL,'9RCNLH','Tòa S2/Tầng 11/'),(251,'1108',NULL,NULL,0,0,3,82,NULL,277,1559637705,1559637705,NULL,NULL,'P7P9BT','Tòa S2/Tầng 11/'),(252,'1109',NULL,NULL,0,0,3,82,NULL,278,1559637705,1559637705,NULL,NULL,'HKLNUS','Tòa S2/Tầng 11/'),(253,'1110',NULL,NULL,0,0,3,82,NULL,279,1559637705,1559637705,NULL,NULL,'N4Q3FW','Tòa S2/Tầng 11/'),(254,'xgdfgfdhfghgfhfhfhfh',NULL,NULL,0,1,1,42,NULL,123123,1559708316,1559708322,6,6,'GEXKKG','Tòa S2/Tầng 6/'),(255,'12356',NULL,NULL,1,0,1,23,NULL,11112,1559708785,1559709946,6,6,'D6PF6L','Tòa S2/Tầng 8/'),(256,'1708',NULL,NULL,1,0,2,27,23,78,1559843833,1559843833,18,18,'BX40LK','Luci 1/Tang 2/');
/*!40000 ALTER TABLE `apartment` ENABLE KEYS */;
UNLOCK TABLES;

--
-- Table structure for table `apartment_map_resident_user`
--

DROP TABLE IF EXISTS `apartment_map_resident_user`;
/*!40101 SET @saved_cs_client     = @@character_set_client */;
/*!40101 SET character_set_client = utf8 */;
CREATE TABLE `apartment_map_resident_user` (
  `id` int(11) NOT NULL AUTO_INCREMENT,
  `apartment_id` int(11) DEFAULT NULL,
  `resident_user_id` int(11) DEFAULT NULL,
  `building_cluster_id` int(11) DEFAULT NULL,
  `building_area_id` int(11) DEFAULT NULL,
  `type` int(11) DEFAULT 0 COMMENT '0 - thành viên, 1 - chủ hộ, 2 - khách',
  `status` int(11) DEFAULT 1 COMMENT ' 0 - chưa active, 1 - đã active',
  `created_at` int(11) DEFAULT NULL,
  `updated_at` int(11) DEFAULT NULL,
  `created_by` int(11) DEFAULT NULL,
  `updated_by` int(11) DEFAULT NULL,
  `apartment_name` varchar(255) DEFAULT NULL,
  `apartment_capacity` int(11) DEFAULT NULL,
  `apartment_code` varchar(100) DEFAULT NULL,
  `resident_user_phone` varchar(100) DEFAULT NULL,
  `resident_user_email` varchar(255) DEFAULT NULL,
  `resident_user_first_name` varchar(255) DEFAULT NULL,
  `resident_user_last_name` varchar(255) DEFAULT NULL,
  `resident_user_avatar` varchar(255) DEFAULT NULL,
  `resident_user_gender` int(1) DEFAULT NULL,
  `resident_user_birthday` int(11) DEFAULT NULL,
  `apartment_parent_path` varchar(255) DEFAULT NULL,
  `install_app` int(11) DEFAULT 0 COMMENT '0 - chưa cài app, 1 đã cài app',
  PRIMARY KEY (`id`),
  KEY `idx-apartment_map_resident_user-apartment_id` (`apartment_id`),
  KEY `idx-apartment_map_resident_user-building_area_id` (`building_area_id`),
  KEY `idx-apartment_map_resident_user-building_cluster_id` (`building_cluster_id`),
  KEY `idx-apartment_map_resident_user-resident_user_id` (`resident_user_id`),
  KEY `idx-apartment_map_resident_user-status` (`status`),
  KEY `idx-apartment_map_resident_user-type` (`type`),
  KEY `idx-apartment_map_resident_user-apartment_code` (`apartment_code`),
  KEY `idx-apartment_map_resident_user-resident_user_phone` (`resident_user_phone`),
  KEY `idx-apartment_map_resident_user-resident_user_gender` (`resident_user_gender`),
  KEY `idx-apartment_map_resident_user-resident_user_birthday` (`resident_user_birthday`),
  KEY `idx-apartment_map_resident_user-install_app` (`install_app`)
) ENGINE=InnoDB AUTO_INCREMENT=317 DEFAULT CHARSET=utf8;
/*!40101 SET character_set_client = @saved_cs_client */;

--
-- Dumping data for table `apartment_map_resident_user`
--

LOCK TABLES `apartment_map_resident_user` WRITE;
/*!40000 ALTER TABLE `apartment_map_resident_user` DISABLE KEYS */;
INSERT INTO `apartment_map_resident_user` VALUES (7,7,10,1,23,1,1,1558508383,1558508383,5,5,'502',56,'xZR-Eq','84978928231',NULL,'Dương Quốc Huy',NULL,NULL,0,NULL,'Tòa S2/Tầng 5/',0),(11,9,14,2,27,0,1,1558678206,1558678206,18,18,'204',70,'rhiR69','84988888888',NULL,'A HUy',NULL,NULL,0,NULL,'Luci 1/Tang 2/',0),(13,9,13,2,27,1,1,1558691736,1558719555,13,7,'204',70,'rhiR69','84963093532','','Trương Hữu Hà',NULL,NULL,0,NULL,'Luci 1/Tang 2/',0),(15,8,1,2,27,0,1,1558693919,1558930165,1,1,'202',66,'uGj3QI','84366564963',NULL,'Phạm Duy Đạt',NULL,NULL,0,NULL,'Luci 1/Tang 2/',1),(16,10,6,2,26,0,1,1558708339,1559008514,6,6,'209',90,'tmGmrr','84966618558','','Lê Minh',NULL,NULL,0,NULL,'Luci 1/Tang 1/',1),(17,11,15,2,27,1,1,1558711170,1558719806,15,7,'201',80,'00UMKH','84989528899','','Lâm Hùng Sơn',NULL,NULL,0,NULL,'Luci 1/Tang 2/',1),(19,13,9,2,27,1,1,1558720156,1558752532,9,7,'203',80,'SVCPBY','84978928230',NULL,'Dương Quốc Huy',NULL,NULL,0,NULL,'Luci 1/Tang 2/',1),(20,14,18,1,23,1,1,1558766466,1559287141,18,19,'204',200,'UO3RFD','84961196368','','Như Lực',NULL,NULL,0,NULL,'Tòa S2/Tầng 5/',1),(21,15,19,1,35,1,1,1558767356,1558767356,6,6,'1007',202,'NCMXL2','84367103927',NULL,'Lương Thị A',NULL,NULL,0,NULL,'Tòa S1/Tầng 10/',1),(23,11,20,2,27,0,1,1558773774,1558773774,7,7,'201',80,'00UMKH','84974221890',NULL,'Nguyễn Văn Linh',NULL,NULL,0,NULL,'Luci 1/Tang 2/',0),(28,49,25,1,46,1,1,1558775435,1558775435,6,6,'1010',123,'GXYEVW','84150940594',NULL,'Nhà mạng Gmobie được ra m',NULL,NULL,0,NULL,'Tòa S2/Tầng 10/',0),(29,10,26,2,26,1,1,1558775847,1559642200,7,7,'209',90,'tmGmrr','84977421231',NULL,'Hoàng Thùy Linh',NULL,NULL,0,NULL,'Luci 1/Tang 1/',0),(32,34,29,1,33,1,1,1558776545,1558776545,20,20,'8009',96,'MLBGDB','84984784172',NULL,'Nguyễn Hoàng Quân',NULL,NULL,0,NULL,'Tòa S1/Tầng 8/',0),(37,35,33,1,33,1,1,1558779277,1558779277,20,20,'8010',78,'CBFHFG','84379360898',NULL,'Phạm Xuân Dương',NULL,NULL,0,NULL,'Tòa S1/Tầng 8/',0),(38,37,9,1,34,1,1,1558780663,1558780663,20,20,'9002',165,'MKXJ9L','84978928230',NULL,'Dương Quốc Huy',NULL,NULL,0,NULL,'Tòa S1/Tầng 9/',1),(39,36,19,1,34,0,1,1558781317,1558781317,19,19,'9001',165,'DYWJ5L','84367103927',NULL,'Lương Thị A',NULL,NULL,0,NULL,'Tòa S1/Tầng 9/',1),(40,8,9,2,27,0,1,1558940812,1558940812,9,9,'202',66,'uGj3QI','84978928230',NULL,'Dương Quốc Huy',NULL,NULL,0,NULL,'Luci 1/Tang 2/',1),(41,51,1,2,26,1,1,1558948076,1558948076,18,18,'1504',68,'DMUWKI','84366564963',NULL,'Phạm Duy Đạt',NULL,NULL,0,NULL,'Luci 1/Tang 1/',1),(42,51,34,2,26,0,1,1558948130,1558948130,1,1,'1504',68,'DMUWKI','09876545',NULL,'Pham Minh Duc',NULL,'/uploads/images/201905/1558948103-img_0003.jpg',0,13,'Luci 1/Tang 1/',0),(43,51,35,2,26,0,1,1558948610,1558948610,1,1,'1504',68,'DMUWKI','09876544567',NULL,'Pham Ngoc Anh',NULL,'/uploads/images/201905/1558948593-img_0006.heic',0,13,'Luci 1/Tang 1/',0),(44,51,18,2,26,0,1,1558951349,1558951349,18,18,'1504',68,'DMUWKI','84961196368','','Như Lực',NULL,NULL,0,NULL,'Luci 1/Tang 1/',1),(45,10,36,2,26,0,1,1559008334,1559008334,36,36,'209',90,'tmGmrr','84968234085','','Công Linh',NULL,NULL,0,NULL,'Luci 1/Tang 1/',1),(46,8,6,2,27,1,1,1559008563,1559637714,6,7,'202',66,'uGj3QI','84966618558','','Lê Minh',NULL,NULL,0,NULL,'Luci 1/Tang 2/',1),(47,10,37,2,26,0,1,1559014227,1559014227,18,18,'209',90,'tmGmrr','8498797678',NULL,'Nguyễn Trâm Anh',NULL,NULL,0,NULL,'Luci 1/Tang 1/',0),(48,52,36,2,27,1,1,1559017067,1559017067,18,18,'1209',100,'HTTDIF','84968234085','','Công Linh',NULL,NULL,0,NULL,'Luci 1/Tang 2/',1),(49,11,38,2,27,0,1,1559032532,1559032532,15,15,'201',80,'00UMKH','098452854233',NULL,'Nguyễn Quốc Huy',NULL,NULL,0,28,'Luci 1/Tang 2/',0),(50,10,1,2,26,0,1,1559095959,1559095959,1,1,'209',90,'tmGmrr','84366564963',NULL,'Phạm Duy Đạt',NULL,NULL,0,NULL,'Luci 1/Tang 1/',1),(51,53,1,1,51,1,1,1559104233,1559104233,1,1,'1504',68,'GNASX2','84366564963',NULL,'Phạm Duy Đạt',NULL,NULL,0,NULL,'Tòa S2/Tầng 15/',1),(52,13,1,2,27,0,1,1559127221,1559127221,1,1,'203',80,'SVCPBY','84366564963',NULL,'Phạm Duy Đạt',NULL,NULL,0,NULL,'Luci 1/Tang 2/',1),(53,35,39,1,33,0,1,1559549273,1559549273,6,6,'8010',78,'CBFHFG','84977920221',NULL,'Ngô Vân Anh',NULL,NULL,0,NULL,'Tòa S1/Tầng 8/',0),(54,37,40,1,34,0,1,1559549383,1559549383,6,6,'9002',165,'MKXJ9L','84977920222',NULL,'Bùi Thiên Lam',NULL,NULL,0,NULL,'Tòa S1/Tầng 9/',0),(55,25,41,1,32,1,1,1559549415,1559549415,6,6,'7010',198,'5OFKMP','84977920223',NULL,'Nguyễn Ngọc Anh',NULL,NULL,0,NULL,'Tòa S1/Tầng 7/',0),(56,53,42,1,51,0,1,1559549443,1559549443,6,6,'1504',68,'GNASX2','84977920225',NULL,'Trần Thị Nhàn',NULL,NULL,0,NULL,'Tòa S2/Tầng 15/',0),(58,11,1,2,27,0,1,1559573255,1559573255,1,1,'201',80,'00UMKH','84366564963',NULL,'Phạm Duy Đạt',NULL,'https://resident.staging.building.luci.vn/uploads/images/201906/1559554682-img_0003.jpg',0,NULL,'Luci 1/Tang 2/',1),(59,54,39,3,73,1,1,1559637712,1559637712,NULL,NULL,'2001',80,'ZJLQAC','84977920221',NULL,'Ngô Vân Anh',NULL,NULL,0,NULL,'Tòa S1/Tầng 2/',0),(60,55,40,3,73,1,1,1559637712,1559637712,NULL,NULL,'2002',81,'BH4ICW','84977920222',NULL,'Bùi Thiên Lam',NULL,NULL,0,NULL,'Tòa S1/Tầng 2/',0),(61,56,41,3,73,1,1,1559637712,1559637712,NULL,NULL,'2003',82,'WTA9KK','84977920223',NULL,'Nguyễn Ngọc Anh',NULL,NULL,0,NULL,'Tòa S1/Tầng 2/',0),(62,57,44,3,73,1,1,1559637713,1559637713,NULL,NULL,'2004',83,'KTMTPZ','84977920224',NULL,'Phạm Thu Hà',NULL,NULL,0,NULL,'Tòa S1/Tầng 2/',0),(63,58,42,3,73,1,1,1559637713,1559637713,NULL,NULL,'2005',84,'NJFMMP','84977920225',NULL,'Trần Thị Nhàn',NULL,NULL,0,NULL,'Tòa S1/Tầng 2/',0),(64,59,45,3,73,1,1,1559637713,1559637713,NULL,NULL,'2006',85,'FO31X0','84977920226',NULL,'Vũ Thị Hòa',NULL,NULL,0,NULL,'Tòa S1/Tầng 2/',0),(65,60,46,3,73,1,1,1559637714,1559637714,NULL,NULL,'2007',86,'RKI99S','84977920227',NULL,'Đặng Thị Ngọc Anh',NULL,NULL,0,NULL,'Tòa S1/Tầng 2/',0),(66,61,47,3,73,1,1,1559637714,1559637714,NULL,NULL,'2008',87,'X5ISKI','84977920228',NULL,'Lê Văn Huân',NULL,NULL,0,NULL,'Tòa S1/Tầng 2/',0),(67,62,48,3,73,1,1,1559637715,1559637715,NULL,NULL,'2009',88,'IJ49YG','84977920229',NULL,'Đỗ Triệu Phú',NULL,NULL,0,NULL,'Tòa S1/Tầng 2/',0),(68,63,49,3,73,1,1,1559637715,1559637715,NULL,NULL,'2010',89,'MQPT6X','84977920230',NULL,'Lưu Thành Trung',NULL,NULL,0,NULL,'Tòa S1/Tầng 2/',0),(69,64,50,3,74,1,1,1559637716,1559637716,NULL,NULL,'3001',90,'MUX8EA','84977920231',NULL,'Nguyễn Thị Thanh Hoài',NULL,NULL,0,NULL,'Tòa S1/Tầng 3/',0),(70,65,51,3,74,1,1,1559637716,1559637716,NULL,NULL,'3002',91,'VZKUEJ','84977920232',NULL,'Trần Thị Hoa',NULL,NULL,0,NULL,'Tòa S1/Tầng 3/',0),(71,66,52,3,74,1,1,1559637717,1559637717,NULL,NULL,'3003',92,'6E23LL','84977920233',NULL,'Trần Thị Hạnh',NULL,NULL,0,NULL,'Tòa S1/Tầng 3/',0),(72,67,53,3,74,1,1,1559637717,1559637717,NULL,NULL,'3004',93,'1NABFB','84977920234',NULL,'Hoàng Hoa Cương',NULL,NULL,0,NULL,'Tòa S1/Tầng 3/',0),(73,68,54,3,74,1,1,1559637718,1559637718,NULL,NULL,'3005',94,'SMLKZ8','84977920235',NULL,'Đào Tiến Dũng',NULL,NULL,0,NULL,'Tòa S1/Tầng 3/',0),(74,69,55,3,74,1,1,1559637718,1559637718,NULL,NULL,'3006',95,'EDXJL6','84977920236',NULL,'Nguyễn Thị Hương',NULL,NULL,0,NULL,'Tòa S1/Tầng 3/',0),(75,70,56,3,74,1,1,1559637719,1559637719,NULL,NULL,'3007',96,'9XRNUS','84977920237',NULL,'Nguyễn Thị Tuyết',NULL,NULL,0,NULL,'Tòa S1/Tầng 3/',0),(76,71,57,3,74,1,1,1559637719,1559637719,NULL,NULL,'3008',97,'MGHK4E','84977920238',NULL,'Đinh Thị Thúy Hằng',NULL,NULL,0,NULL,'Tòa S1/Tầng 3/',0),(77,72,58,3,74,1,1,1559637720,1559637720,NULL,NULL,'3009',98,'WH3UKP','84977920239',NULL,'Vũ Thị Huyền',NULL,NULL,0,NULL,'Tòa S1/Tầng 3/',0),(78,73,59,3,74,1,1,1559637720,1559637720,NULL,NULL,'3010',99,'HEFJMT','84977920240',NULL,'Vũ Văn Minh',NULL,NULL,0,NULL,'Tòa S1/Tầng 3/',0),(79,74,60,3,75,1,1,1559637720,1559637720,NULL,NULL,'4001',100,'QSNDO5','84977920241',NULL,'Vũ Thị Lan Phương',NULL,NULL,0,NULL,'Tòa S1/Tầng 4/',0),(80,75,61,3,75,1,1,1559637721,1559637721,NULL,NULL,'4002',101,'MGEZRD','84977920242',NULL,'Phạm Thị Thùy Linh',NULL,NULL,0,NULL,'Tòa S1/Tầng 4/',0),(81,76,62,3,75,1,1,1559637721,1559637721,NULL,NULL,'4003',102,'20GZAS','84977920243',NULL,'Đỗ Long Biên',NULL,NULL,0,NULL,'Tòa S1/Tầng 4/',0),(82,77,63,3,75,1,1,1559637722,1559637722,NULL,NULL,'4004',103,'FCJO5L','84977920244',NULL,'Trần Thị Hiền',NULL,NULL,0,NULL,'Tòa S1/Tầng 4/',0),(83,78,64,3,75,1,1,1559637722,1559637722,NULL,NULL,'4005',104,'YABFBR','84977920245',NULL,'Nguyễn Thị Hương Giang',NULL,NULL,0,NULL,'Tòa S1/Tầng 4/',0),(84,79,65,3,75,1,1,1559637723,1559637723,NULL,NULL,'4006',105,'JAAIKR','84977920246',NULL,'Bùi Tuấn Trình',NULL,NULL,0,NULL,'Tòa S1/Tầng 4/',0),(85,80,66,3,75,1,1,1559637723,1559637723,NULL,NULL,'4007',106,'TQ6KQ6','84977920247',NULL,'Phạm Thùy Ninh',NULL,NULL,0,NULL,'Tòa S1/Tầng 4/',0),(86,81,67,3,75,1,1,1559637724,1559637724,NULL,NULL,'4008',107,'6MF3OQ','84977920248',NULL,'Trịnh Quang Trường',NULL,NULL,0,NULL,'Tòa S1/Tầng 4/',0),(87,82,68,3,75,1,1,1559637724,1559637724,NULL,NULL,'4009',108,'ZDANGT','84977920249',NULL,'Lê Mạnh Toàn',NULL,NULL,0,NULL,'Tòa S1/Tầng 4/',0),(88,83,69,3,75,1,1,1559637725,1559637725,NULL,NULL,'4010',109,'KHW5ZJ','84977920250',NULL,'Lê Mạnh Cường',NULL,NULL,0,NULL,'Tòa S1/Tầng 4/',0),(89,84,70,3,76,1,1,1559637725,1559637725,NULL,NULL,'5001',110,'1CHOA9','84977920251',NULL,'Hoàng Thị Tuyết Lan',NULL,NULL,0,NULL,'Tòa S1/Tầng 5/',0),(90,85,71,3,76,1,1,1559637726,1559637726,NULL,NULL,'5002',111,'AIHXFC','84977920252',NULL,'Vũ Thị Hồng Nhung',NULL,NULL,0,NULL,'Tòa S1/Tầng 5/',0),(91,86,72,3,76,1,1,1559637726,1559637726,NULL,NULL,'5003',112,'9CGJHB','84977920253',NULL,'Nguyễn Văn Học',NULL,NULL,0,NULL,'Tòa S1/Tầng 5/',0),(92,87,73,3,76,1,1,1559637727,1559637727,NULL,NULL,'5004',113,'PKI8OV','84977920254',NULL,'Đỗ Thị Phương Thanh',NULL,NULL,0,NULL,'Tòa S1/Tầng 5/',0),(93,88,74,3,76,1,1,1559637727,1559637727,NULL,NULL,'5005',114,'4SIBFR','84977920255',NULL,'Bùi Thị Thuý Vân',NULL,NULL,0,NULL,'Tòa S1/Tầng 5/',0),(94,89,75,3,76,1,1,1559637728,1559637728,NULL,NULL,'5006',115,'67KDKH','84977920256',NULL,'TrầnThu Hằng',NULL,NULL,0,NULL,'Tòa S1/Tầng 5/',0),(95,90,76,3,76,1,1,1559637728,1559637728,NULL,NULL,'5007',116,'ATAFH5','84977920257',NULL,'Vũ Văn Bình',NULL,NULL,0,NULL,'Tòa S1/Tầng 5/',0),(96,91,77,3,76,1,1,1559637728,1559637728,NULL,NULL,'5008',117,'XGVMHE','84977920258',NULL,'Ngô Tiến Thông',NULL,NULL,0,NULL,'Tòa S1/Tầng 5/',0),(97,92,78,3,76,1,1,1559637729,1559637729,NULL,NULL,'5009',118,'LLMBV2','84977920259',NULL,'Trần Thanh Tuấn',NULL,NULL,0,NULL,'Tòa S1/Tầng 5/',0),(98,93,79,3,76,1,1,1559637729,1559637729,NULL,NULL,'5010',119,'TQMTDH','84977920260',NULL,'Nguyễn Minh Tuấn',NULL,NULL,0,NULL,'Tòa S1/Tầng 5/',0),(99,94,80,3,77,1,1,1559637730,1559637730,NULL,NULL,'6001',120,'DQS0AL','84977920261',NULL,'Phạm Thị Phương Thu',NULL,NULL,0,NULL,'Tòa S1/Tầng 6/',0),(100,95,81,3,77,1,1,1559637730,1559637730,NULL,NULL,'6002',121,'4AVE45','84977920262',NULL,'Đặng Thị Hồng',NULL,NULL,0,NULL,'Tòa S1/Tầng 6/',0),(101,96,82,3,77,1,1,1559637731,1559637731,NULL,NULL,'6003',122,'QVORKD','84977920263',NULL,'Trịnh Thị Hải Lộc',NULL,NULL,0,NULL,'Tòa S1/Tầng 6/',0),(102,97,83,3,77,1,1,1559637731,1559637731,NULL,NULL,'6004',123,'DQCY7E','84977920264',NULL,'Bùi Mai Chang',NULL,NULL,0,NULL,'Tòa S1/Tầng 6/',0),(103,98,84,3,77,1,1,1559637732,1559637732,NULL,NULL,'6005',124,'73OSKR','84977920265',NULL,'Nguyễn Xuân Khanh',NULL,NULL,0,NULL,'Tòa S1/Tầng 6/',0),(104,99,85,3,77,1,1,1559637732,1559637732,NULL,NULL,'6006',125,'RABFYH','84977920266',NULL,'Vũ Thị Mai Hạnh',NULL,NULL,0,NULL,'Tòa S1/Tầng 6/',0),(105,100,86,3,77,1,1,1559637733,1559637733,NULL,NULL,'6007',126,'N9HRYR','84977920267',NULL,'Lẫ Đắc Hấn',NULL,NULL,0,NULL,'Tòa S1/Tầng 6/',0),(106,101,87,3,77,1,1,1559637733,1559637733,NULL,NULL,'6008',127,'CBSN7I','84977920268',NULL,'Trần Thị Vân Anh',NULL,NULL,0,NULL,'Tòa S1/Tầng 6/',0),(107,102,88,3,77,1,1,1559637734,1559637734,NULL,NULL,'6009',128,'VAKIAW','84977920269',NULL,'Trần Thị Liên',NULL,NULL,0,NULL,'Tòa S1/Tầng 6/',0),(108,103,89,3,77,1,1,1559637734,1559637734,NULL,NULL,'6010',129,'SJO4H9','84977920270',NULL,'Phạm Văn Đông',NULL,NULL,0,NULL,'Tòa S1/Tầng 6/',0),(109,16,90,1,32,0,1,1559637735,1559637735,NULL,NULL,'7001',105,'E7CC6T','84977920271',NULL,'Vũ Khánh Tùng',NULL,NULL,0,NULL,'Tòa S1/Tầng 7/',0),(110,17,91,1,32,0,1,1559637735,1559637735,NULL,NULL,'7002',106,'WHICEW','84977920272',NULL,'Đoàn Khánh Hải',NULL,NULL,0,NULL,'Tòa S1/Tầng 7/',0),(111,18,92,1,32,0,1,1559637736,1559637736,NULL,NULL,'7003',200,'VFM1HL','84977920273',NULL,'Lý T Thu Hà',NULL,NULL,0,NULL,'Tòa S1/Tầng 7/',0),(112,19,93,1,32,0,1,1559637736,1559637736,NULL,NULL,'7004',105,'T6ZBNS','84977920274',NULL,'Lê Đắc Đoan',NULL,NULL,0,NULL,'Tòa S1/Tầng 7/',0),(113,20,94,1,32,0,1,1559637737,1559637737,NULL,NULL,'7005',190,'2PKMLA','84977920275',NULL,'Dương T Thu Huyền',NULL,NULL,0,NULL,'Tòa S1/Tầng 7/',0),(114,21,95,1,32,0,1,1559637737,1559637737,NULL,NULL,'7006',170,'CD9LJ7','84977920276',NULL,'Hoàng Văn Thùy',NULL,NULL,0,NULL,'Tòa S1/Tầng 7/',0),(115,22,96,1,32,0,1,1559637737,1559637737,NULL,NULL,'7007',189,'XBPUFC','84977920277',NULL,'Dương Thị Yến',NULL,NULL,0,NULL,'Tòa S1/Tầng 7/',0),(116,23,97,1,32,0,1,1559637738,1559637738,NULL,NULL,'7008',145,'YOMUF8','84977920278',NULL,'Bùi Thị Hường',NULL,NULL,0,NULL,'Tòa S1/Tầng 7/',0),(117,24,98,1,32,0,1,1559637738,1559637738,NULL,NULL,'7009',165,'OLAF6D','84977920279',NULL,'Đặng Thị Thanh Nhàn',NULL,NULL,0,NULL,'Tòa S1/Tầng 7/',0),(118,26,100,1,33,0,1,1559637739,1559637739,NULL,NULL,'8001',154,'AX59QF','84977920281',NULL,'Vũ Văn Tùng',NULL,NULL,0,NULL,'Tòa S1/Tầng 8/',0),(119,27,101,1,33,0,1,1559637740,1559637740,NULL,NULL,'8002',106,'RZFZQJ','84977920282',NULL,'Nguyễn Văn Hoan',NULL,NULL,0,NULL,'Tòa S1/Tầng 8/',0),(120,28,102,1,33,0,1,1559637740,1559637740,NULL,NULL,'8003',165,'SHA2HV','84977920283',NULL,'Nguyễn T Thu Hương',NULL,NULL,0,NULL,'Tòa S1/Tầng 8/',0),(121,29,103,1,33,0,1,1559637741,1559637741,NULL,NULL,'8004',136,'UYIXUK','84977920284',NULL,'Bùi T Mai Trang',NULL,NULL,0,NULL,'Tòa S1/Tầng 8/',0),(122,30,104,1,33,0,1,1559637741,1559637741,NULL,NULL,'8005',178,'GHM7PA','84977920285',NULL,'Nguyễn T Minh Hồng',NULL,NULL,0,NULL,'Tòa S1/Tầng 8/',0),(123,31,105,1,33,0,1,1559637742,1559637742,NULL,NULL,'8006',172,'SUPMJV','84977920286',NULL,'Trần Thị Mai Ngọc',NULL,NULL,0,NULL,'Tòa S1/Tầng 8/',0),(124,32,106,1,33,0,1,1559637742,1559637742,NULL,NULL,'8007',164,'MJMNEQ','84977920287',NULL,'Vũ Thị Thủy',NULL,NULL,0,NULL,'Tòa S1/Tầng 8/',0),(125,33,107,1,33,0,1,1559637743,1559637743,NULL,NULL,'8008',89,'XPNCDB','84977920288',NULL,'Phạm Thị Xuyên',NULL,NULL,0,NULL,'Tòa S1/Tầng 8/',0),(126,36,110,1,34,0,1,1559637744,1559637744,NULL,NULL,'9001',165,'DYWJ5L','84977920291',NULL,'Hồ Thị Huệ',NULL,NULL,0,NULL,'Tòa S1/Tầng 9/',0),(127,38,112,1,34,0,1,1559637745,1559637745,NULL,NULL,'9003',154,'LEN6T5','84977920293',NULL,'Vũ Thị Hải Hà',NULL,NULL,0,NULL,'Tòa S1/Tầng 9/',0),(128,128,114,3,80,1,1,1559637746,1559637746,NULL,NULL,'9005',154,'NCPC1F','84977920295',NULL,'Lê Chí Nguyện',NULL,NULL,0,NULL,'Tòa S1/Tầng 9/',0),(129,129,115,3,80,1,1,1559637746,1559637746,NULL,NULL,'9006',155,'X6QQCU','84977920296',NULL,'Nguyễn Chiến Vương',NULL,NULL,0,NULL,'Tòa S1/Tầng 9/',0),(130,130,116,3,80,1,1,1559637747,1559637747,NULL,NULL,'9007',156,'JZHPKF','84977920297',NULL,'Nguyễn Minh Hồng',NULL,NULL,0,NULL,'Tòa S1/Tầng 9/',0),(131,131,117,3,80,1,1,1559637747,1559637747,NULL,NULL,'9008',157,'PDNNKD','84977920298',NULL,'Vũ Thị Thanh Hoa',NULL,NULL,0,NULL,'Tòa S1/Tầng 9/',0),(132,132,118,3,80,1,1,1559637748,1559637748,NULL,NULL,'9009',158,'9WSWDM','84977920299',NULL,'Nguyễn Thành Công',NULL,NULL,0,NULL,'Tòa S1/Tầng 9/',0),(133,133,119,3,80,1,1,1559637748,1559637748,NULL,NULL,'9010',159,'TJPG1C','84977920300',NULL,'Phạm Quang Huy',NULL,NULL,0,NULL,'Tòa S1/Tầng 9/',0),(134,134,120,3,81,1,1,1559637749,1559637749,NULL,NULL,'1001',160,'LPRNAD','84977920301',NULL,'Phạm Quốc Bình',NULL,NULL,0,NULL,'Tòa S1/Tầng 10/',0),(135,135,121,3,81,1,1,1559637749,1559637749,NULL,NULL,'1002',161,'EELSKC','84977920302',NULL,'Trịnh Thị Việt Nga',NULL,NULL,0,NULL,'Tòa S1/Tầng 10/',0),(136,136,122,3,81,1,1,1559637750,1559637750,NULL,NULL,'1003',162,'ORTTYF','84977920303',NULL,'Đỗ Thị Thuý Mai',NULL,NULL,0,NULL,'Tòa S1/Tầng 10/',0),(137,137,123,3,81,1,1,1559637750,1559637750,NULL,NULL,'1004',163,'RIXYAJ','84977920304',NULL,'Trần Tất Thắng',NULL,NULL,0,NULL,'Tòa S1/Tầng 10/',0),(138,138,124,3,81,1,1,1559637751,1559637751,NULL,NULL,'1005',164,'E47YGB','84977920305',NULL,'Nguyễn Viết Toán',NULL,NULL,0,NULL,'Tòa S1/Tầng 10/',0),(139,139,125,3,81,1,1,1559637751,1559637751,NULL,NULL,'1006',165,'KYNVOH','84977920306',NULL,'Bùi Đức Phong',NULL,NULL,0,NULL,'Tòa S1/Tầng 10/',0),(140,141,127,3,81,1,1,1559637752,1559637752,NULL,NULL,'1008',167,'CSMSG8','84977920308',NULL,'Nguyễn Minh Quang',NULL,NULL,0,NULL,'Tòa S1/Tầng 10/',0),(141,142,128,3,81,1,1,1559637753,1559637753,NULL,NULL,'1009',168,'CJIU9P','84977920309',NULL,'Nguyễn Ngọc Cường',NULL,NULL,0,NULL,'Tòa S1/Tầng 10/',0),(142,143,129,3,81,1,1,1559637753,1559637753,NULL,NULL,'1010',169,'TB1Y1Y','84977920310',NULL,'Phùng Tuyết Trang',NULL,NULL,0,NULL,'Tòa S1/Tầng 10/',0),(143,144,130,3,83,1,1,1559637753,1559637753,NULL,NULL,'1101',170,'RPQGO3','84977920311',NULL,'Ngô Thị Thuỳ Dương',NULL,NULL,0,NULL,'Tòa S1/Tầng 11/',0),(144,145,131,3,83,1,1,1559637754,1559637754,NULL,NULL,'1102',171,'VKBZJN','84977920312',NULL,'Vũ Thị Mai Hương',NULL,NULL,0,NULL,'Tòa S1/Tầng 11/',0),(145,146,132,3,83,1,1,1559637754,1559637754,NULL,NULL,'1103',172,'RU935R','84977920313',NULL,'Trịnh Thị Thu Trang',NULL,NULL,0,NULL,'Tòa S1/Tầng 11/',0),(146,147,133,3,83,1,1,1559637755,1559637755,NULL,NULL,'1104',173,'SLBSPG','84977920314',NULL,'Vũ Thị Lý',NULL,NULL,0,NULL,'Tòa S1/Tầng 11/',0),(147,148,134,3,83,1,1,1559637755,1559637755,NULL,NULL,'1105',174,'HJOWEP','84977920315',NULL,'Lưu Thị Hà',NULL,NULL,0,NULL,'Tòa S1/Tầng 11/',0),(148,149,135,3,83,1,1,1559637756,1559637756,NULL,NULL,'1106',175,'6MFBDU','84977920316',NULL,'Nguyễn Thị Thơ',NULL,NULL,0,NULL,'Tòa S1/Tầng 11/',0),(149,150,136,3,83,1,1,1559637756,1559637756,NULL,NULL,'1107',176,'7DOR1P','84977920317',NULL,'Nguyễn Thị Ánh Nguyệt',NULL,NULL,0,NULL,'Tòa S1/Tầng 11/',0),(150,151,137,3,83,1,1,1559637757,1559637757,NULL,NULL,'1108',177,'GFD7KG','84977920318',NULL,'Hoàng Thị Yến Ly',NULL,NULL,0,NULL,'Tòa S1/Tầng 11/',0),(151,152,138,3,83,1,1,1559637757,1559637757,NULL,NULL,'1109',178,'CMT3DR','84977920319',NULL,'Nguyễn Thị Bích Hường',NULL,NULL,0,NULL,'Tòa S1/Tầng 11/',0),(152,153,139,3,83,1,1,1559637758,1559637758,NULL,NULL,'1110',179,'PYUTP7','84977920320',NULL,'Bùi Thị Nga',NULL,NULL,0,NULL,'Tòa S1/Tầng 11/',0),(153,154,140,3,63,1,1,1559637758,1559637758,NULL,NULL,'2001',180,'BWMISO','84977920321',NULL,'Chu Hoàng Hải',NULL,NULL,0,NULL,'Tòa S2/Tầng 2/',0),(154,155,141,3,63,1,1,1559637759,1559637759,NULL,NULL,'2002',181,'CWHKUK','84977920322',NULL,'Trịnh Văn Thành',NULL,NULL,0,NULL,'Tòa S2/Tầng 2/',0),(155,156,142,3,63,1,1,1559637759,1559637759,NULL,NULL,'2003',182,'LF8SFB','84977920323',NULL,'Lê Thị Lan',NULL,NULL,0,NULL,'Tòa S2/Tầng 2/',0),(156,157,143,3,63,1,1,1559637760,1559637760,NULL,NULL,'2004',183,'IMV4OY','84977920324',NULL,'Hoàng Cảnh Dương',NULL,NULL,0,NULL,'Tòa S2/Tầng 2/',0),(157,158,144,3,63,1,1,1559637760,1559637760,NULL,NULL,'2005',184,'9A8SVM','84977920325',NULL,'Hoàng Thị Thu Trang',NULL,NULL,0,NULL,'Tòa S2/Tầng 2/',0),(158,159,145,3,63,1,1,1559637761,1559637761,NULL,NULL,'2006',185,'LUWISU','84977920326',NULL,'Nguyễn Thị Nhã',NULL,NULL,0,NULL,'Tòa S2/Tầng 2/',0),(159,160,146,3,63,1,1,1559637761,1559637761,NULL,NULL,'2007',186,'THEKSC','84977920327',NULL,'Nguyễn Thị Bích Hồng',NULL,NULL,0,NULL,'Tòa S2/Tầng 2/',0),(160,161,147,3,63,1,1,1559637761,1559637761,NULL,NULL,'2008',188,'P4AMC2','84977920328',NULL,'Vũ Thị Thu Quyên',NULL,NULL,0,NULL,'Tòa S2/Tầng 2/',0),(161,162,148,3,63,1,1,1559637762,1559637762,NULL,NULL,'2009',188,'EHXPMN','84977920329',NULL,'Nguyễn Văn Tiến',NULL,NULL,0,NULL,'Tòa S2/Tầng 2/',0),(162,163,149,3,63,1,1,1559637762,1559637762,NULL,NULL,'2010',189,'LCUK3O','84977920330',NULL,'Trần Vũ Hải',NULL,NULL,0,NULL,'Tòa S2/Tầng 2/',0),(163,164,150,3,64,1,1,1559637763,1559637763,NULL,NULL,'3001',190,'T5IVFK','84977920331',NULL,'Trần Ngọc Hà',NULL,NULL,0,NULL,'Tòa S2/Tầng 3/',0),(164,165,151,3,64,1,1,1559637763,1559637763,NULL,NULL,'3002',191,'UDCPIC','84977920332',NULL,'Phạm Thị Lệ',NULL,NULL,0,NULL,'Tòa S2/Tầng 3/',0),(165,166,152,3,64,1,1,1559637764,1559637764,NULL,NULL,'3003',192,'B7NG7R','84977920333',NULL,'Nguyễn Ngọc Quỳnh',NULL,NULL,0,NULL,'Tòa S2/Tầng 3/',0),(166,167,153,3,64,1,1,1559637764,1559637764,NULL,NULL,'3004',193,'XCOGHJ','84977920334',NULL,'Phan Quang Sơn',NULL,NULL,0,NULL,'Tòa S2/Tầng 3/',0),(167,168,154,3,64,1,1,1559637765,1559637765,NULL,NULL,'3005',194,'OTB29P','84977920335',NULL,'Đỗ Thị Thùy Dung',NULL,NULL,0,NULL,'Tòa S2/Tầng 3/',0),(168,169,155,3,64,1,1,1559637765,1559637765,NULL,NULL,'3006',195,'7DSGA5','84977920336',NULL,'Đặng Thị Thu',NULL,NULL,0,NULL,'Tòa S2/Tầng 3/',0),(169,170,156,3,64,1,1,1559637766,1559637766,NULL,NULL,'3007',196,'2LSILQ','84977920337',NULL,'Nguyễn Thị Thanh Thảo',NULL,NULL,0,NULL,'Tòa S2/Tầng 3/',0),(170,171,157,3,64,1,1,1559637766,1559637766,NULL,NULL,'3008',197,'GQ7SPY','84977920338',NULL,'Đào Thị Thanh Hương',NULL,NULL,0,NULL,'Tòa S2/Tầng 3/',0),(171,172,158,3,64,1,1,1559637767,1559637767,NULL,NULL,'3009',198,'P89YQH','84977920339',NULL,'Phạm Thị Khánh Thiện',NULL,NULL,0,NULL,'Tòa S2/Tầng 3/',0),(172,173,159,3,64,1,1,1559637767,1559637767,NULL,NULL,'3010',199,'SCLJE2','84977920340',NULL,'Vũ Duy Độ',NULL,NULL,0,NULL,'Tòa S2/Tầng 3/',0),(173,174,160,3,65,1,1,1559637768,1559637768,NULL,NULL,'4001',200,'WZXGPR','84977920341',NULL,'Trần Phan Tuấn',NULL,NULL,0,NULL,'Tòa S2/Tầng 4/',0),(174,175,161,3,65,1,1,1559637768,1559637768,NULL,NULL,'4002',201,'F0BXKF','84977920342',NULL,'Vũ Thị Mai Hương',NULL,NULL,0,NULL,'Tòa S2/Tầng 4/',0),(175,176,162,3,65,1,1,1559637769,1559637769,NULL,NULL,'4003',202,'QVDVOF','84977920343',NULL,'Nguyễn Tiến Sỹ',NULL,NULL,0,NULL,'Tòa S2/Tầng 4/',0),(176,177,163,3,65,1,1,1559637769,1559637769,NULL,NULL,'4004',203,'XI141A','84977920344',NULL,'Hoàng Trung Lâm',NULL,NULL,0,NULL,'Tòa S2/Tầng 4/',0),(177,178,164,3,65,1,1,1559637770,1559637770,NULL,NULL,'4005',204,'FE7MCS','84977920345',NULL,'Nguyễn Ngọc Tuấn',NULL,NULL,0,NULL,'Tòa S2/Tầng 4/',0),(178,179,165,3,65,1,1,1559637770,1559637770,NULL,NULL,'4006',205,'9KLLFE','84977920346',NULL,'Nguyễn Thị Ngọc',NULL,NULL,0,NULL,'Tòa S2/Tầng 4/',0),(179,180,166,3,65,1,1,1559637770,1559637770,NULL,NULL,'4007',206,'ZACLUR','84977920347',NULL,'Phạm Văn Thư',NULL,NULL,0,NULL,'Tòa S2/Tầng 4/',0),(180,181,167,3,65,1,1,1559637771,1559637771,NULL,NULL,'4008',207,'FD5JVX','84977920348',NULL,'Lê Thành',NULL,NULL,0,NULL,'Tòa S2/Tầng 4/',0),(181,182,168,3,65,1,1,1559637771,1559637771,NULL,NULL,'4009',208,'IYCEQM','84977920349',NULL,'Phan Thị Hòa',NULL,NULL,0,NULL,'Tòa S2/Tầng 4/',0),(182,183,169,3,65,1,1,1559637772,1559637772,NULL,NULL,'4010',209,'KWJLIK','84977920350',NULL,'Mai Thị Hương Giang',NULL,NULL,0,NULL,'Tòa S2/Tầng 4/',0),(183,184,170,3,66,1,1,1559637772,1559637772,NULL,NULL,'5001',210,'RGRSOK','84977920351',NULL,'Ngô Thị Hiền',NULL,NULL,0,NULL,'Tòa S2/Tầng 5/',0),(184,185,171,3,66,1,1,1559637773,1559637773,NULL,NULL,'5002',211,'MCXIWF','84977920352',NULL,'Nguyễn Huy Bảo',NULL,NULL,0,NULL,'Tòa S2/Tầng 5/',0),(185,186,172,3,66,1,1,1559637773,1559637773,NULL,NULL,'5003',212,'AO3HGI','84977920353',NULL,'Phạm Xuân Hưởng',NULL,NULL,0,NULL,'Tòa S2/Tầng 5/',0),(186,187,173,3,66,1,1,1559637774,1559637774,NULL,NULL,'5004',213,'ICMMF8','84977920354',NULL,'Nguyễn Thị Kim Oanh',NULL,NULL,0,NULL,'Tòa S2/Tầng 5/',0),(187,188,174,3,66,1,1,1559637774,1559637774,NULL,NULL,'5005',214,'IM4WPC','84977920355',NULL,'Nguyễn Thị Thu Hà',NULL,NULL,0,NULL,'Tòa S2/Tầng 5/',0),(188,189,175,3,66,1,1,1559637775,1559637775,NULL,NULL,'5006',215,'YATCGC','84977920356',NULL,'Nguyễn Mạnh Cường',NULL,NULL,0,NULL,'Tòa S2/Tầng 5/',0),(189,190,176,3,66,1,1,1559637775,1559637775,NULL,NULL,'5007',216,'BAISDD','84977920357',NULL,'Hoàng Đức Long',NULL,NULL,0,NULL,'Tòa S2/Tầng 5/',0),(190,191,177,3,66,1,1,1559637776,1559637776,NULL,NULL,'5008',217,'H5XYT8','84977920358',NULL,'Trần Thị Hồng Hạnh',NULL,NULL,0,NULL,'Tòa S2/Tầng 5/',0),(191,192,178,3,66,1,1,1559637776,1559637776,NULL,NULL,'5009',218,'5WHICD','84977920359',NULL,'Vũ Công Hòa',NULL,NULL,0,NULL,'Tòa S2/Tầng 5/',0),(192,54,178,3,73,0,1,1559641355,1559641355,NULL,NULL,'2001',80,'ZJLQAC','84977920359',NULL,'Vũ Công Hòa',NULL,NULL,0,NULL,'Tòa S1/Tầng 2/',0),(193,55,179,3,73,0,1,1559641356,1559641356,NULL,NULL,'2002',81,'BH4ICW','84977920360',NULL,'Vũ Thị Hải Hà',NULL,NULL,0,NULL,'Tòa S1/Tầng 2/',0),(194,56,180,3,73,0,1,1559641356,1559641356,NULL,NULL,'2003',82,'WTA9KK','84977920361',NULL,'Nguyễn Thị Minh',NULL,NULL,0,NULL,'Tòa S1/Tầng 2/',0),(195,57,181,3,73,0,1,1559641357,1559641357,NULL,NULL,'2004',83,'KTMTPZ','84977920362',NULL,'Lê Chí Nguyện',NULL,NULL,0,NULL,'Tòa S1/Tầng 2/',0),(196,58,182,3,73,0,1,1559641357,1559641357,NULL,NULL,'2005',84,'NJFMMP','84977920363',NULL,'Nguyễn Chiến Vương',NULL,NULL,0,NULL,'Tòa S1/Tầng 2/',0),(197,59,183,3,73,0,1,1559641358,1559641358,NULL,NULL,'2006',85,'FO31X0','84977920364',NULL,'Nguyễn Minh Hồng',NULL,NULL,0,NULL,'Tòa S1/Tầng 2/',0),(198,60,184,3,73,0,1,1559641358,1559641358,NULL,NULL,'2007',86,'RKI99S','84977920365',NULL,'Vũ Thị Thanh Hoa',NULL,NULL,0,NULL,'Tòa S1/Tầng 2/',0),(199,61,185,3,73,0,1,1559641359,1559641359,NULL,NULL,'2008',87,'X5ISKI','84977920366',NULL,'Nguyễn Thành Công',NULL,NULL,0,NULL,'Tòa S1/Tầng 2/',0),(200,62,186,3,73,0,1,1559641359,1559641359,NULL,NULL,'2009',88,'IJ49YG','84977920367',NULL,'Phạm Quang Huy',NULL,NULL,0,NULL,'Tòa S1/Tầng 2/',0),(201,63,187,3,73,0,1,1559641360,1559641360,NULL,NULL,'2010',89,'MQPT6X','84977920368',NULL,'Phạm Quốc Bình',NULL,NULL,0,NULL,'Tòa S1/Tầng 2/',0),(202,64,188,3,74,0,1,1559641360,1559641360,NULL,NULL,'3001',90,'MUX8EA','84977920369',NULL,'Trịnh Thị Việt Nga',NULL,NULL,0,NULL,'Tòa S1/Tầng 3/',0),(203,65,189,3,74,0,1,1559641361,1559641361,NULL,NULL,'3002',91,'VZKUEJ','84977920370',NULL,'Đỗ Thị Thuý Mai',NULL,NULL,0,NULL,'Tòa S1/Tầng 3/',0),(204,66,190,3,74,0,1,1559641361,1559641361,NULL,NULL,'3003',92,'6E23LL','84977920371',NULL,'Trần Tất Thắng',NULL,NULL,0,NULL,'Tòa S1/Tầng 3/',0),(205,67,191,3,74,0,1,1559641362,1559641362,NULL,NULL,'3004',93,'1NABFB','84977920372',NULL,'Nguyễn Viết Toán',NULL,NULL,0,NULL,'Tòa S1/Tầng 3/',0),(206,68,192,3,74,0,1,1559641362,1559641362,NULL,NULL,'3005',94,'SMLKZ8','84977920373',NULL,'Bùi Đức Phong',NULL,NULL,0,NULL,'Tòa S1/Tầng 3/',0),(207,69,193,3,74,0,1,1559641363,1559641363,NULL,NULL,'3006',95,'EDXJL6','84977920374',NULL,'Nguyễn Thị Xuân',NULL,NULL,0,NULL,'Tòa S1/Tầng 3/',0),(208,70,194,3,74,0,1,1559641363,1559641363,NULL,NULL,'3007',96,'9XRNUS','84977920375',NULL,'Nguyễn Minh Quang',NULL,NULL,0,NULL,'Tòa S1/Tầng 3/',0),(209,71,195,3,74,0,1,1559641364,1559641364,NULL,NULL,'3008',97,'MGHK4E','84977920376',NULL,'Nguyễn Ngọc Cường',NULL,NULL,0,NULL,'Tòa S1/Tầng 3/',0),(210,72,196,3,74,0,1,1559641364,1559641364,NULL,NULL,'3009',98,'WH3UKP','84977920377',NULL,'Phùng Tuyết Trang',NULL,NULL,0,NULL,'Tòa S1/Tầng 3/',0),(211,73,197,3,74,0,1,1559641365,1559641365,NULL,NULL,'3010',99,'HEFJMT','84977920378',NULL,'Ngô Thị Thuỳ Dương',NULL,NULL,0,NULL,'Tòa S1/Tầng 3/',0),(212,74,198,3,75,0,1,1559641365,1559641365,NULL,NULL,'4001',100,'QSNDO5','84977920379',NULL,'Vũ Thị Mai Hương',NULL,NULL,0,NULL,'Tòa S1/Tầng 4/',0),(213,75,199,3,75,0,1,1559641366,1559641366,NULL,NULL,'4002',101,'MGEZRD','84977920380',NULL,'Trịnh Thị Thu Trang',NULL,NULL,0,NULL,'Tòa S1/Tầng 4/',0),(214,76,200,3,75,0,1,1559641366,1559641366,NULL,NULL,'4003',102,'20GZAS','84977920381',NULL,'Vũ Thị Lý',NULL,NULL,0,NULL,'Tòa S1/Tầng 4/',0),(215,77,201,3,75,0,1,1559641367,1559641367,NULL,NULL,'4004',103,'FCJO5L','84977920382',NULL,'Lưu Thị Hà',NULL,NULL,0,NULL,'Tòa S1/Tầng 4/',0),(216,78,202,3,75,0,1,1559641367,1559641367,NULL,NULL,'4005',104,'YABFBR','84977920383',NULL,'Nguyễn Thị Thơ',NULL,NULL,0,NULL,'Tòa S1/Tầng 4/',0),(217,79,203,3,75,0,1,1559641367,1559641367,NULL,NULL,'4006',105,'JAAIKR','84977920384',NULL,'Nguyễn Thị Ánh Nguyệt',NULL,NULL,0,NULL,'Tòa S1/Tầng 4/',0),(218,80,204,3,75,0,1,1559641368,1559641368,NULL,NULL,'4007',106,'TQ6KQ6','84977920385',NULL,'Hoàng Thị Yến Ly',NULL,NULL,0,NULL,'Tòa S1/Tầng 4/',0),(219,81,205,3,75,0,1,1559641368,1559641368,NULL,NULL,'4008',107,'6MF3OQ','84977920386',NULL,'Nguyễn Thị Bích Hường',NULL,NULL,0,NULL,'Tòa S1/Tầng 4/',0),(220,82,206,3,75,0,1,1559641369,1559641369,NULL,NULL,'4009',108,'ZDANGT','84977920387',NULL,'Bùi Thị Nga',NULL,NULL,0,NULL,'Tòa S1/Tầng 4/',0),(221,83,207,3,75,0,1,1559641369,1559641369,NULL,NULL,'4010',109,'KHW5ZJ','84977920388',NULL,'Chu Hoàng Hải',NULL,NULL,0,NULL,'Tòa S1/Tầng 4/',0),(222,84,208,3,76,0,1,1559641370,1559641370,NULL,NULL,'5001',110,'1CHOA9','84977920389',NULL,'Trịnh Văn Thành',NULL,NULL,0,NULL,'Tòa S1/Tầng 5/',0),(223,85,209,3,76,0,1,1559641370,1559641370,NULL,NULL,'5002',111,'AIHXFC','84977920390',NULL,'Lê Thị Lan',NULL,NULL,0,NULL,'Tòa S1/Tầng 5/',0),(224,86,210,3,76,0,1,1559641371,1559641371,NULL,NULL,'5003',112,'9CGJHB','84977920391',NULL,'Hoàng Cảnh Dương',NULL,NULL,0,NULL,'Tòa S1/Tầng 5/',0),(225,87,211,3,76,0,1,1559641371,1559641371,NULL,NULL,'5004',113,'PKI8OV','84977920392',NULL,'Hoàng Thị Thu Trang',NULL,NULL,0,NULL,'Tòa S1/Tầng 5/',0),(226,88,212,3,76,0,1,1559641372,1559641372,NULL,NULL,'5005',114,'4SIBFR','84977920393',NULL,'Nguyễn Thị Nhã',NULL,NULL,0,NULL,'Tòa S1/Tầng 5/',0),(227,89,213,3,76,0,1,1559641372,1559641372,NULL,NULL,'5006',115,'67KDKH','84977920394',NULL,'Nguyễn Thị Bích Hồng',NULL,NULL,0,NULL,'Tòa S1/Tầng 5/',0),(228,90,214,3,76,0,1,1559641373,1559641373,NULL,NULL,'5007',116,'ATAFH5','84977920395',NULL,'Vũ Thị Thu Quyên',NULL,NULL,0,NULL,'Tòa S1/Tầng 5/',0),(229,91,215,3,76,0,1,1559641373,1559641373,NULL,NULL,'5008',117,'XGVMHE','84977920396',NULL,'Nguyễn Văn Tiến',NULL,NULL,0,NULL,'Tòa S1/Tầng 5/',0),(230,92,216,3,76,0,1,1559641374,1559641374,NULL,NULL,'5009',118,'LLMBV2','84977920397',NULL,'Trần Vũ Hải',NULL,NULL,0,NULL,'Tòa S1/Tầng 5/',0),(231,93,217,3,76,0,1,1559641374,1559641374,NULL,NULL,'5010',119,'TQMTDH','84977920398',NULL,'Trần Ngọc Hà',NULL,NULL,0,NULL,'Tòa S1/Tầng 5/',0),(232,94,218,3,77,0,1,1559641375,1559641375,NULL,NULL,'6001',120,'DQS0AL','84977920399',NULL,'Phạm Thị Lệ',NULL,NULL,0,NULL,'Tòa S1/Tầng 6/',0),(233,95,219,3,77,0,1,1559641375,1559641375,NULL,NULL,'6002',121,'4AVE45','84977920400',NULL,'Nguyễn Ngọc Quỳnh',NULL,NULL,0,NULL,'Tòa S1/Tầng 6/',0),(234,96,220,3,77,0,1,1559641376,1559641376,NULL,NULL,'6003',122,'QVORKD','84977920401',NULL,'Phan Quang Sơn',NULL,NULL,0,NULL,'Tòa S1/Tầng 6/',0),(235,97,221,3,77,0,1,1559641376,1559641376,NULL,NULL,'6004',123,'DQCY7E','84977920402',NULL,'Đỗ Thị Thùy Dung',NULL,NULL,0,NULL,'Tòa S1/Tầng 6/',0),(236,98,222,3,77,0,1,1559641376,1559641376,NULL,NULL,'6005',124,'73OSKR','84977920403',NULL,'Đặng Thị Thu',NULL,NULL,0,NULL,'Tòa S1/Tầng 6/',0),(237,99,223,3,77,0,1,1559641377,1559641377,NULL,NULL,'6006',125,'RABFYH','84977920404',NULL,'Nguyễn Thị Thanh Thảo',NULL,NULL,0,NULL,'Tòa S1/Tầng 6/',0),(238,100,224,3,77,0,1,1559641377,1559641377,NULL,NULL,'6007',126,'N9HRYR','84977920405',NULL,'Đào Thị Thanh Hương',NULL,NULL,0,NULL,'Tòa S1/Tầng 6/',0),(239,101,225,3,77,0,1,1559641378,1559641378,NULL,NULL,'6008',127,'CBSN7I','84977920406',NULL,'Phạm Thị Khánh Thiện',NULL,NULL,0,NULL,'Tòa S1/Tầng 6/',0),(240,102,226,3,77,0,1,1559641378,1559641378,NULL,NULL,'6009',128,'VAKIAW','84977920407',NULL,'Vũ Duy Độ',NULL,NULL,0,NULL,'Tòa S1/Tầng 6/',0),(241,103,227,3,77,0,1,1559641379,1559641379,NULL,NULL,'6010',129,'SJO4H9','84977920408',NULL,'Trần Phan Tuấn',NULL,NULL,0,NULL,'Tòa S1/Tầng 6/',0),(242,25,237,1,32,0,1,1559641383,1559641383,NULL,NULL,'7010',198,'5OFKMP','84977920418',NULL,'Ngô Thị Hiền',NULL,NULL,0,NULL,'Tòa S1/Tầng 7/',0),(243,34,246,1,33,0,1,1559641388,1559641388,NULL,NULL,'8009',96,'MLBGDB','84977920427',NULL,'Nguyễn Tuấn Hải',NULL,NULL,0,NULL,'Tòa S1/Tầng 8/',0),(245,128,252,3,80,0,1,1559641390,1559641390,NULL,NULL,'9005',154,'NCPC1F','84977920433',NULL,'Trần Thắng Lợi',NULL,NULL,0,NULL,'Tòa S1/Tầng 9/',0),(246,129,253,3,80,0,1,1559641391,1559641391,NULL,NULL,'9006',155,'X6QQCU','84977920434',NULL,'Trần Phương',NULL,NULL,0,NULL,'Tòa S1/Tầng 9/',0),(247,130,254,3,80,0,1,1559641391,1559641391,NULL,NULL,'9007',156,'JZHPKF','84977920435',NULL,'Trần Thị Thu Quỳnh',NULL,NULL,0,NULL,'Tòa S1/Tầng 9/',0),(248,131,255,3,80,0,1,1559641392,1559641392,NULL,NULL,'9008',157,'PDNNKD','84977920436',NULL,'Nguyễn Tiến Hùng',NULL,NULL,0,NULL,'Tòa S1/Tầng 9/',0),(249,132,256,3,80,0,1,1559641392,1559641392,NULL,NULL,'9009',158,'9WSWDM','84977920437',NULL,'Nguyễn Thế Thiệp',NULL,NULL,0,NULL,'Tòa S1/Tầng 9/',0),(250,133,257,3,80,0,1,1559641393,1559641393,NULL,NULL,'9010',159,'TJPG1C','84977920438',NULL,'Đoàn Đắc Mật',NULL,NULL,0,NULL,'Tòa S1/Tầng 9/',0),(251,134,258,3,81,0,1,1559641393,1559641393,NULL,NULL,'1001',160,'LPRNAD','84977920439',NULL,'Phạm Thu Hương',NULL,NULL,0,NULL,'Tòa S1/Tầng 10/',0),(252,135,259,3,81,0,1,1559641394,1559641394,NULL,NULL,'1002',161,'EELSKC','84977920440',NULL,'Vũ Xuân Bình',NULL,NULL,0,NULL,'Tòa S1/Tầng 10/',0),(253,136,260,3,81,0,1,1559641394,1559641394,NULL,NULL,'1003',162,'ORTTYF','84977920441',NULL,'Phạm Thị Thủy',NULL,NULL,0,NULL,'Tòa S1/Tầng 10/',0),(254,137,261,3,81,0,1,1559641395,1559641395,NULL,NULL,'1004',163,'RIXYAJ','84977920442',NULL,'Phạm Thị Tuyết',NULL,NULL,0,NULL,'Tòa S1/Tầng 10/',0),(255,138,262,3,81,0,1,1559641395,1559641395,NULL,NULL,'1005',164,'E47YGB','84977920443',NULL,'Lê Thị Ninh Nhâm',NULL,NULL,0,NULL,'Tòa S1/Tầng 10/',0),(256,139,263,3,81,0,1,1559641396,1559641396,NULL,NULL,'1006',165,'KYNVOH','84977920444',NULL,'Đinh Công Hiền',NULL,NULL,0,NULL,'Tòa S1/Tầng 10/',0),(257,15,264,1,35,0,1,1559641396,1559641396,NULL,NULL,'1007',202,'NCMXL2','84977920445',NULL,'Đặng Anh Dũng',NULL,NULL,0,NULL,'Tòa S1/Tầng 10/',0),(258,141,265,3,81,0,1,1559641397,1559641397,NULL,NULL,'1008',167,'CSMSG8','84977920446',NULL,'Nguyễn Phong Linh',NULL,NULL,0,NULL,'Tòa S1/Tầng 10/',0),(259,142,266,3,81,0,1,1559641397,1559641397,NULL,NULL,'1009',168,'CJIU9P','84977920447',NULL,'Trần Thị Minh Hòa',NULL,NULL,0,NULL,'Tòa S1/Tầng 10/',0),(260,143,267,3,81,0,1,1559641398,1559641398,NULL,NULL,'1010',169,'TB1Y1Y','84977920448',NULL,'Trần Thị Minh Hòa',NULL,NULL,0,NULL,'Tòa S1/Tầng 10/',0),(261,144,268,3,83,0,1,1559641398,1559641398,NULL,NULL,'1101',170,'RPQGO3','84977920449',NULL,'Nguyễn Thị Thúy',NULL,NULL,0,NULL,'Tòa S1/Tầng 11/',0),(262,145,269,3,83,0,1,1559641399,1559641399,NULL,NULL,'1102',171,'VKBZJN','84977920450',NULL,'Nguyễn Đức Dũng',NULL,NULL,0,NULL,'Tòa S1/Tầng 11/',0),(263,146,270,3,83,0,1,1559641399,1559641399,NULL,NULL,'1103',172,'RU935R','84977920451',NULL,'Bùi Thị Thanh Hải',NULL,NULL,0,NULL,'Tòa S1/Tầng 11/',0),(264,147,271,3,83,0,1,1559641399,1559641399,NULL,NULL,'1104',173,'SLBSPG','84977920452',NULL,'Bùi Thị Thanh Tâm',NULL,NULL,0,NULL,'Tòa S1/Tầng 11/',0),(265,148,272,3,83,0,1,1559641400,1559641400,NULL,NULL,'1105',174,'HJOWEP','84977920453',NULL,'Nguyễn Minh Khuyến',NULL,NULL,0,NULL,'Tòa S1/Tầng 11/',0),(266,149,273,3,83,0,1,1559641400,1559641400,NULL,NULL,'1106',175,'6MFBDU','84977920454',NULL,'Trần Thị Phương Thảo',NULL,NULL,0,NULL,'Tòa S1/Tầng 11/',0),(267,150,274,3,83,0,1,1559641401,1559641401,NULL,NULL,'1107',176,'7DOR1P','84977920455',NULL,'Vũ Thị Việt Hoa',NULL,NULL,0,NULL,'Tòa S1/Tầng 11/',0),(268,151,275,3,83,0,1,1559641401,1559641401,NULL,NULL,'1108',177,'GFD7KG','84977920456',NULL,'Lương Thị Thủy',NULL,NULL,0,NULL,'Tòa S1/Tầng 11/',0),(269,152,276,3,83,0,1,1559641402,1559641402,NULL,NULL,'1109',178,'CMT3DR','84977920457',NULL,'Nguyễn Xuân Huân',NULL,NULL,0,NULL,'Tòa S1/Tầng 11/',0),(270,153,277,3,83,0,1,1559641402,1559641402,NULL,NULL,'1110',179,'PYUTP7','84977920458',NULL,'Đoàn Thị Thanh Phượng',NULL,NULL,0,NULL,'Tòa S1/Tầng 11/',0),(271,154,278,3,63,0,1,1559641403,1559641403,NULL,NULL,'2001',180,'BWMISO','84977920459',NULL,'Nguyễn Văn Thạo',NULL,NULL,0,NULL,'Tòa S2/Tầng 2/',0),(272,155,279,3,63,0,1,1559641403,1559641403,NULL,NULL,'2002',181,'CWHKUK','84977920460',NULL,'Đặng Hồng Dương',NULL,NULL,0,NULL,'Tòa S2/Tầng 2/',0),(273,156,280,3,63,0,1,1559641404,1559641404,NULL,NULL,'2003',182,'LF8SFB','84977920461',NULL,'Trần Trung Kiên',NULL,NULL,0,NULL,'Tòa S2/Tầng 2/',0),(274,157,281,3,63,0,1,1559641404,1559641404,NULL,NULL,'2004',183,'IMV4OY','84977920462',NULL,'Đinh Thị Diệu Liên',NULL,NULL,0,NULL,'Tòa S2/Tầng 2/',0),(275,158,282,3,63,0,1,1559641405,1559641405,NULL,NULL,'2005',184,'9A8SVM','84977920463',NULL,'Nguyễn Thanh Huyền',NULL,NULL,0,NULL,'Tòa S2/Tầng 2/',0),(276,159,283,3,63,0,1,1559641405,1559641405,NULL,NULL,'2006',185,'LUWISU','84977920464',NULL,'Nguyễn Văn Tĩnh',NULL,NULL,0,NULL,'Tòa S2/Tầng 2/',0),(277,160,284,3,63,0,1,1559641406,1559641406,NULL,NULL,'2007',186,'THEKSC','84977920465',NULL,'Phí Thị Hồng Vân',NULL,NULL,0,NULL,'Tòa S2/Tầng 2/',0),(278,161,285,3,63,0,1,1559641406,1559641406,NULL,NULL,'2008',188,'P4AMC2','84977920466',NULL,'Hoàng Thị Lưu',NULL,NULL,0,NULL,'Tòa S2/Tầng 2/',0),(279,162,286,3,63,0,1,1559641407,1559641407,NULL,NULL,'2009',188,'EHXPMN','84977920467',NULL,'Nguyễn Thị Quỳnh Vân',NULL,NULL,0,NULL,'Tòa S2/Tầng 2/',0),(280,163,287,3,63,0,1,1559641407,1559641407,NULL,NULL,'2010',189,'LCUK3O','84977920468',NULL,'Nguyễn Mạnh Tuấn',NULL,NULL,0,NULL,'Tòa S2/Tầng 2/',0),(281,164,288,3,64,0,1,1559641408,1559641408,NULL,NULL,'3001',190,'T5IVFK','84977920469',NULL,'Phạm Văn Cường',NULL,NULL,0,NULL,'Tòa S2/Tầng 3/',0),(282,165,289,3,64,0,1,1559641408,1559641408,NULL,NULL,'3002',191,'UDCPIC','84977920470',NULL,'Nguyễn Thị Kim Oanh',NULL,NULL,0,NULL,'Tòa S2/Tầng 3/',0),(283,166,290,3,64,0,1,1559641409,1559641409,NULL,NULL,'3003',192,'B7NG7R','84977920471',NULL,'Nguyễn Thị Hồng Hạnh',NULL,NULL,0,NULL,'Tòa S2/Tầng 3/',0),(284,167,291,3,64,0,1,1559641409,1559641409,NULL,NULL,'3004',193,'XCOGHJ','84977920472',NULL,'Nguyễn Duy Thịnh',NULL,NULL,0,NULL,'Tòa S2/Tầng 3/',0),(285,168,292,3,64,0,1,1559641409,1559641409,NULL,NULL,'3005',194,'OTB29P','84977920473',NULL,'Bùi Thị Hồng Hạnh',NULL,NULL,0,NULL,'Tòa S2/Tầng 3/',0),(286,169,293,3,64,0,1,1559641410,1559641410,NULL,NULL,'3006',195,'7DSGA5','84977920474',NULL,'Nguyễn Thị Hoan',NULL,NULL,0,NULL,'Tòa S2/Tầng 3/',0),(287,170,294,3,64,0,1,1559641410,1559641410,NULL,NULL,'3007',196,'2LSILQ','84977920475',NULL,'Nguyễn Thế Thanh',NULL,NULL,0,NULL,'Tòa S2/Tầng 3/',0),(288,171,295,3,64,0,1,1559641411,1559641411,NULL,NULL,'3008',197,'GQ7SPY','84977920476',NULL,'Trần Thị Minh Huyền',NULL,NULL,0,NULL,'Tòa S2/Tầng 3/',0),(289,172,296,3,64,0,1,1559641411,1559641411,NULL,NULL,'3009',198,'P89YQH','84977920477',NULL,'Ninh Thanh Tú',NULL,NULL,0,NULL,'Tòa S2/Tầng 3/',0),(290,173,297,3,64,0,1,1559641412,1559641412,NULL,NULL,'3010',199,'SCLJE2','84977920478',NULL,'Nguyễn Văn Hưng',NULL,NULL,0,NULL,'Tòa S2/Tầng 3/',0),(291,174,298,3,65,0,1,1559641412,1559641412,NULL,NULL,'4001',200,'WZXGPR','84977920479',NULL,'Nguyễn Thị Lanh',NULL,NULL,0,NULL,'Tòa S2/Tầng 4/',0),(292,175,299,3,65,0,1,1559641413,1559641413,NULL,NULL,'4002',201,'F0BXKF','84977920480',NULL,'Nguyễn Thị Kim Liên',NULL,NULL,0,NULL,'Tòa S2/Tầng 4/',0),(293,176,300,3,65,0,1,1559641413,1559641413,NULL,NULL,'4003',202,'QVDVOF','84977920481',NULL,'Vũ Thị Loan',NULL,NULL,0,NULL,'Tòa S2/Tầng 4/',0),(294,177,301,3,65,0,1,1559641414,1559641414,NULL,NULL,'4004',203,'XI141A','84977920482',NULL,'Phạm Xuân Tiến',NULL,NULL,0,NULL,'Tòa S2/Tầng 4/',0),(295,178,302,3,65,0,1,1559641414,1559641414,NULL,NULL,'4005',204,'FE7MCS','84977920483',NULL,'Ngô Thị Thu Huyền',NULL,NULL,0,NULL,'Tòa S2/Tầng 4/',0),(296,179,303,3,65,0,1,1559641415,1559641415,NULL,NULL,'4006',205,'9KLLFE','84977920484',NULL,'Nguyễn Minh Tú',NULL,NULL,0,NULL,'Tòa S2/Tầng 4/',0),(297,180,304,3,65,0,1,1559641415,1559641415,NULL,NULL,'4007',206,'ZACLUR','84977920485',NULL,'Nguyễn Văn Sinh',NULL,NULL,0,NULL,'Tòa S2/Tầng 4/',0),(298,181,305,3,65,0,1,1559641416,1559641416,NULL,NULL,'4008',207,'FD5JVX','84977920486',NULL,'Nguyễn Thị Hải Yến',NULL,NULL,0,NULL,'Tòa S2/Tầng 4/',0),(299,182,306,3,65,0,1,1559641416,1559641416,NULL,NULL,'4009',208,'IYCEQM','84977920487',NULL,'Trịnh Nam Hà',NULL,NULL,0,NULL,'Tòa S2/Tầng 4/',0),(300,183,307,3,65,0,1,1559641417,1559641417,NULL,NULL,'4010',209,'KWJLIK','84977920488',NULL,'Phạm Trung Kiên',NULL,NULL,0,NULL,'Tòa S2/Tầng 4/',0),(301,184,308,3,66,0,1,1559641417,1559641417,NULL,NULL,'5001',210,'RGRSOK','84977920489',NULL,'Lê Thị Bình Hải',NULL,NULL,0,NULL,'Tòa S2/Tầng 5/',0),(302,185,309,3,66,0,1,1559641418,1559641418,NULL,NULL,'5002',211,'MCXIWF','84977920490',NULL,'Nguyễn Thị Ánh Tuyết',NULL,NULL,0,NULL,'Tòa S2/Tầng 5/',0),(303,186,310,3,66,0,1,1559641418,1559641418,NULL,NULL,'5003',212,'AO3HGI','84977920491',NULL,'Trần Đức Duy',NULL,NULL,0,NULL,'Tòa S2/Tầng 5/',0),(304,187,311,3,66,0,1,1559641419,1559641419,NULL,NULL,'5004',213,'ICMMF8','84977920492',NULL,'Nguyễn Thị Dung',NULL,NULL,0,NULL,'Tòa S2/Tầng 5/',0),(305,188,312,3,66,0,1,1559641419,1559641419,NULL,NULL,'5005',214,'IM4WPC','84977920493',NULL,'Nguyễn Thị Huyền Thơ',NULL,NULL,0,NULL,'Tòa S2/Tầng 5/',0),(306,189,313,3,66,0,1,1559641419,1559641419,NULL,NULL,'5006',215,'YATCGC','84977920494',NULL,'Vương Thị Hòa',NULL,NULL,0,NULL,'Tòa S2/Tầng 5/',0),(307,190,314,3,66,0,1,1559641420,1559641420,NULL,NULL,'5007',216,'BAISDD','84977920495',NULL,'Chu Thị Chấm',NULL,NULL,0,NULL,'Tòa S2/Tầng 5/',0),(308,191,315,3,66,0,1,1559641420,1559641420,NULL,NULL,'5008',217,'H5XYT8','84977920496',NULL,'Vũ Thị Như Hoa',NULL,NULL,0,NULL,'Tòa S2/Tầng 5/',0),(309,192,316,3,66,0,1,1559641421,1559641421,NULL,NULL,'5009',218,'5WHICD','84977920497',NULL,'Nguyễn Bảo Đại',NULL,NULL,0,NULL,'Tòa S2/Tầng 5/',0),(310,154,19,3,63,0,1,1559641576,1559641576,26,26,'2001',180,'BWMISO','84367103927',NULL,'Lương Thị A',NULL,NULL,0,NULL,'Tòa S2/Tầng 2/',1),(311,255,317,1,23,1,1,1559709886,1559709904,6,6,'12356',11112,'D6PF6L','84977895632',NULL,'Nguyễn Văn A',NULL,NULL,0,NULL,'Tòa S2/Tầng 8/',0),(313,38,319,1,34,0,1,1559710846,1559710846,6,6,'9003',154,'LEN6T5','84978963562',NULL,'Từ kí tự số 51 trở đi sẽ bị strim, không hiển thị nữa',NULL,NULL,0,NULL,'Tòa S1/Tầng 9/',0),(314,256,23,2,27,1,1,1559843833,1559843833,18,18,'1708',78,'BX40LK','84916159146','','Nguyễn Tuấn Anh',NULL,NULL,0,NULL,'Luci 1/Tang 2/',1),(315,256,320,2,27,0,1,1559866436,1559866436,23,23,'1708',78,'BX40LK','0974689663',NULL,'Lại Thị Dung',NULL,'/uploads/images/201906/1559866431-img_9037.heic',1,29,'Luci 1/Tang 2/',0),(316,256,321,2,27,0,1,1559869625,1559869625,321,321,'1708',78,'BX40LK','84974796648','',NULL,NULL,NULL,0,NULL,'Luci 1/Tang 2/',0);
/*!40000 ALTER TABLE `apartment_map_resident_user` ENABLE KEYS */;
UNLOCK TABLES;

--
-- Table structure for table `auth_assignment`
--

DROP TABLE IF EXISTS `auth_assignment`;
/*!40101 SET @saved_cs_client     = @@character_set_client */;
/*!40101 SET character_set_client = utf8 */;
CREATE TABLE `auth_assignment` (
  `item_name` varchar(64) COLLATE utf8_unicode_ci NOT NULL,
  `user_id` varchar(64) COLLATE utf8_unicode_ci NOT NULL,
  `created_at` int(11) DEFAULT NULL,
  PRIMARY KEY (`item_name`,`user_id`),
  KEY `idx-auth_assignment-user_id` (`user_id`),
  CONSTRAINT `auth_assignment_ibfk_1` FOREIGN KEY (`item_name`) REFERENCES `auth_item` (`name`) ON DELETE CASCADE ON UPDATE CASCADE
) ENGINE=InnoDB DEFAULT CHARSET=utf8 COLLATE=utf8_unicode_ci;
/*!40101 SET character_set_client = @saved_cs_client */;

--
-- Dumping data for table `auth_assignment`
--

LOCK TABLES `auth_assignment` WRITE;
/*!40000 ALTER TABLE `auth_assignment` DISABLE KEYS */;
INSERT INTO `auth_assignment` VALUES ('ADMIN_PERMISSIONS_CREATE_UPDATE','1',1559290782),('ADMIN_PERMISSIONS_CREATE_UPDATE','18',1559034274),('ADMIN_PERMISSIONS_CREATE_UPDATE','19',1559551040),('ADMIN_PERMISSIONS_CREATE_UPDATE','26',1559718208),('ADMIN_PERMISSIONS_CREATE_UPDATE','6',1559614486),('ADMIN_PERMISSIONS_LIST','1',1559290782),('ADMIN_PERMISSIONS_LIST','18',1559034274),('ADMIN_PERMISSIONS_LIST','19',1559551040),('ADMIN_PERMISSIONS_LIST','26',1559718208),('ADMIN_PERMISSIONS_LIST','6',1559614486),('ANNOUNCE_CATEGORY_CREATE_UPDATE','1',1559290782),('ANNOUNCE_CATEGORY_CREATE_UPDATE','18',1559034274),('ANNOUNCE_CATEGORY_CREATE_UPDATE','19',1559551040),('ANNOUNCE_CATEGORY_CREATE_UPDATE','21',1559102452),('ANNOUNCE_CATEGORY_CREATE_UPDATE','26',1559718208),('ANNOUNCE_CATEGORY_CREATE_UPDATE','30',1559783694),('ANNOUNCE_CATEGORY_CREATE_UPDATE','31',1559719840),('ANNOUNCE_CATEGORY_CREATE_UPDATE','32',1559718270),('ANNOUNCE_CATEGORY_CREATE_UPDATE','33',1559718506),('ANNOUNCE_CATEGORY_CREATE_UPDATE','34',1559718307),('ANNOUNCE_CATEGORY_CREATE_UPDATE','35',1559718324),('ANNOUNCE_CATEGORY_CREATE_UPDATE','6',1559614486),('ANNOUNCE_CATEGORY_LIST','1',1559290782),('ANNOUNCE_CATEGORY_LIST','18',1559034274),('ANNOUNCE_CATEGORY_LIST','19',1559551040),('ANNOUNCE_CATEGORY_LIST','21',1559102452),('ANNOUNCE_CATEGORY_LIST','26',1559718208),('ANNOUNCE_CATEGORY_LIST','30',1559783694),('ANNOUNCE_CATEGORY_LIST','31',1559719840),('ANNOUNCE_CATEGORY_LIST','32',1559718270),('ANNOUNCE_CATEGORY_LIST','33',1559718506),('ANNOUNCE_CATEGORY_LIST','34',1559718307),('ANNOUNCE_CATEGORY_LIST','35',1559718324),('ANNOUNCE_CATEGORY_LIST','6',1559614486),('ANNOUNCE_CREATE_UPDATE','1',1559290782),('ANNOUNCE_CREATE_UPDATE','18',1559034274),('ANNOUNCE_CREATE_UPDATE','19',1559551040),('ANNOUNCE_CREATE_UPDATE','21',1559102452),('ANNOUNCE_CREATE_UPDATE','26',1559718208),('ANNOUNCE_CREATE_UPDATE','30',1559783694),('ANNOUNCE_CREATE_UPDATE','31',1559719840),('ANNOUNCE_CREATE_UPDATE','32',1559718270),('ANNOUNCE_CREATE_UPDATE','33',1559718506),('ANNOUNCE_CREATE_UPDATE','34',1559718307),('ANNOUNCE_CREATE_UPDATE','35',1559718324),('ANNOUNCE_CREATE_UPDATE','6',1559614486),('ANNOUNCE_LIST','1',1559290782),('ANNOUNCE_LIST','18',1559034274),('ANNOUNCE_LIST','19',1559551040),('ANNOUNCE_LIST','21',1559102452),('ANNOUNCE_LIST','26',1559718208),('ANNOUNCE_LIST','30',1559783694),('ANNOUNCE_LIST','31',1559719840),('ANNOUNCE_LIST','32',1559718270),('ANNOUNCE_LIST','33',1559718506),('ANNOUNCE_LIST','34',1559718307),('ANNOUNCE_LIST','35',1559718324),('ANNOUNCE_LIST','6',1559614486),('APARTMENT_CREATE_UPDATE','1',1559290782),('APARTMENT_CREATE_UPDATE','18',1559034274),('APARTMENT_CREATE_UPDATE','19',1559551040),('APARTMENT_CREATE_UPDATE','26',1559718208),('APARTMENT_CREATE_UPDATE','33',1559718506),('APARTMENT_CREATE_UPDATE','34',1559718307),('APARTMENT_CREATE_UPDATE','35',1559718324),('APARTMENT_CREATE_UPDATE','6',1559614486),('APARTMENT_LIST','1',1559290782),('APARTMENT_LIST','18',1559034274),('APARTMENT_LIST','19',1559551040),('APARTMENT_LIST','21',1559102452),('APARTMENT_LIST','26',1559718208),('APARTMENT_LIST','30',1559783694),('APARTMENT_LIST','31',1559719840),('APARTMENT_LIST','32',1559718270),('APARTMENT_LIST','33',1559718506),('APARTMENT_LIST','34',1559718307),('APARTMENT_LIST','35',1559718324),('APARTMENT_LIST','6',1559614486),('BASIC','1',1559290782),('BASIC','18',1559034274),('BASIC','19',1559551040),('BASIC','21',1559102452),('BASIC','22',1559102618),('BASIC','24',1559633503),('BASIC','25',1559621212),('BASIC','26',1559718208),('BASIC','28',1559635635),('BASIC','29',1559704209),('BASIC','30',1559783694),('BASIC','31',1559719840),('BASIC','32',1559718270),('BASIC','33',1559718506),('BASIC','34',1559718307),('BASIC','35',1559718324),('BASIC','6',1559614486),('FullPermissionRole','1',1559290782),('FullPermissionRole','11',1558499725),('FullPermissionRole','12',1558499742),('FullPermissionRole','13',1558499764),('FullPermissionRole','14',1558499787),('FullPermissionRole','15',1558499818),('FullPermissionRole','16',1558499855),('FullPermissionRole','18',1559034274),('FullPermissionRole','19',1559551040),('FullPermissionRole','2',1557472148),('FullPermissionRole','26',1559718208),('FullPermissionRole','3',1557472159),('FullPermissionRole','5',1558409513),('FullPermissionRole','6',1559614486),('FullPermissionRole','7',1558945344),('FullPermissionRole','9',1558499605),('MANAGEMENT-USER_CREATE_UPDATE','1',1559290782),('MANAGEMENT-USER_CREATE_UPDATE','18',1559034274),('MANAGEMENT-USER_CREATE_UPDATE','19',1559551040),('MANAGEMENT-USER_CREATE_UPDATE','26',1559718208),('MANAGEMENT-USER_CREATE_UPDATE','6',1559614486),('MANAGEMENT-USER_LIST','1',1559290782),('MANAGEMENT-USER_LIST','18',1559034274),('MANAGEMENT-USER_LIST','19',1559551040),('MANAGEMENT-USER_LIST','26',1559718208),('MANAGEMENT-USER_LIST','30',1559783694),('MANAGEMENT-USER_LIST','31',1559719840),('MANAGEMENT-USER_LIST','32',1559718270),('MANAGEMENT-USER_LIST','6',1559614486),('PostManagers','1',1559290782),('PostManagers','11',1558499725),('PostManagers','12',1558499742),('PostManagers','13',1558499764),('PostManagers','14',1558499787),('PostManagers','15',1558499818),('PostManagers','16',1558499855),('PostManagers','18',1559034274),('PostManagers','19',1559551040),('PostManagers','2',1557472148),('PostManagers','26',1559718208),('PostManagers','3',1557472159),('PostManagers','33',1559718506),('PostManagers','34',1559718307),('PostManagers','35',1559718324),('PostManagers','5',1558409513),('PostManagers','6',1559614486),('PostManagers','7',1558945344),('PostManagers','9',1558499605),('REQUEST_CATEGORY_CREATE_UPDATE','1',1559290782),('REQUEST_CATEGORY_CREATE_UPDATE','18',1559034274),('REQUEST_CATEGORY_CREATE_UPDATE','19',1559551040),('REQUEST_CATEGORY_CREATE_UPDATE','21',1559102452),('REQUEST_CATEGORY_CREATE_UPDATE','24',1559633503),('REQUEST_CATEGORY_CREATE_UPDATE','25',1559621212),('REQUEST_CATEGORY_CREATE_UPDATE','26',1559718208),('REQUEST_CATEGORY_CREATE_UPDATE','28',1559635635),('REQUEST_CATEGORY_CREATE_UPDATE','30',1559783694),('REQUEST_CATEGORY_CREATE_UPDATE','31',1559719840),('REQUEST_CATEGORY_CREATE_UPDATE','6',1559614486),('REQUEST_CATEGORY_LIST','1',1559290782),('REQUEST_CATEGORY_LIST','18',1559034274),('REQUEST_CATEGORY_LIST','19',1559551040),('REQUEST_CATEGORY_LIST','21',1559102452),('REQUEST_CATEGORY_LIST','22',1559102618),('REQUEST_CATEGORY_LIST','24',1559633503),('REQUEST_CATEGORY_LIST','25',1559621212),('REQUEST_CATEGORY_LIST','26',1559718208),('REQUEST_CATEGORY_LIST','29',1559704209),('REQUEST_CATEGORY_LIST','30',1559783694),('REQUEST_CATEGORY_LIST','31',1559719840),('REQUEST_CATEGORY_LIST','32',1559718270),('REQUEST_CATEGORY_LIST','33',1559718506),('REQUEST_CATEGORY_LIST','34',1559718307),('REQUEST_CATEGORY_LIST','35',1559718324),('REQUEST_CATEGORY_LIST','6',1559614486),('REQUEST_CONTACT_RESIDENT','1',1559290782),('REQUEST_CONTACT_RESIDENT','18',1559034274),('REQUEST_CONTACT_RESIDENT','19',1559551040),('REQUEST_CONTACT_RESIDENT','21',1559102452),('REQUEST_CONTACT_RESIDENT','26',1559718208),('REQUEST_CONTACT_RESIDENT','28',1559635635),('REQUEST_CONTACT_RESIDENT','30',1559783694),('REQUEST_CONTACT_RESIDENT','31',1559719840),('REQUEST_CONTACT_RESIDENT','6',1559614486),('REQUEST_LIST','1',1559290782),('REQUEST_LIST','18',1559034274),('REQUEST_LIST','19',1559551040),('REQUEST_LIST','21',1559102452),('REQUEST_LIST','22',1559102618),('REQUEST_LIST','24',1559633503),('REQUEST_LIST','25',1559621212),('REQUEST_LIST','26',1559718208),('REQUEST_LIST','29',1559704209),('REQUEST_LIST','30',1559783694),('REQUEST_LIST','31',1559719840),('REQUEST_LIST','32',1559718270),('REQUEST_LIST','33',1559718506),('REQUEST_LIST','34',1559718307),('REQUEST_LIST','35',1559718324),('REQUEST_LIST','6',1559614486),('REQUEST_MANAGER_GROUPS_PROCESS_ADMIN','1',1559290782),('REQUEST_MANAGER_GROUPS_PROCESS_ADMIN','19',1559551040),('REQUEST_MANAGER_GROUPS_PROCESS_ADMIN','26',1559718208),('REQUEST_MANAGER_GROUPS_PROCESS_ADMIN','28',1559635635),('REQUEST_MANAGER_GROUPS_PROCESS_ADMIN','30',1559783694),('REQUEST_MANAGER_GROUPS_PROCESS_ADMIN','31',1559719840),('REQUEST_MANAGER_GROUPS_PROCESS_ADMIN','6',1559614486),('REQUEST_PROCESS','1',1559290782),('REQUEST_PROCESS','18',1559034274),('REQUEST_PROCESS','19',1559551040),('REQUEST_PROCESS','21',1559102452),('REQUEST_PROCESS','22',1559102618),('REQUEST_PROCESS','24',1559633503),('REQUEST_PROCESS','25',1559621212),('REQUEST_PROCESS','26',1559718209),('REQUEST_PROCESS','28',1559635635),('REQUEST_PROCESS','29',1559704209),('REQUEST_PROCESS','30',1559783694),('REQUEST_PROCESS','31',1559719840),('REQUEST_PROCESS','6',1559614486),('RESIDENT_CREATE_UPDATE','1',1559290782),('RESIDENT_CREATE_UPDATE','18',1559034274),('RESIDENT_CREATE_UPDATE','19',1559551040),('RESIDENT_CREATE_UPDATE','26',1559718209),('RESIDENT_CREATE_UPDATE','31',1559719840),('RESIDENT_CREATE_UPDATE','6',1559614486),('RESIDENT_LIST','1',1559290782),('RESIDENT_LIST','18',1559034274),('RESIDENT_LIST','19',1559551040),('RESIDENT_LIST','21',1559102452),('RESIDENT_LIST','26',1559718209),('RESIDENT_LIST','30',1559783694),('RESIDENT_LIST','31',1559719840),('RESIDENT_LIST','32',1559718270),('RESIDENT_LIST','33',1559718506),('RESIDENT_LIST','34',1559718307),('RESIDENT_LIST','35',1559718324),('RESIDENT_LIST','6',1559614486),('SETTING_BUILDING_AREA_CREATE_UPDATE','1',1559290782),('SETTING_BUILDING_AREA_CREATE_UPDATE','18',1559034274),('SETTING_BUILDING_AREA_CREATE_UPDATE','19',1559551040),('SETTING_BUILDING_AREA_CREATE_UPDATE','26',1559718209),('SETTING_BUILDING_AREA_CREATE_UPDATE','6',1559614486),('SETTING_BUILDING_AREA_LIST','1',1559290782),('SETTING_BUILDING_AREA_LIST','18',1559034274),('SETTING_BUILDING_AREA_LIST','19',1559551040),('SETTING_BUILDING_AREA_LIST','26',1559718209),('SETTING_BUILDING_AREA_LIST','30',1559783694),('SETTING_BUILDING_AREA_LIST','31',1559719840),('SETTING_BUILDING_AREA_LIST','32',1559718270),('SETTING_BUILDING_AREA_LIST','6',1559614486),('SETTING_PLANE_UPDATE','1',1559290782),('SETTING_PLANE_UPDATE','18',1559034274),('SETTING_PLANE_UPDATE','19',1559551040),('SETTING_PLANE_UPDATE','26',1559718209),('SETTING_PLANE_UPDATE','6',1559614486),('UserManagers','1',1559290782),('UserManagers','11',1558499725),('UserManagers','12',1558499742),('UserManagers','13',1558499764),('UserManagers','14',1558499787),('UserManagers','15',1558499818),('UserManagers','16',1558499855),('UserManagers','18',1559034274),('UserManagers','19',1559551040),('UserManagers','2',1557472148),('UserManagers','26',1559718209),('UserManagers','3',1557472159),('UserManagers','5',1558409513),('UserManagers','6',1559614486),('UserManagers','7',1558945344),('UserManagers','9',1558499605);
/*!40000 ALTER TABLE `auth_assignment` ENABLE KEYS */;
UNLOCK TABLES;

--
-- Table structure for table `auth_group`
--

DROP TABLE IF EXISTS `auth_group`;
/*!40101 SET @saved_cs_client     = @@character_set_client */;
/*!40101 SET character_set_client = utf8 */;
CREATE TABLE `auth_group` (
  `id` int(11) NOT NULL AUTO_INCREMENT,
  `code` char(64) DEFAULT NULL,
  `name` char(64) DEFAULT NULL,
  `description` text DEFAULT NULL,
  `data_role` text DEFAULT NULL,
  `created_at` int(11) DEFAULT NULL,
  `updated_at` int(11) DEFAULT NULL,
  `building_cluster_id` int(11) DEFAULT NULL,
  `building_area_id` int(11) DEFAULT NULL,
  PRIMARY KEY (`id`),
  KEY `idx-auth_group-code` (`code`)
) ENGINE=InnoDB AUTO_INCREMENT=21 DEFAULT CHARSET=utf8;
/*!40101 SET character_set_client = @saved_cs_client */;

--
-- Dumping data for table `auth_group`
--

LOCK TABLES `auth_group` WRITE;
/*!40000 ALTER TABLE `auth_group` DISABLE KEYS */;
INSERT INTO `auth_group` VALUES (4,'CODE1559031219','Trưởng BQT','Trưởng BQT','[\"ADMIN_PERMISSIONS_CREATE_UPDATE\",\"ADMIN_PERMISSIONS_LIST\",\"ANNOUNCE_CATEGORY_CREATE_UPDATE\",\"ANNOUNCE_CATEGORY_LIST\",\"ANNOUNCE_CREATE_UPDATE\",\"ANNOUNCE_LIST\",\"APARTMENT_CREATE_UPDATE\",\"APARTMENT_LIST\",\"BASIC\",\"FullPermissionRole\",\"MANAGEMENT-USER_CREATE_UPDATE\",\"MANAGEMENT-USER_LIST\",\"PostManagers\",\"REQUEST_CATEGORY_CREATE_UPDATE\",\"REQUEST_CATEGORY_LIST\",\"REQUEST_CONTACT_RESIDENT\",\"REQUEST_LIST\",\"REQUEST_MANAGER_GROUPS_PROCESS_ADMIN\",\"REQUEST_PROCESS\",\"RESIDENT_CREATE_UPDATE\",\"RESIDENT_LIST\",\"SETTING_BUILDING_AREA_CREATE_UPDATE\",\"SETTING_BUILDING_AREA_LIST\",\"SETTING_PLANE_UPDATE\",\"UserManagers\"]',1559031219,1559126258,2,NULL),(5,'CODE1559036375','Lễ tân','','[\"ANNOUNCE_CATEGORY_CREATE_UPDATE\",\"ANNOUNCE_CATEGORY_LIST\",\"ANNOUNCE_CREATE_UPDATE\",\"ANNOUNCE_LIST\",\"APARTMENT_LIST\",\"BASIC\",\"REQUEST_CATEGORY_CREATE_UPDATE\",\"REQUEST_CATEGORY_LIST\",\"REQUEST_CONTACT_RESIDENT\",\"REQUEST_LIST\",\"REQUEST_MANAGER_GROUPS_PROCESS_ADMIN\",\"REQUEST_PROCESS\",\"RESIDENT_LIST\"]',1559036375,1559112127,2,NULL),(6,'CODE1559101239','Kỹ thuật','Xử lý kĩ thuật','[\"BASIC\",\"REQUEST_CATEGORY_LIST\",\"REQUEST_LIST\",\"REQUEST_PROCESS\"]',1559101239,1559101239,2,NULL),(7,NULL,'Trưởng BQT','','[\"ADMIN_PERMISSIONS_CREATE_UPDATE\",\"ADMIN_PERMISSIONS_LIST\",\"ANNOUNCE_CATEGORY_CREATE_UPDATE\",\"ANNOUNCE_CATEGORY_LIST\",\"ANNOUNCE_CREATE_UPDATE\",\"ANNOUNCE_LIST\",\"APARTMENT_CREATE_UPDATE\",\"APARTMENT_LIST\",\"BASIC\",\"FullPermissionRole\",\"MANAGEMENT-USER_CREATE_UPDATE\",\"MANAGEMENT-USER_LIST\",\"PostManagers\",\"REQUEST_CATEGORY_CREATE_UPDATE\",\"REQUEST_CATEGORY_LIST\",\"REQUEST_CONTACT_RESIDENT\",\"REQUEST_LIST\",\"REQUEST_MANAGER_GROUPS_PROCESS_ADMIN\",\"REQUEST_PROCESS\",\"RESIDENT_CREATE_UPDATE\",\"RESIDENT_LIST\",\"SETTING_BUILDING_AREA_CREATE_UPDATE\",\"SETTING_BUILDING_AREA_LIST\",\"SETTING_PLANE_UPDATE\",\"UserManagers\"]',1559271634,1559271634,1,NULL),(8,'CODE1559294857','Kỹ thuật','Quản lý, vận hành, kiểm tra, bảo trì hệ thống kỹ thuật;','[\"BASIC\",\"REQUEST_CATEGORY_CREATE_UPDATE\",\"REQUEST_PROCESS\",\"REQUEST_CATEGORY_LIST\",\"REQUEST_LIST\"]',1559294857,1559294857,1,NULL),(9,'CODE1559294970','Lễ tân','Quản lý, chăm sóc Khách thuê, Cư dân, theo dõi Hợp đồng cho thuê, theo dõi công nợ, theo dõi gia hạn Hợp đồng cho thuê;','[\"BASIC\",\"REQUEST_CATEGORY_CREATE_UPDATE\",\"REQUEST_CONTACT_RESIDENT\",\"REQUEST_MANAGER_GROUPS_PROCESS_ADMIN\",\"REQUEST_PROCESS\"]',1559294970,1559544270,1,NULL),(10,NULL,'Trưởng BQL','Trưởng BQL','[\"ADMIN_PERMISSIONS_CREATE_UPDATE\",\"ADMIN_PERMISSIONS_LIST\",\"ANNOUNCE_CATEGORY_CREATE_UPDATE\",\"ANNOUNCE_CATEGORY_LIST\",\"ANNOUNCE_CREATE_UPDATE\",\"ANNOUNCE_LIST\",\"APARTMENT_CREATE_UPDATE\",\"APARTMENT_LIST\",\"BASIC\",\"FullPermissionRole\",\"MANAGEMENT-USER_CREATE_UPDATE\",\"MANAGEMENT-USER_LIST\",\"PostManagers\",\"REQUEST_CATEGORY_CREATE_UPDATE\",\"REQUEST_CATEGORY_LIST\",\"REQUEST_CONTACT_RESIDENT\",\"REQUEST_LIST\",\"REQUEST_MANAGER_GROUPS_PROCESS_ADMIN\",\"REQUEST_PROCESS\",\"RESIDENT_CREATE_UPDATE\",\"RESIDENT_LIST\",\"SETTING_BUILDING_AREA_CREATE_UPDATE\",\"SETTING_BUILDING_AREA_LIST\",\"SETTING_PLANE_UPDATE\",\"UserManagers\"]',1559621630,1559621630,3,NULL),(11,NULL,'Ban Quản Trị','Ban Quản Trị','[\"ANNOUNCE_CATEGORY_CREATE_UPDATE\",\"ANNOUNCE_CATEGORY_LIST\",\"ANNOUNCE_CREATE_UPDATE\",\"ANNOUNCE_LIST\",\"APARTMENT_CREATE_UPDATE\",\"APARTMENT_LIST\",\"BASIC\",\"PostManagers\",\"REQUEST_CATEGORY_LIST\",\"REQUEST_LIST\",\"RESIDENT_LIST\"]',1559623044,1559623044,3,NULL),(12,'CODE1559623868','Lễ tân',' Trực tại quầy lễ tân tòa nhà tại các vị trí được phân công, tiếp nhận các thông tin, phản hồi của khách hàng trực tiếp tại quầy hoặc qua phần mềm Building Care và xử lý theo quy trình, quy định của BQLTN.\n- Triển khai các hoạt động chăm sóc khách hàng theo kế hoạch và chỉ đạo của TBQLTN.\n- Tham gia xử lý khiếu nại và phản hồi khách hàng liên quan đến dịch vụ an ninh, an toàn, vệ sinh, kỹ thuật…tòa nhà.\n- Liên tục duy trì trật tự và vệ sinh trong sảnh Lễ tân.\n- Đề xuất các ý tưởng liên quan đến việc trang trí sảnh tòa nhà vào các dịp Noel, Tết.\n- Hỗ trợ tổ chức các buổi họp hoặc làm việc giữa Ban QL và Ban quản trị dân cư.\n- Khảo sát, cập nhật nguồn thông tin khách hàng tại tòa nhà\n- Các công việc khác do TB QLTN phân công.\n- Phối hợp chặt chẽ với các thành viên khác trong BQLTN để cung cấp dịch vụ quản lý đạt hiệu quả, chất lượng.\n- Phối hợp cùng TB QLTN/KST và các phòng ban chức năng khác của ĐXMB trong việc xử lý khủng hoảng xảy ra tại tòa nhà, bất động sản (nếu có).','[\"BASIC\",\"REQUEST_CATEGORY_CREATE_UPDATE\",\"REQUEST_MANAGER_GROUPS_PROCESS_ADMIN\",\"REQUEST_PROCESS\",\"REQUEST_CATEGORY_LIST\",\"REQUEST_CONTACT_RESIDENT\",\"REQUEST_LIST\",\"SETTING_BUILDING_AREA_LIST\",\"RESIDENT_LIST\",\"RESIDENT_CREATE_UPDATE\",\"MANAGEMENT-USER_LIST\",\"APARTMENT_LIST\",\"ANNOUNCE_CATEGORY_LIST\",\"ANNOUNCE_CATEGORY_CREATE_UPDATE\",\"ANNOUNCE_CREATE_UPDATE\",\"ANNOUNCE_LIST\"]',1559623868,1559623868,3,NULL),(13,'CODE1559623946','Kế toán','- Ra thông báo tiền Phí quản lý, tiền nước, Phí BTDP và các loại phí khác cho cư dân theo đặc thù của từng dự án.\n- Giải đáp các thắc mắc của cư dân liên quan đến các khoản phải thu của tòa nhà.\n- Thực hiện các báo cáo hàng tháng, hàng quý, hàng năm theo quy định của công ty.','[\"BASIC\",\"ANNOUNCE_CATEGORY_LIST\",\"ANNOUNCE_CATEGORY_CREATE_UPDATE\",\"ANNOUNCE_CREATE_UPDATE\",\"ANNOUNCE_LIST\",\"APARTMENT_LIST\",\"MANAGEMENT-USER_LIST\",\"REQUEST_CATEGORY_CREATE_UPDATE\",\"REQUEST_MANAGER_GROUPS_PROCESS_ADMIN\",\"REQUEST_CATEGORY_LIST\",\"REQUEST_PROCESS\",\"REQUEST_CONTACT_RESIDENT\",\"REQUEST_LIST\",\"RESIDENT_LIST\",\"SETTING_BUILDING_AREA_LIST\"]',1559623946,1559623946,3,NULL),(14,'CODE1559624038','Kỹ thuật','Quản lý vận hành thiết bị\nBảo dưỡng, rà soát, sửa trang thiết bị\nCung cấp giải pháp tiết kiệm năng lượng','[\"BASIC\",\"ANNOUNCE_CATEGORY_LIST\",\"ANNOUNCE_CREATE_UPDATE\",\"ANNOUNCE_LIST\",\"ANNOUNCE_CATEGORY_CREATE_UPDATE\",\"APARTMENT_LIST\",\"MANAGEMENT-USER_LIST\",\"REQUEST_CATEGORY_LIST\",\"REQUEST_LIST\",\"RESIDENT_LIST\",\"SETTING_BUILDING_AREA_LIST\"]',1559624038,1559624038,3,NULL),(15,'CODE1559631674','Ban quản trị','','[\"BASIC\",\"ADMIN_PERMISSIONS_CREATE_UPDATE\",\"ADMIN_PERMISSIONS_LIST\",\"ANNOUNCE_CATEGORY_CREATE_UPDATE\",\"ANNOUNCE_CATEGORY_LIST\",\"ANNOUNCE_CREATE_UPDATE\",\"ANNOUNCE_LIST\",\"APARTMENT_CREATE_UPDATE\",\"APARTMENT_LIST\",\"FullPermissionRole\",\"MANAGEMENT-USER_CREATE_UPDATE\",\"MANAGEMENT-USER_LIST\",\"PostManagers\",\"REQUEST_CATEGORY_CREATE_UPDATE\",\"REQUEST_CATEGORY_LIST\",\"REQUEST_CONTACT_RESIDENT\",\"REQUEST_LIST\",\"REQUEST_MANAGER_GROUPS_PROCESS_ADMIN\",\"REQUEST_PROCESS\",\"RESIDENT_CREATE_UPDATE\",\"RESIDENT_LIST\",\"SETTING_BUILDING_AREA_CREATE_UPDATE\",\"SETTING_BUILDING_AREA_LIST\",\"SETTING_PLANE_UPDATE\",\"UserManagers\"]',1559631674,1559631674,1,NULL),(16,'CODE1559631709','Kế toán','','[\"BASIC\",\"PostManagers\",\"RESIDENT_CREATE_UPDATE\",\"RESIDENT_LIST\",\"APARTMENT_CREATE_UPDATE\",\"APARTMENT_LIST\",\"ANNOUNCE_CATEGORY_CREATE_UPDATE\",\"ANNOUNCE_CATEGORY_LIST\",\"ANNOUNCE_CREATE_UPDATE\",\"ANNOUNCE_LIST\"]',1559631709,1559631709,1,NULL),(19,'CODE1559720435','    sdfsdsd','','[\"BASIC\"]',1559720435,1559720435,1,NULL),(20,'CODE1559720736','fhgdfh','Trong bài viết trên Facebook hôm 31/5 nhằm chia buồn việc cựu thủ tướng Thái Lan Prem Tinsulanonda qua đời, Thủ tướng Singapore Lý Hiển Long có những phát biểu đề cập tới mối quan hệ giữa Việt Nam với Campuchia và ASEAN trong thập niên 1980.\nÔng Lý nói rằng giai đoạn lãnh đạo của ông Prem trùng với thời điểm mà ông gọi là \"sự xâm lược của Việt Nam với Campuchia và chính phủ Campuchia thay thế Khmer Đỏ\". Ông còn nói rằng Thủ tướng Thái Lan Prem đã phối hợp với các đối tác ASEAN để chống lại \"sự chiếm đóng\" của Việt Nam. \nNgười phát ngôn Bộ Ngoại giao Lê Thị Thu Hằng hôm 4/6 cho hay Việt Nam lấy làm tiếc khi đã có một số nội dung phát biểu phản ánh không khách quan thực tế lịch sử, gây tác động không tốt đến dư luận. Bộ Ngoại giao Việt Nam đã trao đổi với Bộ Ngoại giao Singapore về vấn đề này.\nNgười phát ngôn khẳng định đóng góp và hy sinh của Việt Nam trong việc cùng nhân dân Campuchia chấm dứt tội ác diệt chủng của Khmer Đỏ là sự thật đã được thừa nhận rộng rãi. Ngày 16/11/2018, Toà án đặc biệt của Campuchia (ECCC) đã ra phán quyết về tội ác diệt chủng chống nhân loại của Khmer Đỏ, trả lại công bằng cho các nạn nhân, được Liên Hợp Quốc và cộng đồng quốc tế hoan nghênh.\n','[\"BASIC\",\"ANNOUNCE_CREATE_UPDATE\"]',1559720736,1559720736,1,NULL);
/*!40000 ALTER TABLE `auth_group` ENABLE KEYS */;
UNLOCK TABLES;

--
-- Table structure for table `auth_item`
--

DROP TABLE IF EXISTS `auth_item`;
/*!40101 SET @saved_cs_client     = @@character_set_client */;
/*!40101 SET character_set_client = utf8 */;
CREATE TABLE `auth_item` (
  `name` varchar(64) COLLATE utf8_unicode_ci NOT NULL,
  `type` smallint(6) NOT NULL,
  `description` text COLLATE utf8_unicode_ci DEFAULT NULL,
  `rule_name` varchar(64) COLLATE utf8_unicode_ci DEFAULT NULL,
  `data` blob DEFAULT NULL,
  `created_at` int(11) DEFAULT NULL,
  `updated_at` int(11) DEFAULT NULL,
  `data_web` text COLLATE utf8_unicode_ci DEFAULT NULL COMMENT 'key quyền của web/app',
  `tag` varchar(255) COLLATE utf8_unicode_ci DEFAULT NULL,
  PRIMARY KEY (`name`),
  KEY `rule_name` (`rule_name`),
  KEY `idx-auth_item-type` (`type`),
  CONSTRAINT `auth_item_ibfk_1` FOREIGN KEY (`rule_name`) REFERENCES `auth_rule` (`name`) ON DELETE SET NULL ON UPDATE CASCADE
) ENGINE=InnoDB DEFAULT CHARSET=utf8 COLLATE=utf8_unicode_ci;
/*!40101 SET character_set_client = @saved_cs_client */;

--
-- Dumping data for table `auth_item`
--

LOCK TABLES `auth_item` WRITE;
/*!40000 ALTER TABLE `auth_item` DISABLE KEYS */;
INSERT INTO `auth_item` VALUES ('/announce-category/create',2,'Permission route /announce-category/create',NULL,NULL,1558079894,1558079894,NULL,NULL),('/announce-category/delete',2,'Permission route /announce-category/delete',NULL,NULL,1558079894,1558079894,NULL,NULL),('/announce-category/detail',2,'Permission route /announce-category/detail',NULL,NULL,1558079894,1558079894,NULL,NULL),('/announce-category/list',2,'Permission route /announce-category/list',NULL,NULL,1558079894,1558079894,NULL,NULL),('/announce-category/update',2,'Permission route /announce-category/update',NULL,NULL,1558079894,1558079894,NULL,NULL),('/announcement-campaign/create',2,'Permission route /announcement-campaign/create',NULL,NULL,1558491199,1558491199,NULL,NULL),('/announcement-campaign/detail',2,'Permission route /announcement-campaign/detail',NULL,NULL,1558491199,1558491199,NULL,NULL),('/announcement-campaign/list',2,'Permission route /announcement-campaign/list',NULL,NULL,1558491199,1558491199,NULL,NULL),('/announcement-campaign/update',2,'Permission route /announcement-campaign/update',NULL,NULL,1558491199,1558491199,NULL,NULL),('/announcement-category/create',2,'Permission route /announcement-category/create',NULL,NULL,1558491199,1558491199,NULL,NULL),('/announcement-category/delete',2,'Permission route /announcement-category/delete',NULL,NULL,1558491199,1558491199,NULL,NULL),('/announcement-category/detail',2,'Permission route /announcement-category/detail',NULL,NULL,1558491199,1558491199,NULL,NULL),('/announcement-category/list',2,'Permission route /announcement-category/list',NULL,NULL,1558491199,1558491199,NULL,NULL),('/announcement-category/update',2,'Permission route /announcement-category/update',NULL,NULL,1558491199,1558491199,NULL,NULL),('/apartment/add-resident-user',2,'Permission route /apartment/add-resident-user',NULL,NULL,1557917781,1557917781,NULL,NULL),('/apartment/create',2,'Permission route /apartment/create',NULL,NULL,1557824083,1557824083,NULL,NULL),('/apartment/delete',2,'Permission route /apartment/delete',NULL,NULL,1557917781,1557917781,NULL,NULL),('/apartment/detail',2,'Permission route /apartment/detail',NULL,NULL,1557824083,1557824083,NULL,NULL),('/apartment/list',2,'Permission route /apartment/list',NULL,NULL,1557824083,1557824083,NULL,NULL),('/apartment/list-resident-user',2,'Permission route /apartment/list-resident-user',NULL,NULL,1557917781,1557917781,NULL,NULL),('/apartment/remove-resident-user',2,'Permission route /apartment/remove-resident-user',NULL,NULL,1557917781,1557917781,NULL,NULL),('/apartment/update',2,'Permission route /apartment/update',NULL,NULL,1557824083,1557824083,NULL,NULL),('/apartment/update-resident-type',2,'Permission route /apartment/update-resident-type',NULL,NULL,1558716875,1558716875,NULL,NULL),('/auth/forgot-password',2,'Permission route /auth/forgot-password',NULL,NULL,1557824083,1557824083,NULL,NULL),('/auth/generate-captcha',2,'Permission route /auth/generate-captcha',NULL,NULL,1557824083,1557824083,NULL,NULL),('/auth/login',2,'Permission route /auth/login',NULL,NULL,1557305504,1557305504,NULL,NULL),('/auth/logout',2,'Permission route /auth/logout',NULL,NULL,1557305504,1557305504,NULL,NULL),('/auth/refresh-token',2,'Permission route /auth/refresh-token',NULL,NULL,1559620762,1559620762,NULL,NULL),('/auth/reset-password',2,'Permission route /auth/reset-password',NULL,NULL,1557824083,1557824083,NULL,NULL),('/building-area/count-apartment',2,'Permission route /building-area/count-apartment',NULL,NULL,1558600516,1558600516,NULL,NULL),('/building-area/create',2,'Permission route /building-area/create',NULL,NULL,1557824083,1557824083,NULL,NULL),('/building-area/delete',2,'Permission route /building-area/delete',NULL,NULL,1557917781,1557917781,NULL,NULL),('/building-area/detail',2,'Permission route /building-area/detail',NULL,NULL,1557824083,1557824083,NULL,NULL),('/building-area/list',2,'Permission route /building-area/list',NULL,NULL,1557824083,1557824083,NULL,NULL),('/building-area/update',2,'Permission route /building-area/update',NULL,NULL,1557824083,1557824083,NULL,NULL),('/building-cluster/detail',2,'Permission route /building-cluster/detail',NULL,NULL,1557829381,1557829381,NULL,NULL),('/building-cluster/update',2,'Permission route /building-cluster/update',NULL,NULL,1557829381,1557829381,NULL,NULL),('/building/create',2,'Permission route /building/create',NULL,NULL,1557458329,1557458329,NULL,NULL),('/building/index',2,'Permission route /building/index',NULL,NULL,1557458329,1557458329,NULL,NULL),('/building/update',2,'Permission route /building/update',NULL,NULL,1557458329,1557458329,NULL,NULL),('/building/view',2,'Permission route /building/view',NULL,NULL,1557458329,1557458329,NULL,NULL),('/city/list',2,'Permission route /city/list',NULL,NULL,1557917781,1557917781,NULL,NULL),('/error/index',2,'Permission route /error/index',NULL,NULL,1557376124,1557376124,NULL,NULL),('/file/delete',2,'Permission route /file/delete',NULL,NULL,1557458329,1557458329,NULL,NULL),('/file/upload',2,'Permission route /file/upload',NULL,NULL,1557458329,1557458329,NULL,NULL),('/management-user-device-token/create',2,'Permission route /management-user-device-token/create',NULL,NULL,1558079894,1558079894,NULL,NULL),('/management-user-device-token/delete',2,'Permission route /management-user-device-token/delete',NULL,NULL,1558079894,1558079894,NULL,NULL),('/management-user-notify/count-unread',2,'Permission route /management-user-notify/count-unread',NULL,NULL,1559723170,1559723170,NULL,NULL),('/management-user-notify/detail',2,'Permission route /management-user-notify/detail',NULL,NULL,1559723170,1559723170,NULL,NULL),('/management-user-notify/is-hidden',2,'Permission route /management-user-notify/is-hidden',NULL,NULL,1559723170,1559723170,NULL,NULL),('/management-user-notify/is-read',2,'Permission route /management-user-notify/is-read',NULL,NULL,1559723170,1559723170,NULL,NULL),('/management-user-notify/list',2,'Permission route /management-user-notify/list',NULL,NULL,1559723170,1559723170,NULL,NULL),('/management-user/change-password',2,'Permission route /management-user/change-password',NULL,NULL,1559550979,1559550979,NULL,NULL),('/management-user/create',2,'Permission route /management-user/create',NULL,NULL,1557829381,1557829381,NULL,NULL),('/management-user/delete',2,'Permission route /management-user/delete',NULL,NULL,1557917781,1557917781,NULL,NULL),('/management-user/detail',2,'Permission route /management-user/detail',NULL,NULL,1557829381,1557829381,NULL,NULL),('/management-user/list',2,'Permission route /management-user/list',NULL,NULL,1557824083,1557824083,NULL,NULL),('/management-user/update',2,'Permission route /management-user/update',NULL,NULL,1557829381,1557829381,NULL,NULL),('/management-user/update-info',2,'Permission route /management-user/update-info',NULL,NULL,1559550979,1559550979,NULL,NULL),('/post/create',2,'Permission route /post/create',NULL,NULL,1557305504,1557305504,NULL,NULL),('/post/index',2,'Permission route /post/index',NULL,NULL,1557305504,1557305504,NULL,NULL),('/post/view',2,'Permission route /post/view',NULL,NULL,1557305504,1557305504,NULL,NULL),('/rbac/assign-auth-group',2,'Permission route /rbac/assign-auth-group',NULL,NULL,1558060509,1558060509,NULL,NULL),('/rbac/auth-group-delete',2,'Permission route /rbac/auth-group-delete',NULL,NULL,1559197392,1559197392,NULL,NULL),('/rbac/auth-group-detail',2,'Permission route /rbac/auth-group-detail',NULL,NULL,1558060509,1558060509,NULL,NULL),('/rbac/auth-groups',2,'Permission route /rbac/auth-groups',NULL,NULL,1558060509,1558060509,NULL,NULL),('/rbac/auth-item-webs',2,'Permission route /rbac/auth-item-webs',NULL,NULL,1558060509,1558060509,NULL,NULL),('/rbac/create-auth-group',2,'Permission route /rbac/create-auth-group',NULL,NULL,1558060509,1558060509,NULL,NULL),('/rbac/create-auth-item-web',2,'Permission route /rbac/create-auth-item-web',NULL,NULL,1558060509,1558060509,NULL,NULL),('/rbac/permissions',2,'Permission route /rbac/permissions',NULL,NULL,1558060509,1558060509,NULL,NULL),('/rbac/role-create',2,'Permission route /rbac/role-create',NULL,NULL,1558060509,1558060509,NULL,NULL),('/rbac/role-detail',2,'Permission route /rbac/role-detail',NULL,NULL,1558060509,1558060509,NULL,NULL),('/rbac/role-update',2,'Permission route /rbac/role-update',NULL,NULL,1558060509,1558060509,NULL,NULL),('/rbac/roles',2,'Permission route /rbac/roles',NULL,NULL,1558060509,1558060509,NULL,NULL),('/rbac/update-auth-group',2,'Permission route /rbac/update-auth-group',NULL,NULL,1558060509,1558060509,NULL,NULL),('/report/announcement-recent',2,'Permission route /report/announcement-recent',NULL,NULL,1559704600,1559704600,NULL,NULL),('/report/count-all',2,'Permission route /report/count-all',NULL,NULL,1559620762,1559620762,NULL,NULL),('/report/request-by-day',2,'Permission route /report/request-by-day',NULL,NULL,1559704600,1559704600,NULL,NULL),('/report/service-fee-by-day',2,'Permission route /report/service-fee-by-day',NULL,NULL,1559704600,1559704600,NULL,NULL),('/request-answer-internal/create',2,'Permission route /request-answer-internal/create',NULL,NULL,1558060509,1558060509,NULL,NULL),('/request-answer-internal/delete',2,'Permission route /request-answer-internal/delete',NULL,NULL,1558060509,1558060509,NULL,NULL),('/request-answer-internal/detail',2,'Permission route /request-answer-internal/detail',NULL,NULL,1558060509,1558060509,NULL,NULL),('/request-answer-internal/list',2,'Permission route /request-answer-internal/list',NULL,NULL,1558060509,1558060509,NULL,NULL),('/request-answer-internal/update',2,'Permission route /request-answer-internal/update',NULL,NULL,1558060509,1558060509,NULL,NULL),('/request-answer/create',2,'Permission route /request-answer/create',NULL,NULL,1558060509,1558060509,NULL,NULL),('/request-answer/delete',2,'Permission route /request-answer/delete',NULL,NULL,1558060509,1558060509,NULL,NULL),('/request-answer/detail',2,'Permission route /request-answer/detail',NULL,NULL,1558060509,1558060509,NULL,NULL),('/request-answer/list',2,'Permission route /request-answer/list',NULL,NULL,1558060509,1558060509,NULL,NULL),('/request-answer/update',2,'Permission route /request-answer/update',NULL,NULL,1558060509,1558060509,NULL,NULL),('/request-category/create',2,'Permission route /request-category/create',NULL,NULL,1558060509,1558060509,NULL,NULL),('/request-category/delete',2,'Permission route /request-category/delete',NULL,NULL,1558060509,1558060509,NULL,NULL),('/request-category/detail',2,'Permission route /request-category/detail',NULL,NULL,1558060509,1558060509,NULL,NULL),('/request-category/list',2,'Permission route /request-category/list',NULL,NULL,1558060509,1558060509,NULL,NULL),('/request-category/update',2,'Permission route /request-category/update',NULL,NULL,1558060509,1558060509,NULL,NULL),('/request/add-or-remove-auth-group',2,'Permission route /request/add-or-remove-auth-group',NULL,NULL,1558600516,1558600516,NULL,NULL),('/request/change-status',2,'Permission route /request/change-status',NULL,NULL,1558632178,1558632178,NULL,NULL),('/request/detail',2,'Permission route /request/detail',NULL,NULL,1558060509,1558060509,NULL,NULL),('/request/list',2,'Permission route /request/list',NULL,NULL,1558060509,1558060509,NULL,NULL),('/request/list-request-map-auth-group',2,'Permission route /request/list-request-map-auth-group',NULL,NULL,1558632178,1558632178,NULL,NULL),('/resident-user/create',2,'Permission route /resident-user/create',NULL,NULL,1557917781,1557917781,NULL,NULL),('/resident-user/detail',2,'Permission route /resident-user/detail',NULL,NULL,1557917781,1557917781,NULL,NULL),('/resident-user/list',2,'Permission route /resident-user/list',NULL,NULL,1557917781,1557917781,NULL,NULL),('/resident-user/update',2,'Permission route /resident-user/update',NULL,NULL,1557917781,1557917781,NULL,NULL),('/service-bill/change-status',2,'Permission route /service-bill/change-status',NULL,NULL,1559197392,1559197392,NULL,NULL),('/service-bill/create',2,'Permission route /service-bill/create',NULL,NULL,1559197392,1559197392,NULL,NULL),('/service-bill/delete',2,'Permission route /service-bill/delete',NULL,NULL,1559197392,1559197392,NULL,NULL),('/service-bill/detail',2,'Permission route /service-bill/detail',NULL,NULL,1559197392,1559197392,NULL,NULL),('/service-bill/list',2,'Permission route /service-bill/list',NULL,NULL,1559197392,1559197392,NULL,NULL),('/service-bill/update',2,'Permission route /service-bill/update',NULL,NULL,1559197392,1559197392,NULL,NULL),('/service-building-config/create',2,'Permission route /service-building-config/create',NULL,NULL,1559792466,1559792466,NULL,NULL),('/service-building-config/delete',2,'Permission route /service-building-config/delete',NULL,NULL,1559792466,1559792466,NULL,NULL),('/service-building-config/detail',2,'Permission route /service-building-config/detail',NULL,NULL,1559792466,1559792466,NULL,NULL),('/service-building-config/list',2,'Permission route /service-building-config/list',NULL,NULL,1559792466,1559792466,NULL,NULL),('/service-building-config/update',2,'Permission route /service-building-config/update',NULL,NULL,1559792466,1559792466,NULL,NULL),('/service-map-management/create',2,'Permission route /service-map-management/create',NULL,NULL,1559197392,1559197392,NULL,NULL),('/service-map-management/delete',2,'Permission route /service-map-management/delete',NULL,NULL,1559197392,1559197392,NULL,NULL),('/service-map-management/detail',2,'Permission route /service-map-management/detail',NULL,NULL,1559197392,1559197392,NULL,NULL),('/service-map-management/list',2,'Permission route /service-map-management/list',NULL,NULL,1559197392,1559197392,NULL,NULL),('/service-map-management/update',2,'Permission route /service-map-management/update',NULL,NULL,1559197392,1559197392,NULL,NULL),('/service-payment-fee/create',2,'Permission route /service-payment-fee/create',NULL,NULL,1559197392,1559197392,NULL,NULL),('/service-payment-fee/delete',2,'Permission route /service-payment-fee/delete',NULL,NULL,1559197392,1559197392,NULL,NULL),('/service-payment-fee/detail',2,'Permission route /service-payment-fee/detail',NULL,NULL,1559197392,1559197392,NULL,NULL),('/service-payment-fee/import',2,'Permission route /service-payment-fee/import',NULL,NULL,1559213611,1559213611,NULL,NULL),('/service-payment-fee/list',2,'Permission route /service-payment-fee/list',NULL,NULL,1559197392,1559197392,NULL,NULL),('/service-payment-fee/update',2,'Permission route /service-payment-fee/update',NULL,NULL,1559197392,1559197392,NULL,NULL),('/service-provider/create',2,'Permission route /service-provider/create',NULL,NULL,1559030773,1559030773,NULL,NULL),('/service-provider/delete',2,'Permission route /service-provider/delete',NULL,NULL,1559030773,1559030773,NULL,NULL),('/service-provider/detail',2,'Permission route /service-provider/detail',NULL,NULL,1559030773,1559030773,NULL,NULL),('/service-provider/detail-billing-info',2,'Permission route /service-provider/detail-billing-info',NULL,NULL,1559030773,1559030773,NULL,NULL),('/service-provider/list',2,'Permission route /service-provider/list',NULL,NULL,1559030773,1559030773,NULL,NULL),('/service-provider/update',2,'Permission route /service-provider/update',NULL,NULL,1559030773,1559030773,NULL,NULL),('/service-provider/update-billing-info',2,'Permission route /service-provider/update-billing-info',NULL,NULL,1559030773,1559030773,NULL,NULL),('/service-utility-free/create',2,'Permission route /service-utility-free/create',NULL,NULL,1559792466,1559792466,NULL,NULL),('/service-utility-free/delete',2,'Permission route /service-utility-free/delete',NULL,NULL,1559792466,1559792466,NULL,NULL),('/service-utility-free/detail',2,'Permission route /service-utility-free/detail',NULL,NULL,1559792466,1559792466,NULL,NULL),('/service-utility-free/list',2,'Permission route /service-utility-free/list',NULL,NULL,1559792466,1559792466,NULL,NULL),('/service-utility-free/update',2,'Permission route /service-utility-free/update',NULL,NULL,1559792466,1559792466,NULL,NULL),('/service-water-level/create',2,'Permission route /service-water-level/create',NULL,NULL,1559197392,1559197392,NULL,NULL),('/service-water-level/delete',2,'Permission route /service-water-level/delete',NULL,NULL,1559197392,1559197392,NULL,NULL),('/service-water-level/detail',2,'Permission route /service-water-level/detail',NULL,NULL,1559197392,1559197392,NULL,NULL),('/service-water-level/list',2,'Permission route /service-water-level/list',NULL,NULL,1559197392,1559197392,NULL,NULL),('/service-water-level/update',2,'Permission route /service-water-level/update',NULL,NULL,1559197392,1559197392,NULL,NULL),('/service/detail',2,'Permission route /service/detail',NULL,NULL,1559213611,1559213611,NULL,NULL),('/service/list',2,'Permission route /service/list',NULL,NULL,1559030773,1559030773,NULL,NULL),('/site/index',2,'Permission route /site/index',NULL,NULL,1557305504,1557305504,NULL,NULL),('/user/index',2,'Permission route /user/index',NULL,NULL,1557305504,1557305504,NULL,NULL),('ADMIN_PERMISSIONS_CREATE_UPDATE',1,'Tạo mới, chỉnh sửa nhóm quyền',NULL,NULL,NULL,NULL,'[\"\\/main\\/setting\\/roles\",\"\\/main\\/setting\\/roles\\/create\",\"\\/main\\/setting\\/roles\\/edit\\/:id\"]','ADMIN'),('ADMIN_PERMISSIONS_LIST',1,'Xem danh sách nhóm quyền, chi tiết nhóm quyền',NULL,NULL,NULL,NULL,'[\"\\/main\\/setting\\/roles\"]','ADMIN'),('ANNOUNCE_CATEGORY_CREATE_UPDATE',1,'Tạo, chỉnh sửa danh mục thông báo',NULL,NULL,NULL,NULL,'[\"\\/main\\/notification\\/category\"]','ANNOUNCE'),('ANNOUNCE_CATEGORY_LIST',1,'Xem danh mục thông báo',NULL,NULL,NULL,NULL,'[\"\\/main\\/notification\\/category\"]','ANNOUNCE'),('ANNOUNCE_CREATE_UPDATE',1,'Quyền tạo thông báo mới',NULL,NULL,NULL,NULL,'[\"\\/main\\/notification\\/list\",\"\\/main\\/notification\\/add\",\"\\/main\\/notification\\/category\",\"\\/main\\/notification\\/detail\\/:id\"]','ANNOUNCE'),('ANNOUNCE_LIST',1,'Hiển thị danh sách thông báo',NULL,NULL,NULL,NULL,'[\"\\/main\\/notification\\/list\",\"\\/main\\/notification\\/category\"]','ANNOUNCE'),('APARTMENT_CREATE_UPDATE',1,'Tạo mới, chỉnh sửa thông tin căn hộ',NULL,NULL,NULL,NULL,'[\"\\/main\\/setting\\/apartment\",\"\\/main\\/setting\\/apartment\\/add\",\"\\/main\\/setting\\/apartment\\/detail\\/:id\"]','APARTMENT'),('APARTMENT_LIST',1,'Xem danh sách căn hộ, chi tiết căn hộ',NULL,NULL,NULL,NULL,'[\"\\/main\\/setting\\/apartment\",\"\\/main\\/setting\\/apartment\\/detail\\/:id\"]','APARTMENT'),('BASIC',1,'Quyền truy cập cơ bản',NULL,NULL,NULL,NULL,'[\"\\/main\\/dashboard\"]','BASIC'),('FullPermissionRole',1,'',NULL,NULL,1557305620,1557305620,NULL,'FULL'),('MANAGEMENT-USER_CREATE_UPDATE',1,'Thêm nhân viên, chỉnh sửa, xoá nhân viên',NULL,NULL,NULL,NULL,'[\"\\/main\\/staff\",\"\\/main\\/staff\\/list\",\"\\/main\\/staff\\/add\",\"\\/main\\/staff\\/edit\\/:id\"]','MANAGEMENT-USER'),('MANAGEMENT-USER_LIST',1,'Xem danh sách nhân viên',NULL,NULL,NULL,NULL,'[\"\\/main\\/staff\\/list\"]','MANAGEMENT-USER'),('PostManagers',1,'',NULL,NULL,1557306563,1557306563,NULL,'POST'),('REQUEST_CATEGORY_CREATE_UPDATE',1,'Tạo, chỉnh sửa danh mục yêu cầu',NULL,NULL,NULL,NULL,'[\"\\/main\\/ticket\",\"\\/main\\/ticket\\/category\"]','REQUEST'),('REQUEST_CATEGORY_LIST',1,'Xem danh mục yêu cầu',NULL,NULL,NULL,NULL,'[\"\\/main\\/ticket\",\"\\/main\\/ticket\\/category\"]','REQUEST'),('REQUEST_CONTACT_RESIDENT',1,'Giao tiếp với cư dân',NULL,NULL,NULL,NULL,'[\"\\/main\\/ticket\",\"\\/main\\/ticket\\/list\",\"\\/main\\/ticket\\/category\",\"\\/main\\/ticket\\/detail\\/:id\"]','REQUEST'),('REQUEST_LIST',1,'Xem danh sách yêu cầu',NULL,NULL,NULL,NULL,'[\"\\/main\\/ticket\",\"\\/main\\/ticket\\/list\"]','REQUEST'),('REQUEST_MANAGER_GROUPS_PROCESS_ADMIN',1,'Quản lý nhóm xử lý',NULL,NULL,NULL,NULL,NULL,'REQUEST'),('REQUEST_PROCESS',1,'Trực tiếp xử lý yêu cầu',NULL,NULL,NULL,NULL,'[\"\\/main\\/ticket\",\"\\/main\\/ticket\\/list\",\"\\/main\\/ticket\\/detail\\/:id\"]','REQUEST'),('RESIDENT_CREATE_UPDATE',1,'Thêm mới, chỉnh sửa cư dân, cho cư dân vào căn hộ',NULL,NULL,NULL,NULL,'[\"\\/main\\/resident\",\"\\/main\\/resident\\/list\",\"\\/main\\/resident\\/add\",\"\\/main\\/resident\\/detail\\/:id\"]','RESIDENT'),('RESIDENT_LIST',1,'Xem danh sách cư dân, xem chi tiết cư dân',NULL,NULL,NULL,NULL,'[\"\\/main\\/resident\",\"\\/main\\/resident\\/list\",\"\\/main\\/resident\\/detail\\/:id\"]','RESIDENT'),('SETTING_BUILDING_AREA_CREATE_UPDATE',1,'Tạo, chỉnh sửa thông tin mặt bằng',NULL,NULL,NULL,NULL,'[\"\\/main\\/setting\\/plane\"]','SETTING'),('SETTING_BUILDING_AREA_LIST',1,'Xem danh sách mặt bằng, chi tiết mặt bằng',NULL,NULL,NULL,NULL,'[\"\\/main\\/setting\\/plane\"]','SETTING'),('SETTING_PLANE_UPDATE',1,'Chỉnh sửa thông tin cụm',NULL,NULL,NULL,NULL,'[\"\\/main\\/setting\\/infomation\"]','SETTING'),('UserManagers',1,'',NULL,NULL,1557306528,1557306528,NULL,'USER');
/*!40000 ALTER TABLE `auth_item` ENABLE KEYS */;
UNLOCK TABLES;

--
-- Table structure for table `auth_item_child`
--

DROP TABLE IF EXISTS `auth_item_child`;
/*!40101 SET @saved_cs_client     = @@character_set_client */;
/*!40101 SET character_set_client = utf8 */;
CREATE TABLE `auth_item_child` (
  `parent` varchar(64) COLLATE utf8_unicode_ci NOT NULL,
  `child` varchar(64) COLLATE utf8_unicode_ci NOT NULL,
  PRIMARY KEY (`parent`,`child`),
  KEY `child` (`child`),
  CONSTRAINT `auth_item_child_ibfk_1` FOREIGN KEY (`parent`) REFERENCES `auth_item` (`name`) ON DELETE CASCADE ON UPDATE CASCADE,
  CONSTRAINT `auth_item_child_ibfk_2` FOREIGN KEY (`child`) REFERENCES `auth_item` (`name`) ON DELETE CASCADE ON UPDATE CASCADE
) ENGINE=InnoDB DEFAULT CHARSET=utf8 COLLATE=utf8_unicode_ci;
/*!40101 SET character_set_client = @saved_cs_client */;

--
-- Dumping data for table `auth_item_child`
--

LOCK TABLES `auth_item_child` WRITE;
/*!40000 ALTER TABLE `auth_item_child` DISABLE KEYS */;
INSERT INTO `auth_item_child` VALUES ('ADMIN_PERMISSIONS_CREATE_UPDATE','/rbac/assign-auth-group'),('ADMIN_PERMISSIONS_CREATE_UPDATE','/rbac/auth-group-detail'),('ADMIN_PERMISSIONS_CREATE_UPDATE','/rbac/auth-groups'),('ADMIN_PERMISSIONS_CREATE_UPDATE','/rbac/auth-item-webs'),('ADMIN_PERMISSIONS_CREATE_UPDATE','/rbac/create-auth-group'),('ADMIN_PERMISSIONS_CREATE_UPDATE','/rbac/create-auth-item-web'),('ADMIN_PERMISSIONS_CREATE_UPDATE','/rbac/permissions'),('ADMIN_PERMISSIONS_CREATE_UPDATE','/rbac/role-create'),('ADMIN_PERMISSIONS_CREATE_UPDATE','/rbac/role-detail'),('ADMIN_PERMISSIONS_CREATE_UPDATE','/rbac/role-update'),('ADMIN_PERMISSIONS_CREATE_UPDATE','/rbac/roles'),('ADMIN_PERMISSIONS_CREATE_UPDATE','/rbac/update-auth-group'),('ADMIN_PERMISSIONS_LIST','/rbac/auth-group-detail'),('ADMIN_PERMISSIONS_LIST','/rbac/auth-groups'),('ADMIN_PERMISSIONS_LIST','/rbac/auth-item-webs'),('ADMIN_PERMISSIONS_LIST','/rbac/permissions'),('ADMIN_PERMISSIONS_LIST','/rbac/role-detail'),('ADMIN_PERMISSIONS_LIST','/rbac/roles'),('ANNOUNCE_CATEGORY_CREATE_UPDATE','/announcement-category/create'),('ANNOUNCE_CATEGORY_CREATE_UPDATE','/announcement-category/delete'),('ANNOUNCE_CATEGORY_CREATE_UPDATE','/announcement-category/detail'),('ANNOUNCE_CATEGORY_CREATE_UPDATE','/announcement-category/list'),('ANNOUNCE_CATEGORY_CREATE_UPDATE','/announcement-category/update'),('ANNOUNCE_CATEGORY_LIST','/announce-category/create'),('ANNOUNCE_CATEGORY_LIST','/announce-category/delete'),('ANNOUNCE_CATEGORY_LIST','/announce-category/detail'),('ANNOUNCE_CATEGORY_LIST','/announce-category/list'),('ANNOUNCE_CATEGORY_LIST','/announce-category/update'),('ANNOUNCE_CATEGORY_LIST','/announcement-category/create'),('ANNOUNCE_CATEGORY_LIST','/announcement-category/delete'),('ANNOUNCE_CATEGORY_LIST','/announcement-category/detail'),('ANNOUNCE_CATEGORY_LIST','/announcement-category/list'),('ANNOUNCE_CATEGORY_LIST','/announcement-category/update'),('ANNOUNCE_CREATE_UPDATE','/announcement-campaign/create'),('ANNOUNCE_CREATE_UPDATE','/announcement-campaign/detail'),('ANNOUNCE_CREATE_UPDATE','/announcement-campaign/list'),('ANNOUNCE_CREATE_UPDATE','/announcement-campaign/update'),('ANNOUNCE_CREATE_UPDATE','/announcement-category/detail'),('ANNOUNCE_CREATE_UPDATE','/announcement-category/list'),('ANNOUNCE_CREATE_UPDATE','/building-area/count-apartment'),('ANNOUNCE_CREATE_UPDATE','/building-area/detail'),('ANNOUNCE_CREATE_UPDATE','/building-area/list'),('ANNOUNCE_LIST','/announce-category/list'),('ANNOUNCE_LIST','/announcement-campaign/detail'),('ANNOUNCE_LIST','/announcement-campaign/list'),('ANNOUNCE_LIST','/announcement-category/list'),('ANNOUNCE_LIST','/building-area/count-apartment'),('ANNOUNCE_LIST','/building-area/list'),('ANNOUNCE_LIST','/building-cluster/detail'),('APARTMENT_CREATE_UPDATE','/apartment/add-resident-user'),('APARTMENT_CREATE_UPDATE','/apartment/create'),('APARTMENT_CREATE_UPDATE','/apartment/delete'),('APARTMENT_CREATE_UPDATE','/apartment/detail'),('APARTMENT_CREATE_UPDATE','/apartment/list'),('APARTMENT_CREATE_UPDATE','/apartment/list-resident-user'),('APARTMENT_CREATE_UPDATE','/apartment/remove-resident-user'),('APARTMENT_CREATE_UPDATE','/apartment/update'),('APARTMENT_CREATE_UPDATE','/apartment/update-resident-type'),('APARTMENT_LIST','/apartment/detail'),('APARTMENT_LIST','/apartment/list'),('APARTMENT_LIST','/apartment/list-resident-user'),('BASIC','/auth/forgot-password'),('BASIC','/auth/generate-captcha'),('BASIC','/auth/login'),('BASIC','/auth/logout'),('BASIC','/auth/reset-password'),('BASIC','/building-cluster/detail'),('BASIC','/city/list'),('BASIC','/file/delete'),('BASIC','/file/upload'),('BASIC','/management-user-device-token/create'),('BASIC','/management-user-device-token/delete'),('BASIC','/site/index'),('BASIC','/user/index'),('FullPermissionRole','/announce-category/create'),('FullPermissionRole','/announce-category/delete'),('FullPermissionRole','/announce-category/detail'),('FullPermissionRole','/announce-category/list'),('FullPermissionRole','/announce-category/update'),('FullPermissionRole','/announcement-campaign/create'),('FullPermissionRole','/announcement-campaign/detail'),('FullPermissionRole','/announcement-campaign/list'),('FullPermissionRole','/announcement-campaign/update'),('FullPermissionRole','/announcement-category/create'),('FullPermissionRole','/announcement-category/delete'),('FullPermissionRole','/announcement-category/detail'),('FullPermissionRole','/announcement-category/list'),('FullPermissionRole','/announcement-category/update'),('FullPermissionRole','/apartment/add-resident-user'),('FullPermissionRole','/apartment/create'),('FullPermissionRole','/apartment/delete'),('FullPermissionRole','/apartment/detail'),('FullPermissionRole','/apartment/list'),('FullPermissionRole','/apartment/list-resident-user'),('FullPermissionRole','/apartment/remove-resident-user'),('FullPermissionRole','/apartment/update'),('FullPermissionRole','/apartment/update-resident-type'),('FullPermissionRole','/auth/forgot-password'),('FullPermissionRole','/auth/generate-captcha'),('FullPermissionRole','/auth/login'),('FullPermissionRole','/auth/logout'),('FullPermissionRole','/auth/refresh-token'),('FullPermissionRole','/auth/reset-password'),('FullPermissionRole','/building-area/count-apartment'),('FullPermissionRole','/building-area/create'),('FullPermissionRole','/building-area/delete'),('FullPermissionRole','/building-area/detail'),('FullPermissionRole','/building-area/list'),('FullPermissionRole','/building-area/update'),('FullPermissionRole','/building-cluster/detail'),('FullPermissionRole','/building-cluster/update'),('FullPermissionRole','/building/create'),('FullPermissionRole','/building/index'),('FullPermissionRole','/building/update'),('FullPermissionRole','/building/view'),('FullPermissionRole','/city/list'),('FullPermissionRole','/error/index'),('FullPermissionRole','/file/delete'),('FullPermissionRole','/file/upload'),('FullPermissionRole','/management-user-device-token/create'),('FullPermissionRole','/management-user-device-token/delete'),('FullPermissionRole','/management-user-notify/count-unread'),('FullPermissionRole','/management-user-notify/detail'),('FullPermissionRole','/management-user-notify/is-hidden'),('FullPermissionRole','/management-user-notify/is-read'),('FullPermissionRole','/management-user-notify/list'),('FullPermissionRole','/management-user/change-password'),('FullPermissionRole','/management-user/create'),('FullPermissionRole','/management-user/delete'),('FullPermissionRole','/management-user/detail'),('FullPermissionRole','/management-user/list'),('FullPermissionRole','/management-user/update'),('FullPermissionRole','/management-user/update-info'),('FullPermissionRole','/post/create'),('FullPermissionRole','/post/index'),('FullPermissionRole','/post/view'),('FullPermissionRole','/rbac/assign-auth-group'),('FullPermissionRole','/rbac/auth-group-delete'),('FullPermissionRole','/rbac/auth-group-detail'),('FullPermissionRole','/rbac/auth-groups'),('FullPermissionRole','/rbac/auth-item-webs'),('FullPermissionRole','/rbac/create-auth-group'),('FullPermissionRole','/rbac/create-auth-item-web'),('FullPermissionRole','/rbac/permissions'),('FullPermissionRole','/rbac/role-create'),('FullPermissionRole','/rbac/role-detail'),('FullPermissionRole','/rbac/role-update'),('FullPermissionRole','/rbac/roles'),('FullPermissionRole','/rbac/update-auth-group'),('FullPermissionRole','/report/announcement-recent'),('FullPermissionRole','/report/count-all'),('FullPermissionRole','/report/request-by-day'),('FullPermissionRole','/report/service-fee-by-day'),('FullPermissionRole','/request-answer-internal/create'),('FullPermissionRole','/request-answer-internal/delete'),('FullPermissionRole','/request-answer-internal/detail'),('FullPermissionRole','/request-answer-internal/list'),('FullPermissionRole','/request-answer-internal/update'),('FullPermissionRole','/request-answer/create'),('FullPermissionRole','/request-answer/delete'),('FullPermissionRole','/request-answer/detail'),('FullPermissionRole','/request-answer/list'),('FullPermissionRole','/request-answer/update'),('FullPermissionRole','/request-category/create'),('FullPermissionRole','/request-category/delete'),('FullPermissionRole','/request-category/detail'),('FullPermissionRole','/request-category/list'),('FullPermissionRole','/request-category/update'),('FullPermissionRole','/request/add-or-remove-auth-group'),('FullPermissionRole','/request/change-status'),('FullPermissionRole','/request/detail'),('FullPermissionRole','/request/list'),('FullPermissionRole','/request/list-request-map-auth-group'),('FullPermissionRole','/resident-user/create'),('FullPermissionRole','/resident-user/detail'),('FullPermissionRole','/resident-user/list'),('FullPermissionRole','/resident-user/update'),('FullPermissionRole','/service-bill/change-status'),('FullPermissionRole','/service-bill/create'),('FullPermissionRole','/service-bill/delete'),('FullPermissionRole','/service-bill/detail'),('FullPermissionRole','/service-bill/list'),('FullPermissionRole','/service-bill/update'),('FullPermissionRole','/service-building-config/create'),('FullPermissionRole','/service-building-config/delete'),('FullPermissionRole','/service-building-config/detail'),('FullPermissionRole','/service-building-config/list'),('FullPermissionRole','/service-building-config/update'),('FullPermissionRole','/service-map-management/create'),('FullPermissionRole','/service-map-management/delete'),('FullPermissionRole','/service-map-management/detail'),('FullPermissionRole','/service-map-management/list'),('FullPermissionRole','/service-map-management/update'),('FullPermissionRole','/service-payment-fee/create'),('FullPermissionRole','/service-payment-fee/delete'),('FullPermissionRole','/service-payment-fee/detail'),('FullPermissionRole','/service-payment-fee/import'),('FullPermissionRole','/service-payment-fee/list'),('FullPermissionRole','/service-payment-fee/update'),('FullPermissionRole','/service-provider/create'),('FullPermissionRole','/service-provider/delete'),('FullPermissionRole','/service-provider/detail'),('FullPermissionRole','/service-provider/detail-billing-info'),('FullPermissionRole','/service-provider/list'),('FullPermissionRole','/service-provider/update'),('FullPermissionRole','/service-provider/update-billing-info'),('FullPermissionRole','/service-utility-free/create'),('FullPermissionRole','/service-utility-free/delete'),('FullPermissionRole','/service-utility-free/detail'),('FullPermissionRole','/service-utility-free/list'),('FullPermissionRole','/service-utility-free/update'),('FullPermissionRole','/service-water-level/create'),('FullPermissionRole','/service-water-level/delete'),('FullPermissionRole','/service-water-level/detail'),('FullPermissionRole','/service-water-level/list'),('FullPermissionRole','/service-water-level/update'),('FullPermissionRole','/service/detail'),('FullPermissionRole','/service/list'),('FullPermissionRole','/site/index'),('FullPermissionRole','/user/index'),('MANAGEMENT-USER_CREATE_UPDATE','/management-user/create'),('MANAGEMENT-USER_CREATE_UPDATE','/management-user/delete'),('MANAGEMENT-USER_CREATE_UPDATE','/management-user/detail'),('MANAGEMENT-USER_CREATE_UPDATE','/management-user/list'),('MANAGEMENT-USER_CREATE_UPDATE','/management-user/update'),('MANAGEMENT-USER_CREATE_UPDATE','/rbac/auth-groups'),('MANAGEMENT-USER_LIST','/management-user/detail'),('MANAGEMENT-USER_LIST','/management-user/list'),('PostManagers','/post/create'),('PostManagers','/post/index'),('PostManagers','/post/view'),('REQUEST_CATEGORY_CREATE_UPDATE','/request-category/create'),('REQUEST_CATEGORY_CREATE_UPDATE','/request-category/delete'),('REQUEST_CATEGORY_CREATE_UPDATE','/request-category/detail'),('REQUEST_CATEGORY_CREATE_UPDATE','/request-category/list'),('REQUEST_CATEGORY_CREATE_UPDATE','/request-category/update'),('REQUEST_CATEGORY_LIST','/request-category/create'),('REQUEST_CATEGORY_LIST','/request-category/delete'),('REQUEST_CATEGORY_LIST','/request-category/detail'),('REQUEST_CATEGORY_LIST','/request-category/list'),('REQUEST_CATEGORY_LIST','/request-category/update'),('REQUEST_CONTACT_RESIDENT','/request-answer-internal/create'),('REQUEST_CONTACT_RESIDENT','/request-answer-internal/delete'),('REQUEST_CONTACT_RESIDENT','/request-answer-internal/detail'),('REQUEST_CONTACT_RESIDENT','/request-answer-internal/list'),('REQUEST_CONTACT_RESIDENT','/request-answer-internal/update'),('REQUEST_CONTACT_RESIDENT','/request-answer/create'),('REQUEST_CONTACT_RESIDENT','/request-answer/delete'),('REQUEST_CONTACT_RESIDENT','/request-answer/detail'),('REQUEST_CONTACT_RESIDENT','/request-answer/list'),('REQUEST_CONTACT_RESIDENT','/request-answer/update'),('REQUEST_CONTACT_RESIDENT','/request/add-or-remove-auth-group'),('REQUEST_CONTACT_RESIDENT','/request/change-status'),('REQUEST_CONTACT_RESIDENT','/request/detail'),('REQUEST_CONTACT_RESIDENT','/request/list'),('REQUEST_CONTACT_RESIDENT','/request/list-request-map-auth-group'),('REQUEST_LIST','/request-answer-internal/detail'),('REQUEST_LIST','/request-answer-internal/list'),('REQUEST_LIST','/request-answer/detail'),('REQUEST_LIST','/request-answer/list'),('REQUEST_LIST','/request-category/list'),('REQUEST_LIST','/request/detail'),('REQUEST_LIST','/request/list'),('REQUEST_MANAGER_GROUPS_PROCESS_ADMIN','/request/add-or-remove-auth-group'),('REQUEST_MANAGER_GROUPS_PROCESS_ADMIN','/request/list-request-map-auth-group'),('REQUEST_PROCESS','/request-answer-internal/create'),('REQUEST_PROCESS','/request-answer-internal/delete'),('REQUEST_PROCESS','/request-answer-internal/detail'),('REQUEST_PROCESS','/request-answer-internal/list'),('REQUEST_PROCESS','/request-answer-internal/update'),('REQUEST_PROCESS','/request-answer/detail'),('REQUEST_PROCESS','/request-answer/list'),('REQUEST_PROCESS','/request-category/detail'),('REQUEST_PROCESS','/request-category/list'),('REQUEST_PROCESS','/request/detail'),('REQUEST_PROCESS','/request/list'),('REQUEST_PROCESS','/request/list-request-map-auth-group'),('RESIDENT_CREATE_UPDATE','/apartment/add-resident-user'),('RESIDENT_CREATE_UPDATE','/apartment/detail'),('RESIDENT_CREATE_UPDATE','/apartment/list'),('RESIDENT_CREATE_UPDATE','/apartment/list-resident-user'),('RESIDENT_CREATE_UPDATE','/apartment/remove-resident-user'),('RESIDENT_CREATE_UPDATE','/apartment/update-resident-type'),('RESIDENT_CREATE_UPDATE','/resident-user/create'),('RESIDENT_CREATE_UPDATE','/resident-user/detail'),('RESIDENT_CREATE_UPDATE','/resident-user/list'),('RESIDENT_CREATE_UPDATE','/resident-user/update'),('RESIDENT_LIST','/apartment/list-resident-user'),('RESIDENT_LIST','/resident-user/detail'),('RESIDENT_LIST','/resident-user/list'),('SETTING_BUILDING_AREA_CREATE_UPDATE','/building-area/count-apartment'),('SETTING_BUILDING_AREA_CREATE_UPDATE','/building-area/create'),('SETTING_BUILDING_AREA_CREATE_UPDATE','/building-area/delete'),('SETTING_BUILDING_AREA_CREATE_UPDATE','/building-area/detail'),('SETTING_BUILDING_AREA_CREATE_UPDATE','/building-area/list'),('SETTING_BUILDING_AREA_CREATE_UPDATE','/building-area/update'),('SETTING_BUILDING_AREA_LIST','/building-area/count-apartment'),('SETTING_BUILDING_AREA_LIST','/building-area/detail'),('SETTING_BUILDING_AREA_LIST','/building-area/list'),('SETTING_PLANE_UPDATE','/building-cluster/detail'),('SETTING_PLANE_UPDATE','/building-cluster/update'),('UserManagers','/user/index');
/*!40000 ALTER TABLE `auth_item_child` ENABLE KEYS */;
UNLOCK TABLES;

--
-- Table structure for table `auth_item_web`
--

DROP TABLE IF EXISTS `auth_item_web`;
/*!40101 SET @saved_cs_client     = @@character_set_client */;
/*!40101 SET character_set_client = utf8 */;
CREATE TABLE `auth_item_web` (
  `code` char(64) DEFAULT NULL,
  `description` text DEFAULT NULL,
  `created_at` int(11) DEFAULT NULL,
  `updated_at` int(11) DEFAULT NULL,
  KEY `idx-auth_item_web-code` (`code`)
) ENGINE=InnoDB DEFAULT CHARSET=utf8;
/*!40101 SET character_set_client = @saved_cs_client */;

--
-- Dumping data for table `auth_item_web`
--

LOCK TABLES `auth_item_web` WRITE;
/*!40000 ALTER TABLE `auth_item_web` DISABLE KEYS */;
INSERT INTO `auth_item_web` VALUES ('/main/dashboard','/main/dashboard',1559034211,1559034211),('/main/notification','/main/notification',1559034211,1559034211),('/main/notification/list','/main/notification/list',1559034211,1559034211),('/main/notification/add','/main/notification/add',1559034211,1559034211),('/main/notification/category','/main/notification/category',1559034211,1559034211),('/main/notification/detail/:id','/main/notification/detail/:id',1559034211,1559034211),('/main/ticket','/main/ticket',1559034211,1559034211),('/main/ticket/list','/main/ticket/list',1559034211,1559034211),('/main/ticket/category','/main/ticket/category',1559034211,1559034211),('/main/ticket/detail/:id','/main/ticket/detail/:id',1559034211,1559034211),('/main/resident','/main/resident',1559034211,1559034211),('/main/resident/list','/main/resident/list',1559034211,1559034211),('/main/resident/add','/main/resident/add',1559034211,1559034211),('/main/resident/detail/:id','/main/resident/detail/:id',1559034211,1559034211),('/main/staff','/main/staff',1559034211,1559034211),('/main/staff/list','/main/staff/list',1559034211,1559034211),('/main/staff/add','/main/staff/add',1559034211,1559034211),('/main/staff/edit/:id','/main/staff/edit/:id',1559034211,1559034211),('/main/setting','/main/setting',1559034211,1559034211),('/main/setting/infomation','/main/setting/infomation',1559034211,1559034211),('/main/setting/plane','/main/setting/plane',1559034211,1559034211),('/main/setting/apartment','/main/setting/apartment',1559034211,1559034211),('/main/setting/apartment/add','/main/setting/apartment/add',1559034211,1559034211),('/main/setting/apartment/detail/:id','/main/setting/apartment/detail/:id',1559034211,1559034211),('/main/setting/roles','/main/setting/roles',1559034211,1559034211),('/main/setting/roles/create','/main/setting/roles/create',1559034211,1559034211),('/main/setting/roles/edit/:id','/main/setting/roles/edit/:id',1559034211,1559034211);
/*!40000 ALTER TABLE `auth_item_web` ENABLE KEYS */;
UNLOCK TABLES;

--
-- Table structure for table `auth_rule`
--

DROP TABLE IF EXISTS `auth_rule`;
/*!40101 SET @saved_cs_client     = @@character_set_client */;
/*!40101 SET character_set_client = utf8 */;
CREATE TABLE `auth_rule` (
  `name` varchar(64) COLLATE utf8_unicode_ci NOT NULL,
  `data` blob DEFAULT NULL,
  `created_at` int(11) DEFAULT NULL,
  `updated_at` int(11) DEFAULT NULL,
  PRIMARY KEY (`name`)
) ENGINE=InnoDB DEFAULT CHARSET=utf8 COLLATE=utf8_unicode_ci;
/*!40101 SET character_set_client = @saved_cs_client */;

--
-- Dumping data for table `auth_rule`
--

LOCK TABLES `auth_rule` WRITE;
/*!40000 ALTER TABLE `auth_rule` DISABLE KEYS */;
/*!40000 ALTER TABLE `auth_rule` ENABLE KEYS */;
UNLOCK TABLES;

--
-- Table structure for table `building_area`
--

DROP TABLE IF EXISTS `building_area`;
/*!40101 SET @saved_cs_client     = @@character_set_client */;
/*!40101 SET character_set_client = utf8 */;
CREATE TABLE `building_area` (
  `id` int(11) NOT NULL AUTO_INCREMENT,
  `name` varchar(64) NOT NULL,
  `description` text DEFAULT NULL,
  `medias` text DEFAULT NULL,
  `status` int(11) DEFAULT 0 COMMENT ' 0 - chưa active, 1 - đã active',
  `is_deleted` int(1) DEFAULT 0 COMMENT '0 : chưa xóa, 1 : đã xóa',
  `building_cluster_id` int(11) DEFAULT NULL,
  `parent_id` int(11) DEFAULT NULL,
  `created_at` int(11) DEFAULT NULL,
  `updated_at` int(11) DEFAULT NULL,
  `created_by` int(11) DEFAULT NULL,
  `updated_by` int(11) DEFAULT NULL,
  `parent_path` varchar(255) DEFAULT NULL,
  PRIMARY KEY (`id`),
  KEY `idx-building_area-building_cluster_id` (`building_cluster_id`),
  KEY `idx-building_area-is_deleted` (`is_deleted`),
  KEY `idx-building_area-parent_id` (`parent_id`),
  KEY `idx-building_area-status` (`status`)
) ENGINE=InnoDB AUTO_INCREMENT=90 DEFAULT CHARSET=utf8;
/*!40101 SET character_set_client = @saved_cs_client */;

--
-- Dumping data for table `building_area`
--

LOCK TABLES `building_area` WRITE;
/*!40000 ALTER TABLE `building_area` DISABLE KEYS */;
INSERT INTO `building_area` VALUES (1,'Tòa S2','Sự lựa chọn hoàn hảo của các gia đình trẻ, dự án đang gây “sốt” với khách hàng và nhiều nhà đầu tư tại cửa ngõ phía Tây Nam thủ đô. Để đáp ứng nhu cầu của thị trường và mong mỏng của khách hàng, đầu tháng 4/2016 này, chủ đầu tư Capital Land tiếp tục cho ra mắt những căn hộ đầu tiên của tòa S2 Seasons Avenue','{\"imageUrl\":\"\\/uploads\\/images\\/201905\\/1558768189-lang-viet-kieu-chau-au-1.png\"}',0,0,1,NULL,1557889163,1558779906,1,20,NULL),(2,'Tòa S1','Tòa S1 là tòa có vị trí đẹp nhất trong tổng thể dự án Seasons Avenue Mỗ Lao bởi sở hữu 4 mặt thoáng, một mặt nhìn về phía Hà Nội, 1 mặt hướng về phía Hà Đông và 1 mặt nhìn toàn cảnh khuôn viên bể bơi. Với chính sách ưu đãi mới vô cùng hấp dẫn, tòa Mùa Xuân S1 sẽ là tòa căn hộ “HOT” nhất trong tháng 7 này tại thị trường BĐS Hà Nội.','{\"imageUrl\":\"\\/uploads\\/images\\/201905\\/1558765885-group-343.png\"}',0,0,1,NULL,1557889629,1558779886,1,20,NULL),(3,'Sinh hoạt chung','Khu sinh hoạt chung của cư dân: vui chơi, tổ chức BBQ,  đi bộ, ...',NULL,0,1,1,NULL,1557889777,1558779873,1,20,NULL),(4,'Tầng 1','Là tầng thương mại','{\"imageUrl\":\"\\/uploads\\/images\\/201905\\/1558768228-tttm-aeon-mall.jpg\"}',0,0,1,1,1557893035,1558768229,1,6,NULL),(5,'Tầng 2','Cho thuê văn phòng','{\"imageUrl\":\"\\/uploads\\/images\\/201905\\/1558768257-modem-wifi-bang-tan-kep-cua-fpt-768x512.jpg\"}',0,0,1,1,1557893035,1558768258,1,6,NULL),(6,'SDFSDF','',NULL,0,0,1,4,1557893699,1557893699,1,1,NULL),(7,'Tầng 3','',NULL,0,0,1,1,1557894290,1558428073,1,1,NULL),(8,'Tầng hầm B1','Tầng hầm dành riêng cho gửi xe ô tô của cư dân','{\"imageUrl\":\"\\/uploads\\/images\\/201905\\/1558766143-ti-xung-2.jpg\"}',0,0,1,2,1557894525,1558771331,1,6,NULL),(9,'Tầng hầm B2','Tầng hầm dành cho gửi xe máy của cư dân','{\"imageUrl\":\"\\/uploads\\/images\\/201905\\/1558766177-chot-4-1426522720882.jpg\"}',0,0,1,2,1557894536,1558771313,1,6,NULL),(10,'Tầng 1','Trung tâm thương mại','{\"imageUrl\":\"\\/uploads\\/images\\/201905\\/1558766219-tttm-aeon-mall.jpg\"}',0,0,1,2,1557894542,1558766220,1,6,NULL),(11,'Tầng 2','Trung tâm thương mại','{\"imageUrl\":\"\\/uploads\\/images\\/201905\\/1558766252-tttm-aeon-mall.jpg\"}',0,0,1,2,1557894549,1558766253,1,6,NULL),(12,'Khu TSQ1 ','moi','{\"imageUrl\":\"\\/uploads\\/images\\/201905\\/1558078271-11111.jpg\"}',0,1,1,NULL,1558078514,1558432128,1,5,NULL),(13,'Tầng 1','tang 1','{\"imageUrl\":\"\\/uploads\\/images\\/201905\\/1558078549-11111.jpg\"}',0,1,1,12,1558078551,1558431943,1,5,'Khu TSQ1 '),(14,'Tầng 4','Mô tả tầng','{\"imageUrl\":\"\\/uploads\\/images\\/201905\\/1558428060-20190419092527-5423_wm.jpg\"}',0,0,1,1,1558428010,1558779846,1,20,'Tòa S2/'),(15,'Tòa S3','Nằm trong chuỗi dự án TSQ Mộ Lao, Hà Đông.\nThuận tiện di chuyển, nằm trên trục đường chính, khu dân cư, không khí trong lành,....\nNằm trong chuỗi dự án TSQ Mộ Lao, Hà Đông.\nThuận tiện di chuyển, nằm trên trục đường chính, khu dân cư, không khí trong lành,.... \nNằm trong chuỗi dự án TSQ Mộ Lao, Hà Đông.\nThuận tiện di chuyển, nằm trên trục đường chính, khu dân cư, không khí trong lành,.... \nNằm trong chuỗi dự án TSQ Mộ Lao, Hà Đông.\nThuận tiện di chuyển, nằm trên trục đường chính, khu dân cư, không khí trong lành,.... ','{\"imageUrl\":\"\\/uploads\\/images\\/201905\\/1558770136-abc.jpg\"}',0,0,1,NULL,1558428088,1558779852,1,20,NULL),(16,'Tầng 1','',NULL,0,1,1,15,1558428098,1558779852,1,20,'Tòa S3/'),(17,'Tầng 2','',NULL,0,1,1,15,1558428105,1558779852,1,20,'Tòa S3/'),(18,'Tầng 10','',NULL,0,1,1,1,1558428174,1558779846,1,20,'Tòa S2/'),(19,'Tang 1','',NULL,0,1,1,15,1558432486,1558779852,5,20,'Tòa S3/'),(20,'Tang 1','',NULL,0,1,1,15,1558432580,1558779852,5,20,'Tòa S3/'),(21,'Tang 1','',NULL,0,1,1,15,1558433649,1558779852,5,20,'Tòa S3/'),(22,'Tang 1','',NULL,0,1,1,15,1558434112,1558779852,5,20,'Tòa S3/'),(23,'Tầng 5','Căn hộ','{\"imageUrl\":\"\\/uploads\\/images\\/201905\\/1558768272-westbay-1466569763735.jpg\"}',0,0,1,1,1558434584,1558779846,5,20,'Tòa S2/'),(24,'Luci 1','Tòa nhà Luci 1',NULL,0,0,2,NULL,1558458330,1558458330,7,7,NULL),(25,'Luci 2','Toa nha Luci 2',NULL,0,0,2,NULL,1558458343,1558458343,7,7,NULL),(26,'Tang 1','Tang tiep khach',NULL,0,0,2,24,1558458359,1558458359,7,7,'Luci 1/'),(27,'Tang 2','Thang van phong',NULL,0,0,2,24,1558458372,1558458372,7,7,'Luci 1/'),(28,'Tầng 3','Thuê văn phòng','{\"imageUrl\":\"\\/uploads\\/images\\/201905\\/1558766288-cac-loai-chi-phi-thue-van-phong.jpg\"}',0,0,1,2,1558766289,1558779838,6,20,'Tòa S1/'),(29,'Tầng 4','Thuê văn phòng','{\"imageUrl\":\"\\/uploads\\/images\\/201905\\/1558766306-cac-loai-chi-phi-thue-van-phong.jpg\"}',0,0,1,2,1558766307,1558779838,6,20,'Tòa S1/'),(30,'Tầng 5','Thuê văn phòng',NULL,0,0,1,2,1558766319,1558779838,6,20,'Tòa S1/'),(31,'Tầng 6','Thuê văn phòng',NULL,0,0,1,2,1558766328,1558779838,6,20,'Tòa S1/'),(32,'Tầng 7','Căn hộ cư dân','{\"imageUrl\":\"\\/uploads\\/images\\/201905\\/1558766359-westbay-1466569763735.jpg\"}',0,0,1,2,1558766360,1558779838,6,20,'Tòa S1/'),(33,'Tầng 8','Căn hộ cư dân',NULL,0,0,1,2,1558767231,1558779838,6,20,'Tòa S1/'),(34,'Tầng 9','Căn hộ cư dân',NULL,0,0,1,2,1558767238,1558779838,6,20,'Tòa S1/'),(35,'Tầng 10','Căn hộ cư dân',NULL,0,0,1,2,1558767246,1558779838,6,20,'Tòa S1/'),(36,'Tầng 11','Căn hộ cư dân',NULL,0,0,1,2,1558767255,1558779838,6,20,'Tòa S1/'),(37,'Tầng 12','Căn hộ cư dân\n',NULL,0,0,1,2,1558767266,1558779838,6,20,'Tòa S1/'),(38,'Tầng 13','Căn hộ cư dân',NULL,0,0,1,2,1558767276,1558779838,6,20,'Tòa S1/'),(39,'Tầng 14','Căn hộ cư dân',NULL,0,0,1,2,1558767661,1558779838,6,20,'Tòa S1/'),(40,'Tầng 15','Căn hộ cư dân',NULL,0,0,1,2,1558767671,1558779838,6,20,'Tòa S1/'),(41,'Tầng 16','Căn hộ cư dân',NULL,0,0,1,2,1558767679,1558779838,6,20,'Tòa S1/'),(42,'Tầng 6','Căn hộ',NULL,0,0,1,1,1558768279,1558779846,6,20,'Tòa S2/'),(43,'Tầng 7','',NULL,0,0,1,1,1558768284,1558779846,6,20,'Tòa S2/'),(44,'Tầng 8','',NULL,0,0,1,1,1558768289,1558779846,6,20,'Tòa S2/'),(45,'Tầng 9','',NULL,0,0,1,1,1558768293,1558779846,6,20,'Tòa S2/'),(46,'Tầng 10','',NULL,0,0,1,1,1558768297,1558779846,6,20,'Tòa S2/'),(47,'Tầng 11','',NULL,0,0,1,1,1558768302,1558779846,6,20,'Tòa S2/'),(48,'Tầng 12','',NULL,0,0,1,1,1558768307,1558779846,6,20,'Tòa S2/'),(49,'Tầng 13','',NULL,0,0,1,1,1558768311,1558779846,6,20,'Tòa S2/'),(50,'Tầng 14','',NULL,0,0,1,1,1558768316,1558779846,6,20,'Tòa S2/'),(51,'Tầng 15','',NULL,0,0,1,1,1558768321,1558779846,6,20,'Tòa S2/'),(52,'Tầng hầm B3','Tầng hầm gửi xe dành cho khách vào các tầng dịch vụ','{\"imageUrl\":\"\\/uploads\\/images\\/201905\\/1558771252-abc.jpg\"}',0,0,1,2,1558771289,1558779838,6,20,'Tòa S1/'),(53,'Tầng L','Tầng dành cho văn phòng của ban quản trị','{\"imageUrl\":\"\\/uploads\\/images\\/201905\\/1558773133-abc.jpg\"}',0,0,1,2,1558771594,1558779838,6,20,'Tòa S1/'),(54,'jgj','ggjg',NULL,0,1,1,2,1558771611,1558779838,6,20,'Tòa S1/'),(55,'cccbc','cvbcbc',NULL,0,1,1,2,1558771645,1558779838,6,20,'Tòa S1/'),(56,'Tòa S4','Nằm trong dãy tòa nhà thuộc dự án Bắc Linh Đàm','{\"imageUrl\":\"\\/uploads\\/images\\/201905\\/1558773108-abc.jpg\"}',0,0,1,NULL,1558772189,1558779861,6,20,NULL),(57,'dgdgd','gdgdfg',NULL,0,1,1,NULL,1558772217,1558772264,6,6,NULL),(58,'N','Nằm trong chuỗi dự án TSQ Mộ Lao, Hà Đông.\nThuận tiện di chuyển, nằm trên trục đường chính, khu dân cư, không khí trong lành,.... Nằm trong chuỗi dự án TSQ Mộ Lao, Hà Đông.\nThuận tiện di chuyển, nằm trên trục đường chính, khu dân cư, không khí trong lành,.... Nằm trong chuỗi dự án TSQ Mộ Lao, Hà Đông.\nThuận tiện di chuyển, nằm trên trục đường chính, khu dân cư, không khí trong lành,.... Nằm trong chuỗi dự án TSQ Mộ Lao, Hà Đông.\nThuận tiện di chuyển, nằm trên trục đường chính, khu dân cư, không khí trong lành,.... Nằm trong chuỗi dự án TSQ Mộ Lao, Hà Đông.\nThuận tiện di chuyển, nằm trên trục đường chính, khu dân cư, không khí trong lành,.... Nằm trong chuỗi dự án TSQ Mộ Lao, Hà Đông.\nThuận tiện di chuyển, nằm trên trục đường chính, khu dân cư, không khí trong lành,.... Nằm trong chuỗi dự án TSQ Mộ Lao, Hà Đông.\nThuận tiện di chuyển, nằm trên trục đường chính, khu dân cư, không khí trong lành,.... ',NULL,0,1,1,NULL,1558772974,1558772992,6,6,NULL),(59,'Tầng 1','',NULL,0,0,1,56,1559287266,1559287266,19,19,'Tòa S4/'),(60,'Tòa S1','',NULL,0,0,3,NULL,1559623439,1559623439,26,26,NULL),(61,'Tòa S2','',NULL,0,0,3,NULL,1559623452,1559623452,26,26,NULL),(62,'Tầng 1','',NULL,0,0,3,61,1559623461,1559623461,26,26,'Tòa S2/'),(63,'Tầng 2','',NULL,0,0,3,61,1559623466,1559623466,26,26,'Tòa S2/'),(64,'Tầng 3','',NULL,0,0,3,61,1559623471,1559623471,26,26,'Tòa S2/'),(65,'Tầng 4','',NULL,0,0,3,61,1559623476,1559623476,26,26,'Tòa S2/'),(66,'Tầng 5','',NULL,0,0,3,61,1559623481,1559623481,26,26,'Tòa S2/'),(67,'Tầng 6','',NULL,0,0,3,61,1559623487,1559623487,26,26,'Tòa S2/'),(68,'Tầng 7','',NULL,0,0,3,61,1559623492,1559623492,26,26,'Tòa S2/'),(69,'Tầng 8','',NULL,0,0,3,61,1559623498,1559623498,26,26,'Tòa S2/'),(70,'Tầng 9','',NULL,0,0,3,61,1559623503,1559623503,26,26,'Tòa S2/'),(71,'Tầng 10','',NULL,0,0,3,61,1559623512,1559623512,26,26,'Tòa S2/'),(72,'Tầng 1','',NULL,0,0,3,60,1559623518,1559623518,26,26,'Tòa S1/'),(73,'Tầng 2','',NULL,0,0,3,60,1559623523,1559623523,26,26,'Tòa S1/'),(74,'Tầng 3','',NULL,0,0,3,60,1559623527,1559623527,26,26,'Tòa S1/'),(75,'Tầng 4','',NULL,0,0,3,60,1559623532,1559623532,26,26,'Tòa S1/'),(76,'Tầng 5','',NULL,0,0,3,60,1559623537,1559623537,26,26,'Tòa S1/'),(77,'Tầng 6','',NULL,0,0,3,60,1559623542,1559623542,26,26,'Tòa S1/'),(78,'Tầng 7','',NULL,0,0,3,60,1559623547,1559623547,26,26,'Tòa S1/'),(79,'Tầng 8','',NULL,0,0,3,60,1559623552,1559623552,26,26,'Tòa S1/'),(80,'Tầng 9','',NULL,0,0,3,60,1559623556,1559623556,26,26,'Tòa S1/'),(81,'Tầng 10','',NULL,0,0,3,60,1559623562,1559623562,26,26,'Tòa S1/'),(82,'Tầng 11','',NULL,0,0,3,61,1559634656,1559634656,26,26,'Tòa S2/'),(83,'Tầng 11','',NULL,0,0,3,60,1559634664,1559634664,26,26,'Tòa S1/'),(84,'a','\"Tôi muốn hỏi tại sao phải sợ Thái Lan\", HLV Park Hang-seo nhấn mạnh khi một phóng viên nhắc lại tuyên bố Việt Nam không còn sợ Thái Lan sau chiến thắng 4-0 ở vòng loại U23 châu Á đầu năm 2019. \"Đối thủ có là ai đi nữa cũng không khiến chúng tôi sợ hãi. Tôi luôn dặn các học trò như vậy, dù gặp Nhật Bản và Hàn Quốc. Chúng tôi chẳng phải sợ bất cứ đối thủ nào\".\n\"Thái Lan là đối thủ mạnh, nhưng tuyển Việt Nam cũng đã nỗ lực rất nhiều để vô địch AFF Cup năm ngoái. Chúng tôi luôn nỗ lực để tiến bộ hơn. Tôi luôn dặn cầu thủ rằng, dù kết quả ngày mai có thế nào, thắng hoặc thua, điều quan trọng là chúng tôi học được những gì. Chúng tôi cần chơi tốt nhất với khả năng\".\nTrong buổi họp báo chiều 4/6, HLV Park Hang-seo và đội trưởng Quế Ngọc Hải nhận nhiều câu hỏi về Thái Lan - đối thủ được xem là kình địch của bóng đá Việt Nam ở Đông Nam Á. Tuy nhiên, cả hai người đều khẳng định dù gặp Thái Lan hay đối thủ nào đi nữa, đội đều vào cuộc tự tin, sau những giải đấu thành công ở tầm châu lục như Asiad hay Asian Cup.\n',NULL,0,0,1,NULL,1559642191,1559642191,6,6,NULL),(85,'xcvxcbv','xcbxcb','{\"imageUrl\":\"\\/uploads\\/images\\/201906\\/1559642683-20181228_202137.jpg\"}',0,1,1,84,1559642807,1559642814,6,6,'a/'),(86,'dfgd','bdfgdfgsdf',NULL,0,0,1,NULL,1559642840,1559642850,6,6,NULL),(87,'Từ kí tự 31 trở đi tự động strim, không cho nhập nữa','xsf',NULL,0,0,1,86,1559699056,1559699056,6,6,'dfgd/'),(88,'a','Trong bài viết trên Facebook hôm 31/5 nhằm chia buồn việc cựu thủ tướng Thái Lan Prem Tinsulanonda qua đời, Thủ tướng Singapore Lý Hiển Long có những phát biểu đề cập tới mối quan hệ giữa Việt Nam với Campuchia và ASEAN trong thập niên 1980.\n\nÔng Lý nói rằng giai đoạn lãnh đạo của ông Prem trùng với thời điểm mà ông gọi là \"sự xâm lược của Việt Nam với Campuchia và chính phủ Campuchia thay thế Khmer Đỏ\". Ông còn nói rằng Thủ tướng Thái Lan Prem đã phối hợp với các đối tác ASEAN để chống lại \"sự chiếm đóng\" của Việt Nam. \n\nNgười phát ngôn Bộ Ngoại giao Lê Thị Thu Hằng hôm 4/6 cho hay Việt Nam lấy làm tiếc khi đã có một số nội dung phát biểu phản ánh không khách quan thực tế lịch sử, gây tác động không tốt đến dư luận. Bộ Ngoại giao Việt Nam đã trao đổi với Bộ Ngoại giao Singapore về vấn đề này.\n\nNgười phát ngôn khẳng định đóng góp và hy sinh của Việt Nam trong việc cùng nhân dân Campuchia chấm dứt tội ác diệt chủng của Khmer Đỏ là sự thật đã được thừa nhận rộng rãi. Ngày 16/11/2018, Toà án đặc biệt của Campuchia (ECCC) đã ra phán quyết về tội ác diệt chủng chống nhân loại của Khmer Đỏ, trả lại công bằng cho các nạn nhân, được Liên Hợp Quốc và cộng đồng quốc tế hoan nghênh.',NULL,0,0,1,84,1559700337,1559700337,6,6,'a/'),(89,'xvcxcv','xcv',NULL,0,1,1,84,1559700899,1559701405,6,6,'a/');
/*!40000 ALTER TABLE `building_area` ENABLE KEYS */;
UNLOCK TABLES;

--
-- Table structure for table `building_area_map_management_user`
--

DROP TABLE IF EXISTS `building_area_map_management_user`;
/*!40101 SET @saved_cs_client     = @@character_set_client */;
/*!40101 SET character_set_client = utf8 */;
CREATE TABLE `building_area_map_management_user` (
  `id` int(11) NOT NULL AUTO_INCREMENT,
  `building_area_id` int(11) DEFAULT NULL,
  `management_user_id` int(11) DEFAULT NULL,
  PRIMARY KEY (`id`),
  KEY `idx-building_area_map_management_user-building_area_id` (`building_area_id`),
  KEY `idx-building_area_map_management_user-management_user_id` (`management_user_id`)
) ENGINE=InnoDB DEFAULT CHARSET=utf8 COLLATE=utf8_unicode_ci;
/*!40101 SET character_set_client = @saved_cs_client */;

--
-- Dumping data for table `building_area_map_management_user`
--

LOCK TABLES `building_area_map_management_user` WRITE;
/*!40000 ALTER TABLE `building_area_map_management_user` DISABLE KEYS */;
/*!40000 ALTER TABLE `building_area_map_management_user` ENABLE KEYS */;
UNLOCK TABLES;

--
-- Table structure for table `building_cluster`
--

DROP TABLE IF EXISTS `building_cluster`;
/*!40101 SET @saved_cs_client     = @@character_set_client */;
/*!40101 SET character_set_client = utf8 */;
CREATE TABLE `building_cluster` (
  `id` int(11) NOT NULL AUTO_INCREMENT,
  `name` varchar(64) NOT NULL,
  `domain` varchar(64) NOT NULL,
  `email` varchar(64) DEFAULT NULL,
  `hotline` varchar(64) DEFAULT NULL,
  `address` varchar(255) DEFAULT NULL,
  `bank_account` varchar(255) DEFAULT NULL,
  `description` text DEFAULT NULL,
  `medias` text DEFAULT NULL,
  `status` int(11) DEFAULT 0 COMMENT ' 0 - chưa active, 1 - đã active',
  `tax_code` varchar(45) DEFAULT NULL,
  `tax_info` varchar(512) DEFAULT NULL,
  `city_id` int(11) DEFAULT NULL COMMENT 'id thành phố',
  `is_deleted` int(1) DEFAULT 0 COMMENT '0 : chưa xóa, 1 : đã xóa',
  `created_at` int(11) DEFAULT NULL,
  `updated_at` int(11) DEFAULT NULL,
  `created_by` int(11) DEFAULT NULL,
  `updated_by` int(11) DEFAULT NULL,
  `one_signal_app_id` varchar(255) DEFAULT NULL COMMENT 'mã app id gửi notify',
  `one_signal_api_key` varchar(255) DEFAULT NULL COMMENT 'mã api key gửi notify',
  PRIMARY KEY (`id`),
  KEY `idx-building_cluster-city_id` (`city_id`),
  KEY `idx-building_cluster-is_deleted` (`is_deleted`),
  KEY `idx-building_cluster-status` (`status`)
) ENGINE=InnoDB AUTO_INCREMENT=4 DEFAULT CHARSET=utf8;
/*!40101 SET character_set_client = @saved_cs_client */;

--
-- Dumping data for table `building_cluster`
--

LOCK TABLES `building_cluster` WRITE;
/*!40000 ALTER TABLE `building_cluster` DISABLE KEYS */;
INSERT INTO `building_cluster` VALUES (1,'SEASON AVENUA','https://demo.staging.building.luci.vn','admin@luci.vn','0968 980 280 ','Tọa lạc phía Tây Nam Hà Nội, thuộc khu CT09, Cổ Ngựa, KĐT Mỗ Lao, Hà Đông - Cho nhập string không quá 100 kí tự kể cả khoảng trắng','','Seasons Avenue – Đại lộ bốn mùa là một dự án tiếp theo của chủ đầu tư Capital Land được khách hàng đánh giá cao bởi chất lượng, tiến độ và tiện ích vượt trội so với những dự án cùng phân khúc hay khu vực.\r\n\r\nSau những nỗ lực không ngừng của chủ đầu tư cùng đơn vị thi công, hiện tại dự án đã chính thức cất nóc cả 4 tòa căn hộ, trong đó S1 Seasons Avenue là tòa sẽ được bàn giao sớm nhất. Đây chính là thời điểm vàng để quý khách hàng lựa chọn và đặt cọc những căn hộ đẹp nhất tại dự án, hãy đăng ký ngay với chúng tôi để nhận được nhiều ưu đãi hấp dẫn.','{\"imageUrl\":\"\\/uploads\\/images\\/201905\\/1558779811-phi-cnh-seasons-avenue.jpg\"}',1,'','',1,0,NULL,1559640304,NULL,6,'be8acb11-7202-44cb-941f-9662223db24a','YTkwMjhhNjgtZGY3YS00MjU3LTk5NWItMWRmZGJiZThiM2Uy'),(2,'Luci Labs','http://localhost:3000','support@luci.vn','0978928230','Tòa nhà Luci Labs','','Tòa nhà Luci Labs phát triển những dự án X','{\"imageUrl\":\"\\/uploads\\/images\\/201905\\/1559203581-11111-copy.jpg\"}',1,'','',1,0,1558454757,1559617888,NULL,1,'2b7a2903-f0bd-4592-905b-657a774ee4b9','NDRmOGZiNmUtM2FkNS00MTFhLThhNzItOGUxNzM2YzVmNjgw'),(3,'Luci Dream','https://dream.staging.building.luci.vn','support@luci.vn','0978928230','Số 1, Luci Smart City, Mỗ Lao, Hà Nội','','',NULL,1,'','',1,0,1559614301,1559623405,1,26,'6ed0ed79-ed65-47e6-a90b-5ad4ac1c3f02','ZWQ5N2EwNDctYmE2OS00YmZhLTk3MjAtZjY3YjAwMzgxOTNh');
/*!40000 ALTER TABLE `building_cluster` ENABLE KEYS */;
UNLOCK TABLES;

--
-- Table structure for table `building_cluster_map_management_user`
--

DROP TABLE IF EXISTS `building_cluster_map_management_user`;
/*!40101 SET @saved_cs_client     = @@character_set_client */;
/*!40101 SET character_set_client = utf8 */;
CREATE TABLE `building_cluster_map_management_user` (
  `id` int(11) NOT NULL AUTO_INCREMENT,
  `building_cluster_id` int(11) DEFAULT NULL,
  `management_user_id` int(11) DEFAULT NULL,
  PRIMARY KEY (`id`),
  KEY `idx-building_cluster_map_management_user-building_cluster_id` (`building_cluster_id`),
  KEY `idx-building_cluster_map_management_user-management_user_id` (`management_user_id`)
) ENGINE=InnoDB DEFAULT CHARSET=utf8;
/*!40101 SET character_set_client = @saved_cs_client */;

--
-- Dumping data for table `building_cluster_map_management_user`
--

LOCK TABLES `building_cluster_map_management_user` WRITE;
/*!40000 ALTER TABLE `building_cluster_map_management_user` DISABLE KEYS */;
/*!40000 ALTER TABLE `building_cluster_map_management_user` ENABLE KEYS */;
UNLOCK TABLES;

--
-- Table structure for table `city`
--

DROP TABLE IF EXISTS `city`;
/*!40101 SET @saved_cs_client     = @@character_set_client */;
/*!40101 SET character_set_client = utf8 */;
CREATE TABLE `city` (
  `id` int(11) NOT NULL AUTO_INCREMENT,
  `name` varchar(64) COLLATE utf8_unicode_ci NOT NULL,
  PRIMARY KEY (`id`)
) ENGINE=InnoDB AUTO_INCREMENT=64 DEFAULT CHARSET=utf8 COLLATE=utf8_unicode_ci;
/*!40101 SET character_set_client = @saved_cs_client */;

--
-- Dumping data for table `city`
--

LOCK TABLES `city` WRITE;
/*!40000 ALTER TABLE `city` DISABLE KEYS */;
INSERT INTO `city` VALUES (1,'Hà Nội'),(2,'Hải Phòng'),(3,'Hải Dương'),(4,'Hưng Yên'),(5,'Hà Nam'),(6,'Nam Định'),(7,'Thái Bình'),(8,'Ninh Bình'),(9,'Hà Giang'),(10,'Cao Bằng'),(11,'Lào Cai'),(12,'Bắc Cạn'),(13,'Lạng Sơn'),(14,'Tuyên Quang'),(15,'Yên Bái'),(16,'Thái Nguyên'),(17,'Phú Thọ'),(18,'Vĩnh Phúc'),(19,'Bắc Giang'),(20,'Bắc Ninh'),(21,'Quảng Ninh'),(22,'Điện Biên'),(23,'Lai Châu'),(24,'Sơn La'),(25,'Hòa Bình'),(26,'Thanh Hoá'),(27,'Nghệ An'),(28,'Hà Tĩnh'),(29,'Quảng Bình'),(30,'Quảng Trị'),(31,'Thừa Thiên - Huế'),(32,'Đà Nẵng'),(33,'Quảng Nam'),(34,'Quảng Ngãi'),(35,'Bình Định'),(36,'Phú Yên'),(37,'Khánh Hòa'),(38,'Kon Tum'),(39,'Gia Lai'),(40,'Đắc Lắc'),(41,'Đắk Nông'),(42,'TP Hồ Chí Minh'),(43,'Lâm Đồng'),(44,'Ninh Thuận'),(45,'Bình Phước'),(46,'Tây Ninh'),(47,'Bình Dương'),(48,'Đồng Nai'),(49,'Bình Thuận'),(50,'Bà Rịa - Vũng Tàu'),(51,'Long An'),(52,'Đồng Tháp'),(53,'An Giang'),(54,'Tiền Giang'),(55,'Vĩnh Long'),(56,'Bến Tre'),(57,'Kiên Giang'),(58,'Cần Thơ'),(59,'Hậu Giang'),(60,'Trà Vinh'),(61,'Sóc Trăng'),(62,'Bạc Liêu'),(63,'Cà Mau');
/*!40000 ALTER TABLE `city` ENABLE KEYS */;
UNLOCK TABLES;

--
-- Table structure for table `district`
--

DROP TABLE IF EXISTS `district`;
/*!40101 SET @saved_cs_client     = @@character_set_client */;
/*!40101 SET character_set_client = utf8 */;
CREATE TABLE `district` (
  `id` int(11) NOT NULL AUTO_INCREMENT,
  `name` varchar(64) COLLATE utf8_unicode_ci NOT NULL,
  `city_id` int(11) NOT NULL,
  PRIMARY KEY (`id`)
) ENGINE=InnoDB AUTO_INCREMENT=693 DEFAULT CHARSET=utf8 COLLATE=utf8_unicode_ci;
/*!40101 SET character_set_client = @saved_cs_client */;

--
-- Dumping data for table `district`
--

LOCK TABLES `district` WRITE;
/*!40000 ALTER TABLE `district` DISABLE KEYS */;
INSERT INTO `district` VALUES (1,'Quận Ba Đình',1),(2,'Quận Tây Hồ',1),(3,'Quận Hoàn Kiếm',1),(4,'Quận Long Biên',1),(5,'Quận Hai Bà Trưng',1),(6,'Quận Hoàng Mai',1),(7,'Quận Đống Đa',1),(8,'Quận Thanh Xuân',1),(9,'Quận Cầu Giấy',1),(10,'Huyện Sóc Sơn',1),(11,'Huyện Đông Anh',1),(12,'Huyện Gia Lâm',1),(13,'Huyện Từ Liêm',1),(14,'Huyện Thanh Trì',1),(15,'Huyện Mê Linh',1),(16,'Quận Hà Đông',1),(17,'Thị xã Sơn Tây',1),(18,'Huyện Phúc Thọ',1),(19,'Huyện Đan Phượng',1),(20,'Huyện Thạch Thất',1),(21,'Huyện Hoài Đức',1),(22,'Huyện Quốc Oai',1),(23,'Huyện Thanh Oai',1),(24,'Huyện Thường Tín',1),(25,'Huyện Mỹ Đức',1),(26,'Huyện ứng Hòa',1),(27,'Huyện Phú Xuyên',1),(28,'Huyện Ba Vì',1),(29,'Huyện Chương Mỹ',1),(30,'Quận Hồng Bàng',2),(31,'Quận Ngô Quyền',2),(32,'Quận Hải An',2),(33,'Quận Lê Chân',2),(34,'Quận Kiến An',2),(35,'Quận Đồ Sơn',2),(36,'Huyện Thuỷ Nguyên',2),(37,'Huyện An Dương',2),(38,'Huyện An Lão',2),(39,'Huyện Kiến Thuỵ',2),(40,'Huyện Tiên Lãng',2),(41,'Huyện Vĩnh Bảo',2),(42,'Huyện Cát Hải',2),(43,'Huyện Bạch Long Vĩ',2),(44,'Quận Dương Kinh',2),(45,'Thành phố Hải Dương',3),(46,'Huyện Chí Linh',3),(47,'Huyện Nam Sách',3),(48,'Huyện Thanh Hà',3),(49,'Huyện Kinh Môn',3),(50,'Huyện Kim Thành',3),(51,'Huyện Gia Lộc',3),(52,'Huyện Tứ Kỳ',3),(53,'Huyện Cẩm Giàng',3),(54,'Huyện Bình Giang',3),(55,'Huyện Thanh Miện',3),(56,'Huyện Ninh Giang',3),(57,'Thành phố Hưng Yên',4),(58,'Huyện Mỹ Hào',4),(59,'Huyện Khoái Châu',4),(60,'Huyện Ân Thi',4),(61,'Huyện Kim Động',4),(62,'Huyện Phù Cừ',4),(63,'Huyện Tiên Lữ',4),(64,'Huyện Văn Giang',4),(65,'Huyện Văn Lâm',4),(66,'Huyện Yên Mỹ',4),(67,'Thành Phố Phủ Lý',5),(68,'Huyện Duy Tiên',5),(69,'Huyện Kim Bảng',5),(70,'Huyện Lý Nhân',5),(71,'Huyện Thanh Liêm',5),(72,'Huyện Bình Lục',5),(73,'Thành phố Nam Định',6),(74,'Huyện Vụ Bản',6),(75,'Huyện Mỹ Lộc',6),(76,'Huyện ý Yên',6),(77,'Huyện Nam Trực',6),(78,'Huyện Trực Ninh',6),(79,'Huyện Xuân Trường',6),(80,'Huyện Giao Thủy',6),(81,'Huyện Nghĩa Hưng',6),(82,'Huyện Hải Hậu',6),(83,'Thành phố Thái Bình',7),(84,'Huyện Quỳnh Phụ',7),(85,'Huyện Hưng Hà',7),(86,'Huyện Thái Thụy',7),(87,'Huyện Đông Hưng',7),(88,'Huyện Vũ Thư',7),(89,'Huyện Kiến Xương',7),(90,'Huyện Tiền Hải',7),(91,'Thành Phố Ninh Bình',8),(92,'Thị xã Tam Điệp',8),(93,'Huyện Nho Quan',8),(94,'Huyện Gia Viễn',8),(95,'Huyện Hoa Lư',8),(96,'Huyện Yên Mô',8),(97,'Huyện Yên Khánh',8),(98,'Huyện Kim Sơn',8),(99,'Thị xã Hà Giang',9),(100,'Huyện Đồng Văn',9),(101,'Huyện Mèo Vạc',9),(102,'Huyện Yên Minh',9),(103,'Huyện Quản Bạ',9),(104,'Huyện Bắc Mê',9),(105,'Huyện Hoàng Su Phì',9),(106,'Huyện Vị Xuyên',9),(107,'Huyện Xín Mần',9),(108,'Huyện Quang Bình',9),(109,'Huyện Bắc Quang',9),(110,'Thị xã Cao Bằng',10),(111,'Huyện Bảo Lạc',10),(112,'Huyện Hà Quảng',10),(113,'Huyện Thông Nông',10),(114,'Huyện Trà Lĩnh',10),(115,'Huyện Trùng Khánh',10),(116,'Huyện Nguyên Bình',10),(117,'Huyện Hoà An',10),(118,'Huyện Quảng Uyên',10),(119,'Huyện Phục Hoà',10),(120,'Huyện Hạ Lang',10),(121,'Huyện Thạch An',10),(122,'Huyện Bảo Lâm',10),(123,'Thành phố Lào Cai',11),(124,'Huyện Mường Khương',11),(125,'Huyện Bát Xát',11),(126,'Huyện Bắc Hà',11),(127,'Huyện Bảo Thắng',11),(128,'Huyện Sa Pa',11),(129,'Huyện Bảo Yên',11),(130,'Huyện Văn Bàn',11),(131,'Huyện Si Ma Cai',11),(132,'Thị xã Bắc Kạn',12),(133,'Huyện Ba Bể',12),(134,'Huyện Pác Nặm',12),(135,'Huyện Ngân Sơn',12),(136,'Huyện Chợ Đồn',12),(137,'Huyện Na Rì',12),(138,'Huyện Bạch Thông',12),(139,'Huyện Chợ Mới',12),(140,'Thành phố Lạng Sơn',13),(141,'Huyện Tràng Định',13),(142,'Huyện Văn Lãng',13),(143,'Huyện Bình Gia',13),(144,'Huyện Bắc Sơn',13),(145,'Huyện Văn Quan',13),(146,'Huyện Cao Lộc',13),(147,'Huyện Lộc Bình',13),(148,'Huyện Chi Lăng',13),(149,'Huyện Đình Lập',13),(150,'Huyện Hữu Lũng',13),(151,'Thị xã Tuyên Quang',14),(152,'Huyện Nà Hang',14),(153,'Huyện Chiêm Hóa',14),(154,'Huyện Hàm Yên',14),(155,'Huyện Yên Sơn',14),(156,'Huyện Sơn Dương',14),(157,'Thành phố Yên Bái',15),(158,'Thị xã Nghĩa Lộ',15),(159,'Huyện Lục Yên',15),(160,'Huyện Văn Yên',15),(161,'Huyện Mù Cang Chải',15),(162,'Huyện Trấn Yên',15),(163,'Huyện Yên Bình',15),(164,'Huyện Văn Chấn',15),(165,'Huyện Trạm Tấu',15),(166,'Thành phố Thái Nguyên',16),(167,'Thị xã Sông Công',16),(168,'Huyện Định Hóa',16),(169,'Huyện Võ Nhai',16),(170,'Huyện Phú Lương',16),(171,'Huyện Đồng Hỷ',16),(172,'Huyện Đại Từ',16),(173,'Huyện Phú Bình',16),(174,'Huyện Phổ Yên',16),(175,'Thành phố Việt Trì',17),(176,'Thị xã Phú Thọ',17),(177,'Huyện Đoan Hùng',17),(178,'Huyện Hạ Hoà',17),(179,'Huyện Thanh Ba',17),(180,'Huyện Phù Ninh',17),(181,'Huyện Cẩm Khê',17),(182,'Huyện Yên Lập',17),(183,'Huyện Tam Nông',17),(184,'Huyện Thanh Sơn',17),(185,'Huyện Tân Sơn',17),(186,'Huyện Lâm Thao',17),(187,'Huyện Thanh Thuỷ',17),(188,'Thành Phố Vĩnh Yên',18),(189,'Thị xã Phúc Yên',18),(190,'Huyện Lập Thạch',18),(191,'Huyện Tam Đảo',18),(192,'Huyện Tam Dương',18),(193,'Huyện Vĩnh Tường',18),(194,'Huyện Yên Lạc',18),(195,'Huyện Bình Xuyên',18),(196,'Huyện Sông Lô',18),(197,'Thành phố Bắc Giang',19),(198,'Huyện Yên Thế',19),(199,'Huyện Tân Yên',19),(200,'Huyện Lục Ngạn',19),(201,'Huyện Hiệp Hòa',19),(202,'Huyện Lạng Giang',19),(203,'Huyện Sơn Động',19),(204,'Huyện Lục Nam',19),(205,'Huyện Việt Yên',19),(206,'Huyện Yên Dũng',19),(207,'Thành phố Bắc Ninh',20),(208,'Huyện Yên Phong',20),(209,'Huyện Quế Võ',20),(210,'Huyện Tiên Du',20),(211,'Huyện Thuận Thành',20),(212,'Huyện Lương Tài',20),(213,'Thị xã Từ Sơn',20),(214,'Huyện Gia Bình',20),(215,'Thành phố Hạ Long',21),(216,'Thị xã Cẩm Phả',21),(217,'Thị xã Uông Bí',21),(218,'Huyện Bình Liêu',21),(219,'Thành Phố Móng Cái',21),(220,'Huyện Hải Hà',21),(221,'Huyện Tiên Yên',21),(222,'Huyện Ba Chẽ',21),(223,'Huyện Vân Đồn',21),(224,'Huyện Hoành Bồ',21),(225,'Huyện Đông Triều',21),(226,'Huyện Cô Tô',21),(227,'Huyện Yên Hưng',21),(228,'Huyện Đầm Hà',21),(229,'Thành phố Điện Biên Phủ',22),(230,'Thị xã Mường Lay',22),(231,'Huyện Mường Nhé',22),(232,'Huyện Mường Chà',22),(233,'Huyện Tủa Chùa',22),(234,'Huyện Tuần Giáo',22),(235,'Huyện Điện Biên',22),(236,'Huyện Điện Biên Đông',22),(237,'Huyện Mường ảng',22),(238,'Huyện Mường Tè',23),(239,'Thị xã Lai Châu',23),(240,'Huyện Phong Thổ',23),(241,'Huyện Tam Đường',23),(242,'Huyện Sìn Hồ',23),(243,'Huyện Than Uyên',23),(244,'Huyện Tân Uyên',23),(245,'Thành Phố Sơn La',24),(246,'Huyện Quỳnh Nhai',24),(247,'Huyện Mường La',24),(248,'Huyện Thuận Châu',24),(249,'Huyện Bắc Yên',24),(250,'Huyện Phù Yên',24),(251,'Huyện Mai Sơn',24),(252,'Huyện Sông Mã',24),(253,'Huyện Yên Châu',24),(254,'Huyện Mộc Châu',24),(255,'Huyện Sốp Cộp',24),(256,'Thành phố Hòa Bình',25),(257,'Huyện Đà Bắc',25),(258,'Huyện Mai Châu',25),(259,'Huyện Kỳ Sơn',25),(260,'Huyện Lương Sơn',25),(261,'Huyện Cao Phong',25),(262,'Huyện Kim Bôi',25),(263,'Huyện Tân Lạc',25),(264,'Huyện Lạc Sơn',25),(265,'Huyện Lạc Thủy',25),(266,'Huyện Yên Thủy',25),(267,'Thành phố Thanh Hóa',26),(268,'Thị xã Bỉm Sơn',26),(269,'Thị xã Sầm Sơn',26),(270,'Huyện Mường Lát',26),(271,'Huyện Quan Hóa',26),(272,'Huyện Quan Sơn',26),(273,'Huyện Bá Thước',26),(274,'Huyện Cẩm Thủy',26),(275,'Huyện Lang Chánh',26),(276,'Huyện Thạch Thành',26),(277,'Huyện Ngọc Lặc',26),(278,'Huyện Thường Xuân',26),(279,'Huyện Như Xuân',26),(280,'Huyện Như Thanh',26),(281,'Huyện Vĩnh Lộc',26),(282,'Huyện Hà Trung',26),(283,'Huyện Nga Sơn',26),(284,'Huyện Yên Định',26),(285,'Huyện Thọ Xuân',26),(286,'Huyện Hậu Lộc',26),(287,'Huyện Thiệu Hoá',26),(288,'Huyện Hoằng Hóa',26),(289,'Huyện Đông Sơn',26),(290,'Huyện Triệu Sơn',26),(291,'Huyện Quảng Xương',26),(292,'Huyện Nông Cống',26),(293,'Huyện Tĩnh Gia',26),(294,'Thành phố Vinh',27),(295,'Thị xã Cửa Lò',27),(296,'Huyện Quế Phong',27),(297,'Huyện Quỳ Châu',27),(298,'Huyện Kỳ Sơn',27),(299,'Huyện Quỳ Hợp',27),(300,'Huyện Nghĩa Đàn',27),(301,'TX Thái Hoà',27),(302,'Huyện Tương Dương',27),(303,'Huyện Quỳnh Lưu',27),(304,'Huyện Tân Kỳ',27),(305,'Huyện Con Cuông',27),(306,'Huyện Yên Thành',27),(307,'Huyện Diễn Châu',27),(308,'Huyện Anh Sơn',27),(309,'Huyện Đô Lương',27),(310,'Huyện Thanh Chương',27),(311,'Huyện Nghi Lộc',27),(312,'Huyện Nam Đàn',27),(313,'Huyện Hưng Nguyên',27),(314,'Thành phố Hà Tĩnh',28),(315,'Thị xã Hồng Lĩnh',28),(316,'Huyện Nghi Xuân',28),(317,'Huyện Đức Thọ',28),(318,'Huyện Hương Sơn',28),(319,'Huyện Can Lộc',28),(320,'Huyện Thạch Hà',28),(321,'Huyện Cẩm Xuyên',28),(322,'Huyện Hương Khê',28),(323,'Huyện Kỳ Anh',28),(324,'Huyện Vũ Quang',28),(325,'Huyện Lộc Hà',28),(326,'Thành phố Đồng Hới',29),(327,'Huyện Tuyên Hóa',29),(328,'Huyện Minh Hóa',29),(329,'Huyện Quảng Trạch',29),(330,'Huyện Bố Trạch',29),(331,'Huyện Quảng Ninh',29),(332,'Huyện Lệ Thủy',29),(333,'Thị xã Đông Hà',30),(334,'Thị xã Quảng Trị',30),(335,'Huyện Vĩnh Linh',30),(336,'Huyện Gio Linh',30),(337,'Huyện Cam Lộ',30),(338,'Huyện Triệu Phong',30),(339,'Huyện Hải Lăng',30),(340,'Huyện Hướng Hóa',30),(341,'Huyện Đa Krông',30),(342,'Huyện Đảo Cồn Cỏ',30),(343,'Thành phố Huế',31),(344,'Huyện Phong Điền',31),(345,'Huyện Quảng Điền',31),(346,'Huyện Hương Trà',31),(347,'Huyện Phú Vang',31),(348,'Huyện Hương Thủy',31),(349,'Huyện Phú Lộc',31),(350,'Huyện A Lưới',31),(351,'Huyện Nam Đông',31),(352,'Quận Hải Châu',32),(353,'Quận Thanh Khê',32),(354,'Quận Sơn Trà',32),(355,'Quận Ngũ Hành Sơn',32),(356,'Quận Liên Chiểu',32),(357,'Huyện Hoà Vang',32),(358,'Huyện Hoàng Sa',32),(359,'Quận Cẩm Lệ',32),(360,'Thành phố Tam Kỳ',33),(361,'Huyện Phú Ninh',33),(362,'Thành Phố Hội An',33),(363,'Huyện Tây Giang',33),(364,'Huyện Đông Giang',33),(365,'Huyện Đại Lộc',33),(366,'Huyện Điện Bàn',33),(367,'Huyện Duy Xuyên',33),(368,'Huyện Nam Giang',33),(369,'Huyện Thăng Bình',33),(370,'Huyện Quế Sơn',33),(371,'Huyện Nông Sơn',33),(372,'Huyện Hiệp Đức',33),(373,'Huyện Tiên Phước',33),(374,'Huyện Phước Sơn',33),(375,'Huyện Núi Thành',33),(376,'Huyện Bắc Trà My',33),(377,'Huyện Nam Trà My',33),(378,'Thành phố Quảng Ngãi',34),(379,'Huyện Lý Sơn',34),(380,'Huyện Bình Sơn',34),(381,'Huyện Trà Bồng',34),(382,'Huyện Tây Trà',34),(383,'Huyện Sơn Tịnh',34),(384,'Huyện Sơn Tây',34),(385,'Huyện Sơn Hà',34),(386,'Huyện Tư Nghĩa',34),(387,'Huyện Nghĩa Hành',34),(388,'Huyện Minh Long',34),(389,'Huyện Mộ Đức',34),(390,'Huyện Đức Phổ',34),(391,'Huyện Ba Tơ',34),(392,'Thành phố Quy Nhơn',35),(393,'Huyện An Lão',35),(394,'Huyện Hoài Nhơn',35),(395,'Huyện Hoài Ân',35),(396,'Huyện Phù Mỹ',35),(397,'Huyện Vĩnh Thạnh',35),(398,'Huyện Phù Cát',35),(399,'Huyện Tây Sơn',35),(400,'Huyện An Nhơn',35),(401,'Huyện Tuy Phước',35),(402,'Huyện Vân Canh',35),(403,'Thành phố Tuy Hòa',36),(404,'Huyện Đồng Xuân',36),(405,'Huyện Sông Cầu',36),(406,'Huyện Tuy An',36),(407,'Huyện Sơn Hòa',36),(408,'Huyện Đông Hòa',36),(409,'Huyện Tây Hòa',36),(410,'Huyện Sông Hinh',36),(411,'Huyện Phú Hoà',36),(412,'Thành phố Nha Trang',37),(413,'Huyện Vạn Ninh',37),(414,'Huyện Ninh Hòa',37),(415,'Huyện Diên Khánh',37),(416,'Thị xã Cam Ranh',37),(417,'Huyện Khánh Vĩnh',37),(418,'Huyện Khánh Sơn',37),(419,'Huyện Trường Sa',37),(420,'Huyện Cam Lâm',37),(421,'Thành phố Kon Tum',38),(422,'Huyện Đắk Glei',38),(423,'Huyện Ngọc Hồi',38),(424,'Huyện Đắk Tô',38),(425,'Huyện Kon Rẫy',38),(426,'Huyện Kon Plông',38),(427,'Huyện Đắk Hà',38),(428,'Huyện Sa Thầy',38),(429,'Huyện Tu Mơ Rông',38),(430,'Thành phố Pleiku',39),(431,'Huyện KBang',39),(432,'Huyện Mang Yang',39),(433,'Huyện Chư Păh',39),(434,'Huyện Ia Grai',39),(435,'Thị xã An Khê',39),(436,'Huyện Kông Chro',39),(437,'Huyện Đức Cơ',39),(438,'Huyện Chư Prông',39),(439,'Huyện Chư Sê',39),(440,'Huyện Ia Pa',39),(441,'Thị xã Ayun Pa',39),(442,'Huyện Krông Pa',39),(443,'Huyện Đăk Đoa',39),(444,'Huyện Đăk Pơ',39),(445,'Huyện Phú Thiện',39),(446,'Thành phố Buôn Ma Thuột',40),(447,'Huyện Ea H-leo',40),(448,'Huyện Ea Súp',40),(449,'Huyện Krông Năng',40),(450,'Thị Xã Buôn Hồ',40),(451,'Huyện Buôn Đôn',40),(452,'Huyện Cư M-gar',40),(453,'Huyện Ea Kar',40),(454,'Huyện M-Đrắk',40),(455,'Huyện Krông Pắc',40),(456,'Huyện Krông A Na',40),(457,'Huyện Krông Bông',40),(458,'Huyện Lắk',40),(459,'Huyện Cư Kuin',40),(460,'Huyện Krông Búk',40),(461,'Huyện Cư Jút',41),(462,'Huyện Krông Nô',41),(463,'Huyện Đắk Mil',41),(464,'Huyện Đắk Song',41),(465,'Huyện Đắk R-Lấp',41),(466,'Thị xã Gia Nghĩa',41),(467,'Huyện Đắk Glong',41),(468,'Huyện Tuy Đức',41),(469,'Quận 1',42),(470,'Quận 2',42),(471,'Quận 3',42),(472,'Quận 4',42),(473,'Quận 5',42),(474,'Quận 6',42),(475,'Quận 7',42),(476,'Quận 8',42),(477,'Quận 9',42),(478,'Quận 10',42),(479,'Quận 11',42),(480,'Quận 12',42),(481,'Quận Gò Vấp',42),(482,'Quận Tân Bình',42),(483,'Quận Tân Phú',42),(484,'Quận Bình Thạnh',42),(485,'Quận Phú Nhuận',42),(486,'Quận Thủ Đức',42),(487,'Quận Bình Tân',42),(488,'Huyện Củ Chi',42),(489,'Huyện Hóc Môn',42),(490,'Huyện Bình Chánh',42),(491,'Huyện Nhà Bè',42),(492,'Huyện Cần Giờ',42),(493,'Thành phố Đà Lạt',43),(494,'Thị xã Bảo Lộc',43),(495,'Huyện Lạc Dương',43),(496,'Huyện Đơn Dương',43),(497,'Huyện Đức Trọng',43),(498,'Huyện Lâm Hà',43),(499,'Huyện Bảo Lâm',43),(500,'Huyện Di Linh',43),(501,'Huyện Đạ Huoai',43),(502,'Huyện Đạ Tẻh',43),(503,'Huyện Cát Tiên',43),(504,'Huyện Đam Rông',43),(505,'TP. Phan Rang - Tháp Chàm',44),(506,'Huyện Ninh Sơn',44),(507,'Huyện Ninh Hải',44),(508,'Huyện Ninh Phước',44),(509,'Huyện Bác ái',44),(510,'Huyện Thuận Bắc',44),(511,'Huyện Thuận Nam',44),(512,'Huyện Đồng Phù',45),(513,'Huyện Phước Long',45),(514,'Huyện Lộc Ninh',45),(515,'Huyện Bù Đốp',45),(516,'Huyện Bù Đăng',45),(517,'Huyện Bình Long',45),(518,'Huyện Chơn Thành',45),(519,'Thị xã Đồng Xoài',45),(520,'Thị xã Tây Ninh',46),(521,'Huyện Tân Biên',46),(522,'Huyện Tân Châu',46),(523,'Huyện Dương Minh Châu',46),(524,'Huyện Châu Thành',46),(525,'Huyện Hòa Thành',46),(526,'Huyện Bến Cầu',46),(527,'Huyện Gò Dầu',46),(528,'Huyện Trảng Bàng',46),(529,'Thị xã Thủ Dầu Một',47),(530,'Huyện Bến Cát',47),(531,'Huyện Tân Uyên',47),(532,'Huyện Thuận An',47),(533,'Huyện Dĩ An',47),(534,'Huyện Phú Giáo',47),(535,'Huyện Dầu Tiếng',47),(536,'Thành phố Biên Hòa',48),(537,'Thị xã Long Khánh',48),(538,'Huyện Tân Phú',48),(539,'Huyện Định Quán',48),(540,'Huyện Vĩnh Cửu',48),(541,'Huyện Trảng Bom',48),(542,'Huyện Thống Nhất',48),(543,'Huyện Cẩm Mỹ',48),(544,'Huyện Xuân Lộc',48),(545,'Huyện Long Thành',48),(546,'Huyện Nhơn Trạch',48),(547,'Thành phố Phan Thiết',49),(548,'Huyện Tuy Phong',49),(549,'Huyện Bắc Bình',49),(550,'Huyện Hàm Thuận Bắc',49),(551,'Huyện Hàm Thuận Nam',49),(552,'Huyện Tánh Linh',49),(553,'Thị xã Lagi',49),(554,'Huyện Hàm Tân',49),(555,'Huyện Đức Linh',49),(556,'Huyện Phú Quí',49),(557,'Thành phố Vũng Tầu',50),(558,'Thị xã Bà Rịa',50),(559,'Huyện Châu Đức',50),(560,'Huyện Xuyên Mộc',50),(561,'Huyện Tân Thành',50),(562,'Huyện Long Điền',50),(563,'Huyện Đất Đỏ',50),(564,'Huyện Côn Đảo',50),(565,'Thị xã Tân An',51),(566,'Huyện Tân Hưng',51),(567,'Huyện Vĩnh Hưng',51),(568,'Huyện Mộc Hóa',51),(569,'Huyện Tân Thạnh',51),(570,'Huyện Thạnh Hóa',51),(571,'Huyện Đức Huệ',51),(572,'Huyện Đức Hòa',51),(573,'Huyện Bến Lức',51),(574,'Huyện Thủ Thừa',51),(575,'Huyện Châu Thành',51),(576,'Huyện Tân Trụ',51),(577,'Huyện Cần Đước',51),(578,'Huyện Cần Giuộc',51),(579,'Thành phố Cao Lãnh',52),(580,'Thị xã Sa Đéc',52),(581,'Huyện Tân Hồng',52),(582,'Huyện Hồng Ngự',52),(583,'Huyện Tam Nông',52),(584,'Huyện Thanh Bình',52),(585,'Huyện Tháp Mười',52),(586,'Huyện Cao Lãnh',52),(587,'Huyện Lấp Vò',52),(588,'Huyện Lai Vung',52),(589,'Huyện Châu Thành',52),(590,'Thị xã Hồng Ngự',52),(591,'Thành phố Long Xuyên',53),(592,'Thị xã Châu Đốc',53),(593,'Huyện An Phú',53),(594,'Huyện Tân Châu',53),(595,'Huyện Phú Tân',53),(596,'Huyện Châu Phú',53),(597,'Huyện Tịnh Biên',53),(598,'Huyện Tri Tôn',53),(599,'Huyện Chợ Mới',53),(600,'Huyện Châu Thành',53),(601,'Huyện Thoại Sơn',53),(602,'Thành phố Mỹ Tho',54),(603,'Thị xã Gò Công',54),(604,'Huyện Tân Phước',54),(605,'Huyện Châu Thành',54),(606,'Huyện Cai Lậy',54),(607,'Huyện Chợ Gạo',54),(608,'Huyện Cái Bè',54),(609,'Huyện Gò Công Tây',54),(610,'Huyện Gò Công Đông',54),(611,'Huyện Tân Phú Đông',54),(612,'Thành Phố Vĩnh Long',55),(613,'Huyện Long Hồ',55),(614,'Huyện Mang Thít',55),(615,'Huyện Bình Minh',55),(616,'Huyện Bình Tân',55),(617,'Huyện Tam Bình',55),(618,'Huyện Trà ôn',55),(619,'Huyện Vũng Liêm',55),(620,'Thị xã Bến Tre',56),(621,'Huyện Châu Thành',56),(622,'Huyện Chợ Lách',56),(623,'Huyện Mỏ Cày Nam',56),(624,'Huyện Mỏ Cày Bắc',56),(625,'Huyện Giồng Trôm',56),(626,'Huyện Bình Đại',56),(627,'Huyện Ba Tri',56),(628,'Huyện Thạnh Phú',56),(629,'Thành phố Rạch Giá',57),(630,'Huyện Kiên Lương',57),(631,'Huyện Hòn Đất',57),(632,'Huyện Tân Hiệp',57),(633,'Huyện Châu Thành',57),(634,'Huyện Giồng Riềng',57),(635,'Huyện Gò Quao',57),(636,'Huyện An Biên',57),(637,'Huyện An Minh',57),(638,'Huyện Vĩnh Thuận',57),(639,'Huyện Phú Quốc',57),(640,'Huyện Kiên Hải',57),(641,'Thị xã Hà Tiên',57),(642,'Huyện U Minh Thượng',57),(643,'Quận Thốt Nốt',58),(644,'Quận Ô Môn',58),(645,'Quận Ninh Kiều',58),(646,'Quận Bình Thuỷ',58),(647,'Quận Cái Răng',58),(648,'Huyện Vĩnh Thạnh',58),(649,'Huyện Cờ Đỏ',58),(650,'Huyện Phong Điền',58),(651,'Huyện Thới Lai',58),(652,'Thị xã Vị Thanh',59),(653,'Huyện Châu Thành A',59),(654,'Huyện Châu Thành',59),(655,'Thị xã Ngã Bảy',59),(656,'Huyện Phụng Hiệp',59),(657,'Huyện Vị Thuỷ',59),(658,'Huyện Long Mỹ',59),(659,'Thị xã Trà Vinh',60),(660,'Huyện Càng Long',60),(661,'Huyện Châu Thành',60),(662,'Huyện Cầu Kè',60),(663,'Huyện Tiểu Cần',60),(664,'Huyện Cầu Ngang',60),(665,'Huyện Trà Cú',60),(666,'Huyện Duyên Hải',60),(667,'Thành phố Sóc Trăng',61),(668,'Huyện Kế Sách',61),(669,'Huyện Long Phú',61),(670,'Huyện Cù Lao Dung',61),(671,'Huyện Mỹ Tú',61),(672,'Huyện Mỹ Xuyên',61),(673,'Huyện Thạnh Trị',61),(674,'Huyện Ngã Năm',61),(675,'Huyện Vĩnh Châu',61),(676,'Huyện Châu Thành',61),(677,'Thị xã Bạc Liêu',62),(678,'Huyện Hồng Dân',62),(679,'Huyện Vĩnh Lợi',62),(680,'Huyện Hòa Bình',62),(681,'Huyện Giá Rai',62),(682,'Huyện Phước Long',62),(683,'Huyện Đông Hải',62),(684,'Thành phố Cà Mau',63),(685,'Huyện Thới Bình',63),(686,'Huyện U Minh',63),(687,'Huyện Trần Văn Thời',63),(688,'Huyện Phú Tân',63),(689,'Huyện Cái Nước',63),(690,'Huyện Đầm Dơi',63),(691,'Huyện Năm Căn',63),(692,'Huyện Ngọc Hiển',63);
/*!40000 ALTER TABLE `district` ENABLE KEYS */;
UNLOCK TABLES;

--
-- Table structure for table `file_upload`
--

DROP TABLE IF EXISTS `file_upload`;
/*!40101 SET @saved_cs_client     = @@character_set_client */;
/*!40101 SET character_set_client = utf8 */;
CREATE TABLE `file_upload` (
  `id` int(11) NOT NULL AUTO_INCREMENT,
  `name` char(255) DEFAULT NULL,
  `path` char(255) DEFAULT NULL,
  `type` char(64) DEFAULT NULL,
  `size` int(11) DEFAULT NULL,
  `created_at` int(11) DEFAULT NULL,
  `updated_at` int(11) DEFAULT NULL,
  `created_by` int(11) DEFAULT NULL,
  `updated_by` int(11) DEFAULT NULL,
  PRIMARY KEY (`id`),
  KEY `idx-file_upload-path` (`path`)
) ENGINE=InnoDB AUTO_INCREMENT=367 DEFAULT CHARSET=utf8;
/*!40101 SET character_set_client = @saved_cs_client */;

--
-- Dumping data for table `file_upload`
--

LOCK TABLES `file_upload` WRITE;
/*!40000 ALTER TABLE `file_upload` DISABLE KEYS */;
INSERT INTO `file_upload` VALUES (1,'11111','/uploads/images/201905/1557830167-11111.jpg','image/jpeg',20831,1557830167,1557830167,1,1),(2,'11111','/uploads/images/201905/1557830327-11111.jpg','image/jpeg',20831,1557830327,1557830327,1,1),(3,'11111','/uploads/images/201905/1558069148-11111.jpg','image/jpeg',20831,1558069148,1558069148,1,1),(4,'11111','/uploads/images/201905/1558069244-11111.jpg','image/jpeg',20831,1558069244,1558069244,1,1),(5,'11111 copy','/uploads/images/201905/1558077859-11111-copy.jpg','image/jpeg',20831,1558077859,1558077859,1,1),(6,'11111','/uploads/images/201905/1558078271-11111.jpg','image/jpeg',20831,1558078271,1558078271,1,1),(7,'11111','/uploads/images/201905/1558078549-11111.jpg','image/jpeg',20831,1558078549,1558078549,1,1),(8,'logo','/uploads/images/201905/1558078978-logo.png','image/png',8103,1558078978,1558078978,1,1),(9,'11111 copy','/uploads/images/201905/1558078989-11111-copy.jpg','image/jpeg',20831,1558078989,1558078989,1,1),(10,'11111 copy','/uploads/images/201905/1558079069-11111-copy.jpg','image/jpeg',20831,1558079069,1558079069,1,1),(11,'logo LUMI','/uploads/images/201905/1558079073-logo-lumi.png','image/png',18003,1558079073,1558079073,1,1),(12,'Bác sĩ khám online','/uploads/images/201905/1558079082-bac-si-kham-online.png','image/png',61136,1558079082,1558079082,1,1),(13,'logo','/uploads/images/201905/1558079530-logo.png','image/png',8103,1558079530,1558079530,1,1),(14,'ic_launcher copy','/uploads/images/201905/1558079541-ic_launcher-copy.png','image/png',39943,1558079541,1558079541,1,1),(15,'logo','/uploads/images/201905/1558079545-logo.png','image/png',8103,1558079545,1558079545,1,1),(16,'logo','/uploads/images/201905/1558079593-logo.png','image/png',8103,1558079593,1558079593,1,1),(17,'logo','/uploads/images/201905/1558079979-logo.png','image/png',8103,1558079979,1558079979,1,1),(18,'11111','/uploads/images/201905/1558080489-11111.jpg','image/jpeg',20831,1558080489,1558080489,1,1),(19,'20181228_202137','/uploads/images/201905/1558083478-20181228_202137.jpg','image/jpeg',118978,1558083478,1558083478,1,1),(20,'11111 copy','/uploads/images/201905/1558112707-11111-copy.jpg','image/jpeg',20831,1558112707,1558112707,1,1),(21,'logo','/uploads/images/201905/1558113041-logo.png','image/png',8103,1558113041,1558113041,1,1),(22,'11111','/uploads/images/201905/1558113081-11111.jpg','image/jpeg',20831,1558113081,1558113081,1,1),(23,'11111 copy','/uploads/images/201905/1558154435-11111-copy.jpg','image/jpeg',20831,1558154435,1558154435,1,1),(24,'11111 copy','/uploads/images/201905/1558154529-11111-copy.jpg','image/jpeg',20831,1558154529,1558154529,1,1),(25,'11111 copy','/uploads/images/201905/1558154550-11111-copy.jpg','image/jpeg',20831,1558154550,1558154550,1,1),(26,'11111 copy','/uploads/images/201905/1558154566-11111-copy.jpg','image/jpeg',20831,1558154566,1558154566,1,1),(27,'logo LUMI','/uploads/images/201905/1558154572-logo-lumi.png','image/png',18003,1558154572,1558154572,1,1),(28,'logo','/uploads/images/201905/1558154591-logo.png','image/png',8103,1558154591,1558154591,1,1),(29,'11111 copy','/uploads/images/201905/1558154595-11111-copy.jpg','image/jpeg',20831,1558154595,1558154595,1,1),(30,'logo LUMI','/uploads/images/201905/1558154606-logo-lumi.png','image/png',18003,1558154606,1558154606,1,1),(31,'11111','/uploads/images/201905/1558154630-11111.jpg','image/jpeg',20831,1558154630,1558154630,1,1),(32,'11111 copy','/uploads/images/201905/1558154639-11111-copy.jpg','image/jpeg',20831,1558154639,1558154639,1,1),(33,'11111 copy','/uploads/images/201905/1558154662-11111-copy.jpg','image/jpeg',20831,1558154662,1558154662,1,1),(34,'logo','/uploads/images/201905/1558154672-logo.png','image/png',8103,1558154672,1558154672,1,1),(35,'logo','/uploads/images/201905/1558154690-logo.png','image/png',8103,1558154690,1558154690,1,1),(36,'11111','/uploads/images/201905/1558154733-11111.jpg','image/jpeg',20831,1558154733,1558154733,1,1),(37,'11111 copy','/uploads/images/201905/1558154739-11111-copy.jpg','image/jpeg',20831,1558154739,1558154739,1,1),(38,'11111 copy','/uploads/images/201905/1558156273-11111-copy.jpg','image/jpeg',20831,1558156273,1558156273,1,1),(39,'11111','/uploads/images/201905/1558156278-11111.jpg','image/jpeg',20831,1558156278,1558156278,1,1),(40,'11111 copy','/uploads/images/201905/1558156336-11111-copy.jpg','image/jpeg',20831,1558156336,1558156336,1,1),(41,'11111 copy','/uploads/images/201905/1558156339-11111-copy.jpg','image/jpeg',20831,1558156339,1558156339,1,1),(42,'11111 copy','/uploads/images/201905/1558156346-11111-copy.jpg','image/jpeg',20831,1558156346,1558156346,1,1),(43,'11111','/uploads/images/201905/1558156366-11111.jpg','image/jpeg',20831,1558156366,1558156366,1,1),(44,'11111 copy','/uploads/images/201905/1558156523-11111-copy.jpg','image/jpeg',20831,1558156523,1558156523,1,1),(45,'11111 copy','/uploads/images/201905/1558156610-11111-copy.jpg','image/jpeg',20831,1558156610,1558156610,1,1),(46,'11111','/uploads/images/201905/1558156636-11111.jpg','image/jpeg',20831,1558156636,1558156636,1,1),(47,'11111 copy','/uploads/images/201905/1558156695-11111-copy.jpg','image/jpeg',20831,1558156695,1558156695,1,1),(48,'11111 copy','/uploads/images/201905/1558157086-11111-copy.jpg','image/jpeg',20831,1558157086,1558157086,1,1),(49,'11111 copy','/uploads/images/201905/1558157089-11111-copy.jpg','image/jpeg',20831,1558157089,1558157089,1,1),(50,'11111 copy','/uploads/images/201905/1558157411-11111-copy.jpg','image/jpeg',20831,1558157411,1558157411,1,1),(51,'11111 copy','/uploads/images/201905/1558157481-11111-copy.jpg','image/jpeg',20831,1558157481,1558157481,1,1),(52,'logo','/uploads/images/201905/1558157493-logo.png','image/png',8103,1558157493,1558157493,1,1),(53,'11111 copy','/uploads/images/201905/1558157709-11111-copy.jpg','image/jpeg',20831,1558157709,1558157709,1,1),(54,'11111 copy','/uploads/images/201905/1558158677-11111-copy.jpg','image/jpeg',20831,1558158677,1558158677,1,1),(55,'11111','/uploads/images/201905/1558158684-11111.jpg','image/jpeg',20831,1558158684,1558158684,1,1),(56,'logo LUMI','/uploads/images/201905/1558158736-logo-lumi.png','image/png',18003,1558158736,1558158736,1,1),(57,'11111 copy','/uploads/images/201905/1558158907-11111-copy.jpg','image/jpeg',20831,1558158907,1558158907,1,1),(58,'logo','/uploads/images/201905/1558158910-logo.png','image/png',8103,1558158910,1558158910,1,1),(59,'11111 copy','/uploads/images/201905/1558159133-11111-copy.jpg','image/jpeg',20831,1558159133,1558159133,1,1),(60,'11111 copy','/uploads/images/201905/1558162097-11111-copy.jpg','image/jpeg',20831,1558162097,1558162097,1,1),(61,'logo','/uploads/images/201905/1558162101-logo.png','image/png',8103,1558162101,1558162101,1,1),(62,'20190419092527-5423_wm','/uploads/images/201905/1558428060-20190419092527-5423_wm.jpg','image/jpeg',28742,1558428060,1558428060,1,1),(63,'1555747037938','/uploads/images/201905/1558498710-1555747037938.jpeg','image/jpeg',32419,1558498710,1558498710,6,6),(65,'11111 copy','/uploads/images/201905/1558593910-11111-copy.jpg','image/jpeg',20831,1558593910,1558593910,18,18),(66,'11111 copy','/uploads/images/201905/1558594055-11111-copy.jpg','image/jpeg',20831,1558594055,1558594055,18,18),(67,'playstore-icon','/uploads/images/201905/1558594081-playstore-icon.png','image/png',95251,1558594081,1558594081,18,18),(68,'playstore-icon','/uploads/images/201905/1558594193-playstore-icon.png','image/png',95251,1558594193,1558594193,18,18),(69,'playstore-icon','/uploads/images/201905/1558594205-playstore-icon.png','image/png',95251,1558594205,1558594205,18,18),(70,'11111 copy','/uploads/images/201905/1558594221-11111-copy.jpg','image/jpeg',20831,1558594221,1558594221,18,18),(71,'playstore-icon','/uploads/images/201905/1558594247-playstore-icon.png','image/png',95251,1558594247,1558594247,18,18),(72,'playstore-icon','/uploads/images/201905/1558594254-playstore-icon.png','image/png',95251,1558594254,1558594254,18,18),(73,'playstore-icon','/uploads/images/201905/1558594258-playstore-icon.png','image/png',95251,1558594258,1558594258,18,18),(74,'playstore-icon','/uploads/images/201905/1558594318-playstore-icon.png','image/png',95251,1558594318,1558594318,18,18),(75,'11111 copy','/uploads/images/201905/1558594492-11111-copy.jpg','image/jpeg',20831,1558594492,1558594492,18,18),(76,'11111','/uploads/images/201905/1558594520-11111.jpg','image/jpeg',20831,1558594520,1558594520,18,18),(77,'playstore-icon','/uploads/images/201905/1558594913-playstore-icon.png','image/png',95251,1558594913,1558594913,18,18),(78,'11111','/uploads/images/201905/1558595200-11111.jpg','image/jpeg',20831,1558595200,1558595200,18,18),(79,'playstore-icon','/uploads/images/201905/1558595225-playstore-icon.png','image/png',95251,1558595225,1558595225,18,18),(80,'playstore-icon','/uploads/images/201905/1558595252-playstore-icon.png','image/png',95251,1558595252,1558595252,18,18),(81,'11111 copy','/uploads/images/201905/1558595569-11111-copy.jpg','image/jpeg',20831,1558595569,1558595569,18,18),(82,'playstore-icon','/uploads/images/201905/1558595631-playstore-icon.png','image/png',95251,1558595631,1558595631,18,18),(83,'animation-smart-hotel7','/uploads/videos/201905/1558595652-animation-smart-hotel7.mp4','video/mp4',9422239,1558595652,1558595652,18,18),(84,'playstore-icon','/uploads/images/201905/1558595704-playstore-icon.png','image/png',95251,1558595704,1558595704,18,18),(85,'11111 copy','/uploads/images/201905/1558595867-11111-copy.jpg','image/jpeg',20831,1558595867,1558595867,18,18),(86,'11111 copy','/uploads/images/201905/1558595876-11111-copy.jpg','image/jpeg',20831,1558595876,1558595876,18,18),(87,'11111 copy','/uploads/images/201905/1558595895-11111-copy.jpg','image/jpeg',20831,1558595895,1558595895,18,18),(88,'playstore-icon','/uploads/images/201905/1558595972-playstore-icon.png','image/png',95251,1558595972,1558595972,18,18),(89,'ucare.bn','/uploads/applications/201905/1558596083-ucarebn.p12','application/x-pkcs12',3349,1558596083,1558596083,18,18),(90,'playstore-icon','/uploads/images/201905/1558596092-playstore-icon.png','image/png',95251,1558596092,1558596092,18,18),(91,'11111 copy','/uploads/images/201905/1558596326-11111-copy.jpg','image/jpeg',20831,1558596326,1558596326,18,18),(92,'playstore-icon','/uploads/images/201905/1558596337-playstore-icon.png','image/png',95251,1558596337,1558596337,18,18),(93,'playstore-icon','/uploads/images/201905/1558596343-playstore-icon.png','image/png',95251,1558596343,1558596343,18,18),(94,'11111 copy','/uploads/images/201905/1558596387-11111-copy.jpg','image/jpeg',20831,1558596387,1558596387,18,18),(95,'playstore-icon','/uploads/images/201905/1558596495-playstore-icon.png','image/png',95251,1558596495,1558596495,18,18),(96,'playstore-icon','/uploads/images/201905/1558596541-playstore-icon.png','image/png',95251,1558596541,1558596541,18,18),(97,'11111 copy','/uploads/images/201905/1558597109-11111-copy.jpg','image/jpeg',20831,1558597109,1558597109,18,18),(98,'playstore-icon','/uploads/images/201905/1558597228-playstore-icon.png','image/png',95251,1558597228,1558597228,18,18),(99,'playstore-icon','/uploads/images/201905/1558599001-playstore-icon.png','image/png',95251,1558599001,1558599001,18,18),(100,'playstore-icon','/uploads/images/201905/1558599230-playstore-icon.png','image/png',95251,1558599230,1558599230,18,18),(101,'etripeLogo','/uploads/applications/201905/1558599494-etripelogo.pdf','application/pdf',29674,1558599494,1558599494,18,18),(102,'etripeLogo','/uploads/applications/201905/1558599497-etripelogo.pdf','application/pdf',29674,1558599497,1558599497,18,18),(103,'etripeLogo','/uploads/applications/201905/1558599529-etripelogo.pdf','application/pdf',29674,1558599529,1558599529,18,18),(104,'playstore-icon','/uploads/images/201905/1558599533-playstore-icon.png','image/png',95251,1558599533,1558599533,18,18),(105,'11111 copy','/uploads/images/201905/1558599647-11111-copy.jpg','image/jpeg',20831,1558599647,1558599647,18,18),(106,'11111','/uploads/images/201905/1558599654-11111.jpg','image/jpeg',20831,1558599654,1558599654,18,18),(107,'playstore-icon','/uploads/images/201905/1558601052-playstore-icon.png','image/png',95251,1558601052,1558601052,18,18),(108,'etripeLogo','/uploads/applications/201905/1558601056-etripelogo.pdf','application/pdf',29674,1558601056,1558601056,18,18),(109,'apple','/uploads/images/201905/1558604356-apple.png','image/png',6536,1558604356,1558604356,7,7),(110,'ic_launcher copy','/uploads/images/201905/1558609912-ic_launcher-copy.png','image/png',39943,1558609912,1558609912,18,18),(111,'animation-smart-hotel7','/uploads/videos/201905/1558609921-animation-smart-hotel7.mp4','video/mp4',9422239,1558609921,1558609921,18,18),(112,'animation-smart-hotel7','/uploads/videos/201905/1558616296-animation-smart-hotel7.mp4','video/mp4',9422239,1558616296,1558616296,18,18),(113,'animation-smart-hotel8','/uploads/videos/201905/1558616310-animation-smart-hotel8.mp4','video/mp4',11090033,1558616310,1558616310,18,18),(114,'gopro_hero3_white_2','/uploads/images/201905/1558669577-gopro_hero3_white_2.jpg','image/jpeg',107262,1558669577,1558669577,7,7),(115,'gopro_hero3_white_2','/uploads/images/201905/1558671511-gopro_hero3_white_2.jpg','image/jpeg',107262,1558671511,1558671511,7,7),(116,'default-apartment','/uploads/images/201905/1558681197-default-apartment.png','image/png',935667,1558681197,1558681197,18,18),(117,'default-apartment','/uploads/images/201905/1558696041-default-apartment.png','image/png',935667,1558696041,1558696041,1,1),(118,'IMG_0002','/uploads/images/201905/1558696169-img_0002.jpg','image/jpeg',2588870,1558696169,1558696169,1,1),(119,'IMG_0002','/uploads/images/201905/1558696250-img_0002.jpg','image/jpeg',2588870,1558696250,1558696250,1,1),(120,'IMG_0002','/uploads/images/201905/1558696264-img_0002.jpg','image/jpeg',2588870,1558696264,1558696264,1,1),(121,'IMG_0003','/uploads/images/201905/1558696277-img_0003.jpg','image/jpeg',2098472,1558696277,1558696277,1,1),(122,'IMG_0006','/uploads/images/201905/1558696394-img_0006.heic','image/jpeg',4075105,1558696394,1558696394,1,1),(123,'IMG_0006','/uploads/images/201905/1558696413-img_0006.heic','image/jpeg',4075105,1558696413,1558696413,1,1),(124,'IMG_0002','/uploads/images/201905/1558697159-img_0002.jpg','image/jpeg',2588870,1558697159,1558697159,1,1),(125,'IMG_0001','/uploads/images/201905/1558709889-img_0001.jpg','image/jpeg',1882776,1558709889,1558709889,1,1),(126,'00a94d6c6d578809d146','/uploads/other/201905/1558710477-00a94d6c6d578809d146.jpg','multipart/form-data',330768,1558710477,1558710477,1,1),(127,'1','/uploads/other/201905/1558710521-1.png','multipart/form-data',68208,1558710521,1558710521,1,1),(128,'IMG_9378','/uploads/images/201905/1558711228-img_9378.heic','image/jpeg',9963801,1558711228,1558711228,15,15),(129,'IMG_0003','/uploads/images/201905/1558711411-img_0003.jpg','image/jpeg',2098472,1558711411,1558711411,1,1),(130,'IMG_0001','/uploads/images/201905/1558711991-img_0001.jpg','image/jpeg',1882776,1558711991,1558711991,1,1),(131,'1','/uploads/other/201905/1558712411-1.png','multipart/form-data',68208,1558712411,1558712411,1,1),(132,'IMG_0002','/uploads/images/201905/1558712450-img_0002.jpg','image/jpeg',2588870,1558712450,1558712450,1,1),(133,'IMG_0005','/uploads/images/201905/1558712717-img_0005.jpg','image/jpeg',1562288,1558712717,1558712717,1,1),(134,'IMG_0003','/uploads/images/201905/1558712739-img_0003.jpg','image/jpeg',2098472,1558712739,1558712739,1,1),(135,'Trang_b_l_hoa_vang_ma','/uploads/images/201905/1558755183-trang_b_l_hoa_vang_ma.jpg','image/jpeg',96862,1558755183,1558755183,7,7),(136,'IMG_0002','/uploads/images/201905/1558764857-img_0002.jpg','image/jpeg',2588870,1558764857,1558764857,1,1),(137,'IMG_0004','/uploads/images/201905/1558764888-img_0004.jpg','image/jpeg',1054985,1558764888,1558764888,1,1),(138,'IMG_0003','/uploads/images/201905/1558764899-img_0003.jpg','image/jpeg',2098472,1558764899,1558764899,1,1),(139,'lang-viet-kieu-chau-au','/uploads/images/201905/1558765601-lang-viet-kieu-chau-au.png','image/png',240325,1558765601,1558765601,6,6),(140,'IMG_0002','/uploads/images/201905/1558765753-img_0002.jpg','image/jpeg',2588870,1558765753,1558765753,1,1),(141,'IMG_0001','/uploads/images/201905/1558765857-img_0001.jpg','image/jpeg',1882776,1558765857,1558765857,1,1),(142,'Group-343','/uploads/images/201905/1558765885-group-343.png','image/png',779192,1558765885,1558765885,6,6),(143,'tải xuống (2)','/uploads/images/201905/1558766143-ti-xung-2.jpg','image/jpeg',8739,1558766143,1558766143,6,6),(144,'chot-4-1426522720882','/uploads/images/201905/1558766177-chot-4-1426522720882.jpg','image/jpeg',146689,1558766177,1558766177,6,6),(145,'tttm-Aeon-mall','/uploads/images/201905/1558766219-tttm-aeon-mall.jpg','image/jpeg',73590,1558766219,1558766219,6,6),(146,'tttm-Aeon-mall','/uploads/images/201905/1558766252-tttm-aeon-mall.jpg','image/jpeg',73590,1558766252,1558766252,6,6),(147,'westbay-1466569763735','/uploads/images/201905/1558766359-westbay-1466569763735.jpg','image/jpeg',834900,1558766359,1558766359,6,6),(148,'IMG_0002','/uploads/images/201905/1558767516-img_0002.jpg','image/jpeg',2588870,1558767516,1558767516,1,1),(149,'IMG_0002','/uploads/images/201905/1558767537-img_0002.jpg','image/jpeg',2588870,1558767537,1558767537,1,1),(150,'IMG_0415','/uploads/images/201905/1558767711-img_0415.heic','image/jpeg',2330383,1558767711,1558767711,18,18),(151,'IMG_0001','/uploads/images/201905/1558767924-img_0001.jpg','image/jpeg',1882776,1558767924,1558767924,1,1),(152,'IMG_0002','/uploads/images/201905/1558768068-img_0002.jpg','image/jpeg',2588870,1558768068,1558768068,1,1),(153,'lang-viet-kieu-chau-au (1)','/uploads/images/201905/1558768189-lang-viet-kieu-chau-au-1.png','image/png',1755176,1558768189,1558768189,6,6),(154,'tttm-Aeon-mall','/uploads/images/201905/1558768228-tttm-aeon-mall.jpg','image/jpeg',73590,1558768228,1558768228,6,6),(155,'westbay-1466569763735','/uploads/images/201905/1558768272-westbay-1466569763735.jpg','image/jpeg',834900,1558768272,1558768272,6,6),(156,'IMG_0003','/uploads/images/201905/1558768501-img_0003.jpg','image/jpeg',2098472,1558768501,1558768501,1,1),(157,'11111 copy','/uploads/images/201905/1558769362-11111-copy.jpg','image/jpeg',20831,1558769362,1558769362,18,18),(158,'default-apartment','/uploads/images/201905/1558769366-default-apartment.png','image/png',935667,1558769366,1558769366,18,18),(159,'luciLogo','/uploads/applications/201905/1558769374-lucilogo.pdf','application/pdf',4564,1558769374,1558769374,18,18),(160,'11111 copy','/uploads/images/201905/1558769386-11111-copy.jpg','image/jpeg',20831,1558769386,1558769386,18,18),(161,'abc','/uploads/images/201905/1558770136-abc.jpg','image/jpeg',80469,1558770136,1558770136,6,6),(162,'abc','/uploads/images/201905/1558771252-abc.jpg','image/jpeg',80469,1558771252,1558771252,6,6),(163,'abc','/uploads/images/201905/1558771593-abc.jpg','image/jpeg',80469,1558771593,1558771593,6,6),(164,'abc','/uploads/images/201905/1558772188-abc.jpg','image/jpeg',80469,1558772188,1558772188,6,6),(165,'IMG_1494','/uploads/images/201905/1558772290-img_1494.jpg','image/jpeg',6872442,1558772291,1558772291,19,19),(166,'backgroud','/uploads/images/201905/1558773085-backgroud.jpg','image/jpeg',193502,1558773085,1558773085,6,6),(167,'abc','/uploads/images/201905/1558773089-abc.jpg','image/jpeg',80469,1558773089,1558773089,6,6),(168,'backgroud','/uploads/images/201905/1558773092-backgroud.jpg','image/jpeg',193502,1558773092,1558773092,6,6),(169,'abc','/uploads/images/201905/1558773108-abc.jpg','image/jpeg',80469,1558773108,1558773108,6,6),(170,'backgroud','/uploads/images/201905/1558773119-backgroud.jpg','image/jpeg',193502,1558773119,1558773119,6,6),(171,'abc','/uploads/images/201905/1558773133-abc.jpg','image/jpeg',80469,1558773133,1558773133,6,6),(172,'lang-viet-kieu-chau-au','/uploads/images/201905/1558774345-lang-viet-kieu-chau-au.png','image/png',240325,1558774345,1558774345,6,6),(173,'Ecogreen - HDMB','/uploads/applications/201905/1558774445-ecogreen---hdmb.doc','application/msword',429056,1558774445,1558774445,6,6),(174,'IMG_8884','/uploads/images/201905/1558775510-img_8884.heic','image/jpeg',2102386,1558775510,1558775510,23,23),(175,'SA','/uploads/images/201905/1558776209-sa.jpg','image/jpeg',327025,1558776209,1558776209,1,1),(176,'SA','/uploads/images/201905/1558776522-sa.jpg','image/jpeg',327025,1558776522,1558776522,1,1),(177,'lang-viet-kieu-chau-au','/uploads/images/201905/1558777914-lang-viet-kieu-chau-au.png','image/png',240325,1558777914,1558777914,20,20),(178,'20190408112444-c52a_wm','/uploads/images/201905/1558778085-20190408112444-c52a_wm.jpg','image/jpeg',108963,1558778085,1558778085,20,20),(179,'20190408112444-55a3_wm','/uploads/images/201905/1558778089-20190408112444-55a3_wm.jpg','image/jpeg',61702,1558778089,1558778089,20,20),(180,'IMG_8209','/uploads/images/201905/1558778700-img_8209.jpg','image/jpeg',517454,1558778700,1558778700,29,29),(181,'Phối-cảnh-seasons-avenue','/uploads/images/201905/1558779811-phi-cnh-seasons-avenue.jpg','image/jpeg',100869,1558779811,1558779811,20,20),(182,'lang-viet-kieu-chau-au','/uploads/images/201905/1558780948-lang-viet-kieu-chau-au.png','image/png',1755176,1558780948,1558780948,20,20),(183,'lang-viet-kieu-chau-au2x (2)','/uploads/images/201905/1558782464-lang-viet-kieu-chau-au2x-2.png','image/png',962829,1558782464,1558782464,20,20),(184,'IMG_5730-700x525','/uploads/images/201905/1558783310-img_5730-700x525.jpg','image/jpeg',89678,1558783310,1558783310,20,20),(185,'IMG_5761-700x525','/uploads/images/201905/1558783313-img_5761-700x525.jpg','image/jpeg',98392,1558783313,1558783313,20,20),(186,'IMG_7887','/uploads/images/201905/1558783660-img_7887.jpg','image/jpeg',2446536,1558783660,1558783660,23,23),(187,'SA','/uploads/images/201905/1558784021-sa.jpg','image/jpeg',327025,1558784021,1558784021,1,1),(188,'SA1','/uploads/images/201905/1558784119-sa1.jpg','image/jpeg',263567,1558784119,1558784119,1,1),(189,'SA pdf','/uploads/applications/201905/1558784197-sa-pdf.pdf','application/pdf',101649,1558784197,1558784197,1,1),(190,'SA pdf','/uploads/applications/201905/1558784203-sa-pdf.pdf','application/pdf',101649,1558784203,1558784203,1,1),(191,'IMG_20190524_082711','/uploads/other/201905/1558931560-img_20190524_082711.jpg','multipart/form-data',5006782,1558931561,1558931561,9,9),(192,'Trang_b_l_hoa_vang_ma','/uploads/images/201905/1558941358-trang_b_l_hoa_vang_ma.jpg','image/jpeg',96862,1558941358,1558941358,7,7),(193,'google-play','/uploads/images/201905/1558941449-google-play.png','image/png',6856,1558941449,1558941449,7,7),(194,'IMG_5761-700x525','/uploads/images/201905/1558942519-img_5761-700x525.jpg','image/jpeg',98392,1558942519,1558942519,20,20),(195,'IMG_5730-700x525','/uploads/images/201905/1558942523-img_5730-700x525.jpg','image/jpeg',89678,1558942523,1558942523,20,20),(196,'__Day of the Dead MS','/uploads/audios/201905/1558942613-__day-of-the-dead-ms.mp3','audio/mp3',82,1558942613,1558942613,20,20),(197,'Trang_b_l_hoa_vang_ma','/uploads/images/201905/1558943637-trang_b_l_hoa_vang_ma.jpg','image/jpeg',96862,1558943637,1558943637,7,7),(198,'google-play','/uploads/images/201905/1558943638-google-play.png','image/png',6856,1558943638,1558943638,7,7),(199,'Trang_b_l_hoa_vang_ma','/uploads/images/201905/1558945534-trang_b_l_hoa_vang_ma.jpg','image/jpeg',96862,1558945534,1558945534,7,7),(200,'google-play','/uploads/images/201905/1558945536-google-play.png','image/png',6856,1558945536,1558945536,7,7),(201,'IMG_0002','/uploads/images/201905/1558945586-img_0002.jpg','image/jpeg',2588870,1558945587,1558945587,1,1),(202,'IMG_0001','/uploads/images/201905/1558945720-img_0001.jpg','image/jpeg',1882776,1558945720,1558945720,1,1),(203,'IMG_0004','/uploads/images/201905/1558947043-img_0004.jpg','image/jpeg',1054985,1558947043,1558947043,1,1),(204,'Trang_b_l_hoa_vang_ma','/uploads/images/201905/1558947085-trang_b_l_hoa_vang_ma.jpg','image/jpeg',96862,1558947085,1558947085,7,7),(205,'IMG_0004','/uploads/images/201905/1558947118-img_0004.jpg','image/jpeg',1054985,1558947119,1558947119,1,1),(206,'Trang_b_l_hoa_vang_ma','/uploads/images/201905/1558947341-trang_b_l_hoa_vang_ma.jpg','image/jpeg',96862,1558947341,1558947341,7,7),(207,'google-play','/uploads/images/201905/1558947788-google-play.png','image/png',6856,1558947788,1558947788,7,7),(208,'Trang_b_l_hoa_vang_ma','/uploads/images/201905/1558948068-trang_b_l_hoa_vang_ma.jpg','image/jpeg',96862,1558948068,1558948068,7,7),(209,'Trang_b_l_hoa_vang_ma','/uploads/images/201905/1558948090-trang_b_l_hoa_vang_ma.jpg','image/jpeg',96862,1558948090,1558948090,7,7),(210,'IMG_0003','/uploads/images/201905/1558948103-img_0003.jpg','image/jpeg',2098472,1558948103,1558948103,1,1),(211,'Trang_b_l_hoa_vang_ma','/uploads/images/201905/1558948103-trang_b_l_hoa_vang_ma.jpg','image/jpeg',96862,1558948103,1558948103,7,7),(212,'Trang_b_l_hoa_vang_ma','/uploads/images/201905/1558948178-trang_b_l_hoa_vang_ma.jpg','image/jpeg',96862,1558948178,1558948178,7,7),(213,'Trang_b_l_hoa_vang_ma','/uploads/images/201905/1558948206-trang_b_l_hoa_vang_ma.jpg','image/jpeg',96862,1558948206,1558948206,7,7),(214,'google-play','/uploads/images/201905/1558948218-google-play.png','image/png',6856,1558948218,1558948218,7,7),(215,'IMG_0006','/uploads/images/201905/1558948593-img_0006.heic','image/jpeg',4075105,1558948593,1558948593,1,1),(216,'Trang_b_l_hoa_vang_ma','/uploads/images/201905/1558949300-trang_b_l_hoa_vang_ma.jpg','image/jpeg',96862,1558949300,1558949300,7,7),(217,'Trang_b_l_hoa_vang_ma','/uploads/images/201905/1558949412-trang_b_l_hoa_vang_ma.jpg','image/jpeg',96862,1558949412,1558949412,7,7),(218,'IMG_0401','/uploads/images/201905/1558951561-img_0401.png','image/jpeg',12217,1558951561,1558951561,18,18),(219,'IMG_8960','/uploads/images/201905/1558953309-img_8960.png','image/jpeg',83187,1558953309,1558953309,1,1),(220,'IMG_0311','/uploads/images/201905/1558953312-img_0311.jpg','image/jpeg',4036575,1558953312,1558953312,13,13),(221,'Trang_b_l_hoa_vang_ma','/uploads/images/201905/1558953408-trang_b_l_hoa_vang_ma.jpg','image/jpeg',96862,1558953408,1558953408,7,7),(222,'Trang_b_l_hoa_vang_ma','/uploads/images/201905/1558953463-trang_b_l_hoa_vang_ma.jpg','image/jpeg',96862,1558953463,1558953463,7,7),(223,'IMG_4269','/uploads/images/201905/1558953685-img_4269.jpg','image/jpeg',118658,1558953685,1558953685,13,13),(224,'IMG_0195','/uploads/images/201905/1558970635-img_0195.heic','image/jpeg',1633924,1558970635,1558970635,15,15),(225,'IMG_4269','/uploads/images/201905/1559006778-img_4269.jpg','image/jpeg',118658,1559006778,1559006778,13,13),(226,'IMG_0002','/uploads/images/201905/1559008985-img_0002.jpg','image/jpeg',2588870,1559008985,1559008985,36,36),(227,'IMG_0003','/uploads/images/201905/1559009045-img_0003.jpg','image/jpeg',2098472,1559009045,1559009045,1,1),(228,'IMG_0002','/uploads/images/201905/1559009071-img_0002.jpg','image/jpeg',2588870,1559009071,1559009071,1,1),(229,'IMG_0001','/uploads/images/201905/1559009090-img_0001.jpg','image/jpeg',1882776,1559009090,1559009090,1,1),(230,'IMG_0004','/uploads/images/201905/1559009116-img_0004.jpg','image/jpeg',1054985,1559009116,1559009116,1,1),(231,'IMG_0001','/uploads/images/201905/1559009217-img_0001.jpg','image/jpeg',1882776,1559009217,1559009217,1,1),(232,'IMG_0002','/uploads/images/201905/1559010697-img_0002.jpg','image/jpeg',2588870,1559010697,1559010697,1,1),(233,'IMG_0004','/uploads/images/201905/1559010950-img_0004.jpg','image/jpeg',1054985,1559010950,1559010950,1,1),(234,'IMG_8947','/uploads/images/201905/1559011128-img_8947.jpg','image/jpeg',1717626,1559011128,1559011128,1,1),(235,'IMG_9020','/uploads/images/201905/1559011467-img_9020.jpg','image/jpeg',1917920,1559011467,1559011467,1,1),(236,'IMG_0002','/uploads/images/201905/1559028199-img_0002.jpg','image/jpeg',2588870,1559028199,1559028199,36,36),(237,'IMG_0002','/uploads/images/201905/1559028416-img_0002.jpg','image/jpeg',2588870,1559028416,1559028416,36,36),(238,'IMG_0002','/uploads/images/201905/1559028730-img_0002.jpg','image/jpeg',2588870,1559028730,1559028730,36,36),(239,'IMG_0002','/uploads/images/201905/1559028929-img_0002.jpg','image/jpeg',2588870,1559028929,1559028929,36,36),(240,'IMG_0003','/uploads/images/201905/1559029009-img_0003.jpg','image/jpeg',2098472,1559029009,1559029009,36,36),(241,'IMG_0002','/uploads/images/201905/1559029512-img_0002.jpg','image/jpeg',2588870,1559029512,1559029512,36,36),(242,'IMG_0003','/uploads/images/201905/1559029563-img_0003.jpg','image/jpeg',2098472,1559029563,1559029563,36,36),(243,'IMG_0007','/uploads/images/201905/1559029706-img_0007.jpg','image/jpeg',103381,1559029706,1559029706,36,36),(244,'IMG_0007','/uploads/images/201905/1559032657-img_0007.jpg','image/jpeg',103381,1559032657,1559032657,36,36),(245,'IMG_0007','/uploads/images/201905/1559033444-img_0007.jpg','image/jpeg',103381,1559033444,1559033444,36,36),(246,'IMG_0007','/uploads/images/201905/1559033848-img_0007.jpg','image/jpeg',103381,1559033848,1559033848,36,36),(247,'IMG_0002','/uploads/images/201905/1559034094-img_0002.jpg','image/jpeg',2588870,1559034094,1559034094,36,36),(248,'IMG_0007','/uploads/images/201905/1559034328-img_0007.jpg','image/jpeg',103381,1559034328,1559034328,36,36),(249,'IMG_0001','/uploads/images/201905/1559034873-img_0001.jpg','image/jpeg',1882776,1559034873,1559034873,36,36),(250,'IMG_0007','/uploads/images/201905/1559034902-img_0007.jpg','image/jpeg',103381,1559034902,1559034902,36,36),(251,'IMG_0002','/uploads/images/201905/1559035686-img_0002.jpg','image/jpeg',2588870,1559035686,1559035686,36,36),(252,'IMG_4269','/uploads/images/201905/1559038527-img_4269.jpg','image/jpeg',118658,1559038527,1559038527,13,13),(253,'IMG_4269','/uploads/images/201905/1559038548-img_4269.jpg','image/jpeg',118658,1559038548,1559038548,13,13),(254,'IMG_4269','/uploads/images/201905/1559045178-img_4269.jpg','image/jpeg',118658,1559045178,1559045178,13,13),(255,'IMG_0007','/uploads/images/201905/1559052772-img_0007.jpg','image/jpeg',103381,1559052772,1559052772,36,36),(256,'IMG_9031','/uploads/images/201905/1559059403-img_9031.jpg','image/jpeg',1143450,1559059404,1559059404,1,1),(257,'IMG_1663','/uploads/images/201905/1559059489-img_1663.jpg','image/jpeg',242903,1559059489,1559059489,13,13),(258,'IMG_8977','/uploads/images/201905/1559059509-img_8977.jpg','image/jpeg',1439484,1559059509,1559059509,1,1),(259,'IMG_0001','/uploads/images/201905/1559059558-img_0001.jpg','image/jpeg',1882776,1559059558,1559059558,1,1),(260,'IMG_4132','/uploads/images/201905/1559060294-img_4132.jpg','image/jpeg',386469,1559060294,1559060294,13,13),(261,'IMG_0196','/uploads/images/201905/1559095551-img_0196.heic','image/jpeg',973551,1559095551,1559095551,15,15),(262,'1559060294-img_4132','/uploads/images/201905/1559095777-1559060294-img_4132.jpg','image/jpeg',386469,1559095777,1559095777,18,18),(263,'IMG_9804','/uploads/images/201905/1559096246-img_9804.jpg','image/jpeg',239280,1559096247,1559096247,15,15),(264,'1558970635-img_0195','/uploads/images/201905/1559096931-1558970635-img_0195.heic','image/heic',1633924,1559096931,1559096931,18,18),(265,'google-play','/uploads/images/201905/1559101316-google-play.png','image/png',6856,1559101316,1559101316,7,7),(266,'man-156584__340','/uploads/images/201905/1559101373-man-156584__340.png','image/png',38905,1559101373,1559101373,7,7),(267,'hoangthuylinh','/uploads/images/201905/1559102047-hoangthuylinh.jpg','image/jpeg',13248,1559102047,1559102047,7,7),(268,'man-156584__340','/uploads/images/201905/1559122374-man-156584__340.png','image/png',38905,1559122374,1559122374,22,22),(269,'IMG_20190529_183453','/uploads/other/201905/1559129716-img_20190529_183453.jpg','multipart/form-data',1681836,1559129716,1559129716,9,9),(270,'IMG_20190529_183453','/uploads/other/201905/1559129723-img_20190529_183453.jpg','multipart/form-data',1681836,1559129723,1559129723,9,9),(271,'IMG_20190526_160143','/uploads/other/201905/1559129949-img_20190526_160143.jpg','multipart/form-data',4195211,1559129949,1559129949,1,1),(272,'IMG_20190526_160143','/uploads/other/201905/1559131795-img_20190526_160143.jpg','multipart/form-data',4195211,1559131795,1559131795,1,1),(273,'IMG_0173','/uploads/images/201905/1559131809-img_0173.heic','image/jpeg',1521478,1559131809,1559131809,15,15),(274,'IMG_20190526_160143','/uploads/other/201905/1559131853-img_20190526_160143.jpg','multipart/form-data',4195211,1559131853,1559131853,1,1),(275,'IMG_20190526_160143','/uploads/other/201905/1559131872-img_20190526_160143.jpg','multipart/form-data',4195211,1559131872,1559131872,1,1),(276,'IMG_9032','/uploads/images/201905/1559132368-img_9032.jpg','image/jpeg',1191953,1559132368,1559132368,1,1),(277,'IMG_0007','/uploads/images/201905/1559182773-img_0007.jpg','image/jpeg',103381,1559182773,1559182773,36,36),(278,'IMG_0007','/uploads/images/201905/1559183689-img_0007.jpg','image/jpeg',103381,1559183689,1559183689,36,36),(279,'IMG_0002','/uploads/images/201905/1559184727-img_0002.jpg','image/jpeg',2588870,1559184727,1559184727,36,36),(280,'IMG_0002','/uploads/images/201905/1559184833-img_0002.jpg','image/jpeg',2588870,1559184833,1559184833,36,36),(281,'IMG_0004','/uploads/images/201905/1559185227-img_0004.jpg','image/jpeg',1054985,1559185227,1559185227,36,36),(282,'IMG_0007','/uploads/images/201905/1559185261-img_0007.jpg','image/jpeg',103381,1559185261,1559185261,36,36),(283,'IMG_0001','/uploads/images/201905/1559185880-img_0001.jpg','image/jpeg',1882776,1559185880,1559185880,36,36),(284,'Logo_app_luci','/uploads/images/201905/1559188996-logo_app_luci.png','image/png',20127,1559188996,1559188996,18,18),(285,'Logo_app_luci','/uploads/images/201905/1559189337-logo_app_luci.png','image/png',20127,1559189337,1559189337,18,18),(286,'Logo_app_luci','/uploads/images/201905/1559189400-logo_app_luci.png','image/png',20127,1559189400,1559189400,18,18),(287,'Logo_app_luci','/uploads/images/201905/1559189594-logo_app_luci.png','image/png',20127,1559189594,1559189594,18,18),(288,'Logo_app_luci','/uploads/images/201905/1559189656-logo_app_luci.png','image/png',20127,1559189656,1559189656,18,18),(289,'Logo_app_luci','/uploads/images/201905/1559189671-logo_app_luci.png','image/png',20127,1559189671,1559189671,18,18),(290,'Logo_app_luci','/uploads/images/201905/1559190002-logo_app_luci.png','image/png',20127,1559190002,1559190002,18,18),(291,'Logo_app_luci','/uploads/images/201905/1559190012-logo_app_luci.png','image/png',20127,1559190012,1559190012,18,18),(292,'11111 copy','/uploads/images/201905/1559190018-11111-copy.jpg','image/jpeg',20831,1559190018,1559190018,18,18),(293,'Logo_app_luci','/uploads/images/201905/1559192002-logo_app_luci.png','image/png',20127,1559192002,1559192002,18,18),(294,'Logo_app_luci','/uploads/images/201905/1559193560-logo_app_luci.png','image/png',20127,1559193560,1559193560,18,18),(295,'11111 copy','/uploads/images/201905/1559199037-11111-copy.jpg','image/jpeg',20831,1559199037,1559199037,18,18),(296,'Logo_app_luci','/uploads/images/201905/1559203116-logo_app_luci.png','image/png',20127,1559203116,1559203116,18,18),(297,'11111 copy','/uploads/images/201905/1559203581-11111-copy.jpg','image/jpeg',20831,1559203581,1559203581,18,18),(298,'11111 copy','/uploads/images/201905/1559203638-11111-copy.jpg','image/jpeg',20831,1559203638,1559203638,18,18),(299,'Logo_app_luci','/uploads/images/201905/1559205542-logo_app_luci.png','image/png',20127,1559205542,1559205542,18,18),(300,'Logo_app_luci','/uploads/images/201905/1559205547-logo_app_luci.png','image/png',20127,1559205547,1559205547,18,18),(301,'Logo_app_luci','/uploads/images/201905/1559205975-logo_app_luci.png','image/png',20127,1559205975,1559205975,18,18),(302,'IMG_0003','/uploads/images/201905/1559206276-img_0003.jpg','image/jpeg',2098472,1559206276,1559206276,6,6),(303,'IMG_0003','/uploads/images/201905/1559231744-img_0003.jpg','image/jpeg',2098472,1559231744,1559231744,1,1),(304,'IMG_0001','/uploads/images/201905/1559231784-img_0001.jpg','image/jpeg',1882776,1559231784,1559231784,1,1),(305,'IMG_0001','/uploads/images/201905/1559231982-img_0001.jpg','image/jpeg',1882776,1559231982,1559231982,1,1),(306,'IMG_20190526_160143','/uploads/other/201905/1559233176-img_20190526_160143.jpg','multipart/form-data',4195211,1559233176,1559233176,1,1),(307,'nuoc-sach-3','/uploads/images/201905/1559274618-nuoc-sach-3.jpg','image/jpeg',407195,1559274618,1559274618,1,1),(308,'1','/uploads/images/201905/1559286355-1.png','image/png',28550,1559286355,1559286355,6,6),(309,'animal-4d-01','/uploads/images/201905/1559286381-animal-4d-01.png','image/png',303109,1559286381,1559286381,1,1),(310,'2','/uploads/images/201905/1559286706-2.jpg','image/jpeg',179743,1559286706,1559286706,6,6),(311,'IMG_5934','/uploads/images/201905/1559286833-img_5934.jpg','image/jpeg',1317963,1559286833,1559286833,6,6),(312,'A Kiss Audio','/uploads/audios/201905/1559286869-a-kiss-audio.mp3','audio/mp3',1339686,1559286869,1559286869,6,6),(313,'icomoon (1)','/uploads/applications/201905/1559288932-icomoon-1.zip','application/x-zip-compressed',2288888,1559288932,1559288932,6,6),(314,'nuoc-sach-3','/uploads/images/201905/1559290865-nuoc-sach-3.jpg','image/jpeg',407195,1559290865,1559290865,1,1),(315,'20181228_202049','/uploads/images/201905/1559291483-20181228_202049.jpg','image/jpeg',354930,1559291483,1559291483,6,6),(316,'20181228_202137','/uploads/images/201905/1559291536-20181228_202137.jpg','image/jpeg',118978,1559291536,1559291536,6,6),(317,'20181228_202336','/uploads/images/201905/1559291542-20181228_202336.jpg','image/jpeg',321157,1559291542,1559291542,6,6),(318,'20181228_202355','/uploads/images/201905/1559291547-20181228_202355.jpg','image/jpeg',323109,1559291547,1559291547,6,6),(319,'20181228_202536','/uploads/images/201905/1559291552-20181228_202536.jpg','image/jpeg',301381,1559291552,1559291552,6,6),(320,'20181228_202544','/uploads/images/201905/1559291557-20181228_202544.jpg','image/jpeg',300196,1559291557,1559291557,6,6),(321,'37','/uploads/images/201905/1559292600-37.png','image/png',28557,1559292600,1559292600,6,6),(322,'37','/uploads/images/201905/1559292603-37.png','image/png',28557,1559292603,1559292603,6,6),(323,'36','/uploads/images/201905/1559292620-36.png','image/png',26429,1559292620,1559292620,6,6),(324,'34','/uploads/images/201905/1559292624-34.png','image/png',46415,1559292624,1559292624,6,6),(325,'20181228_202513','/uploads/images/201905/1559292675-20181228_202513.jpg','image/jpeg',297965,1559292675,1559292675,6,6),(326,'20181228_202513','/uploads/images/201905/1559292740-20181228_202513.jpg','image/jpeg',297965,1559292740,1559292740,6,6),(327,'20181228_202137','/uploads/images/201905/1559292782-20181228_202137.jpg','image/jpeg',118978,1559292782,1559292782,6,6),(328,'import_demo1','/uploads/applications/201905/1559294282-import_demo1.xls','application/octet-stream',22016,1559294282,1559294282,18,18),(329,'import_demo2','/uploads/applications/201905/1559294367-import_demo2.xls','application/octet-stream',22016,1559294367,1559294367,18,18),(330,'import_demo1','/uploads/applications/201905/1559294486-import_demo1.xls','application/octet-stream',22016,1559294486,1559294486,18,18),(331,'IMG_8230','/uploads/images/201905/1559295172-img_8230.jpg','image/jpeg',2145430,1559295172,1559295172,19,19),(332,'IMG_0007','/uploads/images/201905/1559298476-img_0007.jpg','image/jpeg',103381,1559298476,1559298476,36,36),(333,'IMG_0002','/uploads/images/201905/1559298631-img_0002.jpg','image/jpeg',2588870,1559298631,1559298631,36,36),(334,'IMG_0175','/uploads/images/201906/1559351897-img_0175.heic','image/jpeg',1422004,1559351897,1559351897,15,15),(335,'20181228_202544','/uploads/images/201906/1559537525-20181228_202544.jpg','image/jpeg',300196,1559537525,1559537525,6,6),(336,'20181228_202049','/uploads/images/201906/1559545777-20181228_202049.jpg','image/jpeg',354930,1559545777,1559545777,6,6),(337,'20181228_202040','/uploads/images/201906/1559545903-20181228_202040.jpg','image/jpeg',343917,1559545903,1559545903,6,6),(338,'14.1.Phụ lục HD May','/uploads/applications/201906/1559546180-141ph-lc-hd-may.doc','application/msword',51200,1559546180,1559546180,6,6),(339,'Bài-số-1-17.10-.1-768x511','/uploads/images/201906/1559547331-bi-s-1-1710-1-768x511.jpg','image/jpeg',45398,1559547331,1559547331,6,6),(340,'IMG_0001','/uploads/images/201906/1559554351-img_0001.jpg','image/jpeg',1882776,1559554352,1559554352,1,1),(341,'IMG_0003','/uploads/images/201906/1559554682-img_0003.jpg','image/jpeg',2098472,1559554682,1559554682,1,1),(342,'IMG_0284','/uploads/images/201906/1559572882-img_0284.jpg','image/jpeg',117901,1559572882,1559572882,15,15),(343,'Logo_app_luci','/uploads/images/201906/1559573665-logo_app_luci.png','image/png',43380,1559573665,1559573665,18,18),(344,'IMG_0006','/uploads/images/201906/1559613726-img_0006.heic','image/jpeg',4075105,1559613726,1559613726,36,36),(345,'IMG_0314','/uploads/images/201906/1559623699-img_0314.heic','image/jpeg',6666731,1559623699,1559623699,15,15),(346,'20181228_202137','/uploads/images/201906/1559632575-20181228_202137.jpg','image/jpeg',118978,1559632575,1559632575,6,6),(347,'2','/uploads/images/201906/1559642674-2.png','image/png',110040,1559642674,1559642674,6,6),(348,'20181228_202137','/uploads/images/201906/1559642683-20181228_202137.jpg','image/jpeg',118978,1559642683,1559642683,6,6),(349,'IMG_1692','/uploads/images/201906/1559642857-img_1692.jpg','image/jpeg',37167,1559642857,1559642857,1,1),(350,'11111 copy','/uploads/images/201906/1559704171-11111-copy.jpg','image/jpeg',20831,1559704171,1559704171,18,18),(351,'2','/uploads/images/201906/1559727014-2.png','image/png',51618,1559727014,1559727014,6,6),(352,'dauthauhopdongbaigiuxe','/uploads/images/201906/1559748247-dauthauhopdongbaigiuxe.jpg','image/jpeg',70792,1559748247,1559748247,1,1),(353,'icon-luci','/uploads/images/201906/1559748319-icon-luci.png','image/png',50053,1559748319,1559748319,18,18),(354,'43cbc86dc7de24807dcf','/uploads/images/201906/1559748898-43cbc86dc7de24807dcf.jpg','image/jpeg',123588,1559748898,1559748898,1,1),(355,'6dccea0e669f83c1da8e','/uploads/images/201906/1559784790-6dccea0e669f83c1da8e.jpg','image/jpeg',128034,1559784790,1559784790,6,6),(356,'2','/uploads/images/201906/1559784950-2.png','image/png',51618,1559784950,1559784950,6,6),(357,'1','/uploads/images/201906/1559786853-1.png','image/png',35059,1559786853,1559786853,6,6),(358,'IMG_0007','/uploads/images/201906/1559797017-img_0007.jpg','image/jpeg',103381,1559797017,1559797017,36,36),(359,'man','/uploads/images/201906/1559804041-man.png','image/png',163909,1559804041,1559804041,6,6),(360,'Cấu hình- Tạo căn hộ','/uploads/images/201906/1559807029-cu-hnh--to-cn-h.jpg','image/jpeg',129235,1559807029,1559807029,6,6),(361,'20190606_123051','/uploads/other/201906/1559812402-20190606_123051.jpg','multipart/form-data',240988,1559812402,1559812402,36,36),(362,'received_547324522102800','/uploads/other/201906/1559812415-received_547324522102800.jpeg','multipart/form-data',66144,1559812415,1559812415,36,36),(363,'IMG_0347','/uploads/videos/201906/1559823842-img_0347.mov','video/mp4',7610697,1559823842,1559823842,18,18),(364,'IMG_0434','/uploads/images/201906/1559823902-img_0434.heic','image/jpeg',925138,1559823902,1559823902,18,18),(365,'IMG_8741','/uploads/images/201906/1559866313-img_8741.png','image/jpeg',94708,1559866313,1559866313,23,23),(366,'IMG_9037','/uploads/images/201906/1559866431-img_9037.heic','image/jpeg',1844983,1559866431,1559866431,23,23);
/*!40000 ALTER TABLE `file_upload` ENABLE KEYS */;
UNLOCK TABLES;

--
-- Table structure for table `management_user`
--

DROP TABLE IF EXISTS `management_user`;
/*!40101 SET @saved_cs_client     = @@character_set_client */;
/*!40101 SET character_set_client = utf8 */;
CREATE TABLE `management_user` (
  `id` int(11) NOT NULL AUTO_INCREMENT,
  `password` varchar(64) NOT NULL,
  `email` varchar(64) NOT NULL,
  `phone` varchar(20) DEFAULT NULL,
  `first_name` varchar(64) DEFAULT NULL,
  `last_name` varchar(64) DEFAULT NULL,
  `avatar` varchar(255) DEFAULT NULL,
  `auth_key` varchar(255) DEFAULT NULL,
  `gender` int(1) DEFAULT 0 COMMENT 'giới tính : 0 - chưa xác định, 1 - nam, 2 - nữ',
  `birthday` int(11) DEFAULT NULL COMMENT 'ngày sinh',
  `parent_id` int(11) DEFAULT NULL,
  `status` smallint(6) NOT NULL DEFAULT 0 COMMENT '0 : chưa kích hoạt, 1 : đã kích hoạt, 2 : bị khóa',
  `status_verify_phone` smallint(6) DEFAULT NULL COMMENT '0 - chưa xác thực , 1 đã xác thực',
  `status_verify_email` smallint(6) DEFAULT NULL COMMENT '0 - chưa xác thực , 1 đã xác thực',
  `auth_group_id` int(11) DEFAULT NULL,
  `is_deleted` int(1) DEFAULT 0 COMMENT '0 : chưa xóa, 1 : đã xóa',
  `created_at` int(11) DEFAULT NULL,
  `updated_at` int(11) DEFAULT NULL,
  `created_by` int(11) DEFAULT NULL,
  `updated_by` int(11) DEFAULT NULL,
  `building_cluster_id` int(11) NOT NULL,
  PRIMARY KEY (`id`),
  KEY `idx-management_user-auth_group_id` (`auth_group_id`),
  KEY `idx-management_user-is_deleted` (`is_deleted`),
  KEY `idx-management_user-parent_id` (`parent_id`),
  KEY `idx-management_user-status` (`status`),
  KEY `idx-management_user-status_verify_email` (`status_verify_email`),
  KEY `idx-management_user-status_verify_phone` (`status_verify_phone`),
  KEY `idx-management_user-building_cluster_id` (`building_cluster_id`)
) ENGINE=InnoDB AUTO_INCREMENT=36 DEFAULT CHARSET=utf8;
/*!40101 SET character_set_client = @saved_cs_client */;

--
-- Dumping data for table `management_user`
--

LOCK TABLES `management_user` WRITE;
/*!40000 ALTER TABLE `management_user` DISABLE KEYS */;
INSERT INTO `management_user` VALUES (1,'$2y$13$ivcTh9eOQfg57yRojYOfTOXEVt.OtNUvRGktNIdrNCy1mMpE3BAlS','datpd@luci.vn','0366564963','DatPD','','/uploads/images/201905/1558113041-logo.png',NULL,0,NULL,NULL,1,NULL,1,7,0,1557305572,1559290782,NULL,1,1),(2,'$2y$13$YV1LUgkQsBMGhAJeOPLaiecE7dIZtC7GTwOaw0y7BwZ9lOXCUlbw.','user1@luci.vn_87127312',NULL,NULL,NULL,NULL,NULL,0,NULL,NULL,1,NULL,NULL,2,1,1557308099,1557919825,NULL,1,1),(3,'$2y$13$mABE7hK1/I/zqph75s2mQeZhHNH0.2Cl.KCdym/n1MB0dhgTTpF7e','user2@luci.vn_93742342',NULL,NULL,NULL,NULL,NULL,0,NULL,NULL,1,NULL,NULL,3,1,1557308105,1557919842,NULL,1,1),(4,'$2y$13$rvNCa3OHIwsJlogs3aRTaedNK91puQm3jvwgb9rTfLaUgaGmVVECG','duydatpham@gmail.com','0213123','Phạm Duy Đạt',NULL,NULL,NULL,0,NULL,NULL,1,NULL,NULL,1,0,1557914821,1557914821,1,1,1),(5,'$2y$13$H.1VfABH6zxW6jiLqmCdhOJdZCA7pvqFFcAFLNMPrJV9YlnLOCShO','huydq@luci.vn','0978928230','Duong Quốc Huy',NULL,NULL,NULL,0,NULL,NULL,1,NULL,1,2,0,1558081434,1558409513,1,NULL,1),(6,'$2y$13$KDWb5049va0YTfsM/6e5QeNcbvnXIzfdpwlvB8Jo1u7LT1X7sDEkG','maylt@luci.vn','84367103927','Lương Thị M','','',NULL,0,NULL,NULL,1,NULL,1,7,0,1558428330,1559614486,1,6,1),(7,'$2y$13$JgYX3qDUwydiTpoaS.rlGeMMjKCF/tTX1JGLuRyS0M.wzaA/cTXla','huydq@luci.vn',NULL,'Dương Quốc Huy',NULL,NULL,'',0,NULL,NULL,1,NULL,NULL,4,0,1558454798,1558945344,NULL,7,2),(8,'$2y$13$dPn7XDqiPEbNSmxfnc8NNObBHUyWELKG0rTtQ8A/dz7kPn1EBlD9u','mayvimaru@gmail.com_9812361723','036 710 3927','Quan hệ hữu nghị truyền thống và Đối tác chiến lược toàn diện ',NULL,NULL,NULL,0,NULL,NULL,1,NULL,NULL,1,1,1558497776,1558500631,6,6,1),(9,'$2y$13$7AhCWfmuMGM9gKqVV3v57.uB5ca5GLX9rK5U9tBEzvHygM8OTEOTO','demo@luci.vn',NULL,'Nguyễn Văn A',NULL,NULL,NULL,0,NULL,NULL,1,NULL,NULL,2,0,1558499605,1558499605,6,6,1),(10,'$2y$13$q.yJMOaI/BS9YOmQ6ovI9eMLNxLQcZqPPSFUUMFkc3WpPXccKlvky','thaicnt50@gmail.com_983579385',NULL,'Nguyễn Văn B',NULL,NULL,NULL,0,NULL,NULL,1,NULL,NULL,2,1,1558499705,1558774073,6,6,1),(11,'$2y$13$ffMaOahoN86LYlChcvH1cOO.vRhczjKTbkJx8W6KOe/NGTyUEogiC','123@gmail.com',NULL,'Nguyễn Văn C',NULL,NULL,NULL,0,NULL,NULL,1,NULL,NULL,3,0,1558499725,1558499725,6,6,1),(12,'$2y$13$jr33OyedfOjnxff6VZq1oOGO9364lwlIi.F3xkblF8DUf87B/UE12','abc@gmail.com',NULL,'Nguyễn Văn D',NULL,NULL,NULL,0,NULL,NULL,1,NULL,NULL,1,0,1558499742,1558499742,6,6,1),(13,'$2y$13$Zi7xNkckT1N3PjoKdoBaSuYtDT.8qI24IDpj.2B9bVapUdCZ8flDS','abcd@gmail.com',NULL,'Nguyễn Văn E',NULL,NULL,NULL,0,NULL,NULL,1,NULL,NULL,2,0,1558499764,1558499764,6,6,1),(14,'$2y$13$J5jdFAxDW6IewREo7UdAGOH2QBGRZDCQNJ4rho9VleyQ/nPpJu.2O','check@gmail.com',NULL,'Nguyễn Văn F',NULL,NULL,NULL,0,NULL,NULL,1,NULL,NULL,2,0,1558499787,1558499787,6,6,1),(15,'$2y$13$h2GlRW1mSKxWfaVx75vh.uk/O.OAPKUMQRqc6llO8POmNni8fF5Ba','111@gmail.com',NULL,'Nguyễn Văn G',NULL,NULL,NULL,0,NULL,NULL,1,NULL,NULL,3,0,1558499818,1558499818,6,6,1),(16,'$2y$13$pgu8OvvvMHPqtZ/aVeWkMuEBSXY.9Haz2FQdpiN26hqhcpef3fIrC','online@gmail.com',NULL,'Nguyễn Văn H',NULL,NULL,NULL,0,NULL,NULL,1,NULL,NULL,1,0,1558499855,1558499855,6,6,1),(18,'$2y$13$7PQCaqHpUJj2VELrdaOBROeE4fNE6iWMKHZVt3S7I1Lxcb0HPaNze','datpd@luci.vn','84987654312','Pham Duy Dat',NULL,NULL,NULL,0,NULL,NULL,1,NULL,1,4,0,1558576137,1559034274,7,18,2),(19,'$2y$13$evs6ZR.jLcLwiCPl3qOGtu7LumuOMuJGhgKoxaU6we1IikqjB30Ve','lucnn@luci.vn','84961196368','Nhu','Luc','/uploads/images/201905/1559286381-animal-4d-01.png',NULL,0,NULL,NULL,1,NULL,NULL,7,0,1558774886,1559551040,1,19,1),(20,'$2y$13$4RgrPMwkbpmWHDrsjGHtZO285DlKF.GazFNaLepfu./XH9QZMswLC','mayvimaru@gmail.com_1559537470','84379360898','Nguyễn Xuân Bách',NULL,NULL,NULL,0,NULL,NULL,1,NULL,1,1,1,1558775436,1559537470,6,6,1),(21,'$2y$13$o.pwPtb9ehCeMDl1vyU2juAhB3ilpW/bjHqYsRYZS.AJh2R3vTy2C','qhuy.duong@gmail.com','84987654342','Hoàng Thùy Linh',NULL,'/uploads/images/201905/1559102047-hoangthuylinh.jpg',NULL,0,NULL,NULL,1,NULL,1,5,0,1559036467,1559102452,18,NULL,2),(22,'$2y$13$5j/74fPd.jZL1zw4fQfTbef/Ee1dS8N2GUEuukev58RhTjPkqmx.e','huydq@lumi.biz',NULL,'Văn Như Cương',NULL,'/uploads/images/201905/1559101373-man-156584__340.png',NULL,0,NULL,NULL,1,NULL,1,6,0,1559101380,1559102618,7,NULL,2),(23,'$2y$13$dxNMO6d/MT/jfgsQ0mi96.uYk57Puwg3r1dJWXIfxh5XJbhTEr3Xa','thaicnt50@gmail.com_1559635510','84379360898','Lễ tân',NULL,NULL,NULL,0,NULL,NULL,1,NULL,1,9,1,1559295805,1559635510,6,6,1),(24,'$2y$13$XStwNtcXQF42MVMBqFnTHenFLw6A4anxp5Uf.ABC6ID8Sj2kgMG06','mayvimaru@gmail.com','84977920221','Nguyễn Thị A1',NULL,'/uploads/images/201906/1559537525-20181228_202544.jpg',NULL,0,NULL,NULL,1,NULL,1,8,0,1559537529,1559633503,6,6,1),(25,'$2y$13$0TVfP4sjUzx4IDi1otTFO.FzwUiOeVNaxu/hW9garq99BD6D4EBaW','abcdefghijklmnopqrstuvwsyzabcefghijklmnopqrstuvwsyz@gmail.com','84367103927','sdfsdf',NULL,NULL,NULL,0,NULL,NULL,1,NULL,NULL,8,0,1559621212,1559621212,6,6,1),(26,'$2y$13$llxfdn/GhWzLNoUnrQHM3eKccWDU21fxBjr5J07oFQnLtUTLT6V4.','maylt@luci.vn','84367103927','Lương Thị May','Lương Thị','',NULL,0,NULL,NULL,1,NULL,NULL,10,0,1559622951,1559718208,1,26,3),(27,'$2y$13$DinHmqKN80q0LaE.NOzYI.DEDBnt8tgEZ0/3RTpqechmWJalvJN/e','demo1@luci.vn_1559634016',NULL,'bvnvbn',NULL,'/uploads/images/201906/1559632575-20181228_202137.jpg',NULL,0,NULL,NULL,1,NULL,NULL,8,1,1559632585,1559634016,6,6,1),(28,'$2y$13$iECOgXddesUOpIgtKmWTnu1KWPvAfNeIMJV5mL2G90Ip9lHALFBLG','thaicnt50@gmail.com',NULL,'Trần Minh Phương',NULL,NULL,NULL,0,NULL,NULL,1,NULL,NULL,9,0,1559635635,1559635635,6,6,1),(29,'$2y$13$Rfcml94EP4nxAZinZj32n.rdP0e30VzjBXUaumohlzOGqIlHFsL/S','tranquanglinh30061998@gmail.com','84987654321','LinhTQ',NULL,'/uploads/images/201906/1559704171-11111-copy.jpg',NULL,0,NULL,NULL,1,NULL,1,6,0,1559704173,1559704209,18,NULL,2),(30,'$2y$13$.OcSX40E35oprrrov6vt6ePP3eFeRvnmbJun3eWtG3J7N0BTQfu3a','acc@luci.vn',NULL,'Trần Thị Hoa Huệ',NULL,NULL,NULL,0,NULL,NULL,1,NULL,1,13,0,1559718234,1559783694,26,NULL,3),(31,'$2y$13$EHaTkOagH.394nkKD6d8FOWEXc25XXTeUKQMvn2sZGUrdyFxMJEz2','datpd@luci.vn',NULL,'Phạm Duy Đạt',NULL,NULL,NULL,0,NULL,NULL,1,NULL,1,12,0,1559718253,1559719840,26,NULL,3),(32,'$2y$13$YDS0AnFjqUyKdW8JntTjae2Hh39iOFmRUIJI2rPPj4FWyRbd1x15a','phongtran@luci.vn',NULL,'Trần Duy Phong',NULL,NULL,NULL,0,NULL,NULL,1,NULL,NULL,14,0,1559718270,1559718270,26,26,3),(33,'$2y$13$e7u7ejISwBQ6jtO0qENutujouPjft1riC5MBi3IhiBHDiu8w60eMy','huydq@luci.vn',NULL,'Dương Quốc Huy',NULL,NULL,NULL,0,NULL,NULL,1,NULL,1,11,0,1559718289,1559718506,26,NULL,3),(34,'$2y$13$rFWpGQUCUI69pD5HyCfrAeEzILIrjSd0mQEGfLmfKia.PvhFs9McO','sonlh@luci.vn',NULL,'Lâm Hùng Sơn',NULL,NULL,NULL,0,NULL,NULL,1,NULL,NULL,11,0,1559718307,1559718307,26,26,3),(35,'$2y$13$3Y.ahMKfGuaPxlsuANYCAuU4wc1x.ghLMbmzXq4G6IrHXq1Pfk0i6','anhnt@luci.vn',NULL,'Nguyễn Tuấn Anh',NULL,NULL,NULL,0,NULL,NULL,1,NULL,NULL,11,0,1559718324,1559718324,26,26,3);
/*!40000 ALTER TABLE `management_user` ENABLE KEYS */;
UNLOCK TABLES;

--
-- Table structure for table `management_user_access_token`
--

DROP TABLE IF EXISTS `management_user_access_token`;
/*!40101 SET @saved_cs_client     = @@character_set_client */;
/*!40101 SET character_set_client = utf8 */;
CREATE TABLE `management_user_access_token` (
  `id` int(11) NOT NULL AUTO_INCREMENT,
  `management_user_id` int(11) DEFAULT NULL,
  `type` int(1) DEFAULT 0 COMMENT '0 - access token, 1 - refresh token',
  `expired_at` int(11) DEFAULT NULL COMMENT 'Thời gian hết hạn',
  `created_at` int(11) DEFAULT NULL,
  `updated_at` int(11) DEFAULT NULL,
  `token` text DEFAULT NULL,
  `token_hash` varchar(255) DEFAULT NULL COMMENT 'mã hash sử dụng để query cho nhanh, có index',
  PRIMARY KEY (`id`),
  KEY `idx-management_user_access_token-management_user_id` (`management_user_id`),
  KEY `idx-management_user_access_token-type` (`type`),
  KEY `idx-management_user_access_token-token_hash` (`token_hash`)
) ENGINE=InnoDB AUTO_INCREMENT=293 DEFAULT CHARSET=utf8;
/*!40101 SET character_set_client = @saved_cs_client */;

--
-- Dumping data for table `management_user_access_token`
--

LOCK TABLES `management_user_access_token` WRITE;
/*!40000 ALTER TABLE `management_user_access_token` DISABLE KEYS */;
INSERT INTO `management_user_access_token` VALUES (1,1,0,1560335951,1557743951,1557743951,'eyJ0eXAiOiJKV1QiLCJhbGciOiJIUzM4NCJ9.eyJpc3MiOiJodHRwOlwvXC9sdWNpLnZubiIsImF1ZCI6Imh0dHA6XC9cL2x1Y2kudm5jIiwiZXhwIjoxNTYwMzM1OTUxLCJqdGkiOjEsIm5ld19rZXkiOiJsdWNpMTIzIn0.fL9TGYT1nfW_yfOO7GwQuGGkNtj848k1oLEEbucv7Oz2RfJ3M88yx7PhnCgpdPZj',NULL),(2,1,1,1565519951,1557743951,1557743951,'eyJ0eXAiOiJKV1QiLCJhbGciOiJIUzM4NCJ9.eyJpc3MiOiJodHRwOlwvXC9sdWNpLnZubiIsImF1ZCI6Imh0dHA6XC9cL2x1Y2kudm5jIiwiZXhwIjoxNTYwMzM1OTUxLCJqdGkiOjEsIm5ld19rZXkiOiJsdWNpMTIzIiwidGltZV9yZWZyZXNoIjoxNTY1NTE5OTUxfQ.vbHBH7Tisydu8c4fFxwaOuJGPedGAJqDRF_mpoBdmSuB3Nd257OGsawO7M9ay_gs',NULL),(3,1,0,1560356953,1557764953,1557764953,'eyJ0eXAiOiJKV1QiLCJhbGciOiJIUzM4NCJ9.eyJpc3MiOiJodHRwOlwvXC9sdWNpLnZubiIsImF1ZCI6Imh0dHA6XC9cL2x1Y2kudm5jIiwiZXhwIjoxNTYwMzU2OTUzLCJqdGkiOjEsIm5ld19rZXkiOiJsdWNpMTIzIn0.6N8EkfjiLB5c6vnEsSPhPwrgz-iE1GWM0JmbUjXKq3E1xMUyEFOxvg_lqBF7nuy3',NULL),(4,1,1,1565540953,1557764953,1557764953,'eyJ0eXAiOiJKV1QiLCJhbGciOiJIUzM4NCJ9.eyJpc3MiOiJodHRwOlwvXC9sdWNpLnZubiIsImF1ZCI6Imh0dHA6XC9cL2x1Y2kudm5jIiwiZXhwIjoxNTYwMzU2OTUzLCJqdGkiOjEsIm5ld19rZXkiOiJsdWNpMTIzIiwidGltZV9yZWZyZXNoIjoxNTY1NTQwOTUzfQ.ec19XjaCm4TMzS1vWNUbm0bw6UD7knW1R4I98H1qM9Oc4S2KmKATzMRwOzlUP7VU',NULL),(5,1,0,1560389418,1557797418,1557797418,'eyJ0eXAiOiJKV1QiLCJhbGciOiJIUzM4NCJ9.eyJpc3MiOiJodHRwOlwvXC9sdWNpLnZubiIsImF1ZCI6Imh0dHA6XC9cL2x1Y2kudm5jIiwiZXhwIjoxNTYwMzg5NDE4LCJqdGkiOjEsIm5ld19rZXkiOiJsdWNpMTIzIn0.Mdjqu_K0q8oaPegFJxtZtEcJAACAXmg_Zn728L7enVcAJv0ZwMRefU6-eCHVC-o-',NULL),(6,1,1,1565573418,1557797418,1557797418,'eyJ0eXAiOiJKV1QiLCJhbGciOiJIUzM4NCJ9.eyJpc3MiOiJodHRwOlwvXC9sdWNpLnZubiIsImF1ZCI6Imh0dHA6XC9cL2x1Y2kudm5jIiwiZXhwIjoxNTYwMzg5NDE4LCJqdGkiOjEsIm5ld19rZXkiOiJsdWNpMTIzIiwidGltZV9yZWZyZXNoIjoxNTY1NTczNDE4fQ.VjWsTAKCYA6TdmgAIui_fLK3Dp6G9n_Kg9uVG_TjMk-VpBbacHHXiLxel5HdeNsb',NULL),(7,1,0,1560391120,1557799120,1557799120,'eyJ0eXAiOiJKV1QiLCJhbGciOiJIUzM4NCJ9.eyJpc3MiOiJodHRwOlwvXC9sdWNpLnZubiIsImF1ZCI6Imh0dHA6XC9cL2x1Y2kudm5jIiwiZXhwIjoxNTYwMzkxMTIwLCJqdGkiOjEsIm5ld19rZXkiOiJsdWNpMTIzIn0.YXXszUlP64yfoXVMg4MHZ3LBshsF3wCjlLXplcFysSXhkImg3KF3wyaJA-ju-0BE',NULL),(8,1,1,1565575120,1557799120,1557799120,'eyJ0eXAiOiJKV1QiLCJhbGciOiJIUzM4NCJ9.eyJpc3MiOiJodHRwOlwvXC9sdWNpLnZubiIsImF1ZCI6Imh0dHA6XC9cL2x1Y2kudm5jIiwiZXhwIjoxNTYwMzkxMTIwLCJqdGkiOjEsIm5ld19rZXkiOiJsdWNpMTIzIiwidGltZV9yZWZyZXNoIjoxNTY1NTc1MTIwfQ.sHXYVWc3UeslEagUiZgnMjT_i7uRPySLhABcsea77BJERnuPyxgT-JfkOuzmJ7mF',NULL),(9,1,0,1560392732,1557800732,1557800732,'eyJ0eXAiOiJKV1QiLCJhbGciOiJIUzM4NCJ9.eyJpc3MiOiJodHRwOlwvXC9sdWNpLnZubiIsImF1ZCI6Imh0dHA6XC9cL2x1Y2kudm5jIiwiZXhwIjoxNTYwMzkyNzMyLCJqdGkiOjEsIm5ld19rZXkiOiJsdWNpMTIzIn0.kiP2wS7NWTFui5U3_t0ehjpArX9UW5SOQvE5n0wDIn2d4H7cDLjLNAybSBE6x54T',NULL),(10,1,1,1565576732,1557800732,1557800732,'eyJ0eXAiOiJKV1QiLCJhbGciOiJIUzM4NCJ9.eyJpc3MiOiJodHRwOlwvXC9sdWNpLnZubiIsImF1ZCI6Imh0dHA6XC9cL2x1Y2kudm5jIiwiZXhwIjoxNTYwMzkyNzMyLCJqdGkiOjEsIm5ld19rZXkiOiJsdWNpMTIzIiwidGltZV9yZWZyZXNoIjoxNTY1NTc2NzMyfQ.A9wnjegEKRiMXwbWd60PvIuK5cGgYQ-wH0ADA85UChyZjhehhswRb4zTzMg37NgL',NULL),(11,1,0,1560394012,1557802012,1557802012,'eyJ0eXAiOiJKV1QiLCJhbGciOiJIUzM4NCJ9.eyJpc3MiOiJodHRwOlwvXC9sdWNpLnZubiIsImF1ZCI6Imh0dHA6XC9cL2x1Y2kudm5jIiwiZXhwIjoxNTYwMzk0MDEyLCJqdGkiOjEsIm5ld19rZXkiOiJsdWNpMTIzIn0.5lZn8tOGtUdf79pODyKlp1wg3a75dAiDz6a4y4X-MwFinO6-eL65INRbTEpcJ2NF',NULL),(12,1,1,1565578012,1557802012,1557802012,'eyJ0eXAiOiJKV1QiLCJhbGciOiJIUzM4NCJ9.eyJpc3MiOiJodHRwOlwvXC9sdWNpLnZubiIsImF1ZCI6Imh0dHA6XC9cL2x1Y2kudm5jIiwiZXhwIjoxNTYwMzk0MDEyLCJqdGkiOjEsIm5ld19rZXkiOiJsdWNpMTIzIiwidGltZV9yZWZyZXNoIjoxNTY1NTc4MDEyfQ.l-aWdU1evliHeWkf46JYa0Xzb2T2elaXWoxbPx_nj1J0rgHr0nEMk7Tcu-J0IB9b',NULL),(13,1,0,1560394056,1557802056,1557802056,'eyJ0eXAiOiJKV1QiLCJhbGciOiJIUzM4NCJ9.eyJpc3MiOiJodHRwOlwvXC9sdWNpLnZubiIsImF1ZCI6Imh0dHA6XC9cL2x1Y2kudm5jIiwiZXhwIjoxNTYwMzk0MDU2LCJqdGkiOjEsIm5ld19rZXkiOiJsdWNpMTIzIn0.tZDeCXdTnOUmy474xl8RNPkxYmDOUnwBjWsWYDQwbEbEWovYP2zWGpiknsiDLpHw',NULL),(14,1,1,1565578056,1557802056,1557802056,'eyJ0eXAiOiJKV1QiLCJhbGciOiJIUzM4NCJ9.eyJpc3MiOiJodHRwOlwvXC9sdWNpLnZubiIsImF1ZCI6Imh0dHA6XC9cL2x1Y2kudm5jIiwiZXhwIjoxNTYwMzk0MDU2LCJqdGkiOjEsIm5ld19rZXkiOiJsdWNpMTIzIiwidGltZV9yZWZyZXNoIjoxNTY1NTc4MDU2fQ.0z92OElhoeZ5NTKcTfUPC4IyThOEI244WGhrl69KceG2LWWJyp3miLxKT74Dfaex',NULL),(15,1,0,1560394088,1557802088,1557802088,'eyJ0eXAiOiJKV1QiLCJhbGciOiJIUzM4NCJ9.eyJpc3MiOiJodHRwOlwvXC9sdWNpLnZubiIsImF1ZCI6Imh0dHA6XC9cL2x1Y2kudm5jIiwiZXhwIjoxNTYwMzk0MDg4LCJqdGkiOjEsIm5ld19rZXkiOiJsdWNpMTIzIn0.VrU5ihK2QvoFQFhoGn9rbBdCZHpYp_dKxNvjDTgB70tJxrYrB_hLyaZWwhh0ejz-',NULL),(16,1,1,1565578088,1557802088,1557802088,'eyJ0eXAiOiJKV1QiLCJhbGciOiJIUzM4NCJ9.eyJpc3MiOiJodHRwOlwvXC9sdWNpLnZubiIsImF1ZCI6Imh0dHA6XC9cL2x1Y2kudm5jIiwiZXhwIjoxNTYwMzk0MDg4LCJqdGkiOjEsIm5ld19rZXkiOiJsdWNpMTIzIiwidGltZV9yZWZyZXNoIjoxNTY1NTc4MDg4fQ.3N3dCpSHyIErKd4g8qUUr2s43vf428xLhxU6TWpkTOnqBXcwT6YOxRE6BslbCLya',NULL),(17,1,0,1560394349,1557802350,1557802350,'eyJ0eXAiOiJKV1QiLCJhbGciOiJIUzM4NCJ9.eyJpc3MiOiJodHRwOlwvXC9sdWNpLnZubiIsImF1ZCI6Imh0dHA6XC9cL2x1Y2kudm5jIiwiZXhwIjoxNTYwMzk0MzQ5LCJqdGkiOjEsIm5ld19rZXkiOiJsdWNpMTIzIn0.LMG4y0-5NXsaQ-JU73InJEBCI7rwB77Wyp1ppEj6gaXsBjWxuWNftta_k92sfnM0',NULL),(18,1,1,1565578349,1557802350,1557802350,'eyJ0eXAiOiJKV1QiLCJhbGciOiJIUzM4NCJ9.eyJpc3MiOiJodHRwOlwvXC9sdWNpLnZubiIsImF1ZCI6Imh0dHA6XC9cL2x1Y2kudm5jIiwiZXhwIjoxNTYwMzk0MzQ5LCJqdGkiOjEsIm5ld19rZXkiOiJsdWNpMTIzIiwidGltZV9yZWZyZXNoIjoxNTY1NTc4MzQ5fQ.SdTqWPIEfM5ekwwArMhajtfBBAY0aRePNaKTB9feo0hf3o_dVzbjQX2DdllA1By9',NULL),(19,1,0,1560414229,1557822229,1557822229,'eyJ0eXAiOiJKV1QiLCJhbGciOiJIUzM4NCJ9.eyJpc3MiOiJodHRwOlwvXC9sdWNpLnZubiIsImF1ZCI6Imh0dHA6XC9cL2x1Y2kudm5jIiwiZXhwIjoxNTYwNDE0MjI5LCJqdGkiOjEsIm5ld19rZXkiOiJsdWNpMTIzIn0.dYYrd2ibTe8TTgHXa5H7ogCYmm9bGlDGDEyNdwOzpprvR7i15s8iNOzqxr4rby4c',NULL),(20,1,1,1565598229,1557822229,1557822229,'eyJ0eXAiOiJKV1QiLCJhbGciOiJIUzM4NCJ9.eyJpc3MiOiJodHRwOlwvXC9sdWNpLnZubiIsImF1ZCI6Imh0dHA6XC9cL2x1Y2kudm5jIiwiZXhwIjoxNTYwNDE0MjI5LCJqdGkiOjEsIm5ld19rZXkiOiJsdWNpMTIzIiwidGltZV9yZWZyZXNoIjoxNTY1NTk4MjI5fQ.bMK1-ZFj3CFbgjwiGRqSvj3kb_KHUWwoalAHUEK4eSNhioVATBH_GmBYvyv_LWT4',NULL),(21,1,0,1560414697,1557822698,1557822698,'eyJ0eXAiOiJKV1QiLCJhbGciOiJIUzM4NCJ9.eyJpc3MiOiJodHRwOlwvXC9sdWNpLnZubiIsImF1ZCI6Imh0dHA6XC9cL2x1Y2kudm5jIiwiZXhwIjoxNTYwNDE0Njk3LCJqdGkiOjEsIm5ld19rZXkiOiJsdWNpMTIzIn0.QuSii4AWaTwpnp-VGid7wHCpUDsxspf24NjrFlUjDBw8K2dFqdmkzwWTkkswWzKW',NULL),(22,1,1,1565598697,1557822698,1557822698,'eyJ0eXAiOiJKV1QiLCJhbGciOiJIUzM4NCJ9.eyJpc3MiOiJodHRwOlwvXC9sdWNpLnZubiIsImF1ZCI6Imh0dHA6XC9cL2x1Y2kudm5jIiwiZXhwIjoxNTYwNDE0Njk3LCJqdGkiOjEsIm5ld19rZXkiOiJsdWNpMTIzIiwidGltZV9yZWZyZXNoIjoxNTY1NTk4Njk3fQ.z-PiqzV2cyYfUNVKYNl-MFZ3qF9FSO25VfF2MztC0K9WgOmoEzzTyI5P24Oce1fe',NULL),(23,1,0,1560414728,1557822729,1557822729,'eyJ0eXAiOiJKV1QiLCJhbGciOiJIUzM4NCJ9.eyJpc3MiOiJodHRwOlwvXC9sdWNpLnZubiIsImF1ZCI6Imh0dHA6XC9cL2x1Y2kudm5jIiwiZXhwIjoxNTYwNDE0NzI4LCJqdGkiOjEsIm5ld19rZXkiOiJsdWNpMTIzIn0.aeT6m4N5-3s6UEigd7xfibfMhk7jzeuKpFvkX0T9-WuqU_xGV388dZCXrVAddePm',NULL),(24,1,1,1565598728,1557822729,1557822729,'eyJ0eXAiOiJKV1QiLCJhbGciOiJIUzM4NCJ9.eyJpc3MiOiJodHRwOlwvXC9sdWNpLnZubiIsImF1ZCI6Imh0dHA6XC9cL2x1Y2kudm5jIiwiZXhwIjoxNTYwNDE0NzI4LCJqdGkiOjEsIm5ld19rZXkiOiJsdWNpMTIzIiwidGltZV9yZWZyZXNoIjoxNTY1NTk4NzI4fQ.lYATrG35D5I5ljcZXzjjbNV0kY_lgtLmKB92e4fmRDqZEqQ6t6sc8nZ0jtO_k64u',NULL),(25,1,0,1560416156,1557824156,1557824156,'eyJ0eXAiOiJKV1QiLCJhbGciOiJIUzM4NCJ9.eyJpc3MiOiJodHRwOlwvXC9sdWNpLnZubiIsImF1ZCI6Imh0dHA6XC9cL2x1Y2kudm5jIiwiZXhwIjoxNTYwNDE2MTU2LCJqdGkiOjEsIm5ld19rZXkiOiJsdWNpMTIzIn0.XbN6eFQBjOSlFNiM8tvja_CBDbVklAcO3UCxoPVqZG_MApTiAS1EUmxS9rgcmqZ6',NULL),(26,1,1,1565600156,1557824156,1557824156,'eyJ0eXAiOiJKV1QiLCJhbGciOiJIUzM4NCJ9.eyJpc3MiOiJodHRwOlwvXC9sdWNpLnZubiIsImF1ZCI6Imh0dHA6XC9cL2x1Y2kudm5jIiwiZXhwIjoxNTYwNDE2MTU2LCJqdGkiOjEsIm5ld19rZXkiOiJsdWNpMTIzIiwidGltZV9yZWZyZXNoIjoxNTY1NjAwMTU2fQ.1r5K_bXp68SPT44kpHVXLACgGt0KVeL0v6WAGQ84qF6ymLV8q-gRlYQkrWrYdfkQ',NULL),(27,1,0,1560419308,1557827308,1557827308,'eyJ0eXAiOiJKV1QiLCJhbGciOiJIUzM4NCJ9.eyJpc3MiOiJodHRwOlwvXC9sdWNpLnZubiIsImF1ZCI6Imh0dHA6XC9cL2x1Y2kudm5jIiwiZXhwIjoxNTYwNDE5MzA4LCJqdGkiOjEsIm5ld19rZXkiOiJsdWNpMTIzIn0.dCSL_imBPYU5AJ5RFv5MHtP6nN7a6KEtPYjIoFuaSUd2oUysQONuhm_DWtu272ZQ',NULL),(28,1,1,1565603308,1557827308,1557827308,'eyJ0eXAiOiJKV1QiLCJhbGciOiJIUzM4NCJ9.eyJpc3MiOiJodHRwOlwvXC9sdWNpLnZubiIsImF1ZCI6Imh0dHA6XC9cL2x1Y2kudm5jIiwiZXhwIjoxNTYwNDE5MzA4LCJqdGkiOjEsIm5ld19rZXkiOiJsdWNpMTIzIiwidGltZV9yZWZyZXNoIjoxNTY1NjAzMzA4fQ.Oo_9Navf9pTudT0C9ITlgLH52ZcqZLNHHZgU6soYJ4co24k5wVoX_Ntp8CqCZE5_',NULL),(29,1,0,1560424466,1557832466,1557832466,'eyJ0eXAiOiJKV1QiLCJhbGciOiJIUzM4NCJ9.eyJpc3MiOiJodHRwOlwvXC9sdWNpLnZubiIsImF1ZCI6Imh0dHA6XC9cL2x1Y2kudm5jIiwiZXhwIjoxNTYwNDI0NDY2LCJqdGkiOjEsIm5ld19rZXkiOiJsdWNpMTIzIn0.OK5rdnSj0C_FvpXU4ef_mnQLb5SJAE3pNtjvkBfIXhbJifAXPGxlYROhlRf8JFZF',NULL),(30,1,1,1565608466,1557832466,1557832466,'eyJ0eXAiOiJKV1QiLCJhbGciOiJIUzM4NCJ9.eyJpc3MiOiJodHRwOlwvXC9sdWNpLnZubiIsImF1ZCI6Imh0dHA6XC9cL2x1Y2kudm5jIiwiZXhwIjoxNTYwNDI0NDY2LCJqdGkiOjEsIm5ld19rZXkiOiJsdWNpMTIzIiwidGltZV9yZWZyZXNoIjoxNTY1NjA4NDY2fQ.jWyK4kVMkbHAUZWN2ozkvpJ043oeZ3H-5ULJu6jDWWHH6SFANaylULQLIRAYY5h_',NULL),(31,1,0,1560477032,1557885033,1557885033,'eyJ0eXAiOiJKV1QiLCJhbGciOiJIUzM4NCJ9.eyJpc3MiOiJodHRwOlwvXC9sdWNpLnZubiIsImF1ZCI6Imh0dHA6XC9cL2x1Y2kudm5jIiwiZXhwIjoxNTYwNDc3MDMyLCJqdGkiOjEsIm5ld19rZXkiOiJsdWNpMTIzIn0.VNwiu-9xPQEaTNeR-8IfwWHaGHktVou3g1qXMlh8cwpXYPIFWnjAk9B1isFJMzrJ',NULL),(32,1,1,1565661032,1557885033,1557885033,'eyJ0eXAiOiJKV1QiLCJhbGciOiJIUzM4NCJ9.eyJpc3MiOiJodHRwOlwvXC9sdWNpLnZubiIsImF1ZCI6Imh0dHA6XC9cL2x1Y2kudm5jIiwiZXhwIjoxNTYwNDc3MDMyLCJqdGkiOjEsIm5ld19rZXkiOiJsdWNpMTIzIiwidGltZV9yZWZyZXNoIjoxNTY1NjYxMDMyfQ._6I3zp1ucte7wy2WYqZzwlHdijbvdCj_D-VwcfA144jWgLdn_yOVcSuwYzO9qLkp',NULL),(33,1,0,1560502434,1557910434,1557910434,'eyJ0eXAiOiJKV1QiLCJhbGciOiJIUzM4NCJ9.eyJpc3MiOiJodHRwOlwvXC9sdWNpLnZubiIsImF1ZCI6Imh0dHA6XC9cL2x1Y2kudm5jIiwiZXhwIjoxNTYwNTAyNDM0LCJqdGkiOjEsIm5ld19rZXkiOiJsdWNpMTIzIn0.QH0f5Hgxsb_lB-ectBJ8qo9cXzvrmeGzR8Cyo3pBv8dvayUJDYpT-Njd-GGLBaab',NULL),(34,1,1,1565686434,1557910434,1557910434,'eyJ0eXAiOiJKV1QiLCJhbGciOiJIUzM4NCJ9.eyJpc3MiOiJodHRwOlwvXC9sdWNpLnZubiIsImF1ZCI6Imh0dHA6XC9cL2x1Y2kudm5jIiwiZXhwIjoxNTYwNTAyNDM0LCJqdGkiOjEsIm5ld19rZXkiOiJsdWNpMTIzIiwidGltZV9yZWZyZXNoIjoxNTY1Njg2NDM0fQ.0uSqCLTbQ4TuEjQcZEW5_gUGNGo8M6ma76xbBVHPq0hkpzE1JmY2qpFcW0JP0meL',NULL),(35,1,0,1560564428,1557972429,1557972429,'eyJ0eXAiOiJKV1QiLCJhbGciOiJIUzM4NCJ9.eyJpc3MiOiJodHRwOlwvXC9sdWNpLnZubiIsImF1ZCI6Imh0dHA6XC9cL2x1Y2kudm5jIiwiZXhwIjoxNTYwNTY0NDI4LCJqdGkiOjEsIm5ld19rZXkiOiJsdWNpMTIzIn0.Jw1m-5YB7z7BAzrxys9HbGZCoVHGdkzl_pNvoqRmK0L5slVADwfLC_9sFaGIh1r2',NULL),(36,1,1,1565748428,1557972429,1557972429,'eyJ0eXAiOiJKV1QiLCJhbGciOiJIUzM4NCJ9.eyJpc3MiOiJodHRwOlwvXC9sdWNpLnZubiIsImF1ZCI6Imh0dHA6XC9cL2x1Y2kudm5jIiwiZXhwIjoxNTYwNTY0NDI4LCJqdGkiOjEsIm5ld19rZXkiOiJsdWNpMTIzIiwidGltZV9yZWZyZXNoIjoxNTY1NzQ4NDI4fQ.G2RnC6ZhDfnwbdJm5zgCvlWB6Q4ntNfKEuXsLWcDjnITIvDZMeIZguNW147tiZdy',NULL),(37,1,0,1560673323,1558081324,1558081324,'eyJ0eXAiOiJKV1QiLCJhbGciOiJIUzM4NCJ9.eyJpc3MiOiJodHRwOlwvXC9sdWNpLnZubiIsImF1ZCI6Imh0dHA6XC9cL2x1Y2kudm5jIiwiZXhwIjoxNTYwNjczMzIzLCJqdGkiOjEsIm5ld19rZXkiOiJsdWNpMTIzIn0.4TpJ6_ee0c_gTS3POQIuw0B0z45MSykJAZ2k4TVDHKKh9E47UClez-DGTnFhaQeC',NULL),(38,1,1,1565857323,1558081324,1558081324,'eyJ0eXAiOiJKV1QiLCJhbGciOiJIUzM4NCJ9.eyJpc3MiOiJodHRwOlwvXC9sdWNpLnZubiIsImF1ZCI6Imh0dHA6XC9cL2x1Y2kudm5jIiwiZXhwIjoxNTYwNjczMzIzLCJqdGkiOjEsIm5ld19rZXkiOiJsdWNpMTIzIiwidGltZV9yZWZyZXNoIjoxNTY1ODU3MzIzfQ.EObPAnL-KZHkRIwdRp3zFntcByOvRuSgwTq9gyM9QUCvzgtnAUDxA-IIdjdPuTrs',NULL),(39,5,0,1560673553,1558081554,1558081554,'eyJ0eXAiOiJKV1QiLCJhbGciOiJIUzM4NCJ9.eyJpc3MiOiJodHRwOlwvXC9sdWNpLnZubiIsImF1ZCI6Imh0dHA6XC9cL2x1Y2kudm5jIiwiZXhwIjoxNTYwNjczNTUzLCJqdGkiOjUsIm5ld19rZXkiOiJsdWNpMTIzIn0.3g0Ij1Gd7FN0V1dRx4idSsXAi2MzdT8G0t7KOMOVo8cQghbhZLN6rfG-LJaweAVo',NULL),(40,5,1,1565857553,1558081554,1558081554,'eyJ0eXAiOiJKV1QiLCJhbGciOiJIUzM4NCJ9.eyJpc3MiOiJodHRwOlwvXC9sdWNpLnZubiIsImF1ZCI6Imh0dHA6XC9cL2x1Y2kudm5jIiwiZXhwIjoxNTYwNjczNTUzLCJqdGkiOjUsIm5ld19rZXkiOiJsdWNpMTIzIiwidGltZV9yZWZyZXNoIjoxNTY1ODU3NTUzfQ.cRqVqaPZa7YMBcncpepioFkXpzX94u4efddHnsxJ7wyJg-dnE8FVZA7VcOK6ZPAQ',NULL),(41,5,0,1560673879,1558081879,1558081879,'eyJ0eXAiOiJKV1QiLCJhbGciOiJIUzM4NCJ9.eyJpc3MiOiJodHRwOlwvXC9sdWNpLnZubiIsImF1ZCI6Imh0dHA6XC9cL2x1Y2kudm5jIiwiZXhwIjoxNTYwNjczODc5LCJqdGkiOjUsIm5ld19rZXkiOiJsdWNpMTIzIn0.-9FidHLxw0QOfje2RcUcTDNBOU0-ZPpW7QBX11IYa1tUlZ8Bx-6LGgB2wNhgpe2X',NULL),(42,5,1,1565857879,1558081879,1558081879,'eyJ0eXAiOiJKV1QiLCJhbGciOiJIUzM4NCJ9.eyJpc3MiOiJodHRwOlwvXC9sdWNpLnZubiIsImF1ZCI6Imh0dHA6XC9cL2x1Y2kudm5jIiwiZXhwIjoxNTYwNjczODc5LCJqdGkiOjUsIm5ld19rZXkiOiJsdWNpMTIzIiwidGltZV9yZWZyZXNoIjoxNTY1ODU3ODc5fQ.BYIZDQ832RzZnYD3gPBJRB_ABtYer9f-kyudHP7ySD1tO_HasMkjamkNROyOOwVv',NULL),(43,1,0,1560674720,1558082720,1558082720,'eyJ0eXAiOiJKV1QiLCJhbGciOiJIUzM4NCJ9.eyJpc3MiOiJodHRwOlwvXC9sdWNpLnZubiIsImF1ZCI6Imh0dHA6XC9cL2x1Y2kudm5jIiwiZXhwIjoxNTYwNjc0NzIwLCJqdGkiOjEsIm5ld19rZXkiOiJsdWNpMTIzIn0.RuHb5_GHu6qIUhIOxNaqicKe_VbtcgNhTdEtPBWAos-2pPxsHLP8Az9WJFKR7fTY',NULL),(44,1,1,1565858720,1558082720,1558082720,'eyJ0eXAiOiJKV1QiLCJhbGciOiJIUzM4NCJ9.eyJpc3MiOiJodHRwOlwvXC9sdWNpLnZubiIsImF1ZCI6Imh0dHA6XC9cL2x1Y2kudm5jIiwiZXhwIjoxNTYwNjc0NzIwLCJqdGkiOjEsIm5ld19rZXkiOiJsdWNpMTIzIiwidGltZV9yZWZyZXNoIjoxNTY1ODU4NzIwfQ.IkNm_SJEF9uxmto6A1PRBe85M5Z_ftcjv--xki0WJi0J0KPnjckUEgTv8LE_rkFE',NULL),(45,5,0,1560675078,1558083078,1558083078,'eyJ0eXAiOiJKV1QiLCJhbGciOiJIUzM4NCJ9.eyJpc3MiOiJodHRwOlwvXC9sdWNpLnZubiIsImF1ZCI6Imh0dHA6XC9cL2x1Y2kudm5jIiwiZXhwIjoxNTYwNjc1MDc4LCJqdGkiOjUsIm5ld19rZXkiOiJsdWNpMTIzIn0.lwyB7LQ0CVQ-hSRpYKq-PJl_TVqcfZ-V7vmX7vOUGgz49Hr0tqvWwPE7AbRPeJXY',NULL),(46,5,1,1565859078,1558083078,1558083078,'eyJ0eXAiOiJKV1QiLCJhbGciOiJIUzM4NCJ9.eyJpc3MiOiJodHRwOlwvXC9sdWNpLnZubiIsImF1ZCI6Imh0dHA6XC9cL2x1Y2kudm5jIiwiZXhwIjoxNTYwNjc1MDc4LCJqdGkiOjUsIm5ld19rZXkiOiJsdWNpMTIzIiwidGltZV9yZWZyZXNoIjoxNTY1ODU5MDc4fQ.5XqqAMkju0L3UNn-wi2T_vnWMdDvs3-9ltiyY5B2ISV2VekFCf8XRB0-pNx0VNHs',NULL),(47,1,0,1560675376,1558083376,1558083376,'eyJ0eXAiOiJKV1QiLCJhbGciOiJIUzM4NCJ9.eyJpc3MiOiJodHRwOlwvXC9sdWNpLnZubiIsImF1ZCI6Imh0dHA6XC9cL2x1Y2kudm5jIiwiZXhwIjoxNTYwNjc1Mzc2LCJqdGkiOjEsIm5ld19rZXkiOiJsdWNpMTIzIn0.qAdGvjuyPJ3jX92wum9Dr6nf639FFTcRK258AYJgdb2TOlazRADhR_qMDeLeALJK',NULL),(48,1,1,1565859376,1558083376,1558083376,'eyJ0eXAiOiJKV1QiLCJhbGciOiJIUzM4NCJ9.eyJpc3MiOiJodHRwOlwvXC9sdWNpLnZubiIsImF1ZCI6Imh0dHA6XC9cL2x1Y2kudm5jIiwiZXhwIjoxNTYwNjc1Mzc2LCJqdGkiOjEsIm5ld19rZXkiOiJsdWNpMTIzIiwidGltZV9yZWZyZXNoIjoxNTY1ODU5Mzc2fQ.IgA0Kt18pg8fRMAa7JGr9T2NrPEoPKkKVPGBpOameak_tqxZs6YrlL0SDGMz-Zbo',NULL),(49,1,0,1560919917,1558327918,1558327918,'eyJ0eXAiOiJKV1QiLCJhbGciOiJIUzM4NCJ9.eyJpc3MiOiJodHRwOlwvXC9sdWNpLnZubiIsImF1ZCI6Imh0dHA6XC9cL2x1Y2kudm5jIiwiZXhwIjoxNTYwOTE5OTE3LCJqdGkiOjEsIm5ld19rZXkiOiJsdWNpMTIzIn0.zOvoRVdopLfbWlZnX_WJjDGo7eXIIBUi7MsM2CbRs-MXV-f1PSuoIV_NeCeGdw29',NULL),(50,1,1,1566103917,1558327918,1558327918,'eyJ0eXAiOiJKV1QiLCJhbGciOiJIUzM4NCJ9.eyJpc3MiOiJodHRwOlwvXC9sdWNpLnZubiIsImF1ZCI6Imh0dHA6XC9cL2x1Y2kudm5jIiwiZXhwIjoxNTYwOTE5OTE3LCJqdGkiOjEsIm5ld19rZXkiOiJsdWNpMTIzIiwidGltZV9yZWZyZXNoIjoxNTY2MTAzOTE3fQ.qYJYwijyTldVyqKn_N2ZftnwJH6_TZFIAgYtoUQvbjINrfd-Hj-C47dzT4PJbHA2',NULL),(51,5,0,1561001529,1558409530,1558409530,'eyJ0eXAiOiJKV1QiLCJhbGciOiJIUzM4NCJ9.eyJpc3MiOiJodHRwOlwvXC9sdWNpLnZubiIsImF1ZCI6Imh0dHA6XC9cL2x1Y2kudm5jIiwiZXhwIjoxNTYxMDAxNTI5LCJqdGkiOjUsIm5ld19rZXkiOiJsdWNpMTIzIn0.KTxGGrf3TeH9Nhg8-FHY-7TdMzVaKHEAEyIomtQs53Pv3-UvNqhpXs3iOOIP0o1_',NULL),(52,5,1,1566185529,1558409530,1558409530,'eyJ0eXAiOiJKV1QiLCJhbGciOiJIUzM4NCJ9.eyJpc3MiOiJodHRwOlwvXC9sdWNpLnZubiIsImF1ZCI6Imh0dHA6XC9cL2x1Y2kudm5jIiwiZXhwIjoxNTYxMDAxNTI5LCJqdGkiOjUsIm5ld19rZXkiOiJsdWNpMTIzIiwidGltZV9yZWZyZXNoIjoxNTY2MTg1NTI5fQ.SHMhQCqr0eFqckI5NmIbLLudr0DQrrSwTAensmF3ItVEZgoYCAwtzbWtmhq4HHdg',NULL),(53,5,0,1561003716,1558411716,1558411716,'eyJ0eXAiOiJKV1QiLCJhbGciOiJIUzM4NCJ9.eyJpc3MiOiJodHRwOlwvXC9sdWNpLnZubiIsImF1ZCI6Imh0dHA6XC9cL2x1Y2kudm5jIiwiZXhwIjoxNTYxMDAzNzE2LCJqdGkiOjUsIm5ld19rZXkiOiJsdWNpMTIzIn0.3t3QMRmxZkqKoVI5G4NvwmQlzz2c10CwG5C50PmB3u_mtWPYg-fzn9sFzvQL3Vzm',NULL),(54,5,1,1566187716,1558411716,1558411716,'eyJ0eXAiOiJKV1QiLCJhbGciOiJIUzM4NCJ9.eyJpc3MiOiJodHRwOlwvXC9sdWNpLnZubiIsImF1ZCI6Imh0dHA6XC9cL2x1Y2kudm5jIiwiZXhwIjoxNTYxMDAzNzE2LCJqdGkiOjUsIm5ld19rZXkiOiJsdWNpMTIzIiwidGltZV9yZWZyZXNoIjoxNTY2MTg3NzE2fQ.23EVx_tFLfZ0FoU7Li4QpoYSzsFyI8F16ZhhGu9OVY9WJBmrbYlVkCRe2kmd2lBM',NULL),(55,1,0,1561020622,1558428623,1558428623,'eyJ0eXAiOiJKV1QiLCJhbGciOiJIUzM4NCJ9.eyJpc3MiOiJodHRwOlwvXC9sdWNpLnZubiIsImF1ZCI6Imh0dHA6XC9cL2x1Y2kudm5jIiwiZXhwIjoxNTYxMDIwNjIyLCJqdGkiOjEsIm5ld19rZXkiOiJsdWNpMTIzIn0.lwYL1ymuobiVdeVDnVf6Ucvs6Y2_HEUsA9GGQLX0VTD6cO6r-2-3iHVD_l6Kqr75',NULL),(56,1,1,1566204622,1558428623,1558428623,'eyJ0eXAiOiJKV1QiLCJhbGciOiJIUzM4NCJ9.eyJpc3MiOiJodHRwOlwvXC9sdWNpLnZubiIsImF1ZCI6Imh0dHA6XC9cL2x1Y2kudm5jIiwiZXhwIjoxNTYxMDIwNjIyLCJqdGkiOjEsIm5ld19rZXkiOiJsdWNpMTIzIiwidGltZV9yZWZyZXNoIjoxNTY2MjA0NjIyfQ.kGbwLcFXoSV7Iml1z3KruzCfluCG8A2k3kK8d_qKCoTXCPGXancMLunTqQytKQql',NULL),(57,6,0,1561020756,1558428757,1558428757,'eyJ0eXAiOiJKV1QiLCJhbGciOiJIUzM4NCJ9.eyJpc3MiOiJodHRwOlwvXC9sdWNpLnZubiIsImF1ZCI6Imh0dHA6XC9cL2x1Y2kudm5jIiwiZXhwIjoxNTYxMDIwNzU2LCJqdGkiOjYsIm5ld19rZXkiOiJsdWNpMTIzIn0.rRPhJp4F-QBb3KlL7FG6Pg9a4Yv_YTw5SQuRI4hTeQAwx6OjFvkAFQLQkfO2vk_E',NULL),(58,6,1,1566204756,1558428757,1558428757,'eyJ0eXAiOiJKV1QiLCJhbGciOiJIUzM4NCJ9.eyJpc3MiOiJodHRwOlwvXC9sdWNpLnZubiIsImF1ZCI6Imh0dHA6XC9cL2x1Y2kudm5jIiwiZXhwIjoxNTYxMDIwNzU2LCJqdGkiOjYsIm5ld19rZXkiOiJsdWNpMTIzIiwidGltZV9yZWZyZXNoIjoxNTY2MjA0NzU2fQ.0Q6IoEEZ2KJqOfkbD50jDssrqFWMhe5mW5fPW2wNIrpijZxmxlVIXyoGZx04cBKm',NULL),(59,5,0,1561022280,1558430281,1558430281,'eyJ0eXAiOiJKV1QiLCJhbGciOiJIUzM4NCJ9.eyJpc3MiOiJodHRwOlwvXC9sdWNpLnZubiIsImF1ZCI6Imh0dHA6XC9cL2x1Y2kudm5jIiwiZXhwIjoxNTYxMDIyMjgwLCJqdGkiOjUsIm5ld19rZXkiOiJsdWNpMTIzIn0.LweQlheGRGfBI5LF4jkQkTjUkTa25_DK0h0bSleB3JYgVeqSVg1yC7DoO6ffy2zl',NULL),(60,5,1,1566206280,1558430281,1558430281,'eyJ0eXAiOiJKV1QiLCJhbGciOiJIUzM4NCJ9.eyJpc3MiOiJodHRwOlwvXC9sdWNpLnZubiIsImF1ZCI6Imh0dHA6XC9cL2x1Y2kudm5jIiwiZXhwIjoxNTYxMDIyMjgwLCJqdGkiOjUsIm5ld19rZXkiOiJsdWNpMTIzIiwidGltZV9yZWZyZXNoIjoxNTY2MjA2MjgwfQ.hBX-FLg-QbPmbqhoreXGKcLVed-Ech_GLuBr5B6oDC8i-Px7DueWuUJAx6ZaNGQZ',NULL),(61,1,0,1561022353,1558430353,1558430353,'eyJ0eXAiOiJKV1QiLCJhbGciOiJIUzM4NCJ9.eyJpc3MiOiJodHRwOlwvXC9sdWNpLnZubiIsImF1ZCI6Imh0dHA6XC9cL2x1Y2kudm5jIiwiZXhwIjoxNTYxMDIyMzUzLCJqdGkiOjEsIm5ld19rZXkiOiJsdWNpMTIzIn0._RhfmnsDG6LDxt-5QauZZw8FKV6F6AUsG0wT5ie7Fy0roWSkqFf3GJswt1-nSqBT',NULL),(62,1,1,1566206353,1558430353,1558430353,'eyJ0eXAiOiJKV1QiLCJhbGciOiJIUzM4NCJ9.eyJpc3MiOiJodHRwOlwvXC9sdWNpLnZubiIsImF1ZCI6Imh0dHA6XC9cL2x1Y2kudm5jIiwiZXhwIjoxNTYxMDIyMzUzLCJqdGkiOjEsIm5ld19rZXkiOiJsdWNpMTIzIiwidGltZV9yZWZyZXNoIjoxNTY2MjA2MzUzfQ.eDyG0XbwtVAC8IZTWn2TRPoaoeQsbTcesMhvmG8JHag1BnAcNYFSbcXgowOoQNoM',NULL),(63,5,0,1561022855,1558430856,1558430856,'eyJ0eXAiOiJKV1QiLCJhbGciOiJIUzM4NCJ9.eyJpc3MiOiJodHRwOlwvXC9sdWNpLnZubiIsImF1ZCI6Imh0dHA6XC9cL2x1Y2kudm5jIiwiZXhwIjoxNTYxMDIyODU1LCJqdGkiOjUsIm5ld19rZXkiOiJsdWNpMTIzIn0.GJ10BYnga9GxanQCsnX1y3woTf8NXynHCU6cfF1cHGRAEtyk0wwIeZDtXJ_p2ClT',NULL),(64,5,1,1566206855,1558430856,1558430856,'eyJ0eXAiOiJKV1QiLCJhbGciOiJIUzM4NCJ9.eyJpc3MiOiJodHRwOlwvXC9sdWNpLnZubiIsImF1ZCI6Imh0dHA6XC9cL2x1Y2kudm5jIiwiZXhwIjoxNTYxMDIyODU1LCJqdGkiOjUsIm5ld19rZXkiOiJsdWNpMTIzIiwidGltZV9yZWZyZXNoIjoxNTY2MjA2ODU1fQ.nJysNFGoUS9jftyeQR2mxko-yrmd04QCNUgWxmf47JFM4Pn_W8Re-jJkAt6nvKdo',NULL),(65,6,0,1561024253,1558432253,1558432253,'eyJ0eXAiOiJKV1QiLCJhbGciOiJIUzM4NCJ9.eyJpc3MiOiJodHRwOlwvXC9sdWNpLnZubiIsImF1ZCI6Imh0dHA6XC9cL2x1Y2kudm5jIiwiZXhwIjoxNTYxMDI0MjUzLCJqdGkiOjYsIm5ld19rZXkiOiJsdWNpMTIzIn0.kxPCllm9Um4dZBjCH8ZyviOJNXZuO2oAtMEuS0rN2I3306aZ75gL-oZurtSfSwxI',NULL),(66,6,1,1566208253,1558432253,1558432253,'eyJ0eXAiOiJKV1QiLCJhbGciOiJIUzM4NCJ9.eyJpc3MiOiJodHRwOlwvXC9sdWNpLnZubiIsImF1ZCI6Imh0dHA6XC9cL2x1Y2kudm5jIiwiZXhwIjoxNTYxMDI0MjUzLCJqdGkiOjYsIm5ld19rZXkiOiJsdWNpMTIzIiwidGltZV9yZWZyZXNoIjoxNTY2MjA4MjUzfQ.Rfo_psDTQJ2w_GZq1fBotjl1kmKy-6M6h2TZrFK8B5PJ4RmiU6fUEVvr1O4Cwuka',NULL),(67,6,0,1561024481,1558432481,1558432481,'eyJ0eXAiOiJKV1QiLCJhbGciOiJIUzM4NCJ9.eyJpc3MiOiJodHRwOlwvXC9sdWNpLnZubiIsImF1ZCI6Imh0dHA6XC9cL2x1Y2kudm5jIiwiZXhwIjoxNTYxMDI0NDgxLCJqdGkiOjYsIm5ld19rZXkiOiJsdWNpMTIzIn0.xh3uH04Hs57MnQFulPy3t-5dOxzG6XVeW2FVzt8cWRB8nXfI8-cMMCnHjcG0KYL2',NULL),(68,6,1,1566208481,1558432481,1558432481,'eyJ0eXAiOiJKV1QiLCJhbGciOiJIUzM4NCJ9.eyJpc3MiOiJodHRwOlwvXC9sdWNpLnZubiIsImF1ZCI6Imh0dHA6XC9cL2x1Y2kudm5jIiwiZXhwIjoxNTYxMDI0NDgxLCJqdGkiOjYsIm5ld19rZXkiOiJsdWNpMTIzIiwidGltZV9yZWZyZXNoIjoxNTY2MjA4NDgxfQ._-lyzWOJxXH0ecisy-E-SMANbRwPN19UanE_dwlUinAaNozjKkZgnkoE9ahypNCL',NULL),(69,6,0,1561024655,1558432655,1558432655,'eyJ0eXAiOiJKV1QiLCJhbGciOiJIUzM4NCJ9.eyJpc3MiOiJodHRwOlwvXC9sdWNpLnZubiIsImF1ZCI6Imh0dHA6XC9cL2x1Y2kudm5jIiwiZXhwIjoxNTYxMDI0NjU1LCJqdGkiOjYsIm5ld19rZXkiOiJsdWNpMTIzIn0.SUItt98j02WL0n9JR4vUe0ttIQBef8oclct35V4dNa-ViCYgQCMyDtxYuwY03KKq',NULL),(70,6,1,1566208655,1558432655,1558432655,'eyJ0eXAiOiJKV1QiLCJhbGciOiJIUzM4NCJ9.eyJpc3MiOiJodHRwOlwvXC9sdWNpLnZubiIsImF1ZCI6Imh0dHA6XC9cL2x1Y2kudm5jIiwiZXhwIjoxNTYxMDI0NjU1LCJqdGkiOjYsIm5ld19rZXkiOiJsdWNpMTIzIiwidGltZV9yZWZyZXNoIjoxNTY2MjA4NjU1fQ.MaxQ_sPRk4awseVTX-3vsZ99DvQ5UOyM9CzXsTwBNNSEq-nZULPOxPbF8wwe0qdu',NULL),(71,1,0,1561025510,1558433510,1558433510,'eyJ0eXAiOiJKV1QiLCJhbGciOiJIUzM4NCJ9.eyJpc3MiOiJodHRwOlwvXC9sdWNpLnZubiIsImF1ZCI6Imh0dHA6XC9cL2x1Y2kudm5jIiwiZXhwIjoxNTYxMDI1NTEwLCJqdGkiOjEsIm5ld19rZXkiOiJsdWNpMTIzIn0.xN2NNnFYtCNCy1KzmlArLTT4MC4rGkG6iKDeYJvop6VgckBTEuAP5EUbHxtq6T2R',NULL),(72,1,1,1566209510,1558433510,1558433510,'eyJ0eXAiOiJKV1QiLCJhbGciOiJIUzM4NCJ9.eyJpc3MiOiJodHRwOlwvXC9sdWNpLnZubiIsImF1ZCI6Imh0dHA6XC9cL2x1Y2kudm5jIiwiZXhwIjoxNTYxMDI1NTEwLCJqdGkiOjEsIm5ld19rZXkiOiJsdWNpMTIzIiwidGltZV9yZWZyZXNoIjoxNTY2MjA5NTEwfQ.M8i0j-Cj-BzjRj_TM9Hhq45iHTgNFltW3OTnwUczGgBTqaXTyhXW4kgIlFqkd81p',NULL),(73,7,0,1561049510,1558457510,1558457510,'eyJ0eXAiOiJKV1QiLCJhbGciOiJIUzM4NCJ9.eyJpc3MiOiJodHRwOlwvXC9sdWNpLnZubiIsImF1ZCI6Imh0dHA6XC9cL2x1Y2kudm5jIiwiZXhwIjoxNTYxMDQ5NTEwLCJqdGkiOjcsIm5ld19rZXkiOiJsdWNpMTIzIn0.BOec0eWITJJeLLE3WK4xuzTyR0OCUECOcE68t91dJoG4qDmiH0BaFekUlEtJpMbO',NULL),(74,7,1,1566233510,1558457510,1558457510,'eyJ0eXAiOiJKV1QiLCJhbGciOiJIUzM4NCJ9.eyJpc3MiOiJodHRwOlwvXC9sdWNpLnZubiIsImF1ZCI6Imh0dHA6XC9cL2x1Y2kudm5jIiwiZXhwIjoxNTYxMDQ5NTEwLCJqdGkiOjcsIm5ld19rZXkiOiJsdWNpMTIzIiwidGltZV9yZWZyZXNoIjoxNTY2MjMzNTEwfQ.eJmQIGxs8i1dZrXMBLJcquTEUQsO1DOi4MspkVRgeFJDvhPm1LYb3qsMBUcYQ8Wd',NULL),(75,7,0,1561080532,1558488533,1558488533,'eyJ0eXAiOiJKV1QiLCJhbGciOiJIUzM4NCJ9.eyJpc3MiOiJodHRwOlwvXC9sdWNpLnZubiIsImF1ZCI6Imh0dHA6XC9cL2x1Y2kudm5jIiwiZXhwIjoxNTYxMDgwNTMyLCJqdGkiOjcsIm5ld19rZXkiOiJsdWNpMTIzIn0.fpkV423e8OmkxWpw-KvY2t1kwgShjH82HFO2elXZEeodlYRgp5ai1vcYKiCWumKp',NULL),(76,7,1,1566264532,1558488533,1558488533,'eyJ0eXAiOiJKV1QiLCJhbGciOiJIUzM4NCJ9.eyJpc3MiOiJodHRwOlwvXC9sdWNpLnZubiIsImF1ZCI6Imh0dHA6XC9cL2x1Y2kudm5jIiwiZXhwIjoxNTYxMDgwNTMyLCJqdGkiOjcsIm5ld19rZXkiOiJsdWNpMTIzIiwidGltZV9yZWZyZXNoIjoxNTY2MjY0NTMyfQ.cXCTqK588DAbLYlKXx8i25q_CKWag3RnavL-_LZhe7b7dazxloaSdQ33YMrhaJuE',NULL),(77,6,0,1561081211,1558489212,1558489212,'eyJ0eXAiOiJKV1QiLCJhbGciOiJIUzM4NCJ9.eyJpc3MiOiJodHRwOlwvXC9sdWNpLnZubiIsImF1ZCI6Imh0dHA6XC9cL2x1Y2kudm5jIiwiZXhwIjoxNTYxMDgxMjExLCJqdGkiOjYsIm5ld19rZXkiOiJsdWNpMTIzIn0.6CqvpswCz0CVzfn2C5W9vnVrmUL9i7WnRW_qe_8Xuskk430leLCfrPD5X0_UeXDI',NULL),(78,6,1,1566265211,1558489212,1558489212,'eyJ0eXAiOiJKV1QiLCJhbGciOiJIUzM4NCJ9.eyJpc3MiOiJodHRwOlwvXC9sdWNpLnZubiIsImF1ZCI6Imh0dHA6XC9cL2x1Y2kudm5jIiwiZXhwIjoxNTYxMDgxMjExLCJqdGkiOjYsIm5ld19rZXkiOiJsdWNpMTIzIiwidGltZV9yZWZyZXNoIjoxNTY2MjY1MjExfQ.8aHVGdiki29B7VXY9JoFlakKINuXeKwdAONYTfc4WbgX7vVNV-jCy4cu_IVQKBWo',NULL),(79,6,0,1561082350,1558490351,1558490351,'eyJ0eXAiOiJKV1QiLCJhbGciOiJIUzM4NCJ9.eyJpc3MiOiJodHRwOlwvXC9sdWNpLnZubiIsImF1ZCI6Imh0dHA6XC9cL2x1Y2kudm5jIiwiZXhwIjoxNTYxMDgyMzUwLCJqdGkiOjYsIm5ld19rZXkiOiJsdWNpMTIzIn0.CpVUQf6rcyrkRMpBReC2KxTZxXbBHdLrds2zHMG7bKptU9BakpPLTWBmUzWkDcJY',NULL),(80,6,1,1566266350,1558490351,1558490351,'eyJ0eXAiOiJKV1QiLCJhbGciOiJIUzM4NCJ9.eyJpc3MiOiJodHRwOlwvXC9sdWNpLnZubiIsImF1ZCI6Imh0dHA6XC9cL2x1Y2kudm5jIiwiZXhwIjoxNTYxMDgyMzUwLCJqdGkiOjYsIm5ld19rZXkiOiJsdWNpMTIzIiwidGltZV9yZWZyZXNoIjoxNTY2MjY2MzUwfQ.LfKZLgowfb8pBNHr0yj9vTjmOhpO2J60nOgmUqZHcZ_mYKQCrGes9q__cnqdS3jw',NULL),(81,1,0,1561082914,1558490915,1558490915,'eyJ0eXAiOiJKV1QiLCJhbGciOiJIUzM4NCJ9.eyJpc3MiOiJodHRwOlwvXC9sdWNpLnZubiIsImF1ZCI6Imh0dHA6XC9cL2x1Y2kudm5jIiwiZXhwIjoxNTYxMDgyOTE0LCJqdGkiOjEsIm5ld19rZXkiOiJsdWNpMTIzIn0.cMdQuPfkm3yTKEwwnm2zADb_zIL4TyN-3r2PMNfv_o8h0MX8APP5G6mRisoT6AAH',NULL),(82,1,1,1566266914,1558490915,1558490915,'eyJ0eXAiOiJKV1QiLCJhbGciOiJIUzM4NCJ9.eyJpc3MiOiJodHRwOlwvXC9sdWNpLnZubiIsImF1ZCI6Imh0dHA6XC9cL2x1Y2kudm5jIiwiZXhwIjoxNTYxMDgyOTE0LCJqdGkiOjEsIm5ld19rZXkiOiJsdWNpMTIzIiwidGltZV9yZWZyZXNoIjoxNTY2MjY2OTE0fQ.88Nm5vY_RfZOLzHKM6-5YlldFJIYg6IMSVPVHoqtcmrN2QUEfavo7OQsjm4mMlVK',NULL),(83,1,0,1561082950,1558490951,1558490951,'eyJ0eXAiOiJKV1QiLCJhbGciOiJIUzM4NCJ9.eyJpc3MiOiJodHRwOlwvXC9sdWNpLnZubiIsImF1ZCI6Imh0dHA6XC9cL2x1Y2kudm5jIiwiZXhwIjoxNTYxMDgyOTUwLCJqdGkiOjEsIm5ld19rZXkiOiJsdWNpMTIzIn0.3wKhMoLRjWCGj7NA0ZoKqzXXuWI2DHG8dmhbc68dE2lylvaTgZLxlKs_urHonO4q',NULL),(84,1,1,1566266950,1558490951,1558490951,'eyJ0eXAiOiJKV1QiLCJhbGciOiJIUzM4NCJ9.eyJpc3MiOiJodHRwOlwvXC9sdWNpLnZubiIsImF1ZCI6Imh0dHA6XC9cL2x1Y2kudm5jIiwiZXhwIjoxNTYxMDgyOTUwLCJqdGkiOjEsIm5ld19rZXkiOiJsdWNpMTIzIiwidGltZV9yZWZyZXNoIjoxNTY2MjY2OTUwfQ.ebZvQnXAF9HxOLbRIL3TBmkF4FPn1XxM1VHJsXexLY9ggRslzp6ZXpA904S2oJp6',NULL),(85,6,0,1561084764,1558492765,1558492765,'eyJ0eXAiOiJKV1QiLCJhbGciOiJIUzM4NCJ9.eyJpc3MiOiJodHRwOlwvXC9sdWNpLnZubiIsImF1ZCI6Imh0dHA6XC9cL2x1Y2kudm5jIiwiZXhwIjoxNTYxMDg0NzY0LCJqdGkiOjYsIm5ld19rZXkiOiJsdWNpMTIzIn0.12rylOrZWY_JY9C5RQvFUicCWXoV-xHeT_gi2fd1wmeWJo1OEgz0EzKp8-MDIXL8',NULL),(86,6,1,1566268764,1558492765,1558492765,'eyJ0eXAiOiJKV1QiLCJhbGciOiJIUzM4NCJ9.eyJpc3MiOiJodHRwOlwvXC9sdWNpLnZubiIsImF1ZCI6Imh0dHA6XC9cL2x1Y2kudm5jIiwiZXhwIjoxNTYxMDg0NzY0LCJqdGkiOjYsIm5ld19rZXkiOiJsdWNpMTIzIiwidGltZV9yZWZyZXNoIjoxNTY2MjY4NzY0fQ.uz-DFWT2SQd0B_zFZWWt0DLnDIk-pYZJjr1XjPrJYDeIgFl_QBsIAMavg1VQpI3i',NULL),(87,5,0,1561099890,1558507891,1558507891,'eyJ0eXAiOiJKV1QiLCJhbGciOiJIUzM4NCJ9.eyJpc3MiOiJodHRwOlwvXC9sdWNpLnZubiIsImF1ZCI6Imh0dHA6XC9cL2x1Y2kudm5jIiwiZXhwIjoxNTYxMDk5ODkwLCJqdGkiOjUsIm5ld19rZXkiOiJsdWNpMTIzIn0.GKGBkHq5c33rb0fVL_ArPQVyVGDYgoA3NUcj7ZuFINDIc6Oq_MHO6OC-77h9Ud2F',NULL),(88,5,1,1566283890,1558507891,1558507891,'eyJ0eXAiOiJKV1QiLCJhbGciOiJIUzM4NCJ9.eyJpc3MiOiJodHRwOlwvXC9sdWNpLnZubiIsImF1ZCI6Imh0dHA6XC9cL2x1Y2kudm5jIiwiZXhwIjoxNTYxMDk5ODkwLCJqdGkiOjUsIm5ld19rZXkiOiJsdWNpMTIzIiwidGltZV9yZWZyZXNoIjoxNTY2MjgzODkwfQ.1e9juGFfsWkSU78FhA8_9VKESF4nD4MngTzUqOCiG00kkK2EEbfY7gKB5AzfNBpS',NULL),(89,17,0,1561114483,1558522483,1558522483,'eyJ0eXAiOiJKV1QiLCJhbGciOiJIUzM4NCJ9.eyJpc3MiOiJodHRwOlwvXC9sdWNpLnZubiIsImF1ZCI6Imh0dHA6XC9cL2x1Y2kudm5jIiwiZXhwIjoxNTYxMTE0NDgzLCJqdGkiOjE3LCJuZXdfa2V5IjoibHVjaTEyMyJ9.ifya-6SJ70B72kvffnAPl5e4vz3-oXGdocZq9aGN-vRdd9ZM3RvKfufgI9Aljr13',NULL),(90,17,1,1566298483,1558522483,1558522483,'eyJ0eXAiOiJKV1QiLCJhbGciOiJIUzM4NCJ9.eyJpc3MiOiJodHRwOlwvXC9sdWNpLnZubiIsImF1ZCI6Imh0dHA6XC9cL2x1Y2kudm5jIiwiZXhwIjoxNTYxMTE0NDgzLCJqdGkiOjE3LCJuZXdfa2V5IjoibHVjaTEyMyIsInRpbWVfcmVmcmVzaCI6MTU2NjI5ODQ4M30.p4-TBN9jVgBhPW-ftDFgZgNBVnwQBOfvqv6Zp8b46UzvnNGGCVkQ5tovpE4fq-ZO',NULL),(91,7,0,1561114960,1558522960,1558522960,'eyJ0eXAiOiJKV1QiLCJhbGciOiJIUzM4NCJ9.eyJpc3MiOiJodHRwOlwvXC9sdWNpLnZubiIsImF1ZCI6Imh0dHA6XC9cL2x1Y2kudm5jIiwiZXhwIjoxNTYxMTE0OTYwLCJqdGkiOjcsIm5ld19rZXkiOiJsdWNpMTIzIn0.prdP9C9V6LD8GIhmhyqSB469izIrIQ2TEU96itzaoXAJ4TI1i1AEAbZHa85-Czu3',NULL),(92,7,1,1566298960,1558522960,1558522960,'eyJ0eXAiOiJKV1QiLCJhbGciOiJIUzM4NCJ9.eyJpc3MiOiJodHRwOlwvXC9sdWNpLnZubiIsImF1ZCI6Imh0dHA6XC9cL2x1Y2kudm5jIiwiZXhwIjoxNTYxMTE0OTYwLCJqdGkiOjcsIm5ld19rZXkiOiJsdWNpMTIzIiwidGltZV9yZWZyZXNoIjoxNTY2Mjk4OTYwfQ.0702ahloD-8Xgf9CRKmsc7ND9MmVUntV1EJLtBT-aBw1NskyOYlii4j0H1gP8Fl_',NULL),(93,1,0,1561116556,1558524556,1558524556,'eyJ0eXAiOiJKV1QiLCJhbGciOiJIUzM4NCJ9.eyJpc3MiOiJodHRwOlwvXC9sdWNpLnZubiIsImF1ZCI6Imh0dHA6XC9cL2x1Y2kudm5jIiwiZXhwIjoxNTYxMTE2NTU2LCJqdGkiOjEsIm5ld19rZXkiOiJsdWNpMTIzIn0.yWPkkb4ZKYgUXXBdCW71RWXhDEOwZ9dZatOo8gHoAQpzWR-rc3YLSEC9XxiAoqHI',NULL),(94,1,1,1566300556,1558524556,1558524556,'eyJ0eXAiOiJKV1QiLCJhbGciOiJIUzM4NCJ9.eyJpc3MiOiJodHRwOlwvXC9sdWNpLnZubiIsImF1ZCI6Imh0dHA6XC9cL2x1Y2kudm5jIiwiZXhwIjoxNTYxMTE2NTU2LCJqdGkiOjEsIm5ld19rZXkiOiJsdWNpMTIzIiwidGltZV9yZWZyZXNoIjoxNTY2MzAwNTU2fQ.i_uNUzmno5TS9bGbdikkGwxPW-EIPYow_iiV81ruzW1EYtrHOvinuVM38juWllIs',NULL),(95,1,0,1561132102,1558540102,1558540102,'eyJ0eXAiOiJKV1QiLCJhbGciOiJIUzM4NCJ9.eyJpc3MiOiJodHRwOlwvXC9sdWNpLnZubiIsImF1ZCI6Imh0dHA6XC9cL2x1Y2kudm5jIiwiZXhwIjoxNTYxMTMyMTAyLCJqdGkiOjEsIm5ld19rZXkiOiJsdWNpMTIzIn0.Z1DlER1kjwEoGdw_5f6S3MptbTFNFGRE0OCD-0NUlRRKgalkvodNsme3TsIbcSCc',NULL),(96,1,1,1566316102,1558540102,1558540102,'eyJ0eXAiOiJKV1QiLCJhbGciOiJIUzM4NCJ9.eyJpc3MiOiJodHRwOlwvXC9sdWNpLnZubiIsImF1ZCI6Imh0dHA6XC9cL2x1Y2kudm5jIiwiZXhwIjoxNTYxMTMyMTAyLCJqdGkiOjEsIm5ld19rZXkiOiJsdWNpMTIzIiwidGltZV9yZWZyZXNoIjoxNTY2MzE2MTAyfQ.B68KWjA0yfzMUSdRjFOWZABDDcXtmlTQi8A1UDE0BYKUl-Cj18DZ-7LSeoTy2i9S',NULL),(97,7,0,1561168064,1558576064,1558576064,'eyJ0eXAiOiJKV1QiLCJhbGciOiJIUzM4NCJ9.eyJpc3MiOiJodHRwOlwvXC9sdWNpLnZubiIsImF1ZCI6Imh0dHA6XC9cL2x1Y2kudm5jIiwiZXhwIjoxNTYxMTY4MDY0LCJqdGkiOjcsIm5ld19rZXkiOiJsdWNpMTIzIn0.CrcrTV3DDk2OYl6o1Q7OC2ly2sn781sn8h5UqqyDGEsVNMaZNqMVLK-sAG8aFx50',NULL),(98,7,1,1566352064,1558576064,1558576064,'eyJ0eXAiOiJKV1QiLCJhbGciOiJIUzM4NCJ9.eyJpc3MiOiJodHRwOlwvXC9sdWNpLnZubiIsImF1ZCI6Imh0dHA6XC9cL2x1Y2kudm5jIiwiZXhwIjoxNTYxMTY4MDY0LCJqdGkiOjcsIm5ld19rZXkiOiJsdWNpMTIzIiwidGltZV9yZWZyZXNoIjoxNTY2MzUyMDY0fQ.xuBBtmf4kle3S4sxkfhwX_13FYKpV3nvwg4oOWC4jAoKw2aMqbcQstZfHo6lKBO3',NULL),(99,18,0,1561168174,1558576174,1558576174,'eyJ0eXAiOiJKV1QiLCJhbGciOiJIUzM4NCJ9.eyJpc3MiOiJodHRwOlwvXC9sdWNpLnZubiIsImF1ZCI6Imh0dHA6XC9cL2x1Y2kudm5jIiwiZXhwIjoxNTYxMTY4MTc0LCJqdGkiOjE4LCJuZXdfa2V5IjoibHVjaTEyMyJ9.1AcCMpLIoitnkv-GmGtMyPkgTnYqwIh5WoO6wQH6tTSrMGq0bRmQ_O3ClZWmSQOj',NULL),(100,18,1,1566352174,1558576174,1558576174,'eyJ0eXAiOiJKV1QiLCJhbGciOiJIUzM4NCJ9.eyJpc3MiOiJodHRwOlwvXC9sdWNpLnZubiIsImF1ZCI6Imh0dHA6XC9cL2x1Y2kudm5jIiwiZXhwIjoxNTYxMTY4MTc0LCJqdGkiOjE4LCJuZXdfa2V5IjoibHVjaTEyMyIsInRpbWVfcmVmcmVzaCI6MTU2NjM1MjE3NH0.ngSzCe-wKMroXnCjeJu8bavGEYuuYacLfFS48hJuZ3lcQ11p58HIyezzo_Iwfq1r',NULL),(102,18,1,1566368695,1558592696,1558592696,'eyJ0eXAiOiJKV1QiLCJhbGciOiJIUzM4NCJ9.eyJpc3MiOiJodHRwOlwvXC9sdWNpLnZubiIsImF1ZCI6Imh0dHA6XC9cL2x1Y2kudm5jIiwiZXhwIjoxNTYxMTg0Njk1LCJqdGkiOjE4LCJuZXdfa2V5IjoibHVjaTEyMyIsInRpbWVfcmVmcmVzaCI6MTU2NjM2ODY5NX0.sgfaXWJs6SRfOhpWsJ9cYhH7UVLDP5UY0oyCyS2aoE8V76dG7OKVCXHIOlLX73Al','ddd5be6068ab07d1f9d745e743d5fbed'),(103,7,0,1561186089,1558594089,1558594089,'eyJ0eXAiOiJKV1QiLCJhbGciOiJIUzM4NCJ9.eyJpc3MiOiJodHRwOlwvXC9sdWNpLnZubiIsImF1ZCI6Imh0dHA6XC9cL2x1Y2kudm5jIiwiZXhwIjoxNTYxMTg2MDg5LCJqdGkiOjcsIm5ld19rZXkiOiJsdWNpMTIzIn0.K94LESS5gpYhgQQj4J7filYc36aEZWXY_TCgVJJ6AJ_kRMsQPi7P-3NfcTG52Wc-','7a77e2e22fbd598e686392320eec6528'),(104,7,1,1566370089,1558594089,1558594089,'eyJ0eXAiOiJKV1QiLCJhbGciOiJIUzM4NCJ9.eyJpc3MiOiJodHRwOlwvXC9sdWNpLnZubiIsImF1ZCI6Imh0dHA6XC9cL2x1Y2kudm5jIiwiZXhwIjoxNTYxMTg2MDg5LCJqdGkiOjcsIm5ld19rZXkiOiJsdWNpMTIzIiwidGltZV9yZWZyZXNoIjoxNTY2MzcwMDg5fQ.OhiAYAnJiYCOt5PhOcjebApy5m5qJ5S_I1lv5FIIZHMT6-JUJE97tyKQlj9LG95P','c9fdc059698ff6655955168e685a031a'),(105,6,0,1561192391,1558600392,1558600392,'eyJ0eXAiOiJKV1QiLCJhbGciOiJIUzM4NCJ9.eyJpc3MiOiJodHRwOlwvXC9sdWNpLnZubiIsImF1ZCI6Imh0dHA6XC9cL2x1Y2kudm5jIiwiZXhwIjoxNTYxMTkyMzkxLCJqdGkiOjYsIm5ld19rZXkiOiJsdWNpMTIzIn0.sgtdhj8uNTi6DTwW8ALw-cQzsXpDxxsZuGVvb60vuxjtYI_k7M0emxMhInsn3sEa','6e1b56d8d5c4a8b41153cd6fa105186c'),(106,6,1,1566376391,1558600392,1558600392,'eyJ0eXAiOiJKV1QiLCJhbGciOiJIUzM4NCJ9.eyJpc3MiOiJodHRwOlwvXC9sdWNpLnZubiIsImF1ZCI6Imh0dHA6XC9cL2x1Y2kudm5jIiwiZXhwIjoxNTYxMTkyMzkxLCJqdGkiOjYsIm5ld19rZXkiOiJsdWNpMTIzIiwidGltZV9yZWZyZXNoIjoxNTY2Mzc2MzkxfQ.QMjoLt0aPGe_yrscQzyJOhavYsNVuRP9zOMFe71uHgyIDEzA7OEV6enBI8DCMLqN','5b2ef139f380dc028afc5e9e68853d06'),(107,7,0,1561219278,1558627279,1558627279,'eyJ0eXAiOiJKV1QiLCJhbGciOiJIUzM4NCJ9.eyJpc3MiOiJodHRwOlwvXC9sdWNpLnZubiIsImF1ZCI6Imh0dHA6XC9cL2x1Y2kudm5jIiwiZXhwIjoxNTYxMjE5Mjc4LCJqdGkiOjcsIm5ld19rZXkiOiJsdWNpMTIzIn0.Wi7OcgO2OfghVEfholR4ZuzRxTRysghx__EIDmw9KLqr9T18TftRnsiFmMPTkPgV','040e26b7dc62e49350f3599716e4029e'),(108,7,1,1566403278,1558627279,1558627279,'eyJ0eXAiOiJKV1QiLCJhbGciOiJIUzM4NCJ9.eyJpc3MiOiJodHRwOlwvXC9sdWNpLnZubiIsImF1ZCI6Imh0dHA6XC9cL2x1Y2kudm5jIiwiZXhwIjoxNTYxMjE5Mjc4LCJqdGkiOjcsIm5ld19rZXkiOiJsdWNpMTIzIiwidGltZV9yZWZyZXNoIjoxNTY2NDAzMjc4fQ.obHy2KfOdvxIwjCrDPdPWAAYu7lcVYbBz4ghHADgOJWhpCXTzURGDY2WPVqpoZko','e7bfb07c4ce58f64e78047d784786db6'),(109,1,0,1561358042,1558766042,1558766042,'eyJ0eXAiOiJKV1QiLCJhbGciOiJIUzM4NCJ9.eyJpc3MiOiJodHRwOlwvXC9sdWNpLnZubiIsImF1ZCI6Imh0dHA6XC9cL2x1Y2kudm5jIiwiZXhwIjoxNTYxMzU4MDQyLCJqdGkiOjEsIm5ld19rZXkiOiJsdWNpMTIzIn0.Iq3HmZVf2bGlk0Iq45w2jugz2_WMsC528e4qm4zl2qOCwlEQLGKcrVHOdqZEe9-i','0d0b5c352db7a00dd1ed56a3716a5ae0'),(110,1,1,1566542042,1558766042,1558766042,'eyJ0eXAiOiJKV1QiLCJhbGciOiJIUzM4NCJ9.eyJpc3MiOiJodHRwOlwvXC9sdWNpLnZubiIsImF1ZCI6Imh0dHA6XC9cL2x1Y2kudm5jIiwiZXhwIjoxNTYxMzU4MDQyLCJqdGkiOjEsIm5ld19rZXkiOiJsdWNpMTIzIiwidGltZV9yZWZyZXNoIjoxNTY2NTQyMDQyfQ.ZS9Z1m_85sjJtzPc1ttHAmscwHmGYQeUtrloag4DHaMPixdK3kbz-mcaeXcxpQjW','bc4fa70d5c5f230ec4c85e3a67b842de'),(111,6,0,1561359170,1558767171,1558767171,'eyJ0eXAiOiJKV1QiLCJhbGciOiJIUzM4NCJ9.eyJpc3MiOiJodHRwOlwvXC9sdWNpLnZubiIsImF1ZCI6Imh0dHA6XC9cL2x1Y2kudm5jIiwiZXhwIjoxNTYxMzU5MTcwLCJqdGkiOjYsIm5ld19rZXkiOiJsdWNpMTIzIn0.dTp9YkO1g0zxTaNQlXRLedAGtSWP56WRExgjhZo-bdV0mnyKxG0y-Ce5mmU6IOAv','629e8144e7d0972752f493c575a27ba7'),(112,6,1,1566543170,1558767171,1558767171,'eyJ0eXAiOiJKV1QiLCJhbGciOiJIUzM4NCJ9.eyJpc3MiOiJodHRwOlwvXC9sdWNpLnZubiIsImF1ZCI6Imh0dHA6XC9cL2x1Y2kudm5jIiwiZXhwIjoxNTYxMzU5MTcwLCJqdGkiOjYsIm5ld19rZXkiOiJsdWNpMTIzIiwidGltZV9yZWZyZXNoIjoxNTY2NTQzMTcwfQ.GYzKiX7Nb7VHIHD6KEsYxVskx59NROa4gK_ccZ_Y_uuOYpWU55YGE3yNRh1zkHf5','0117294746e2e707deb87cc9662ecdbd'),(113,5,0,1561359744,1558767745,1558767745,'eyJ0eXAiOiJKV1QiLCJhbGciOiJIUzM4NCJ9.eyJpc3MiOiJodHRwOlwvXC9sdWNpLnZubiIsImF1ZCI6Imh0dHA6XC9cL2x1Y2kudm5jIiwiZXhwIjoxNTYxMzU5NzQ0LCJqdGkiOjUsIm5ld19rZXkiOiJsdWNpMTIzIn0.JG9t-h7M18BN35YRdwR8b92gTLY-Pq1wHv6JLlVuB5l3UWJ_-pnIbZCZ8lRH_QXk','784422c185c5185042a62dce727a8874'),(114,5,1,1566543744,1558767745,1558767745,'eyJ0eXAiOiJKV1QiLCJhbGciOiJIUzM4NCJ9.eyJpc3MiOiJodHRwOlwvXC9sdWNpLnZubiIsImF1ZCI6Imh0dHA6XC9cL2x1Y2kudm5jIiwiZXhwIjoxNTYxMzU5NzQ0LCJqdGkiOjUsIm5ld19rZXkiOiJsdWNpMTIzIiwidGltZV9yZWZyZXNoIjoxNTY2NTQzNzQ0fQ.2t8h_dCoFuhvb-pYcYxYD8uY9zCkbVTrW4kzQgniruK0cCmOI35NZqt1n8xJsIOz','af4b01e6b70ce5835336dfc82c085898'),(115,7,0,1561360492,1558768492,1558768492,'eyJ0eXAiOiJKV1QiLCJhbGciOiJIUzM4NCJ9.eyJpc3MiOiJodHRwOlwvXC9sdWNpLnZubiIsImF1ZCI6Imh0dHA6XC9cL2x1Y2kudm5jIiwiZXhwIjoxNTYxMzYwNDkyLCJqdGkiOjcsIm5ld19rZXkiOiJsdWNpMTIzIn0.IO57O9tVb4w-liXEaANEvZSpMneE4JTtMmt-VhYeQZOfpo5hm9-i3bBKmmUCaR0_','6d9b5208d2cbbfa399fb097dfbe90517'),(116,7,1,1566544492,1558768492,1558768492,'eyJ0eXAiOiJKV1QiLCJhbGciOiJIUzM4NCJ9.eyJpc3MiOiJodHRwOlwvXC9sdWNpLnZubiIsImF1ZCI6Imh0dHA6XC9cL2x1Y2kudm5jIiwiZXhwIjoxNTYxMzYwNDkyLCJqdGkiOjcsIm5ld19rZXkiOiJsdWNpMTIzIiwidGltZV9yZWZyZXNoIjoxNTY2NTQ0NDkyfQ.NbX46wXEyjCAMo2_XnF6A9QBWHqJkuOJHv0RIvZcxmmKt3q_BrwVkB1R0Hq_-HMr','a57697a911c43c5e39c1b597cb9b62b1'),(117,6,0,1561360848,1558768848,1558768848,'eyJ0eXAiOiJKV1QiLCJhbGciOiJIUzM4NCJ9.eyJpc3MiOiJodHRwOlwvXC9sdWNpLnZubiIsImF1ZCI6Imh0dHA6XC9cL2x1Y2kudm5jIiwiZXhwIjoxNTYxMzYwODQ4LCJqdGkiOjYsIm5ld19rZXkiOiJsdWNpMTIzIn0.J086uYiMk2N98jy_kprsqo11ThS5sAkD28EMQFDIWBnajpggRc5BCpVMyjhC1tCI','ccf32a9e43004e67ebaaca7e7b4065fe'),(118,6,1,1566544848,1558768848,1558768848,'eyJ0eXAiOiJKV1QiLCJhbGciOiJIUzM4NCJ9.eyJpc3MiOiJodHRwOlwvXC9sdWNpLnZubiIsImF1ZCI6Imh0dHA6XC9cL2x1Y2kudm5jIiwiZXhwIjoxNTYxMzYwODQ4LCJqdGkiOjYsIm5ld19rZXkiOiJsdWNpMTIzIiwidGltZV9yZWZyZXNoIjoxNTY2NTQ0ODQ4fQ.dl_GN9j9EcgV0_y0UrmZWbwUYdFmGXiW3hva_D9W6t-hBxQX2MxaCqz1N1BkrV6K','2dcc8abfc000ef9265bb86953cbcf77f'),(119,20,0,1561367553,1558775554,1558775554,'eyJ0eXAiOiJKV1QiLCJhbGciOiJIUzM4NCJ9.eyJpc3MiOiJodHRwOlwvXC9sdWNpLnZubiIsImF1ZCI6Imh0dHA6XC9cL2x1Y2kudm5jIiwiZXhwIjoxNTYxMzY3NTUzLCJqdGkiOjIwLCJuZXdfa2V5IjoibHVjaTEyMyJ9.LQYpVkDZlgLeg4vQWwjygKpsLs0h4aifQ-eKG_pVO5kSROB4WeKlMw-UzkiZt1Kj','82dc38fd18bacad41ccc0cb94b8d6416'),(120,20,1,1566551553,1558775554,1558775554,'eyJ0eXAiOiJKV1QiLCJhbGciOiJIUzM4NCJ9.eyJpc3MiOiJodHRwOlwvXC9sdWNpLnZubiIsImF1ZCI6Imh0dHA6XC9cL2x1Y2kudm5jIiwiZXhwIjoxNTYxMzY3NTUzLCJqdGkiOjIwLCJuZXdfa2V5IjoibHVjaTEyMyIsInRpbWVfcmVmcmVzaCI6MTU2NjU1MTU1M30.VG-DQvV-7QNhwZsj0OHjxvT2Yyrmti6vuOY4B8se5_kBhJNkjnD2u9eTD_GcJkfU','e46c7ef00062a4ec453fd38004745e3c'),(121,1,0,1561368016,1558776017,1558776017,'eyJ0eXAiOiJKV1QiLCJhbGciOiJIUzM4NCJ9.eyJpc3MiOiJodHRwOlwvXC9sdWNpLnZubiIsImF1ZCI6Imh0dHA6XC9cL2x1Y2kudm5jIiwiZXhwIjoxNTYxMzY4MDE2LCJqdGkiOjEsIm5ld19rZXkiOiJsdWNpMTIzIn0.sBQrb6JW5QSoHxiAtteFocB9yuoaDg47e28l1OQUvI0C6UEwD00MAAH5EFxYGkCP','3f7636a8e5fa49014be9b6c4987a04ec'),(122,1,1,1566552016,1558776017,1558776017,'eyJ0eXAiOiJKV1QiLCJhbGciOiJIUzM4NCJ9.eyJpc3MiOiJodHRwOlwvXC9sdWNpLnZubiIsImF1ZCI6Imh0dHA6XC9cL2x1Y2kudm5jIiwiZXhwIjoxNTYxMzY4MDE2LCJqdGkiOjEsIm5ld19rZXkiOiJsdWNpMTIzIiwidGltZV9yZWZyZXNoIjoxNTY2NTUyMDE2fQ.1JDVwl12bItAKMA3T6ZQr_FBbcbO7ptyUqQLz-UjakJx7wwO2Tw7TjawVE3BLuRk','1e31926880c6f47cd3dc86fe8733851c'),(123,1,0,1561368048,1558776049,1558776049,'eyJ0eXAiOiJKV1QiLCJhbGciOiJIUzM4NCJ9.eyJpc3MiOiJodHRwOlwvXC9sdWNpLnZubiIsImF1ZCI6Imh0dHA6XC9cL2x1Y2kudm5jIiwiZXhwIjoxNTYxMzY4MDQ4LCJqdGkiOjEsIm5ld19rZXkiOiJsdWNpMTIzIn0.XXygBoKbK3EFHiH0zrSLqFMzsM7DktLeNJoEbsMMR-9x6qC-MskP1y9MvlCPYrGL','cd2ee6353ec34dcc1ee060835abcc59e'),(124,1,1,1566552048,1558776049,1558776049,'eyJ0eXAiOiJKV1QiLCJhbGciOiJIUzM4NCJ9.eyJpc3MiOiJodHRwOlwvXC9sdWNpLnZubiIsImF1ZCI6Imh0dHA6XC9cL2x1Y2kudm5jIiwiZXhwIjoxNTYxMzY4MDQ4LCJqdGkiOjEsIm5ld19rZXkiOiJsdWNpMTIzIiwidGltZV9yZWZyZXNoIjoxNTY2NTUyMDQ4fQ.DyQoWWczcaO_X9DAZG4bvaamPtk5EYD5wE15zh3KoHaibnxMeNtKoBqpVOrsyLwZ','2a32fc0ae53d6a7230844152c775a17b'),(125,20,0,1561368111,1558776111,1558776111,'eyJ0eXAiOiJKV1QiLCJhbGciOiJIUzM4NCJ9.eyJpc3MiOiJodHRwOlwvXC9sdWNpLnZubiIsImF1ZCI6Imh0dHA6XC9cL2x1Y2kudm5jIiwiZXhwIjoxNTYxMzY4MTExLCJqdGkiOjIwLCJuZXdfa2V5IjoibHVjaTEyMyJ9.HPPJmx3yDl4yMZiy-hpJWd02B-S2dd7HtcGnHEIlhXBims56BjnhoFTIRKtCtRko','330dccb10b2aadc297da535b46363f5d'),(126,20,1,1566552111,1558776111,1558776111,'eyJ0eXAiOiJKV1QiLCJhbGciOiJIUzM4NCJ9.eyJpc3MiOiJodHRwOlwvXC9sdWNpLnZubiIsImF1ZCI6Imh0dHA6XC9cL2x1Y2kudm5jIiwiZXhwIjoxNTYxMzY4MTExLCJqdGkiOjIwLCJuZXdfa2V5IjoibHVjaTEyMyIsInRpbWVfcmVmcmVzaCI6MTU2NjU1MjExMX0.kHLsdTGZi6pGub_VDar8UyLcIdSoeT6Avf7IzrMzt9PpTkIfXG-gQQ_yT8sVdIkQ','a4fa445fa80fc4735cc8aeede96479cf'),(128,18,1,1566553501,1558777501,1558777501,'eyJ0eXAiOiJKV1QiLCJhbGciOiJIUzM4NCJ9.eyJpc3MiOiJodHRwOlwvXC9sdWNpLnZubiIsImF1ZCI6Imh0dHA6XC9cL2x1Y2kudm5jIiwiZXhwIjoxNTYxMzY5NTAxLCJqdGkiOjE4LCJuZXdfa2V5IjoibHVjaTEyMyIsInRpbWVfcmVmcmVzaCI6MTU2NjU1MzUwMX0._b93758LdM4WHvIs2WqWoA4hRTrPSHD23TA_aMh_K5ZLerYjo9q4--n0DTbK2laL','455c7441d3db34869a671c38b4b7ebc9'),(130,18,1,1566553581,1558777581,1558777581,'eyJ0eXAiOiJKV1QiLCJhbGciOiJIUzM4NCJ9.eyJpc3MiOiJodHRwOlwvXC9sdWNpLnZubiIsImF1ZCI6Imh0dHA6XC9cL2x1Y2kudm5jIiwiZXhwIjoxNTYxMzY5NTgxLCJqdGkiOjE4LCJuZXdfa2V5IjoibHVjaTEyMyIsInRpbWVfcmVmcmVzaCI6MTU2NjU1MzU4MX0.wAzBF5HDeEHQRFkT--FvO_Uq7VFfj_Lqp1YXbB3yMjVNz7NcibB1FVpDHeRLdfPx','10dd1efa1b1a8250e56dd610d7d075e5'),(132,18,1,1566553643,1558777643,1558777643,'eyJ0eXAiOiJKV1QiLCJhbGciOiJIUzM4NCJ9.eyJpc3MiOiJodHRwOlwvXC9sdWNpLnZubiIsImF1ZCI6Imh0dHA6XC9cL2x1Y2kudm5jIiwiZXhwIjoxNTYxMzY5NjQzLCJqdGkiOjE4LCJuZXdfa2V5IjoibHVjaTEyMyIsInRpbWVfcmVmcmVzaCI6MTU2NjU1MzY0M30.uRXPknX4Qt4eZN9GYLMXBDqWa3SqeByPo1zMvlztDiYrHjANjOMYdoFcFMy7_cEp','0cf6cc2610711c168f511ad1c77eec44'),(133,1,0,1561369693,1558777693,1558777693,'eyJ0eXAiOiJKV1QiLCJhbGciOiJIUzM4NCJ9.eyJpc3MiOiJodHRwOlwvXC9sdWNpLnZubiIsImF1ZCI6Imh0dHA6XC9cL2x1Y2kudm5jIiwiZXhwIjoxNTYxMzY5NjkzLCJqdGkiOjEsIm5ld19rZXkiOiJsdWNpMTIzIn0.133mCrJmwjjfySbob1xNFYeEG_0Fyvy2i_56HZ6zGDG-LvlfIGUfnIw48PYneeEC','454cfd1879a2629cde189c234b4fdcb7'),(134,1,1,1566553693,1558777693,1558777693,'eyJ0eXAiOiJKV1QiLCJhbGciOiJIUzM4NCJ9.eyJpc3MiOiJodHRwOlwvXC9sdWNpLnZubiIsImF1ZCI6Imh0dHA6XC9cL2x1Y2kudm5jIiwiZXhwIjoxNTYxMzY5NjkzLCJqdGkiOjEsIm5ld19rZXkiOiJsdWNpMTIzIiwidGltZV9yZWZyZXNoIjoxNTY2NTUzNjkzfQ.baVdCaPicrGzsZ-nQx4x8Gd3SkK6IdNRu80khzRAJxyyu-VjeJdrnNjw02zMUnYU','43067911e246d0b2f49f4332dbc45089'),(136,18,1,1566557034,1558781035,1558781035,'eyJ0eXAiOiJKV1QiLCJhbGciOiJIUzM4NCJ9.eyJpc3MiOiJodHRwOlwvXC9sdWNpLnZubiIsImF1ZCI6Imh0dHA6XC9cL2x1Y2kudm5jIiwiZXhwIjoxNTYxMzczMDM0LCJqdGkiOjE4LCJuZXdfa2V5IjoibHVjaTEyMyIsInRpbWVfcmVmcmVzaCI6MTU2NjU1NzAzNH0.JL8vPOPEsWPbajmhkumilzIYWanOrJTs14VqReKe9A40PoCicMEoGNFN1-3TUFmQ','24b2fea17557e96a1e7089547f875e34'),(138,18,1,1566810402,1559034402,1559034402,'eyJ0eXAiOiJKV1QiLCJhbGciOiJIUzM4NCJ9.eyJpc3MiOiJodHRwOlwvXC9sdWNpLnZubiIsImF1ZCI6Imh0dHA6XC9cL2x1Y2kudm5jIiwiZXhwIjoxNTYxNjI2NDAyLCJqdGkiOjE4LCJ0aW1lX3JlZnJlc2giOjE1NjY4MTA0MDJ9.2wluLOTkeViXSwywadzzrLP_KVeqJwwzDoM9_7CfwFUmzZnkuiDmKkZJy19zJtdZ','e3a0f0c79fac98be7e6b2f6cc9bf3472'),(140,18,1,1566810667,1559034668,1559034668,'eyJ0eXAiOiJKV1QiLCJhbGciOiJIUzM4NCJ9.eyJpc3MiOiJodHRwOlwvXC9sdWNpLnZubiIsImF1ZCI6Imh0dHA6XC9cL2x1Y2kudm5jIiwiZXhwIjoxNTYxNjI2NjY3LCJqdGkiOjE4LCJ0aW1lX3JlZnJlc2giOjE1NjY4MTA2Njd9.lOoD6ZKyNPDQ-68guVysWGKZs2CHv-JbI40ty-fv6jaSeOMRs8HolDYIRGGr1SqF','53e2ec0e6cca01f2204e8072cf24dfbf'),(142,18,1,1566811886,1559035886,1559035886,'eyJ0eXAiOiJKV1QiLCJhbGciOiJIUzM4NCJ9.eyJpc3MiOiJodHRwOlwvXC9sdWNpLnZubiIsImF1ZCI6Imh0dHA6XC9cL2x1Y2kudm5jIiwiZXhwIjoxNTYxNjI3ODg2LCJqdGkiOjE4LCJ0aW1lX3JlZnJlc2giOjE1NjY4MTE4ODZ9.QF45jQ2DXR_MYJuAXEaoeVuhYnvFUuprdMNfnrmiUPIpnZ3jztiZLCtEYgpg05J5','de33939b4b0ec8c861f6248c8f74e229'),(144,18,1,1566812181,1559036181,1559036181,'eyJ0eXAiOiJKV1QiLCJhbGciOiJIUzM4NCJ9.eyJpc3MiOiJodHRwOlwvXC9sdWNpLnZubiIsImF1ZCI6Imh0dHA6XC9cL2x1Y2kudm5jIiwiZXhwIjoxNTYxNjI4MTgxLCJqdGkiOjE4LCJ0aW1lX3JlZnJlc2giOjE1NjY4MTIxODF9.UVZEfGW6kDbz6I0rg2-Fw4HismKirgKIVPCsP7cs8InC5wIEX5abKwMo1jA0iOxT','eaafd4d381b3b0adffc121c5854f29b8'),(145,21,0,1561628547,1559036548,1559036548,'eyJ0eXAiOiJKV1QiLCJhbGciOiJIUzM4NCJ9.eyJpc3MiOiJodHRwOlwvXC9sdWNpLnZubiIsImF1ZCI6Imh0dHA6XC9cL2x1Y2kudm5jIiwiZXhwIjoxNTYxNjI4NTQ3LCJqdGkiOjIxfQ.-rAERSI14neJ2_TElJB52TvlYW5gkcAFa62FFjhzyD-AHA4JhG0_kFQc4JI8Gfxy','5a84ba091f01d8e394522d9a4af7f399'),(146,21,1,1566812547,1559036548,1559036548,'eyJ0eXAiOiJKV1QiLCJhbGciOiJIUzM4NCJ9.eyJpc3MiOiJodHRwOlwvXC9sdWNpLnZubiIsImF1ZCI6Imh0dHA6XC9cL2x1Y2kudm5jIiwiZXhwIjoxNTYxNjI4NTQ3LCJqdGkiOjIxLCJ0aW1lX3JlZnJlc2giOjE1NjY4MTI1NDd9.gtoxG9nAZ7D012rcPXb7T0t2JrTBnhtbltom--wvV9Y4vAsr7OrWQkJ5nZGZ4J4l','56e1968ec23a5dca43478e30df2f4902'),(148,21,1,1566812599,1559036599,1559036599,'eyJ0eXAiOiJKV1QiLCJhbGciOiJIUzM4NCJ9.eyJpc3MiOiJodHRwOlwvXC9sdWNpLnZubiIsImF1ZCI6Imh0dHA6XC9cL2x1Y2kudm5jIiwiZXhwIjoxNTYxNjI4NTk5LCJqdGkiOjIxLCJ0aW1lX3JlZnJlc2giOjE1NjY4MTI1OTl9.zCIlwLhEk2N3eTqAhiZ-Skivg0csykIbmDotlF07eEQc4h0MzMpPLVTh45eS1C5n','9c7da09d4fde5a30236c3e8b89ea4012'),(150,1,1,1566812730,1559036730,1559036730,'eyJ0eXAiOiJKV1QiLCJhbGciOiJIUzM4NCJ9.eyJpc3MiOiJodHRwOlwvXC9sdWNpLnZubiIsImF1ZCI6Imh0dHA6XC9cL2x1Y2kudm5jIiwiZXhwIjoxNTYxNjI4NzMwLCJqdGkiOjEsInRpbWVfcmVmcmVzaCI6MTU2NjgxMjczMH0.oPPUtvvnLP9Ltxuyu8QHxG0K0AgpJkWsIlMm5jmNYFuC41WOrWjcDMS-9HuNAgZp','21dd7df1f122712b525c1044e5578bbe'),(152,18,1,1566813499,1559037500,1559037500,'eyJ0eXAiOiJKV1QiLCJhbGciOiJIUzM4NCJ9.eyJpc3MiOiJodHRwOlwvXC9sdWNpLnZubiIsImF1ZCI6Imh0dHA6XC9cL2x1Y2kudm5jIiwiZXhwIjoxNTYxNjI5NDk5LCJqdGkiOjE4LCJ0aW1lX3JlZnJlc2giOjE1NjY4MTM0OTl9.xtLUjLdx4SL5hCRJLY5A4Is75FqIlalnfNhAk3jpeOWlG2BLrN1zuY_7wusp35Hh','ab8aac9211c22d01dfa984e428ab17dc'),(154,21,1,1566813840,1559037841,1559037841,'eyJ0eXAiOiJKV1QiLCJhbGciOiJIUzM4NCJ9.eyJpc3MiOiJodHRwOlwvXC9sdWNpLnZubiIsImF1ZCI6Imh0dHA6XC9cL2x1Y2kudm5jIiwiZXhwIjoxNTYxNjI5ODQwLCJqdGkiOjIxLCJ0aW1lX3JlZnJlc2giOjE1NjY4MTM4NDB9.YjN0HzeNDGVKrWgodYZhY7ERCd7VkobnE1pNRD2TMgPqNMFlQRolIYbPZWjyf5EX','467d722de4bd5589751c6a925b3ae112'),(156,18,1,1566817419,1559041419,1559041419,'eyJ0eXAiOiJKV1QiLCJhbGciOiJIUzM4NCJ9.eyJpc3MiOiJodHRwOlwvXC9sdWNpLnZubiIsImF1ZCI6Imh0dHA6XC9cL2x1Y2kudm5jIiwiZXhwIjoxNTYxNjMzNDE5LCJqdGkiOjE4LCJ0aW1lX3JlZnJlc2giOjE1NjY4MTc0MTl9.q-1Q-vHfRUNEWNWQIFPd51I6_j_7xGUTGe_og69NBqyK9VmEjGaiqB7DHz9kmjGI','356c5015ab34223265171b7a0f6eefb6'),(158,7,1,1566876366,1559100367,1559100367,'eyJ0eXAiOiJKV1QiLCJhbGciOiJIUzM4NCJ9.eyJpc3MiOiJodHRwOlwvXC9sdWNpLnZubiIsImF1ZCI6Imh0dHA6XC9cL2x1Y2kudm5jIiwiZXhwIjoxNTYxNjkyMzY2LCJqdGkiOjcsInRpbWVfcmVmcmVzaCI6MTU2Njg3NjM2Nn0.GRccTfh8wn3ay8OZlfBXy6_0RbV2oFmBwYWyGLNycOdjOencoOO5yDh20cwfHM-V','2c6a9ba010bccfa7562c8f1a369667b7'),(160,21,1,1566878470,1559102470,1559102470,'eyJ0eXAiOiJKV1QiLCJhbGciOiJIUzM4NCJ9.eyJpc3MiOiJodHRwOlwvXC9sdWNpLnZubiIsImF1ZCI6Imh0dHA6XC9cL2x1Y2kudm5jIiwiZXhwIjoxNTYxNjk0NDcwLCJqdGkiOjIxLCJ0aW1lX3JlZnJlc2giOjE1NjY4Nzg0NzB9.Ss0Q7mc0mOLQLVPmeHfxyuwyKquHjy9mXlfhVGKNx_btoZErvzmvgU5hSMRU5cB5','ae1f9cfe5bc6e42f8662096d3466d73f'),(161,22,0,1561694640,1559102641,1559102641,'eyJ0eXAiOiJKV1QiLCJhbGciOiJIUzM4NCJ9.eyJpc3MiOiJodHRwOlwvXC9sdWNpLnZubiIsImF1ZCI6Imh0dHA6XC9cL2x1Y2kudm5jIiwiZXhwIjoxNTYxNjk0NjQwLCJqdGkiOjIyfQ.l0jwEBEvpG-QPtLNbtNJQoIp11_ps4U4OfxfSHanp5vzM6WaYVpW5_cM9M-q99ec','35d9a9ee9b7ae0d714a0fce0e8bf5bfd'),(162,22,1,1566878640,1559102641,1559102641,'eyJ0eXAiOiJKV1QiLCJhbGciOiJIUzM4NCJ9.eyJpc3MiOiJodHRwOlwvXC9sdWNpLnZubiIsImF1ZCI6Imh0dHA6XC9cL2x1Y2kudm5jIiwiZXhwIjoxNTYxNjk0NjQwLCJqdGkiOjIyLCJ0aW1lX3JlZnJlc2giOjE1NjY4Nzg2NDB9.D1CrPbK4EfCXH_-mr05QfJRtLqFWpFzASPTLbpX8fQ9fgPUlFlM0snE7WXaVeltg','c56748126eab9ca62c2f5caea8d35e7c'),(164,7,1,1566878724,1559102725,1559102725,'eyJ0eXAiOiJKV1QiLCJhbGciOiJIUzM4NCJ9.eyJpc3MiOiJodHRwOlwvXC9sdWNpLnZubiIsImF1ZCI6Imh0dHA6XC9cL2x1Y2kudm5jIiwiZXhwIjoxNTYxNjk0NzI0LCJqdGkiOjcsInRpbWVfcmVmcmVzaCI6MTU2Njg3ODcyNH0.YCCnZFKzEpUmhcFXeOCMV67TAr_NY59Sd_QvEwmzEMOpzgYrIrqPGwrZRHfCACiE','7c7fc54ee8e3da606d370c21272dbaa0'),(165,5,0,1561695544,1559103545,1559103545,'eyJ0eXAiOiJKV1QiLCJhbGciOiJIUzM4NCJ9.eyJpc3MiOiJodHRwOlwvXC9sdWNpLnZubiIsImF1ZCI6Imh0dHA6XC9cL2x1Y2kudm5jIiwiZXhwIjoxNTYxNjk1NTQ0LCJqdGkiOjV9.MOWH969b2Gr1zb5An2oj0E1HNj0DJXX7eKm5MnO5NiUHzzN7sXl9bAHFyTNg8A8-','be365b498ec47f54d10040f80c3446d6'),(166,5,1,1566879544,1559103545,1559103545,'eyJ0eXAiOiJKV1QiLCJhbGciOiJIUzM4NCJ9.eyJpc3MiOiJodHRwOlwvXC9sdWNpLnZubiIsImF1ZCI6Imh0dHA6XC9cL2x1Y2kudm5jIiwiZXhwIjoxNTYxNjk1NTQ0LCJqdGkiOjUsInRpbWVfcmVmcmVzaCI6MTU2Njg3OTU0NH0.acxvE1RnffavO9i4RCbb9TognWwsnQHp0S9xN83MfW8GLrYvHUQLzuB-FnwBQw8Y','20519811c104d7a18ee6fc700d0d16ee'),(167,5,0,1561695568,1559103569,1559103569,'eyJ0eXAiOiJKV1QiLCJhbGciOiJIUzM4NCJ9.eyJpc3MiOiJodHRwOlwvXC9sdWNpLnZubiIsImF1ZCI6Imh0dHA6XC9cL2x1Y2kudm5jIiwiZXhwIjoxNTYxNjk1NTY4LCJqdGkiOjV9.W46D4VkgHYhAzZ57G8cKc9tnMwFNwvaqFa8t0ZvWPGXlsbzKrtGe5BkgzFFQexE1','be6b203b928b374a6c4dbe49e6106b74'),(168,5,1,1566879568,1559103569,1559103569,'eyJ0eXAiOiJKV1QiLCJhbGciOiJIUzM4NCJ9.eyJpc3MiOiJodHRwOlwvXC9sdWNpLnZubiIsImF1ZCI6Imh0dHA6XC9cL2x1Y2kudm5jIiwiZXhwIjoxNTYxNjk1NTY4LCJqdGkiOjUsInRpbWVfcmVmcmVzaCI6MTU2Njg3OTU2OH0.3Q1FiERSPp9Hz9ASbIqq6NV4YMMxRggUI8ju_e2fSuQmu1LNK6aow3BpUJsBFLbZ','10622df70db332fb33ef873b3e3334cc'),(170,5,1,1566879658,1559103658,1559103658,'eyJ0eXAiOiJKV1QiLCJhbGciOiJIUzM4NCJ9.eyJpc3MiOiJodHRwOlwvXC9sdWNpLnZubiIsImF1ZCI6Imh0dHA6XC9cL2x1Y2kudm5jIiwiZXhwIjoxNTYxNjk1NjU4LCJqdGkiOjUsInRpbWVfcmVmcmVzaCI6MTU2Njg3OTY1OH0.gpgh19TOi4ywhXoXqX_u_VYp7dJAtEdh1zlHLKdvDXmyGvWYjO8g3vT0Q9IgSCm5','da4268884a1a473279d1cdb559c2da8b'),(172,22,1,1566881709,1559105710,1559105710,'eyJ0eXAiOiJKV1QiLCJhbGciOiJIUzM4NCJ9.eyJpc3MiOiJodHRwOlwvXC9sdWNpLnZubiIsImF1ZCI6Imh0dHA6XC9cL2x1Y2kudm5jIiwiZXhwIjoxNTYxNjk3NzA5LCJqdGkiOjIyLCJ0aW1lX3JlZnJlc2giOjE1NjY4ODE3MDl9.fE7BLVoPmyEAM0LepU9ypx7c_H70Ht7goROZ6FsaOngembZgLh5wOi8jLxz_Dwoe','f0a3f55375396a8be8650ba61386b7fe'),(173,1,0,1561698051,1559106051,1559106051,'eyJ0eXAiOiJKV1QiLCJhbGciOiJIUzM4NCJ9.eyJpc3MiOiJodHRwOlwvXC9sdWNpLnZubiIsImF1ZCI6Imh0dHA6XC9cL2x1Y2kudm5jIiwiZXhwIjoxNTYxNjk4MDUxLCJqdGkiOjF9.vLqpMiJig2rISpaKaGELF8Ofj_rJaAsvzttfcVgXW834w-BIoW93N4-uJfPKxwFP','3af2da62d05294e9459d0aa2fddf825d'),(174,1,1,1566882051,1559106051,1559106051,'eyJ0eXAiOiJKV1QiLCJhbGciOiJIUzM4NCJ9.eyJpc3MiOiJodHRwOlwvXC9sdWNpLnZubiIsImF1ZCI6Imh0dHA6XC9cL2x1Y2kudm5jIiwiZXhwIjoxNTYxNjk4MDUxLCJqdGkiOjEsInRpbWVfcmVmcmVzaCI6MTU2Njg4MjA1MX0.kWvAkSwR6yqrWYP07r_lgwNse0vmK4p-BklXW_JfJlB-a71NeDXAfWwLHifVZaIF','8adf9d1ff72409680d661c7fa79750b9'),(175,1,0,1561698123,1559106123,1559106123,'eyJ0eXAiOiJKV1QiLCJhbGciOiJIUzM4NCJ9.eyJpc3MiOiJodHRwOlwvXC9sdWNpLnZubiIsImF1ZCI6Imh0dHA6XC9cL2x1Y2kudm5jIiwiZXhwIjoxNTYxNjk4MTIzLCJqdGkiOjF9.-g6aA9yFJ7L9bT_V4tv5y1orAly_fi7dN03wMmnqx7rw4HejTOHo_nnL_Ku0l6fm','062afdb421b2780f0dc5a4b651724d0e'),(176,1,1,1566882123,1559106123,1559106123,'eyJ0eXAiOiJKV1QiLCJhbGciOiJIUzM4NCJ9.eyJpc3MiOiJodHRwOlwvXC9sdWNpLnZubiIsImF1ZCI6Imh0dHA6XC9cL2x1Y2kudm5jIiwiZXhwIjoxNTYxNjk4MTIzLCJqdGkiOjEsInRpbWVfcmVmcmVzaCI6MTU2Njg4MjEyM30.lt2ej9hhjBGdj2aL14NXv4BS42NtZksky-UcKOaYYVfPfvdz22-XjuC3PbeUk-Cj','9af0c9cfb58d9781e3a7d94355526c35'),(177,1,0,1561698140,1559106141,1559106141,'eyJ0eXAiOiJKV1QiLCJhbGciOiJIUzM4NCJ9.eyJpc3MiOiJodHRwOlwvXC9sdWNpLnZubiIsImF1ZCI6Imh0dHA6XC9cL2x1Y2kudm5jIiwiZXhwIjoxNTYxNjk4MTQwLCJqdGkiOjF9.p2Ds1tV6bLIZQPB2szBvb4GjEdphmrBEi-9ZXGIVeW6nu9_kDgRxZN0Uk1H2OuUb','ab645f75cc87c6622fa237dbc946e031'),(178,1,1,1566882140,1559106141,1559106141,'eyJ0eXAiOiJKV1QiLCJhbGciOiJIUzM4NCJ9.eyJpc3MiOiJodHRwOlwvXC9sdWNpLnZubiIsImF1ZCI6Imh0dHA6XC9cL2x1Y2kudm5jIiwiZXhwIjoxNTYxNjk4MTQwLCJqdGkiOjEsInRpbWVfcmVmcmVzaCI6MTU2Njg4MjE0MH0.T9C0bmmM0TCHdD32nsn35FfGNvuU1Kbw_mpTFPd3NsHpx-ZIUqMt_1oNZQE15uSE','c354135c087137b8fda80a44ec76c980'),(180,18,1,1566883056,1559107057,1559107057,'eyJ0eXAiOiJKV1QiLCJhbGciOiJIUzM4NCJ9.eyJpc3MiOiJodHRwOlwvXC9sdWNpLnZubiIsImF1ZCI6Imh0dHA6XC9cL2x1Y2kudm5jIiwiZXhwIjoxNTYxNjk5MDU2LCJqdGkiOjE4LCJ0aW1lX3JlZnJlc2giOjE1NjY4ODMwNTZ9.RSbhvQa9kpd3GpUo5FS1eyOXm5rOqIARfsLpBbrKn__78ZoRDFhFaBLaxY5zz9tN','0a2f478320673ae330bb93c97e97fd67'),(181,21,0,1561699113,1559107113,1559107113,'eyJ0eXAiOiJKV1QiLCJhbGciOiJIUzM4NCJ9.eyJpc3MiOiJodHRwOlwvXC9sdWNpLnZubiIsImF1ZCI6Imh0dHA6XC9cL2x1Y2kudm5jIiwiZXhwIjoxNTYxNjk5MTEzLCJqdGkiOjIxfQ.obZeVgbJNLUXxtqfNJVgTdG-dmQne3SM8_ZbWdJFqP2VnI4UdzEDrUuH13dUDwNj','0261290a522ddd4f60cad6d01fe43a96'),(182,21,1,1566883113,1559107113,1559107113,'eyJ0eXAiOiJKV1QiLCJhbGciOiJIUzM4NCJ9.eyJpc3MiOiJodHRwOlwvXC9sdWNpLnZubiIsImF1ZCI6Imh0dHA6XC9cL2x1Y2kudm5jIiwiZXhwIjoxNTYxNjk5MTEzLCJqdGkiOjIxLCJ0aW1lX3JlZnJlc2giOjE1NjY4ODMxMTN9.MeV1KiI6w3bWayE8HkLFcPyKywHO-KWTv45RDxGoLyf-9JysytZ6usOqPRmZHthu','945ad403128f62dec56fcbc0d60ab206'),(183,1,0,1561700794,1559108795,1559108795,'eyJ0eXAiOiJKV1QiLCJhbGciOiJIUzM4NCJ9.eyJpc3MiOiJodHRwOlwvXC9sdWNpLnZubiIsImF1ZCI6Imh0dHA6XC9cL2x1Y2kudm5jIiwiZXhwIjoxNTYxNzAwNzk0LCJqdGkiOjF9.cnTtOEyV8iyUdW3IouspHWfl4bvvm3ugNof2eOO_Rozg_abF8oKr0pP8CzNMZcyL','59356dd876e00cf811e691097442bbc4'),(184,1,1,1566884794,1559108795,1559108795,'eyJ0eXAiOiJKV1QiLCJhbGciOiJIUzM4NCJ9.eyJpc3MiOiJodHRwOlwvXC9sdWNpLnZubiIsImF1ZCI6Imh0dHA6XC9cL2x1Y2kudm5jIiwiZXhwIjoxNTYxNzAwNzk0LCJqdGkiOjEsInRpbWVfcmVmcmVzaCI6MTU2Njg4NDc5NH0.jRJIOPhMO1YoBEUr8U5iaOuq2egR5mqw-mGJg7ADBGwv6QI0CHlvcnJ7QzuHZImW','79e680c6a061736158d5342940d82bc8'),(185,1,0,1561701150,1559109150,1559109150,'eyJ0eXAiOiJKV1QiLCJhbGciOiJIUzM4NCJ9.eyJpc3MiOiJodHRwOlwvXC9sdWNpLnZubiIsImF1ZCI6Imh0dHA6XC9cL2x1Y2kudm5jIiwiZXhwIjoxNTYxNzAxMTUwLCJqdGkiOjF9.znxdOCNORhCWL8e5DVPi6eRkKd89zawcanwoypv_T44U35remL8Ur3czD_E2eVaU','eab14dc72ddf0d9daec9c0ae13ec795e'),(186,1,1,1566885150,1559109150,1559109150,'eyJ0eXAiOiJKV1QiLCJhbGciOiJIUzM4NCJ9.eyJpc3MiOiJodHRwOlwvXC9sdWNpLnZubiIsImF1ZCI6Imh0dHA6XC9cL2x1Y2kudm5jIiwiZXhwIjoxNTYxNzAxMTUwLCJqdGkiOjEsInRpbWVfcmVmcmVzaCI6MTU2Njg4NTE1MH0.7trxT0iiA-ZuvVj88xRh4a_7XcUFwb6CveWGE2DEWp50vfu9HPi4jADwfMdqGbbz','eeefed82aa19f9aeb76d16c68de99b3a'),(187,1,0,1561701436,1559109436,1559109436,'eyJ0eXAiOiJKV1QiLCJhbGciOiJIUzM4NCJ9.eyJpc3MiOiJodHRwOlwvXC9sdWNpLnZubiIsImF1ZCI6Imh0dHA6XC9cL2x1Y2kudm5jIiwiZXhwIjoxNTYxNzAxNDM2LCJqdGkiOjF9.RLQCqiyyHe9kaod4A3Up38NBd3IACEKdRZv9RqPk0t6tE_GP6_MNBjogexG_37xr','38abc17e446642a5cfe0865e70fd4f26'),(188,1,1,1566885436,1559109436,1559109436,'eyJ0eXAiOiJKV1QiLCJhbGciOiJIUzM4NCJ9.eyJpc3MiOiJodHRwOlwvXC9sdWNpLnZubiIsImF1ZCI6Imh0dHA6XC9cL2x1Y2kudm5jIiwiZXhwIjoxNTYxNzAxNDM2LCJqdGkiOjEsInRpbWVfcmVmcmVzaCI6MTU2Njg4NTQzNn0.W4-kDPIWiRo4eCninz9cMkbA2JXtpw7__rZNQaKIf9UYr9Q0MchEJKKL9hHOAeNf','a762dec3fe00f2969b50861a5a1ac0dd'),(189,18,0,1561701546,1559109547,1559109547,'eyJ0eXAiOiJKV1QiLCJhbGciOiJIUzM4NCJ9.eyJpc3MiOiJodHRwOlwvXC9sdWNpLnZubiIsImF1ZCI6Imh0dHA6XC9cL2x1Y2kudm5jIiwiZXhwIjoxNTYxNzAxNTQ2LCJqdGkiOjE4fQ.UpUwmtqocBFtYeU5EpAaQFQy9XPVRfF_ZP31BqUoRdZFhO8EPFL_hIAtYJd27d6Z','d2ffc0665c5280dd883c6bdba1668637'),(190,18,1,1566885546,1559109547,1559109547,'eyJ0eXAiOiJKV1QiLCJhbGciOiJIUzM4NCJ9.eyJpc3MiOiJodHRwOlwvXC9sdWNpLnZubiIsImF1ZCI6Imh0dHA6XC9cL2x1Y2kudm5jIiwiZXhwIjoxNTYxNzAxNTQ2LCJqdGkiOjE4LCJ0aW1lX3JlZnJlc2giOjE1NjY4ODU1NDZ9.Wc1gMp92MH1TQVWoAYToKSIAIEa-mWWTa5thr6-hmWZW1deofhyax7TAptfKpnGB','a7c0193582893c3563c58ca3c7b0ee22'),(192,18,1,1566885669,1559109669,1559109669,'eyJ0eXAiOiJKV1QiLCJhbGciOiJIUzM4NCJ9.eyJpc3MiOiJodHRwOlwvXC9sdWNpLnZubiIsImF1ZCI6Imh0dHA6XC9cL2x1Y2kudm5jIiwiZXhwIjoxNTYxNzAxNjY5LCJqdGkiOjE4LCJ0aW1lX3JlZnJlc2giOjE1NjY4ODU2Njl9.ntTNf5Va9gE1yo5k_DvNpEmWgwLQv9TdJkIyY6S_x40hrKH58uJyH9xUbYsv_9vm','45fd7dee5301a0d70f5a5946a2e0df27'),(193,1,0,1561701869,1559109869,1559109869,'eyJ0eXAiOiJKV1QiLCJhbGciOiJIUzM4NCJ9.eyJpc3MiOiJodHRwOlwvXC9sdWNpLnZubiIsImF1ZCI6Imh0dHA6XC9cL2x1Y2kudm5jIiwiZXhwIjoxNTYxNzAxODY5LCJqdGkiOjF9.hnONhRlbcZYXeANOY7lOnZussJblg1jOAK6cwKztLQNsFujYkTWCtjGneSQjx3EA','9990d434b46a0e632afdca5dced0334a'),(194,1,1,1566885869,1559109869,1559109869,'eyJ0eXAiOiJKV1QiLCJhbGciOiJIUzM4NCJ9.eyJpc3MiOiJodHRwOlwvXC9sdWNpLnZubiIsImF1ZCI6Imh0dHA6XC9cL2x1Y2kudm5jIiwiZXhwIjoxNTYxNzAxODY5LCJqdGkiOjEsInRpbWVfcmVmcmVzaCI6MTU2Njg4NTg2OX0.mRJszblM546XulSCJ1yTdMg0BRyEiI9sc_H-o8hEQg9bKvXkJKkGAj3MiYScgZhp','2edc1a648ec19db67d51ac3c5a5e08ff'),(195,1,0,1561701884,1559109885,1559109885,'eyJ0eXAiOiJKV1QiLCJhbGciOiJIUzM4NCJ9.eyJpc3MiOiJodHRwOlwvXC9sdWNpLnZubiIsImF1ZCI6Imh0dHA6XC9cL2x1Y2kudm5jIiwiZXhwIjoxNTYxNzAxODg0LCJqdGkiOjF9.Cfm0vbZmF7gm5kAusBLTdNraoToIqq37CLxLKZ8s9hlQYJaqs3homtViWUWZ7uB3','d8f2cb1c5114c792da822d66d9a895aa'),(196,1,1,1566885884,1559109885,1559109885,'eyJ0eXAiOiJKV1QiLCJhbGciOiJIUzM4NCJ9.eyJpc3MiOiJodHRwOlwvXC9sdWNpLnZubiIsImF1ZCI6Imh0dHA6XC9cL2x1Y2kudm5jIiwiZXhwIjoxNTYxNzAxODg0LCJqdGkiOjEsInRpbWVfcmVmcmVzaCI6MTU2Njg4NTg4NH0.8uN0NTADJInjK3RN4O6P0FKKHIII2t-CKdTs0zxu61dT8tX-zhj8hFr87AuZYGfw','4691fec7e304f105941ef8a91eb91519'),(197,5,0,1561701892,1559109892,1559109892,'eyJ0eXAiOiJKV1QiLCJhbGciOiJIUzM4NCJ9.eyJpc3MiOiJodHRwOlwvXC9sdWNpLnZubiIsImF1ZCI6Imh0dHA6XC9cL2x1Y2kudm5jIiwiZXhwIjoxNTYxNzAxODkyLCJqdGkiOjV9.kNUFQqOxJm66MHWSd36VLol5znZuKPT82Z9AK0I0MTZKP28Ik-OEWr1zGqzw67Ro','6e7330075264ceb16fdf136baf4792b0'),(198,5,1,1566885892,1559109892,1559109892,'eyJ0eXAiOiJKV1QiLCJhbGciOiJIUzM4NCJ9.eyJpc3MiOiJodHRwOlwvXC9sdWNpLnZubiIsImF1ZCI6Imh0dHA6XC9cL2x1Y2kudm5jIiwiZXhwIjoxNTYxNzAxODkyLCJqdGkiOjUsInRpbWVfcmVmcmVzaCI6MTU2Njg4NTg5Mn0.n86oDA2cIdEAuSaBnPKnsWwwbqH8caScjXLXCaK-Q8qJNK4Wi5G7u39vONJX2Cls','ca1b81a3235f0f096aa3d2d8a8a0efda'),(199,1,0,1561702101,1559110102,1559110102,'eyJ0eXAiOiJKV1QiLCJhbGciOiJIUzM4NCJ9.eyJpc3MiOiJodHRwOlwvXC9sdWNpLnZubiIsImF1ZCI6Imh0dHA6XC9cL2x1Y2kudm5jIiwiZXhwIjoxNTYxNzAyMTAxLCJqdGkiOjF9.2G7IKvdn1kVDptLnak0vCiHB--4sanmibFHJ1H3d8Xtn4QNHTegfcLtZNV5Hj9Jn','a0e2265890a875af6a3d69581703be7b'),(200,1,1,1566886101,1559110102,1559110102,'eyJ0eXAiOiJKV1QiLCJhbGciOiJIUzM4NCJ9.eyJpc3MiOiJodHRwOlwvXC9sdWNpLnZubiIsImF1ZCI6Imh0dHA6XC9cL2x1Y2kudm5jIiwiZXhwIjoxNTYxNzAyMTAxLCJqdGkiOjEsInRpbWVfcmVmcmVzaCI6MTU2Njg4NjEwMX0.5kjwvHvpk55mWS8P5H_-KfcA5OeeYgpD0gc6-V44HVXt_QzNVDFjbTeuYatU_zmq','63fc09fa0ef62ba1fded7158db43f020'),(202,1,1,1566888082,1559112082,1559112082,'eyJ0eXAiOiJKV1QiLCJhbGciOiJIUzM4NCJ9.eyJpc3MiOiJodHRwOlwvXC9sdWNpLnZubiIsImF1ZCI6Imh0dHA6XC9cL2x1Y2kudm5jIiwiZXhwIjoxNTYxNzA0MDgyLCJqdGkiOjEsInRpbWVfcmVmcmVzaCI6MTU2Njg4ODA4Mn0.QOD8aNequQhqy5CY64nnrv0d4pdGzVDDos5cOEp5HVto0rCaHw-9PbMVM7NDyR6k','13bcb4f10fc599326d53d2c90ee5b1c2'),(204,22,1,1566888141,1559112141,1559112141,'eyJ0eXAiOiJKV1QiLCJhbGciOiJIUzM4NCJ9.eyJpc3MiOiJodHRwOlwvXC9sdWNpLnZubiIsImF1ZCI6Imh0dHA6XC9cL2x1Y2kudm5jIiwiZXhwIjoxNTYxNzA0MTQxLCJqdGkiOjIyLCJ0aW1lX3JlZnJlc2giOjE1NjY4ODgxNDF9.t6J9gUGmK-1Yddv1U2HEZY3SPaVkkbqbRH5jWl-uhUqIzr5QObVJElJu675OWQxs','c68705900e83c836fdbf2818b8031b5c'),(205,21,0,1561704155,1559112155,1559112155,'eyJ0eXAiOiJKV1QiLCJhbGciOiJIUzM4NCJ9.eyJpc3MiOiJodHRwOlwvXC9sdWNpLnZubiIsImF1ZCI6Imh0dHA6XC9cL2x1Y2kudm5jIiwiZXhwIjoxNTYxNzA0MTU1LCJqdGkiOjIxfQ.sbDWLiBGPeuUcLSKOAq7SIAq5gFViHy-rxWzXMZUgTqmHVF_xTT1160DrFqHji6q','62c189c1020ad1fb7d24fa5c1c2db8e8'),(206,21,1,1566888155,1559112155,1559112155,'eyJ0eXAiOiJKV1QiLCJhbGciOiJIUzM4NCJ9.eyJpc3MiOiJodHRwOlwvXC9sdWNpLnZubiIsImF1ZCI6Imh0dHA6XC9cL2x1Y2kudm5jIiwiZXhwIjoxNTYxNzA0MTU1LCJqdGkiOjIxLCJ0aW1lX3JlZnJlc2giOjE1NjY4ODgxNTV9.HuiRSR0F1k7hR9AbhQbaIw2f4FYSNkNb5h42nM7HhzFNTaoRHlOtQnwTzNi89_jy','7edb811863f39991423a19e36cf54646'),(207,1,0,1561704465,1559112466,1559112466,'eyJ0eXAiOiJKV1QiLCJhbGciOiJIUzM4NCJ9.eyJpc3MiOiJodHRwOlwvXC9sdWNpLnZubiIsImF1ZCI6Imh0dHA6XC9cL2x1Y2kudm5jIiwiZXhwIjoxNTYxNzA0NDY1LCJqdGkiOjF9.3lXqHgpiwyt9FC0AkUGNeH8_CNiKQ0iBMpmUAItjcAqBH7-YTyhwsO_kHi3KeyTD','bfc02531fc694b472d1654ee434a24cc'),(208,1,1,1566888465,1559112466,1559112466,'eyJ0eXAiOiJKV1QiLCJhbGciOiJIUzM4NCJ9.eyJpc3MiOiJodHRwOlwvXC9sdWNpLnZubiIsImF1ZCI6Imh0dHA6XC9cL2x1Y2kudm5jIiwiZXhwIjoxNTYxNzA0NDY1LCJqdGkiOjEsInRpbWVfcmVmcmVzaCI6MTU2Njg4ODQ2NX0.UdgQpfkf3w5w3331Pl0aDGomoeNUwl27aP80IUeEpWVaNta-xQwQQGg2_-osG5aZ','8c2823f222dc0515acdf5b88e3033d30'),(210,6,1,1566899101,1559123102,1559123102,'eyJ0eXAiOiJKV1QiLCJhbGciOiJIUzM4NCJ9.eyJpc3MiOiJodHRwOlwvXC9sdWNpLnZubiIsImF1ZCI6Imh0dHA6XC9cL2x1Y2kudm5jIiwiZXhwIjoxNTYxNzE1MTAxLCJqdGkiOjYsInRpbWVfcmVmcmVzaCI6MTU2Njg5OTEwMX0.t6Lwgj-uApFZ9gU-eSFX6OQzTBM8ZB3o6CaUUCytLhS8Ek2HySsStrSxcBdoZe9b','da8a6306b8bb1c8f794ea51425a93359'),(211,1,0,1561715124,1559123124,1559123124,'eyJ0eXAiOiJKV1QiLCJhbGciOiJIUzM4NCJ9.eyJpc3MiOiJodHRwOlwvXC9sdWNpLnZubiIsImF1ZCI6Imh0dHA6XC9cL2x1Y2kudm5jIiwiZXhwIjoxNTYxNzE1MTI0LCJqdGkiOjF9.1voq7vjxa8XlZeBK_jMr_cIuDCaG3HKzkVfg98RbCpWEWG-IU7Dy0chOvPwewKyl','4399d94a84535c198ebeeaac0e2236c5'),(212,1,1,1566899124,1559123124,1559123124,'eyJ0eXAiOiJKV1QiLCJhbGciOiJIUzM4NCJ9.eyJpc3MiOiJodHRwOlwvXC9sdWNpLnZubiIsImF1ZCI6Imh0dHA6XC9cL2x1Y2kudm5jIiwiZXhwIjoxNTYxNzE1MTI0LCJqdGkiOjEsInRpbWVfcmVmcmVzaCI6MTU2Njg5OTEyNH0.OVEbZcAPgM7bidZrEkMReveHGq39z9ejugFFHGElPlzD1ualBjEeIw3t9Av6NYov','cbcc45f4b9d7d2778e396bc789435e40'),(213,18,0,1561719619,1559127620,1559127620,'eyJ0eXAiOiJKV1QiLCJhbGciOiJIUzM4NCJ9.eyJpc3MiOiJodHRwOlwvXC9sdWNpLnZubiIsImF1ZCI6Imh0dHA6XC9cL2x1Y2kudm5jIiwiZXhwIjoxNTYxNzE5NjE5LCJqdGkiOjE4fQ.W4aRrzyLt3LMyrLkYmky2BhIbQLYdPSNnLeZfoylQsdjXL8Y-WE1TrMVCdtc28sN','7298358adaf16938425ed6aa92473a06'),(214,18,1,1566903619,1559127620,1559127620,'eyJ0eXAiOiJKV1QiLCJhbGciOiJIUzM4NCJ9.eyJpc3MiOiJodHRwOlwvXC9sdWNpLnZubiIsImF1ZCI6Imh0dHA6XC9cL2x1Y2kudm5jIiwiZXhwIjoxNTYxNzE5NjE5LCJqdGkiOjE4LCJ0aW1lX3JlZnJlc2giOjE1NjY5MDM2MTl9.__C2d0qmogIiPloUWXaNIqDIThgbq7HrseCDLZzqulXCOnXwALnV8CABhakeSOSM','343f5e37cf9d79952e52791b3de430b5'),(216,5,1,1566981763,1559205764,1559205764,'eyJ0eXAiOiJKV1QiLCJhbGciOiJIUzM4NCJ9.eyJpc3MiOiJodHRwOlwvXC9sdWNpLnZubiIsImF1ZCI6Imh0dHA6XC9cL2x1Y2kudm5jIiwiZXhwIjoxNTYxNzk3NzYzLCJqdGkiOjUsInRpbWVfcmVmcmVzaCI6MTU2Njk4MTc2M30.rhMN2uWmTZ5DFeTSf-Qpzvd7ivXwZ7hbzZbik5Xgw2X2wU84pw9eBYvyoF1OcLMA','43a5697537fc5df447cd548eaa399eac'),(218,6,1,1567047492,1559271493,1559271493,'eyJ0eXAiOiJKV1QiLCJhbGciOiJIUzM4NCJ9.eyJpc3MiOiJodHRwOlwvXC9sdWNpLnZubiIsImF1ZCI6Imh0dHA6XC9cL2x1Y2kudm5jIiwiZXhwIjoxNTYxODYzNDkyLCJqdGkiOjYsInRpbWVfcmVmcmVzaCI6MTU2NzA0NzQ5Mn0.BygBych1uXD4nQDT3nvj-1kS9ydg4yrDvOROcw7FbpsjZQ2tbOCL4lEmzwwuEmtj','56af97799f827304d7908716378e9db4'),(220,6,1,1567047518,1559271519,1559271519,'eyJ0eXAiOiJKV1QiLCJhbGciOiJIUzM4NCJ9.eyJpc3MiOiJodHRwOlwvXC9sdWNpLnZubiIsImF1ZCI6Imh0dHA6XC9cL2x1Y2kudm5jIiwiZXhwIjoxNTYxODYzNTE4LCJqdGkiOjYsInRpbWVfcmVmcmVzaCI6MTU2NzA0NzUxOH0.tQGqiFHazzUjcaeGcrZOjUmowUO-DB-hr5aQXZFIP4De9eyqueu6VoxEYXT2mp2_','cdce1ea3929d3d7fdf9503d69efe11e6'),(222,1,1,1567047527,1559271527,1559271527,'eyJ0eXAiOiJKV1QiLCJhbGciOiJIUzM4NCJ9.eyJpc3MiOiJodHRwOlwvXC9sdWNpLnZubiIsImF1ZCI6Imh0dHA6XC9cL2x1Y2kudm5jIiwiZXhwIjoxNTYxODYzNTI3LCJqdGkiOjEsInRpbWVfcmVmcmVzaCI6MTU2NzA0NzUyN30.swLhWiVZgTgg4uxr1z1U0GT0ctfGO7GBsYcBR_yQzi-2GsqId1eUBCjojq_M5LLG','3b71f707b329dff84e75de38cd191313'),(223,6,0,1561864140,1559272141,1559272141,'eyJ0eXAiOiJKV1QiLCJhbGciOiJIUzM4NCJ9.eyJpc3MiOiJodHRwOlwvXC9sdWNpLnZubiIsImF1ZCI6Imh0dHA6XC9cL2x1Y2kudm5jIiwiZXhwIjoxNTYxODY0MTQwLCJqdGkiOjZ9.fLPMfNUPJqFmetueYZIuu-6eTl-4DYvuOuT5QE99aFEIHizIIOsOrtFsone_Xita','ecd37af034797ad8335d3c5d79f5d525'),(224,6,1,1567048140,1559272141,1559272141,'eyJ0eXAiOiJKV1QiLCJhbGciOiJIUzM4NCJ9.eyJpc3MiOiJodHRwOlwvXC9sdWNpLnZubiIsImF1ZCI6Imh0dHA6XC9cL2x1Y2kudm5jIiwiZXhwIjoxNTYxODY0MTQwLCJqdGkiOjYsInRpbWVfcmVmcmVzaCI6MTU2NzA0ODE0MH0.Dt4nJrvPwx4AbIclkBFEp-M2giCK9Bjtwi31QF9qxzLTOUIQe0VsPqXUGF82ENyG','dd97717dfbcba0b6c15286c3d5eef0dd'),(226,1,1,1567061062,1559285062,1559285062,'eyJ0eXAiOiJKV1QiLCJhbGciOiJIUzM4NCJ9.eyJpc3MiOiJodHRwOlwvXC9sdWNpLnZubiIsImF1ZCI6Imh0dHA6XC9cL2x1Y2kudm5jIiwiZXhwIjoxNTYxODc3MDYyLCJqdGkiOjEsInRpbWVfcmVmcmVzaCI6MTU2NzA2MTA2Mn0.c25f4WsOF1TItUBPFbPEQdtyeriH7zw95wAAkKkDJ5RH-axpZoJFZAto3NkOglz5','cdc2c26522b4ebffc538f9b57b125ce0'),(228,1,1,1567062125,1559286126,1559286126,'eyJ0eXAiOiJKV1QiLCJhbGciOiJIUzM4NCJ9.eyJpc3MiOiJodHRwOlwvXC9sdWNpLnZubiIsImF1ZCI6Imh0dHA6XC9cL2x1Y2kudm5jIiwiZXhwIjoxNTYxODc4MTI1LCJqdGkiOjEsInRpbWVfcmVmcmVzaCI6MTU2NzA2MjEyNX0.fQCshBnI1PKOu_7Kh2Hzq2NVrKSa88Fr9l_MNkNyLf_z09zKpHPgQCX85GwzQpFs','195930b78a79e05288ea6764498ad762'),(231,1,0,1561882789,1559290789,1559290789,'eyJ0eXAiOiJKV1QiLCJhbGciOiJIUzM4NCJ9.eyJpc3MiOiJodHRwOlwvXC9sdWNpLnZubiIsImF1ZCI6Imh0dHA6XC9cL2x1Y2kudm5jIiwiZXhwIjoxNTYxODgyNzg5LCJqdGkiOjF9.kgew47b8Wy5_PW6EK_jVFXnvzFPXlU93OxQ3Wb_ElGimcEL52__7bgPtu5CAvtMl','141819dae86743ae2ad005ef346dd145'),(232,1,1,1567066789,1559290789,1559290789,'eyJ0eXAiOiJKV1QiLCJhbGciOiJIUzM4NCJ9.eyJpc3MiOiJodHRwOlwvXC9sdWNpLnZubiIsImF1ZCI6Imh0dHA6XC9cL2x1Y2kudm5jIiwiZXhwIjoxNTYxODgyNzg5LCJqdGkiOjEsInRpbWVfcmVmcmVzaCI6MTU2NzA2Njc4OX0.w5d4iaxC0P-e-lx0ZIrg7OQooxdj5wn-06C40SBUzmUiY0G3Y5fwT5_SOZ_MlGdH','d698f68c4fd996064b62830a9cde74d9'),(233,6,0,1561883036,1559291036,1559291036,'eyJ0eXAiOiJKV1QiLCJhbGciOiJIUzM4NCJ9.eyJpc3MiOiJodHRwOlwvXC9sdWNpLnZubiIsImF1ZCI6Imh0dHA6XC9cL2x1Y2kudm5jIiwiZXhwIjoxNTYxODgzMDM2LCJqdGkiOjZ9.1hN42gqUhZW2VKdqUj9F1NhFYOYn2j5IDRzA7ntAtm6_jYT024MnTRWgdb6bpo9x','39fdc0485fe30e69b87cd6b9a682c5f8'),(234,6,1,1567067036,1559291036,1559291036,'eyJ0eXAiOiJKV1QiLCJhbGciOiJIUzM4NCJ9.eyJpc3MiOiJodHRwOlwvXC9sdWNpLnZubiIsImF1ZCI6Imh0dHA6XC9cL2x1Y2kudm5jIiwiZXhwIjoxNTYxODgzMDM2LCJqdGkiOjYsInRpbWVfcmVmcmVzaCI6MTU2NzA2NzAzNn0.OlGd5uVzEmYXPP5bSNg-MenOhCXagkpkNI0ss4jvqpV000yC0c3RVuCTHWF7KpcK','e638ee24ab52875c8ed6341a437cbeae'),(236,23,1,1567071917,1559295917,1559295917,'eyJ0eXAiOiJKV1QiLCJhbGciOiJIUzM4NCJ9.eyJpc3MiOiJodHRwOlwvXC9sdWNpLnZubiIsImF1ZCI6Imh0dHA6XC9cL2x1Y2kudm5jIiwiZXhwIjoxNTYxODg3OTE3LCJqdGkiOjIzLCJ0aW1lX3JlZnJlc2giOjE1NjcwNzE5MTd9.ypPmI_HQt6rusP1DygHLNO2ZI-cf8232VMLEEJ6lKuYPwvRysQYHqs-RrYq3-41l','126b92f098e319ec4b227df2da83570c'),(237,6,0,1562117486,1559525486,1559525486,'eyJ0eXAiOiJKV1QiLCJhbGciOiJIUzM4NCJ9.eyJpc3MiOiJodHRwOlwvXC9sdWNpLnZubiIsImF1ZCI6Imh0dHA6XC9cL2x1Y2kudm5jIiwiZXhwIjoxNTYyMTE3NDg2LCJqdGkiOjZ9.Fm7lXOIFud8POgZDxq0K8UCA-3u6DGNzcsrmytSjgXMTvHZulpHXkOju0cHJqhfN','2ba9f09772022ad64879da7c4142e70f'),(238,6,1,1567301486,1559525486,1559525486,'eyJ0eXAiOiJKV1QiLCJhbGciOiJIUzM4NCJ9.eyJpc3MiOiJodHRwOlwvXC9sdWNpLnZubiIsImF1ZCI6Imh0dHA6XC9cL2x1Y2kudm5jIiwiZXhwIjoxNTYyMTE3NDg2LCJqdGkiOjYsInRpbWVfcmVmcmVzaCI6MTU2NzMwMTQ4Nn0.etfxPQQqvOymVPAxKAWcEVuxc1wZV7nQKY93ZKXghFrmDepKJc-e4gQQECHfktGL','16cd454b7098716acae749af27b665c3'),(239,23,0,1562117837,1559525837,1559525837,'eyJ0eXAiOiJKV1QiLCJhbGciOiJIUzM4NCJ9.eyJpc3MiOiJodHRwOlwvXC9sdWNpLnZubiIsImF1ZCI6Imh0dHA6XC9cL2x1Y2kudm5jIiwiZXhwIjoxNTYyMTE3ODM3LCJqdGkiOjIzfQ.yPWrr2B31qqsJJwh8hxEReQes3g3UgfYP6DXufpZ1ULZlz2APN5KF72o7XoqhEQo','8a7fefafa78181c1fcb822dfc880af78'),(240,23,1,1567301837,1559525837,1559525837,'eyJ0eXAiOiJKV1QiLCJhbGciOiJIUzM4NCJ9.eyJpc3MiOiJodHRwOlwvXC9sdWNpLnZubiIsImF1ZCI6Imh0dHA6XC9cL2x1Y2kudm5jIiwiZXhwIjoxNTYyMTE3ODM3LCJqdGkiOjIzLCJ0aW1lX3JlZnJlc2giOjE1NjczMDE4Mzd9.qS773Ng9-eWGgIa6kX76mmPShoZP3khbnV7bm2N4WnIDne44NYRV0g6rNZrcT6cK','b9be4641ee129699d62006daf0eaff9e'),(242,23,1,1567310926,1559534927,1559534927,'eyJ0eXAiOiJKV1QiLCJhbGciOiJIUzM4NCJ9.eyJpc3MiOiJodHRwOlwvXC9sdWNpLnZubiIsImF1ZCI6Imh0dHA6XC9cL2x1Y2kudm5jIiwiZXhwIjoxNTYyMTI2OTI2LCJqdGkiOjIzLCJ0aW1lX3JlZnJlc2giOjE1NjczMTA5MjZ9.aDCIgV9ZCmhgQf_RCm3-eiNg17u_mkzWUPQYnPU4pyci9yMOFkOZ_WLZ135MS0Om','020ba146aec6def3ac5a91fa60fa268f'),(243,6,0,1562129119,1559537119,1559537119,'eyJ0eXAiOiJKV1QiLCJhbGciOiJIUzM4NCJ9.eyJpc3MiOiJodHRwOlwvXC9sdWNpLnZubiIsImF1ZCI6Imh0dHA6XC9cL2x1Y2kudm5jIiwiZXhwIjoxNTYyMTI5MTE5LCJqdGkiOjZ9.TAWGLVW6OjL4QpsPH5R_HaiSK4gCg9FglwUyhbaytwvA673kaOcLpywcX9QiWr03','bfd2c598f8e48c9850040d122fb24902'),(244,6,1,1567313119,1559537119,1559537119,'eyJ0eXAiOiJKV1QiLCJhbGciOiJIUzM4NCJ9.eyJpc3MiOiJodHRwOlwvXC9sdWNpLnZubiIsImF1ZCI6Imh0dHA6XC9cL2x1Y2kudm5jIiwiZXhwIjoxNTYyMTI5MTE5LCJqdGkiOjYsInRpbWVfcmVmcmVzaCI6MTU2NzMxMzExOX0.3rVcMlnp0RbpSPbMy1DW6gBwWq4RtsXBC0gLsGhexUTgZPu5ftqWSMs7v2Mog-dj','1afbdc43e9b26d4ee605f2263b79a982'),(245,24,0,1562130170,1559538170,1559538170,'eyJ0eXAiOiJKV1QiLCJhbGciOiJIUzM4NCJ9.eyJpc3MiOiJodHRwOlwvXC9sdWNpLnZubiIsImF1ZCI6Imh0dHA6XC9cL2x1Y2kudm5jIiwiZXhwIjoxNTYyMTMwMTcwLCJqdGkiOjI0fQ.1xkGhkYWN54_cgXuNkg9Ny9ca1BxM5dWmvHgtRSVZrU8oDszamp6uJ_Pi_5ELPgd','4f679d428f7cc6c2b3fbe398e4b266c1'),(246,24,1,1567314170,1559538170,1559538170,'eyJ0eXAiOiJKV1QiLCJhbGciOiJIUzM4NCJ9.eyJpc3MiOiJodHRwOlwvXC9sdWNpLnZubiIsImF1ZCI6Imh0dHA6XC9cL2x1Y2kudm5jIiwiZXhwIjoxNTYyMTMwMTcwLCJqdGkiOjI0LCJ0aW1lX3JlZnJlc2giOjE1NjczMTQxNzB9.Ms1Il-4VbK9nK-bWYliFzfMf3rK7w4gNm7sBrfcf-ZHHvxR8ENPjcyrW_VxGCylY','5e79471c208362a7a1cef3a491ba4004'),(247,5,0,1562131303,1559539304,1559539304,'eyJ0eXAiOiJKV1QiLCJhbGciOiJIUzM4NCJ9.eyJpc3MiOiJodHRwOlwvXC9sdWNpLnZubiIsImF1ZCI6Imh0dHA6XC9cL2x1Y2kudm5jIiwiZXhwIjoxNTYyMTMxMzAzLCJqdGkiOjV9.B-ulkTpKM-_oEbS8G2nJt07ZJnJjFrpKL8qmW7NrrGGG84y6enHI0oY1Pz7BWTlE','5541abc250da8d34e617516a917e39e3'),(248,5,1,1567315303,1559539304,1559539304,'eyJ0eXAiOiJKV1QiLCJhbGciOiJIUzM4NCJ9.eyJpc3MiOiJodHRwOlwvXC9sdWNpLnZubiIsImF1ZCI6Imh0dHA6XC9cL2x1Y2kudm5jIiwiZXhwIjoxNTYyMTMxMzAzLCJqdGkiOjUsInRpbWVfcmVmcmVzaCI6MTU2NzMxNTMwM30.aiduq0DK4x7ruH0t4opv4mgDomdzv6vA0YowETxsFDsw0G4CDk7fOLo9zx2T7Ta1','9e8f8115a85f3bc90fadbbd1eecc92bd'),(250,23,1,1567321419,1559545419,1559545419,'eyJ0eXAiOiJKV1QiLCJhbGciOiJIUzM4NCJ9.eyJpc3MiOiJodHRwOlwvXC9sdWNpLnZubiIsImF1ZCI6Imh0dHA6XC9cL2x1Y2kudm5jIiwiZXhwIjoxNTYyMTM3NDE5LCJqdGkiOjIzLCJ0aW1lX3JlZnJlc2giOjE1NjczMjE0MTl9.d2FtNjBX445EHLQi6w6vR08QC3ZFrssJRHjQ3UKV93EoDkQOR_MCLvj15i9y7zeQ','b45bb98b9c40e250eac8076d994d63c9'),(251,24,0,1562138750,1559546751,1559546751,'eyJ0eXAiOiJKV1QiLCJhbGciOiJIUzM4NCJ9.eyJpc3MiOiJodHRwOlwvXC9sdWNpLnZubiIsImF1ZCI6Imh0dHA6XC9cL2x1Y2kudm5jIiwiZXhwIjoxNTYyMTM4NzUwLCJqdGkiOjI0fQ.1HPPGXAPNsn6UqIf4-KaxHxP3MmGyPjxeajwJPGRWRo_TxLH0XjzuBMPDbGryTlP','1969383dd16304aa22a39e7207853235'),(252,24,1,1567322750,1559546751,1559546751,'eyJ0eXAiOiJKV1QiLCJhbGciOiJIUzM4NCJ9.eyJpc3MiOiJodHRwOlwvXC9sdWNpLnZubiIsImF1ZCI6Imh0dHA6XC9cL2x1Y2kudm5jIiwiZXhwIjoxNTYyMTM4NzUwLCJqdGkiOjI0LCJ0aW1lX3JlZnJlc2giOjE1NjczMjI3NTB9.Rs0Fn6tGOgAT5RBEN0bAbWUxY9F8-CLBicOR2vLzy9OLKef1WtJhXBgAIkf9DyEE','e92f1838833afd425f58ca70031f1f70'),(254,22,1,1567323128,1559547129,1559547129,'eyJ0eXAiOiJKV1QiLCJhbGciOiJIUzM4NCJ9.eyJpc3MiOiJodHRwOlwvXC9sdWNpLnZubiIsImF1ZCI6Imh0dHA6XC9cL2x1Y2kudm5jIiwiZXhwIjoxNTYyMTM5MTI4LCJqdGkiOjIyLCJ0aW1lX3JlZnJlc2giOjE1NjczMjMxMjh9.Xi9_EWFFpkWuEd1hXxzVX4FN3OZcjzkHm6vWADObe2N3ooR42QEzP8b_D2n1jqnL','c177995890f7f6d740f09e92dbe1f1f7'),(256,7,1,1567323136,1559547137,1559547137,'eyJ0eXAiOiJKV1QiLCJhbGciOiJIUzM4NCJ9.eyJpc3MiOiJodHRwOlwvXC9sdWNpLnZubiIsImF1ZCI6Imh0dHA6XC9cL2x1Y2kudm5jIiwiZXhwIjoxNTYyMTM5MTM2LCJqdGkiOjcsInRpbWVfcmVmcmVzaCI6MTU2NzMyMzEzNn0.r6q6FDA4JP7Bya0QJ2n735o0hQPmfB4GNEAa0u2zOlgYHlMP56ZwkHDx-gHnh8hH','7ae38a49783f25073992b29a8b28f810'),(259,19,0,1562143095,1559551095,1559551095,'eyJ0eXAiOiJKV1QiLCJhbGciOiJIUzM4NCJ9.eyJpc3MiOiJodHRwOlwvXC9sdWNpLnZubiIsImF1ZCI6Imh0dHA6XC9cL2x1Y2kudm5jIiwiZXhwIjoxNTYyMTQzMDk1LCJqdGkiOjE5fQ.C2z_kHkUEVmnx_1N8g11L9Hk5Do6yEQXaa8MspgY1fRnLy7Jq54qJ9YbyUHjAmSW','c60e3ddd451c7f6f43d0092dec28015c'),(260,19,1,1567327095,1559551095,1559551095,'eyJ0eXAiOiJKV1QiLCJhbGciOiJIUzM4NCJ9.eyJpc3MiOiJodHRwOlwvXC9sdWNpLnZubiIsImF1ZCI6Imh0dHA6XC9cL2x1Y2kudm5jIiwiZXhwIjoxNTYyMTQzMDk1LCJqdGkiOjE5LCJ0aW1lX3JlZnJlc2giOjE1NjczMjcwOTV9.jAAQLfDwheKuLv7APIZiuhCro19deGob2yuuOuarcz45Nc0vm7LJmjP3Bbx4sd3M','0a0f08cdc1c1a2c2da50192d9a5e1f3e'),(261,7,0,1562209597,1559617597,1559617597,'eyJ0eXAiOiJKV1QiLCJhbGciOiJIUzM4NCJ9.eyJpc3MiOiJodHRwOlwvXC9sdWNpLnZubiIsImF1ZCI6Imh0dHA6XC9cL2x1Y2kudm5jIiwiZXhwIjoxNTYyMjA5NTk3LCJqdGkiOjd9.qXANrMg6PIUnRUk1a3PH0IFYvBlQ4u6vTtH6Qps4V0Wn43Q6FkseX886_q-hlvLe','9a556c856c6b96e1623b904b67e41957'),(262,7,1,1567393597,1559617597,1559617597,'eyJ0eXAiOiJKV1QiLCJhbGciOiJIUzM4NCJ9.eyJpc3MiOiJodHRwOlwvXC9sdWNpLnZubiIsImF1ZCI6Imh0dHA6XC9cL2x1Y2kudm5jIiwiZXhwIjoxNTYyMjA5NTk3LCJqdGkiOjcsInRpbWVfcmVmcmVzaCI6MTU2NzM5MzU5N30._JkTcKVRq7zlYhbGMPmGUYHa1Co7G1TjRSTDAT6zYxTSzjprano35tI4u4Qpu2-O','389b31edbb3a5d55f42f03ae1b18d342'),(263,19,0,1562212743,1559620744,1559620744,'eyJ0eXAiOiJKV1QiLCJhbGciOiJIUzM4NCJ9.eyJpc3MiOiJodHRwOlwvXC9sdWNpLnZubiIsImF1ZCI6Imh0dHA6XC9cL2x1Y2kudm5jIiwiZXhwIjoxNTYyMjEyNzQzLCJqdGkiOjE5fQ.tWcN81vH6za58_l6ExfI-VKe7INLejqdr-6vpVDZXGnaDXysArgvDVra8CcG8JO9','b0aecdd0ad6bfe2a728dedaff85f1f4e'),(264,19,1,1567396743,1559620744,1559620744,'eyJ0eXAiOiJKV1QiLCJhbGciOiJIUzM4NCJ9.eyJpc3MiOiJodHRwOlwvXC9sdWNpLnZubiIsImF1ZCI6Imh0dHA6XC9cL2x1Y2kudm5jIiwiZXhwIjoxNTYyMjEyNzQzLCJqdGkiOjE5LCJ0aW1lX3JlZnJlc2giOjE1NjczOTY3NDN9.45oSv-x5kTsgBspmLJhGml7UZrkFWM-QvpXUKp74_Qkx7C_TbV_dL7lcYMigj22f','3c46b0d1e9cf284a33c348e5e1d15b97'),(265,26,0,1562215391,1559623391,1559623391,'eyJ0eXAiOiJKV1QiLCJhbGciOiJIUzM4NCJ9.eyJpc3MiOiJodHRwOlwvXC9sdWNpLnZubiIsImF1ZCI6Imh0dHA6XC9cL2x1Y2kudm5jIiwiZXhwIjoxNTYyMjE1MzkxLCJqdGkiOjI2fQ.VB-fD5t2PgAVXjAm20ynMTp4Oe2mxetG0M18UiPn7Om4MqyrgaDYJZpOF7Ju_zdl','c1ea50a1c0fe2bca46da458c470e08f4'),(266,26,1,1567399391,1559623391,1559623391,'eyJ0eXAiOiJKV1QiLCJhbGciOiJIUzM4NCJ9.eyJpc3MiOiJodHRwOlwvXC9sdWNpLnZubiIsImF1ZCI6Imh0dHA6XC9cL2x1Y2kudm5jIiwiZXhwIjoxNTYyMjE1MzkxLCJqdGkiOjI2LCJ0aW1lX3JlZnJlc2giOjE1NjczOTkzOTF9.QZTf0dBAsHQ9Itlh6uBHz0fCmXii6b-RSdefsel402X67DjK93xyAB2aYVtqoARP','0266f1091945d5e8518effc8c10a5e5c'),(267,6,0,1562225286,1559633286,1559633286,'eyJ0eXAiOiJKV1QiLCJhbGciOiJIUzM4NCJ9.eyJpc3MiOiJodHRwOlwvXC9sdWNpLnZubiIsImF1ZCI6Imh0dHA6XC9cL2x1Y2kudm5jIiwiZXhwIjoxNTYyMjI1Mjg2LCJqdGkiOjZ9.4YQINwtHlCxLfNetzmERw6qMdMspja8nP0YLUGWqYbFQdtBMJaD8-zi3glg3nJ8k','7289862369bab74d0a38655194c27957'),(268,6,1,1567409286,1559633286,1559633286,'eyJ0eXAiOiJKV1QiLCJhbGciOiJIUzM4NCJ9.eyJpc3MiOiJodHRwOlwvXC9sdWNpLnZubiIsImF1ZCI6Imh0dHA6XC9cL2x1Y2kudm5jIiwiZXhwIjoxNTYyMjI1Mjg2LCJqdGkiOjYsInRpbWVfcmVmcmVzaCI6MTU2NzQwOTI4Nn0.-5R--ELUhM49KOVwRo4viWa3lr9104zoSI7rBVZHXzNjS4t6VkUKpz_Mp2pZAYTb','a335db235fcf711bf2661a4cec1ff9ef'),(270,23,1,1567411236,1559635236,1559635236,'eyJ0eXAiOiJKV1QiLCJhbGciOiJIUzM4NCJ9.eyJpc3MiOiJodHRwOlwvXC9sdWNpLnZubiIsImF1ZCI6Imh0dHA6XC9cL2x1Y2kudm5jIiwiZXhwIjoxNTYyMjI3MjM2LCJqdGkiOjIzLCJ0aW1lX3JlZnJlc2giOjE1Njc0MTEyMzZ9.fbdaMHpQnPVS8q4zz0HxHAXMZLvbqYNBIYWAmqwPBaYZhXh2Vv-d9JEPQm1SrWXi','85a44804f446b972a923816d8b22592d'),(272,6,1,1567473984,1559697984,1559697984,'eyJ0eXAiOiJKV1QiLCJhbGciOiJIUzM4NCJ9.eyJpc3MiOiJodHRwOlwvXC9sdWNpLnZubiIsImF1ZCI6Imh0dHA6XC9cL2x1Y2kudm5jIiwiZXhwIjoxNTYyMjg5OTg0LCJqdGkiOjYsInRpbWVfcmVmcmVzaCI6MTU2NzQ3Mzk4NH0.YqeSb7MO3OR9ywzUwsnkrgOFzjEv7RNI_buCXjndX9S1NTj8HsUI49RQ36BBjX6k','00b9196b73fcc4e963698622250ff404'),(273,29,0,1562296274,1559704274,1559704274,'eyJ0eXAiOiJKV1QiLCJhbGciOiJIUzM4NCJ9.eyJpc3MiOiJodHRwOlwvXC9sdWNpLnZubiIsImF1ZCI6Imh0dHA6XC9cL2x1Y2kudm5jIiwiZXhwIjoxNTYyMjk2Mjc0LCJqdGkiOjI5fQ.AqQIAd9wDOI7YOYlMawZGEi74COUKaqoG71utaRM5QJLQcBEb3u6CX2gNQCbDXdX','f79d72ab7d3d8e3c548eabb2e01a3e82'),(274,29,1,1567480274,1559704274,1559704274,'eyJ0eXAiOiJKV1QiLCJhbGciOiJIUzM4NCJ9.eyJpc3MiOiJodHRwOlwvXC9sdWNpLnZubiIsImF1ZCI6Imh0dHA6XC9cL2x1Y2kudm5jIiwiZXhwIjoxNTYyMjk2Mjc0LCJqdGkiOjI5LCJ0aW1lX3JlZnJlc2giOjE1Njc0ODAyNzR9.BUm4R0CVsbnPmx_8GcTs872aHxzTMia7eja_hABElrnL4w9yy4xN_3qMbOiORzN7','94c782ef381a1444d148f8de152ebd30'),(275,26,0,1562310194,1559718195,1559718195,'eyJ0eXAiOiJKV1QiLCJhbGciOiJIUzM4NCJ9.eyJpc3MiOiJodHRwOlwvXC9sdWNpLnZubiIsImF1ZCI6Imh0dHA6XC9cL2x1Y2kudm5jIiwiZXhwIjoxNTYyMzEwMTk0LCJqdGkiOjI2fQ.O0xCv9Zegw8eTnmAi_qTOTSoRreUlAznvGcOeAuggZIXmoqAbFmfBPkK19iYoCFm','3e17efc95dc4d1d706b9c9ef41fd133f'),(276,26,1,1567494194,1559718195,1559718195,'eyJ0eXAiOiJKV1QiLCJhbGciOiJIUzM4NCJ9.eyJpc3MiOiJodHRwOlwvXC9sdWNpLnZubiIsImF1ZCI6Imh0dHA6XC9cL2x1Y2kudm5jIiwiZXhwIjoxNTYyMzEwMTk0LCJqdGkiOjI2LCJ0aW1lX3JlZnJlc2giOjE1Njc0OTQxOTR9.gss11hjPAGaIyyGjPpfi4Z7nPaVVeBfTq241pPQJ7ES-GuaqVFXReu7s7R4qTyXV','f7f3c848614d14d0dc063aba1581e7c4'),(277,33,0,1562310516,1559718516,1559718516,'eyJ0eXAiOiJKV1QiLCJhbGciOiJIUzM4NCJ9.eyJpc3MiOiJodHRwOlwvXC9sdWNpLnZubiIsImF1ZCI6Imh0dHA6XC9cL2x1Y2kudm5jIiwiZXhwIjoxNTYyMzEwNTE2LCJqdGkiOjMzfQ.3Rip42YmCd8Fo7qe07WDHM6_FBPsPXYH23HQo7Vm3r8Mqa1exSrjnHBDWIaX1yoG','d1cea48d535c399faaa52335bf4cc2a5'),(278,33,1,1567494516,1559718516,1559718516,'eyJ0eXAiOiJKV1QiLCJhbGciOiJIUzM4NCJ9.eyJpc3MiOiJodHRwOlwvXC9sdWNpLnZubiIsImF1ZCI6Imh0dHA6XC9cL2x1Y2kudm5jIiwiZXhwIjoxNTYyMzEwNTE2LCJqdGkiOjMzLCJ0aW1lX3JlZnJlc2giOjE1Njc0OTQ1MTZ9.850EPfNJkOwB6H1GtTNFccrgnS9iMcxO1A3aPIC9LTf9r8Kb9zh3N1e0YnsoYJZc','e0ecb11e4a394c2a956c3f9daa7fa006'),(279,31,0,1562311848,1559719848,1559719848,'eyJ0eXAiOiJKV1QiLCJhbGciOiJIUzM4NCJ9.eyJpc3MiOiJodHRwOlwvXC9sdWNpLnZubiIsImF1ZCI6Imh0dHA6XC9cL2x1Y2kudm5jIiwiZXhwIjoxNTYyMzExODQ4LCJqdGkiOjMxfQ.fwAhoFEj24uKE1CNKav-o--ijobCGAv3e_Pxq9dbvR_p3PMp7xWXV9OEwTljtO4E','ce0ffe7a88189664017b9d189107747e'),(280,31,1,1567495848,1559719848,1559719848,'eyJ0eXAiOiJKV1QiLCJhbGciOiJIUzM4NCJ9.eyJpc3MiOiJodHRwOlwvXC9sdWNpLnZubiIsImF1ZCI6Imh0dHA6XC9cL2x1Y2kudm5jIiwiZXhwIjoxNTYyMzExODQ4LCJqdGkiOjMxLCJ0aW1lX3JlZnJlc2giOjE1Njc0OTU4NDh9.H9kEFhlwaVI6y1AHR2KOcQk9W1wn8lOBI001aHr-SHvMPRclZ_MO_rvgTCTkLw1g','c96575832dafc14a0f49deca53adf25f'),(281,6,0,1562313832,1559721832,1559721832,'eyJ0eXAiOiJKV1QiLCJhbGciOiJIUzM4NCJ9.eyJpc3MiOiJodHRwOlwvXC9sdWNpLnZubiIsImF1ZCI6Imh0dHA6XC9cL2x1Y2kudm5jIiwiZXhwIjoxNTYyMzEzODMyLCJqdGkiOjZ9.UiU1GT0Ie78ZGR6vi8mT68PMN376hL3hLWGj9_4yH2SEEcVtnzv002A1Lq1XjHFD','1b6d2b7d9f3f83b2acbb635a1ee7cc08'),(282,6,1,1567497832,1559721832,1559721832,'eyJ0eXAiOiJKV1QiLCJhbGciOiJIUzM4NCJ9.eyJpc3MiOiJodHRwOlwvXC9sdWNpLnZubiIsImF1ZCI6Imh0dHA6XC9cL2x1Y2kudm5jIiwiZXhwIjoxNTYyMzEzODMyLCJqdGkiOjYsInRpbWVfcmVmcmVzaCI6MTU2NzQ5NzgzMn0.CcTYEQJ8pRhJQWdPLDw85CClLSVaVNOj8KcuTMMpKTdsEWLkuf2rFy3RpFhC900_','d35611bf92d7730a86aa999d345d6918'),(283,6,0,1562313847,1559721848,1559721848,'eyJ0eXAiOiJKV1QiLCJhbGciOiJIUzM4NCJ9.eyJpc3MiOiJodHRwOlwvXC9sdWNpLnZubiIsImF1ZCI6Imh0dHA6XC9cL2x1Y2kudm5jIiwiZXhwIjoxNTYyMzEzODQ3LCJqdGkiOjZ9.BuO0m2979d_dU_CPBVSjdPjGLO5P39RZuzdVccG0GyN19lctpRUKe7IH6K3jdTGZ','84cf7b271e75ca3cbc3b4a4078f349b2'),(284,6,1,1567497847,1559721848,1559721848,'eyJ0eXAiOiJKV1QiLCJhbGciOiJIUzM4NCJ9.eyJpc3MiOiJodHRwOlwvXC9sdWNpLnZubiIsImF1ZCI6Imh0dHA6XC9cL2x1Y2kudm5jIiwiZXhwIjoxNTYyMzEzODQ3LCJqdGkiOjYsInRpbWVfcmVmcmVzaCI6MTU2NzQ5Nzg0N30.DGCvAqIrM3U00f1m7Ru-pDhLV4Gv83M6IHKF5AfQA0kttTmsBESazcGnTfzIoD4U','27cb062ec3e4f842ee65d4b32ce15e59'),(285,7,0,1562342023,1559750023,1559750023,'eyJ0eXAiOiJKV1QiLCJhbGciOiJIUzM4NCJ9.eyJpc3MiOiJodHRwOlwvXC9sdWNpLnZubiIsImF1ZCI6Imh0dHA6XC9cL2x1Y2kudm5jIiwiZXhwIjoxNTYyMzQyMDIzLCJqdGkiOjd9.40UmDg_w60eX_7XAIjd1sIH7OLzEGAunCP7gm4WVnFQqibRUcSARxfBQt8tbdjbc','4dd7f467ed9908e302886b4723811cb9'),(286,7,1,1567526023,1559750023,1559750023,'eyJ0eXAiOiJKV1QiLCJhbGciOiJIUzM4NCJ9.eyJpc3MiOiJodHRwOlwvXC9sdWNpLnZubiIsImF1ZCI6Imh0dHA6XC9cL2x1Y2kudm5jIiwiZXhwIjoxNTYyMzQyMDIzLCJqdGkiOjcsInRpbWVfcmVmcmVzaCI6MTU2NzUyNjAyM30.9gfVIgmj6Ib5ao4Ncjc4PfIZElUMzrIJ2-PwYlL68UNbmDb0mo4LUuy5-aUbjaYj','278f496a180f9bdcd4bf62624b7c9dfd'),(287,30,0,1562375711,1559783712,1559783712,'eyJ0eXAiOiJKV1QiLCJhbGciOiJIUzM4NCJ9.eyJpc3MiOiJodHRwOlwvXC9sdWNpLnZubiIsImF1ZCI6Imh0dHA6XC9cL2x1Y2kudm5jIiwiZXhwIjoxNTYyMzc1NzExLCJqdGkiOjMwfQ.v36OchgRGqqFA72Jm3RqEvz5__IuLfhpTvGY73ic4ARPHZnn6XDnxBenESlQUEFx','d1ae9680277af71c93eb9e95bfb16b2e'),(288,30,1,1567559711,1559783712,1559783712,'eyJ0eXAiOiJKV1QiLCJhbGciOiJIUzM4NCJ9.eyJpc3MiOiJodHRwOlwvXC9sdWNpLnZubiIsImF1ZCI6Imh0dHA6XC9cL2x1Y2kudm5jIiwiZXhwIjoxNTYyMzc1NzExLCJqdGkiOjMwLCJ0aW1lX3JlZnJlc2giOjE1Njc1NTk3MTF9.Py93HuOgOZ08nnVyU5yUY8WwI0iHZO7gqlHMYb-fLY3NjN2OhxWv6jvxVQJC0sY2','a8503076b94711ae576de1dd23e9e4dc'),(289,29,0,1562377361,1559785361,1559785361,'eyJ0eXAiOiJKV1QiLCJhbGciOiJIUzM4NCJ9.eyJpc3MiOiJodHRwOlwvXC9sdWNpLnZubiIsImF1ZCI6Imh0dHA6XC9cL2x1Y2kudm5jIiwiZXhwIjoxNTYyMzc3MzYxLCJqdGkiOjI5fQ.hvbt1xsFG4y2FPtI4qt1zfw1F0pzxzlviJT-xO2PuFqm-bcVP3ICSepas5LKUTHP','2dab5a295624390a618d675586da0f46'),(290,29,1,1567561361,1559785361,1559785361,'eyJ0eXAiOiJKV1QiLCJhbGciOiJIUzM4NCJ9.eyJpc3MiOiJodHRwOlwvXC9sdWNpLnZubiIsImF1ZCI6Imh0dHA6XC9cL2x1Y2kudm5jIiwiZXhwIjoxNTYyMzc3MzYxLCJqdGkiOjI5LCJ0aW1lX3JlZnJlc2giOjE1Njc1NjEzNjF9.wSLXrE5J2jHYkJvtf1l3XtDUi_x3QJyIF9EiiDiCh1iDPIC8WivYrFuzgZBw15nw','c778d3f0d61412b6775d7f4a0b0a5de6'),(291,19,0,1562378045,1559786045,1559786045,'eyJ0eXAiOiJKV1QiLCJhbGciOiJIUzM4NCJ9.eyJpc3MiOiJodHRwOlwvXC9sdWNpLnZubiIsImF1ZCI6Imh0dHA6XC9cL2x1Y2kudm5jIiwiZXhwIjoxNTYyMzc4MDQ1LCJqdGkiOjE5fQ.vj_c2Y_U2UFFj2JLlInd87LThH4_oJpUnXLfYrkws7DDIhe8WgJp0_UOTfH_3YkF','77c4d8ff3e670a775dfbbcd8a50529b5'),(292,19,1,1567562045,1559786045,1559786045,'eyJ0eXAiOiJKV1QiLCJhbGciOiJIUzM4NCJ9.eyJpc3MiOiJodHRwOlwvXC9sdWNpLnZubiIsImF1ZCI6Imh0dHA6XC9cL2x1Y2kudm5jIiwiZXhwIjoxNTYyMzc4MDQ1LCJqdGkiOjE5LCJ0aW1lX3JlZnJlc2giOjE1Njc1NjIwNDV9.i9Epkp6ET04yBo6sGAPBRoQCCs2alhvEGWXcE16CT4BziykNTcsvzUgdcBaqGeeO','5dc486eb1aeb1b913bd744f3fb67de6c');
/*!40000 ALTER TABLE `management_user_access_token` ENABLE KEYS */;
UNLOCK TABLES;

--
-- Table structure for table `management_user_device_token`
--

DROP TABLE IF EXISTS `management_user_device_token`;
/*!40101 SET @saved_cs_client     = @@character_set_client */;
/*!40101 SET character_set_client = utf8 */;
CREATE TABLE `management_user_device_token` (
  `id` int(11) NOT NULL AUTO_INCREMENT,
  `management_user_id` int(11) NOT NULL COMMENT 'id user management',
  `device_token` varchar(255) DEFAULT NULL COMMENT 'token nhận notify push theo từng device',
  `created_at` int(11) DEFAULT NULL,
  `updated_at` int(11) DEFAULT NULL,
  `management_user_access_token_id` int(11) DEFAULT NULL,
  PRIMARY KEY (`id`),
  KEY `idx-management_user_device_token-management_user_id` (`management_user_id`),
  KEY `idx-management_user_device_token-management_user_access_token_id` (`management_user_access_token_id`)
) ENGINE=InnoDB AUTO_INCREMENT=91 DEFAULT CHARSET=utf8;
/*!40101 SET character_set_client = @saved_cs_client */;

--
-- Dumping data for table `management_user_device_token`
--

LOCK TABLES `management_user_device_token` WRITE;
/*!40000 ALTER TABLE `management_user_device_token` DISABLE KEYS */;
INSERT INTO `management_user_device_token` VALUES (15,1,'5147f4b4-e8fa-48c8-a5cf-966024c947b0',1559106052,1559106052,173),(16,1,'5147f4b4-e8fa-48c8-a5cf-966024c947b0',1559106124,1559106124,175),(17,1,'5147f4b4-e8fa-48c8-a5cf-966024c947b0',1559106142,1559106142,177),(18,1,'5147f4b4-e8fa-48c8-a5cf-966024c947b0',1559108796,1559108796,183),(19,1,'5147f4b4-e8fa-48c8-a5cf-966024c947b0',1559109151,1559109151,185),(20,1,'5147f4b4-e8fa-48c8-a5cf-966024c947b0',1559109437,1559109437,187),(21,1,'5147f4b4-e8fa-48c8-a5cf-966024c947b0',1559109871,1559109871,193),(22,1,'5147f4b4-e8fa-48c8-a5cf-966024c947b0',1559109886,1559109886,195),(23,1,'5147f4b4-e8fa-48c8-a5cf-966024c947b0',1559110103,1559110103,199),(24,1,'5147f4b4-e8fa-48c8-a5cf-966024c947b0',1559110107,1559110107,199),(25,1,'5147f4b4-e8fa-48c8-a5cf-966024c947b0',1559110195,1559110195,199),(26,1,'5147f4b4-e8fa-48c8-a5cf-966024c947b0',1559110220,1559110220,199),(27,1,'5147f4b4-e8fa-48c8-a5cf-966024c947b0',1559110944,1559110944,199),(28,1,'5147f4b4-e8fa-48c8-a5cf-966024c947b0',1559110956,1559110956,199),(29,1,'5147f4b4-e8fa-48c8-a5cf-966024c947b0',1559110984,1559110984,199),(30,1,'5147f4b4-e8fa-48c8-a5cf-966024c947b0',1559111030,1559111030,199),(31,1,'5147f4b4-e8fa-48c8-a5cf-966024c947b0',1559111076,1559111076,199),(32,1,'5147f4b4-e8fa-48c8-a5cf-966024c947b0',1559111375,1559111375,199),(33,1,'5147f4b4-e8fa-48c8-a5cf-966024c947b0',1559111390,1559111390,199),(34,1,'5147f4b4-e8fa-48c8-a5cf-966024c947b0',1559111459,1559111459,199),(35,1,'5147f4b4-e8fa-48c8-a5cf-966024c947b0',1559111501,1559111501,199),(36,1,'5147f4b4-e8fa-48c8-a5cf-966024c947b0',1559111528,1559111528,199),(37,1,'5147f4b4-e8fa-48c8-a5cf-966024c947b0',1559111538,1559111538,199),(38,1,'5147f4b4-e8fa-48c8-a5cf-966024c947b0',1559111583,1559111583,199),(39,1,'5147f4b4-e8fa-48c8-a5cf-966024c947b0',1559111695,1559111695,199),(40,1,'5147f4b4-e8fa-48c8-a5cf-966024c947b0',1559111698,1559111698,199),(41,1,'5147f4b4-e8fa-48c8-a5cf-966024c947b0',1559111744,1559111744,199),(42,1,'5147f4b4-e8fa-48c8-a5cf-966024c947b0',1559111768,1559111768,199),(43,1,'5147f4b4-e8fa-48c8-a5cf-966024c947b0',1559111775,1559111775,199),(44,1,'5147f4b4-e8fa-48c8-a5cf-966024c947b0',1559111785,1559111785,199),(45,1,'5147f4b4-e8fa-48c8-a5cf-966024c947b0',1559111977,1559111977,199),(46,1,'5147f4b4-e8fa-48c8-a5cf-966024c947b0',1559111983,1559111983,199),(47,1,'5147f4b4-e8fa-48c8-a5cf-966024c947b0',1559111990,1559111990,199),(79,18,'7f9db671-7359-436f-b24c-625e4bd02c58',1559527281,1559527281,213),(82,7,'c05ac389-e8ed-499b-a495-d19cd6514561',1559617599,1559617599,261),(83,6,'507abe8b-22e8-46b9-a35d-ec46e8d14f43',1559629859,1559629859,237),(85,33,'e12a657c-838d-4546-9e83-62a3f2960ae5',1559718518,1559718518,277),(86,31,'341e62dc-af2a-44fc-af35-5e016dc509a7',1559719850,1559719850,279),(87,18,'75d39056-207c-49b3-830a-abccd9cba5fc',1559723258,1559723258,213),(88,7,'3e5aff2f-a1c7-48bb-af4a-699b9a872dc7',1559749665,1559750025,285),(89,19,'272a848e-576e-4b65-bac5-2b9a2ad90225',1559786046,1559786046,291),(90,1,'50ad3b2b-8822-4915-a3af-488c57e4d5ea',1559843872,1559843872,231);
/*!40000 ALTER TABLE `management_user_device_token` ENABLE KEYS */;
UNLOCK TABLES;

--
-- Table structure for table `management_user_login_log`
--

DROP TABLE IF EXISTS `management_user_login_log`;
/*!40101 SET @saved_cs_client     = @@character_set_client */;
/*!40101 SET character_set_client = utf8 */;
CREATE TABLE `management_user_login_log` (
  `id` int(11) NOT NULL AUTO_INCREMENT,
  `type` int(1) DEFAULT 0 COMMENT '0 - từ api, 1- từ backend',
  `time` int(11) DEFAULT NULL COMMENT 'Thời điểm login',
  `ip` varchar(20) DEFAULT NULL COMMENT 'địa chỉ ip login',
  PRIMARY KEY (`id`)
) ENGINE=InnoDB AUTO_INCREMENT=306 DEFAULT CHARSET=utf8;
/*!40101 SET character_set_client = @saved_cs_client */;

--
-- Dumping data for table `management_user_login_log`
--

LOCK TABLES `management_user_login_log` WRITE;
/*!40000 ALTER TABLE `management_user_login_log` DISABLE KEYS */;
INSERT INTO `management_user_login_log` VALUES (176,0,1558540394,'171.241.73.82'),(177,0,1558540574,'171.241.73.82');
/*!40000 ALTER TABLE `management_user_login_log` ENABLE KEYS */;
UNLOCK TABLES;

--
-- Table structure for table `management_user_notify`
--

DROP TABLE IF EXISTS `management_user_notify`;
/*!40101 SET @saved_cs_client     = @@character_set_client */;
/*!40101 SET character_set_client = utf8 */;
CREATE TABLE `management_user_notify` (
  `id` int(11) NOT NULL AUTO_INCREMENT,
  `building_cluster_id` int(11) NOT NULL,
  `building_area_id` int(11) DEFAULT NULL,
  `management_user_id` int(11) DEFAULT NULL,
  `title` varchar(255) COLLATE utf8_unicode_ci DEFAULT NULL,
  `description` text COLLATE utf8_unicode_ci DEFAULT NULL,
  `type` int(11) DEFAULT 0 COMMENT '0 - request, 1 - request answer, 2 - request answer internal, 3 - service bill',
  `is_read` int(11) DEFAULT 0 COMMENT '0 - chưa đọc, 1 - đã đọc',
  `is_hidden` int(11) DEFAULT 0 COMMENT '0 - chưa ẩn, 1 - đã ẩn',
  `request_id` int(11) DEFAULT NULL,
  `request_answer_id` int(11) DEFAULT NULL,
  `request_answer_internal_id` int(11) DEFAULT NULL,
  `service_bill_id` int(11) DEFAULT NULL,
  `created_at` int(11) DEFAULT NULL,
  `updated_at` int(11) DEFAULT NULL,
  PRIMARY KEY (`id`),
  KEY `idx-management_user_notify-building_cluster_id` (`building_cluster_id`),
  KEY `idx-management_user_notify-building_area_id` (`building_area_id`),
  KEY `idx-management_user_notify-management_user_id` (`management_user_id`),
  KEY `idx-management_user_notify-type` (`type`),
  KEY `idx-management_user_notify-is_read` (`is_read`),
  KEY `idx-management_user_notify-is_hidden` (`is_hidden`),
  KEY `idx-management_user_notify-request_id` (`request_id`),
  KEY `idx-management_user_notify-request_answer_id` (`request_answer_id`),
  KEY `idx-management_user_notify-request_answer_internal_id` (`request_answer_internal_id`),
  KEY `idx-management_user_notify-service_bill_id` (`service_bill_id`)
) ENGINE=InnoDB AUTO_INCREMENT=31 DEFAULT CHARSET=utf8 COLLATE=utf8_unicode_ci;
/*!40101 SET character_set_client = @saved_cs_client */;

--
-- Dumping data for table `management_user_notify`
--

LOCK TABLES `management_user_notify` WRITE;
/*!40000 ALTER TABLE `management_user_notify` DISABLE KEYS */;
INSERT INTO `management_user_notify` VALUES (1,1,23,4,'[Yêu cầu] Có cháy ở tầng hầm','Như Lực(Tòa S2/Tầng 5/204): Có cháy ở tầng hầm',0,0,0,39,NULL,NULL,NULL,NULL,NULL),(2,1,23,8,'[Yêu cầu] Có cháy ở tầng hầm','Như Lực(Tòa S2/Tầng 5/204): Có cháy ở tầng hầm',0,0,0,39,NULL,NULL,NULL,NULL,NULL),(3,1,23,12,'[Yêu cầu] Có cháy ở tầng hầm','Như Lực(Tòa S2/Tầng 5/204): Có cháy ở tầng hầm',0,0,0,39,NULL,NULL,NULL,NULL,NULL),(4,1,23,16,'[Yêu cầu] Có cháy ở tầng hầm','Như Lực(Tòa S2/Tầng 5/204): Có cháy ở tầng hầm',0,0,0,39,NULL,NULL,NULL,NULL,NULL),(5,1,23,20,'[Yêu cầu] Có cháy ở tầng hầm','Như Lực(Tòa S2/Tầng 5/204): Có cháy ở tầng hầm',0,0,0,39,NULL,NULL,NULL,NULL,NULL),(6,2,26,7,'[Yêu cầu] Sửa chữa','Phạm Duy Đạt(Luci 1/Tang 1/209): Sửa chữa',0,1,0,26,NULL,NULL,NULL,NULL,NULL),(7,2,26,18,'[Yêu cầu] Sửa chữa','Phạm Duy Đạt(Luci 1/Tang 1/209): Sửa chữa',0,1,0,26,NULL,NULL,NULL,NULL,NULL),(8,2,27,7,'[Yêu cầu] Tổng hợp','Phạm Duy Đạt(Luci 1/Tang 2/202): Test thông báo trên web. BQL có nhận được không?',0,1,0,56,NULL,NULL,NULL,NULL,NULL),(9,2,27,18,'[Yêu cầu] Tổng hợp','Phạm Duy Đạt(Luci 1/Tang 2/202): Test thông báo trên web. BQL có nhận được không?',0,1,0,56,NULL,NULL,NULL,NULL,NULL),(10,2,27,21,'[Yêu cầu] Tổng hợp','Phạm Duy Đạt(Luci 1/Tang 2/202): Test thông báo trên web. BQL có nhận được không?',0,0,0,56,NULL,NULL,NULL,NULL,NULL),(11,2,27,7,'[Yêu cầu] Test thông báo trên web. BQL có nhận được không?','Phạm Duy Đạt(Luci 1/Tang 2/202): Test thông báo trên web. BQL có nhận được không?',0,1,0,56,NULL,NULL,NULL,NULL,NULL),(12,2,27,18,'[Yêu cầu] Test thông báo trên web. BQL có nhận được không?','Phạm Duy Đạt(Luci 1/Tang 2/202): Test thông báo trên web. BQL có nhận được không?',0,1,0,56,NULL,NULL,NULL,NULL,NULL),(13,2,27,21,'[Yêu cầu] Test thông báo trên web. BQL có nhận được không?','Phạm Duy Đạt(Luci 1/Tang 2/202): Test thông báo trên web. BQL có nhận được không?',0,0,0,56,NULL,NULL,NULL,NULL,NULL),(14,2,27,7,'[Yêu cầu] Test thông báo trên web. BQL có nhận được không?','Phạm Duy Đạt(Luci 1/Tang 2/202): Test thông báo trên web. BQL có nhận được không?',0,1,0,56,NULL,NULL,NULL,NULL,NULL),(15,2,27,18,'[Yêu cầu] Test thông báo trên web. BQL có nhận được không?','Phạm Duy Đạt(Luci 1/Tang 2/202): Test thông báo trên web. BQL có nhận được không?',0,1,0,56,NULL,NULL,NULL,NULL,NULL),(16,2,27,21,'[Yêu cầu] Test thông báo trên web. BQL có nhận được không?','Phạm Duy Đạt(Luci 1/Tang 2/202): Test thông báo trên web. BQL có nhận được không?',0,0,0,56,NULL,NULL,NULL,NULL,NULL),(17,2,27,7,'[Yêu cầu] Test thông báo trên web. BQL có nhận được không?','Test thông báo trên web. BQL có nhận được không?',0,1,0,56,NULL,NULL,NULL,NULL,NULL),(18,2,27,21,'[Yêu cầu] Test thông báo trên web. BQL có nhận được không?','Test thông báo trên web. BQL có nhận được không?',0,0,0,56,NULL,NULL,NULL,NULL,NULL),(19,2,27,7,'[Yêu cầu] Test thông báo trên web. BQL có nhận được không?','Test thông báo trên web. BQL có nhận được không?',0,1,0,56,NULL,NULL,NULL,NULL,NULL),(20,2,27,21,'[Yêu cầu] Test thông báo trên web. BQL có nhận được không?','Test thông báo trên web. BQL có nhận được không?',0,0,0,56,NULL,NULL,NULL,NULL,NULL),(21,2,27,7,'[Yêu cầu] Ko biết BQL đã nhận được xèng chưa','Ko biết BQL đã nhận được xèng chưa',0,1,0,55,NULL,NULL,NULL,NULL,NULL),(22,2,27,21,'[Yêu cầu] Ko biết BQL đã nhận được xèng chưa','Ko biết BQL đã nhận được xèng chưa',0,0,0,55,NULL,NULL,NULL,NULL,NULL),(23,2,27,7,'[Yêu cầu] Ko biết BQL đã nhận được xèng chưa','Pham Duy Dat(Trưởng BQT): Kính chào quý cư dân, chúng tôi đã nhận được thông tin thanh toán. Chúng tôi sẽ kiểm tra tài khoản nhận thanh toán và phản hồi lại sau.',1,1,0,55,142,NULL,NULL,NULL,NULL),(24,2,27,21,'[Yêu cầu] Ko biết BQL đã nhận được xèng chưa','Pham Duy Dat(Trưởng BQT): Kính chào quý cư dân, chúng tôi đã nhận được thông tin thanh toán. Chúng tôi sẽ kiểm tra tài khoản nhận thanh toán và phản hồi lại sau.',1,0,0,55,142,NULL,NULL,NULL,NULL),(25,2,27,7,'[Yêu cầu] Tổng hợp','Dương Quốc Huy(Luci 1/Tang 2/203): Thông tin sai về thông bái',0,1,0,57,NULL,NULL,NULL,NULL,NULL),(26,2,27,18,'[Yêu cầu] Tổng hợp','Dương Quốc Huy(Luci 1/Tang 2/203): Thông tin sai về thông bái',0,1,0,57,NULL,NULL,NULL,NULL,NULL),(27,2,27,21,'[Yêu cầu] Tổng hợp','Dương Quốc Huy(Luci 1/Tang 2/203): Thông tin sai về thông bái',0,0,0,57,NULL,NULL,NULL,NULL,NULL),(28,2,26,7,'[Yêu cầu] Tổng hợp','Phạm Duy Đạt(Luci 1/Tang 1/209): BQL xem lại. Nhà tôi đăng ký có 1 xe máy, 1 xe đạp điện thôi ạ',0,1,0,58,NULL,NULL,NULL,1559787724,1559787724),(29,2,26,18,'[Yêu cầu] Tổng hợp','Phạm Duy Đạt(Luci 1/Tang 1/209): BQL xem lại. Nhà tôi đăng ký có 1 xe máy, 1 xe đạp điện thôi ạ',0,1,0,58,NULL,NULL,NULL,1559787724,1559787724),(30,2,26,21,'[Yêu cầu] Tổng hợp','Phạm Duy Đạt(Luci 1/Tang 1/209): BQL xem lại. Nhà tôi đăng ký có 1 xe máy, 1 xe đạp điện thôi ạ',0,0,0,58,NULL,NULL,NULL,1559787724,1559787724);
/*!40000 ALTER TABLE `management_user_notify` ENABLE KEYS */;
UNLOCK TABLES;

--
-- Table structure for table `migration`
--

DROP TABLE IF EXISTS `migration`;
/*!40101 SET @saved_cs_client     = @@character_set_client */;
/*!40101 SET character_set_client = utf8 */;
CREATE TABLE `migration` (
  `version` varchar(180) NOT NULL,
  `apply_time` int(11) DEFAULT NULL,
  PRIMARY KEY (`version`)
) ENGINE=InnoDB DEFAULT CHARSET=utf8;
/*!40101 SET character_set_client = @saved_cs_client */;

--
-- Dumping data for table `migration`
--

LOCK TABLES `migration` WRITE;
/*!40000 ALTER TABLE `migration` DISABLE KEYS */;
INSERT INTO `migration` VALUES ('m000000_000000_base',1557738623),('m130524_201442_init',1557738627),('m190506_081425_add_all_table_rbac',1557738627),('m190514_013031_create_management_user_login_log_table',1557800551),('m190514_030022_drop_colum_username_in_management_user',1557802984),('m190514_033208_add_colum_code_in_verify_code',1557809372),('m190514_034438_add_colum_building_cluster_id_in_management_user',1557809372),('m190514_085145_create_building_area_map_management_user_table',1557824066),('m190515_012833_create_city_table',1557884869),('m190515_012848_create_district_table',1557884869),('m190515_012904_create_wards_table',1557884869),('m190515_013340_add_data_city_district_wards',1557884880),('m190515_084745_add_table_announce_category',1558078188),('m190516_031058_add_colum_apartment_name_in_apartment_map_resident_user',1557977032),('m190516_041259_add_colum_code_in_apartment',1557989800),('m190516_042640_add_colum_resident_in_apartment_map_resident_user',1557989800),('m190516_080103_create_request_table',1557996696),('m190517_045329_create_token_device_table',1558074829),('m190517_064242_add_colum_parent_path_in_building_area',1558078188),('m190517_082529_modify_annoucement_table',1558089901),('m190520_014717_add_colum_totall_answer_in_request_table',1558317437),('m190521_081840_modify_request_map_auth_group_table',1558427641),('m190521_090514_add_colum_total_apartment_send_total_apartment_open_in_campaign_table',1558430246),('m190523_042156_modify_requset_category_map_auth_group_table',1558587317),('m190523_050350_add_colum_active_app_in_resident_user_table',1558589478),('m190523_051550_add_token_hash_in_user_token_table',1558589478),('m190524_072243_add_colum_access_token_id_in_device_token',1558683749),('m190525_034424_modify_colum_in_campaign',1558756082),('m190527_023715_user_backend',1558927989),('m190528_023405_add_colum_tag_in_auth_item_table',1559011610),('m190528_025131_create_service_table',1559030752),('m190528_081443_update_service_table',1559035108),('m190529_015450_add_colum_service_type_in_service_map_management',1559098627),('m190529_065348_create_service_payment_fee_table',1559117139),('m190529_082001_create_service_bill_table',1559120300),('m190530_015353_add_colum_parent_path_in_apartment',1559183843),('m190530_015719_add_colum_service_base_url_in_service_map_management',1559191878),('m190531_040148_modify_colum_description_in_service',1559275452),('m190531_040514_modify_colum_description_in_service_map_management',1559275613),('m190603_014655_add_colum_icon_name_in_service',1559526941),('m190603_073125_add_colum_one_signal_app_id_in_building_cluster',1559547488),('m190603_075947_create_request_report_date_table',1559558721),('m190604_021642_add_colum_one_signal_api_key_in_building_cluster',1559614752),('m190604_030222_add_colum_install_app_in_apartment_map_resident_user',1559620688),('m190605_013021_create_service_fee_report_date',1559699370),('m190605_013601_update_index_reqpest_report_date',1559699370),('m190605_034514_create_notify_table',1559710927),('m190605_085713_create_service_utility_free_table',1559727910),('m190605_100503_create_service_building_config_table',1559731362),('m190606_020932_add_total_price_table_bill',1559789880),('m190606_030628_add_colum_offset_day_in_service_building_config',1559790638),('m190606_102254_add_service_provider_table_service_bill',1559828697);
/*!40000 ALTER TABLE `migration` ENABLE KEYS */;
UNLOCK TABLES;

--
-- Table structure for table `request`
--

DROP TABLE IF EXISTS `request`;
/*!40101 SET @saved_cs_client     = @@character_set_client */;
/*!40101 SET character_set_client = utf8 */;
CREATE TABLE `request` (
  `id` int(11) NOT NULL AUTO_INCREMENT,
  `title` varchar(255) COLLATE utf8_unicode_ci DEFAULT NULL,
  `content` text COLLATE utf8_unicode_ci DEFAULT NULL,
  `attach` text COLLATE utf8_unicode_ci DEFAULT NULL,
  `request_category_id` int(11) DEFAULT NULL,
  `resident_user_id` int(11) DEFAULT NULL COMMENT 'Resident user tạo yêu cầu',
  `building_cluster_id` int(11) DEFAULT NULL,
  `building_area_id` int(11) DEFAULT NULL,
  `apartment_id` int(11) DEFAULT NULL,
  `is_deleted` int(1) DEFAULT 0 COMMENT '0 : chưa xóa, 1 : đã xóa',
  `created_at` int(11) DEFAULT NULL,
  `updated_at` int(11) DEFAULT NULL,
  `created_by` int(11) DEFAULT NULL,
  `updated_by` int(11) DEFAULT NULL,
  `status` int(11) DEFAULT 0,
  `total_answer` int(11) DEFAULT 0 COMMENT 'Tổng số câu trả lời',
  PRIMARY KEY (`id`),
  KEY `idx-request-resident_user_id` (`resident_user_id`),
  KEY `idx-request-request_category_id` (`request_category_id`),
  KEY `idx-request-building_cluster_id` (`building_cluster_id`),
  KEY `idx-request-building_area_id` (`building_area_id`),
  KEY `idx-request-is_deleted` (`is_deleted`)
) ENGINE=InnoDB AUTO_INCREMENT=59 DEFAULT CHARSET=utf8 COLLATE=utf8_unicode_ci;
/*!40101 SET character_set_client = @saved_cs_client */;

--
-- Dumping data for table `request`
--

LOCK TABLES `request` WRITE;
/*!40000 ALTER TABLE `request` DISABLE KEYS */;
INSERT INTO `request` VALUES (1,'Báo sửa chữa đèn phòng tắm','Báo sửa chữa đèn phòng tắm',NULL,6,9,2,27,9,0,1558588630,1558690370,9,7,2,7),(2,'Nhà bị hỏng ống nước. Nhờ BQL lên kiểm tra giúp nhé.','Nhà bị hỏng ống nước. Nhờ BQL lên kiểm tra giúp nhé.','{\"images\":[]}',6,1,2,27,8,0,1558748401,1558768515,1,1,0,1),(3,'Sửa vòi nước nhà mình bị dò. xem nhanh giúp mìn nhé','Sửa vòi nước nhà mình bị dò. xem nhanh giúp mìn nhé','{\"images\":[\"\\/uploads\\/other\\/201905\\/1558756428-image-8203d768-56fb-43cf-89eb-2602cca728cd3721942491770383205.jpg\"]}',6,9,2,27,13,0,1558756446,1558783531,9,7,2,3),(4,'Nhà có khách, vui lòng cho phép vào nhà.','Nhà có khách, vui lòng cho phép vào nhà.','{\"images\":[]}',8,1,2,27,8,0,1558756963,1559611492,1,9,0,2),(5,'Đèn hành lang tầng 10 bị bỏng. Nhờ BQL xem giúp nhé.','Đèn hành lang tầng 10 bị bỏng. Nhờ BQL xem giúp nhé.','{\"images\":[]}',6,1,2,27,8,0,1558757018,1558953334,1,1,1,10),(6,'hôm nay mất điện tới mấy giờ vậy BQL ?','hôm nay mất điện tới mấy giờ vậy BQL ?','{\"images\":[]}',1,18,1,23,14,0,1558766659,1558951604,18,18,2,2),(7,'đường ống nước nhà vs bị hở !','đường ống nước nhà vs bị hở !','{\"images\":[\"\\/uploads\\/images\\/201905\\/1558767711-img_0415.heic\"]}',4,18,1,23,14,0,1558767715,1558784752,18,5,2,1),(8,'Tôi mới nhận bàn giao nhà tại khu nhà ở chung cư tầng 10 toà Thiên Niên Kỷ và m','Tôi mới nhận bàn giao nhà tại khu nhà ở chung cư tầng 10 toà Thiên Niên Kỷ và muốn đăng ký gửi xe tháng, vậy tôi cần chuẩn bị những giấy tờ gì?','{\"images\":[]}',4,19,1,35,15,0,1558769347,1558772048,19,6,2,3),(9,'Tôi mới chuyển vào sống trong khu nhà ở chung cư này. Tôi muốn lắp đặt, sửa c','Tôi mới chuyển vào sống trong khu nhà ở chung cư này. Tôi muốn lắp đặt, sửa chữa điện thoại và internet thì liên hệ với ai, ở đâu?','{\"images\":[\"\\/uploads\\/images\\/201905\\/1558772290-img_1494.jpg\"]}',1,19,1,35,15,0,1558772297,1558772975,19,6,2,5),(10,'Quy trình gửi xe dưới hầm như nào vậy BQL?','Quy trình gửi xe dưới hầm như nào vậy BQL?','{\"images\":[]}',9,19,1,35,15,0,1558773119,1558773782,19,6,1,1),(11,'...... ...','Tôi mới nhận nhà bàn giao trong khu Green House, tôi muốn biết nước sinh hoạt ở đây là nước của nhà máy nước nào? Khi sử dụng thì tôi phải thanh toán theo giá kinh doanh hay giá nước sinh hoạt?','{\"images\":[\"\\/uploads\\/images\\/201905\\/1558778700-img_8209.jpg\"]}',4,29,1,33,34,0,1558778706,1558784746,29,5,2,0),(12,'...... ...','Tôi đang sống trong khu nhà GH4, tôi muốn sửa chữa cải tạo lại căn hộ thì phải làm hồ sơ bao gồm những gì?','{\"images\":[]}',10,29,1,34,39,0,1558778901,1558784741,29,5,2,0),(13,'...... ...','Mọi ý kiến về chất lượng dịch vụ hoặc các vấn đề khác thì cư dân có thể liên hệ với ai? Ở đâu?','{\"images\":[]}',10,29,1,34,39,0,1558780479,1558784737,29,5,2,0),(14,'Còn 2 tháng nữa tôi về sống tại Khu nhà ở chung cư cao tầng Season Avenue, tôi...','Còn 2 tháng nữa tôi về sống tại Khu nhà ở chung cư cao tầng Season Avenue, tôi muốn hỏi rác sinh hoạt được thu gom để ở đâu và được thu gom vào thời gian nào?','{\"images\":[]}',10,29,1,34,39,0,1558780868,1559013155,29,20,2,1),(15,'Tôi mới nhận nhà bàn giao ở khu nhà ở chung cư, sắp tới tôi sẽ chuyển đến...','Tôi mới nhận nhà bàn giao ở khu nhà ở chung cư, sắp tới tôi sẽ chuyển đến ở nhà mới của mình. Tôi muốn đăng ký tạm trú tạm vắng thì làm thủ tục như nào? Rất monh được giải đáp. Xin cảm ơn','{\"images\":[]}',10,19,1,35,15,0,1558782151,1558782213,19,20,2,1),(16,'ok','ok','{\"images\":[]}',7,15,2,27,11,0,1558782526,1558952688,15,15,0,1),(17,'Hiện nhà tôi đang mất điện.\nCần BQL hỗ trợ','Hiện nhà tôi đang mất điện.\nCần BQL hỗ trợ','{\"images\":[\"\\/uploads\\/images\\/201905\\/1558783660-img_7887.jpg\"]}',1,23,1,33,35,0,1558783663,1558784462,23,1,2,2),(18,'Mình bị mất thẻ, BQL có thể cấp thẻ lại dc không?','Mình bị mất thẻ, BQL có thể cấp thẻ lại dc không?','{\"images\":[\"\\/uploads\\/other\\/201905\\/1558784337-image-19786d09-92ef-49de-8678-d89beb1536544635347724658750091.jpg\"]}',8,9,1,34,37,0,1558784342,1558792062,9,5,1,3),(19,'Ở ngoài có nhiều người lạ qua lại, bảo vệ lên check ngay nhé.','Ở ngoài có nhiều người lạ qua lại, bảo vệ lên check ngay nhé.','{\"images\":[\"\\/uploads\\/other\\/201905\\/1558931560-img_20190524_082711.jpg\"]}',8,9,2,27,13,0,1558931566,1558949523,9,7,2,8),(20,'Cho em xin ít comment đi mà \nhuhu ','Cho em xin ít comment đi mà \nhuhu ','{\"images\":[\"\\/uploads\\/images\\/201905\\/1558953312-img_0311.jpg\"]}',7,13,2,27,9,0,1558953315,1558953470,13,7,0,3),(21,'Em cần sửa ống nước :3','Em cần sửa ống nước :3','{\"images\":[\"\\/uploads\\/images\\/201905\\/1558953685-img_4269.jpg\"]}',6,13,2,27,9,0,1558953688,1558953688,13,13,0,0),(22,'Thang máy gặp trục trặc, nhờ BQL kiểm tra giùm','Thang máy gặp trục trặc, nhờ BQL kiểm tra giùm','{\"images\":[]}',6,1,2,26,51,0,1558968053,1559013275,1,18,1,0),(23,'OK','OK','{\"images\":[\"\\/uploads\\/images\\/201905\\/1558970635-img_0195.heic\"]}',6,15,2,27,11,0,1558970640,1559131811,15,15,0,2),(24,'ok','ok','{\"images\":[]}',8,15,2,27,11,0,1559004892,1559096248,15,15,2,4),(25,'Anh ơi cho thợ khoẻ mạnh tới sửa nước nhà em đi ','Anh ơi cho thợ khoẻ mạnh tới sửa nước nhà em đi ','{\"images\":[\"\\/uploads\\/images\\/201905\\/1559006778-img_4269.jpg\"]}',6,13,2,27,9,0,1559006792,1559095450,13,18,2,3),(26,'Sửa chữa','Sửa chữa','{\"images\":[\"\\/uploads\\/images\\/201905\\/1559008985-img_0002.jpg\"]}',6,36,2,26,10,0,1559009001,1559720606,36,1,2,5),(27,'Nhà rôi bị rò rỉ nước từ trần nhà, cần BQL toà nhà hỗ trợ','Nhà rôi bị rò rỉ nước từ trần nhà, cần BQL toà nhà hỗ trợ','{\"images\":[]}',4,19,1,35,15,0,1559009590,1559103777,19,5,1,1),(28,'up cho bao gioè hiển thị ảnh thì thôi','up cho bao gioè hiển thị ảnh thì thôi','{\"images\":[\"\\/uploads\\/images\\/201905\\/1559038548-img_4269.jpg\"]}',6,13,2,27,9,0,1559038562,1559038562,13,13,0,0),(29,'phản hồi có 1 ảnh nhé','phản hồi có 1 ảnh nhé','{\"images\":[\"\\/uploads\\/images\\/201905\\/1559059509-img_8977.jpg\"]}',6,1,2,27,8,0,1559059522,1559059522,1,1,0,0),(30,'Phản hồi mới ','Phản hồi mới ','{\"images\":[\"\\/uploads\\/images\\/201905\\/1559059558-img_0001.jpg\"]}',6,1,2,27,8,0,1559059562,1559644208,1,1,0,4),(32,'Cửa ra vào cầu thang bộ bị hỏng. Không đóng được. Nhờ BQL xem hộ. ','Cửa ra vào cầu thang bộ bị hỏng. Không đóng được. Nhờ BQL xem hộ. ','{\"images\":[]}',6,1,1,51,53,0,1559104319,1559104319,1,1,0,0),(33,'Đường điện nhà tôi có vấn đề. Mong tổ kỹ thuật lên kiểm tra ngay.','Đường điện nhà tôi có vấn đề. Mong tổ kỹ thuật lên kiểm tra ngay.','{\"images\":[]}',1,1,1,51,53,0,1559104888,1559104888,1,1,0,0),(34,'không hợp lý\n','không hợp lý\n','{\"images\":[]}',10,18,1,23,14,0,1559106365,1559106365,18,18,0,0),(35,'Khóa nước giúp phòng mìn nhé','Khóa nước giúp phòng mìn nhé','{\"images\":[\"\\/uploads\\/other\\/201905\\/1559112558-image-45ed296e-9309-40a4-bd72-8074a1f691831711540565134701059.jpg\"]}',6,9,2,27,13,0,1559112564,1559129158,9,21,2,9),(36,'check lại yêu cầu','check lại yêu cầu','{\"images\":[]}',6,1,2,27,8,0,1559127634,1559128655,1,18,2,11),(37,'sửa nước đi','sửa nước đi','{\"images\":[\"\\/uploads\\/other\\/201905\\/1559208464-screenshot_2019-05-29-20-45-05-544_complaygendarykickthebuddy.png\"]}',6,9,2,27,8,0,1559208466,1559573609,9,1,1,5),(38,'sao giá đắt thế','sao giá đắt thế','{\"images\":[]}',7,15,2,27,11,0,1559223922,1559573303,15,15,1,10),(39,'Có cháy ở tầng hầm','Có cháy ở tầng hầm','{\"images\":[]}',1,18,1,23,14,0,1559294491,1559711017,18,18,0,2),(40,'nhập nội dung cần hỏi','nhập nội dung cần hỏi','{\"images\":[\"\\/uploads\\/images\\/201905\\/1559295172-img_8230.jpg\"]}',1,19,1,35,15,0,1559295176,1559545984,19,6,2,6),(41,'Cháy nhà tầng 200','Cháy nhà tầng 200','{\"images\":[]}',1,18,1,23,14,0,1559297294,1559534750,18,6,1,7),(42,'ghjknbv','ghjknbv','{\"images\":[]}',31,19,1,35,15,0,1559531195,1559531195,19,19,0,0),(43,'Nhà tôi muốn chuyển 1 số đồ đạc vào căn hộ, xin hỏi tôi cần gặp ai và...','Nhà tôi muốn chuyển 1 số đồ đạc vào căn hộ, xin hỏi tôi cần gặp ai và xử lý những công việc gì để có thể vận chuyển vào?','{\"images\":[]}',10,19,1,35,15,0,1559534613,1559545856,19,6,2,6),(44,'Tôi muốn lắp thêm điều hoà cho căn hộ. Vậy tôi cần làm gì để được quản...','Tôi muốn lắp thêm điều hoà cho căn hộ. Vậy tôi cần làm gì để được quản lý toà nhà cấp phép?','{\"images\":[]}',32,19,1,35,15,0,1559534882,1559534882,19,19,0,0),(45,'Nhờ BQL kiểm tra lại xem tại sao số nước tháng này của gia đình tôi lại tăng...','Nhờ BQL kiểm tra lại xem tại sao số nước tháng này của gia đình tôi lại tăng đột biến so với tháng trước ?','{\"images\":[],\"comment\":{\"data\":{\"id\":14,\"service_provider_id\":4,\"service_provider_name\":\"Luci .Co\",\"service_map_management_id\":2,\"service_map_management_service_name\":\"D\\u1ecbch v\\u1ee5 n\\u01b0\\u1edbc sinh ho\\u1ea1t\",\"service_map_management_service_icon_name\":\"icWater\",\"service_bill_code\":\"2UYDEQ\",\"apartment_id\":10,\"description\":\"them moi\",\"price\":20000,\"status\":0,\"fee_of_month\":\"2019-05-03T08:27:16.000Z\",\"day_expired\":\"2019-06-25T08:27:18.000Z\",\"created_at\":1559550442,\"updated_at\":1559550442},\"type\":\"fee\"}}',7,1,2,26,10,0,1559555982,1559558268,1,18,2,3),(46,'Nhờ BQL kiểm tra lại đơn thanh toán tiền nước tháng 4 giúp mình. Mình đã...','Nhờ BQL kiểm tra lại đơn thanh toán tiền nước tháng 4 giúp mình. Mình đã chuyển khoản từ sáng rồi.\nThanks','{\"images\":[],\"comment\":{\"data\":{\"id\":24,\"code\":\"2UYDEQ\",\"apartment_id\":10,\"apartment_name\":\"209\",\"apartment_parent_path\":\"Luci 1\\/Tang 1\\/\",\"management_user_id\":null,\"management_user_name\":\"\",\"resident_user_id\":1,\"resident_user_name\":\"Ph\\u1ea1m Duy \\u0110\\u1ea1t\",\"payer_name\":\"Ph\\u1ea1m Duy \\u0110\\u1ea1t\",\"type_payment\":0,\"status\":0,\"service_bill_items\":[{\"id\":23,\"description\":\"them moi\",\"price\":20000,\"fee_of_month\":1556872036,\"service_map_management_id\":2,\"service_map_management_name\":\"D\\u1ecbch v\\u1ee5 n\\u01b0\\u1edbc sinh ho\\u1ea1t\"}],\"created_at\":1559550463,\"updated_at\":1559550465},\"type\":\"order\"}}',7,1,2,26,10,0,1559557819,1559557927,1,18,1,0),(47,'Tôi thấy số này sai. Nhà tôi ko dùng nhiều thế đâu','Tôi thấy số này sai. Nhà tôi ko dùng nhiều thế đâu','{\"images\":[],\"comment\":{\"data\":{\"id\":16,\"service_provider_id\":4,\"service_provider_name\":\"Luci .Co\",\"service_map_management_id\":2,\"service_map_management_service_name\":\"D\\u1ecbch v\\u1ee5 n\\u01b0\\u1edbc sinh ho\\u1ea1t\",\"service_map_management_service_icon_name\":\"icWater\",\"service_bill_code\":\"\",\"apartment_id\":11,\"description\":\"S\\u1ed1 n\\u01b0\\u1edbc th\\u00e1ng n\\u00e0y c\\u1ee7a gia \\u0111\\u00ecnh: 24m3\",\"price\":200000,\"status\":0,\"created_at\":1559573174,\"updated_at\":1559573174,\"fee_of_month\":\"2019-05-03T14:46:05.000Z\",\"day_expired\":\"2019-06-30T14:46:09.000Z\"},\"type\":\"fee\"}}',7,15,2,27,11,0,1559573340,1559573608,15,15,1,5),(48,'Đói không ngủ được','Đói không ngủ được','{\"images\":[]}',7,1,2,27,8,0,1559590437,1559590437,1,1,0,0),(49,'Ok','Ok','{\"images\":[\"\\/uploads\\/images\\/201906\\/1559623699-img_0314.heic\"]}',6,15,2,27,11,0,1559623703,1559623703,15,15,0,0),(50,'Căn hộ của tôi đường nước nhà vệ sinh bị rò rỉ từ trên tầng trên...','Căn hộ của tôi đường nước nhà vệ sinh bị rò rỉ từ trên tầng trên xuống. Yêu cầu ban quản lý cho kỹ thuật xuống kiểm tra.','{\"images\":[]}',4,19,1,35,15,0,1559632265,1559632265,19,19,0,0),(51,'Bóng đèn hàng lang tầng 10 bị hỏng, yêu cầu ban quản lý cho người sửa gấp...','Bóng đèn hàng lang tầng 10 bị hỏng, yêu cầu ban quản lý cho người sửa gấp để tránh gây nguy hại cho các cháu nhỏ chơi đùa buổi tối ở hàng lang.','{\"images\":[]}',10,19,1,35,15,0,1559632378,1559632378,19,19,0,0),(52,'Trần hàng lang bị bong tróc, yêu cầu ban quản lý lên tầng 8 kiểm tra.','Trần hàng lang bị bong tróc, yêu cầu ban quản lý lên tầng 8 kiểm tra.','{\"images\":[]}',10,19,1,35,15,0,1559632434,1559635489,19,23,2,0),(53,'Ok','Ok','{\"images\":[],\"comment\":{\"data\":{\"id\":16,\"service_provider_id\":4,\"service_provider_name\":\"Luci .Co\",\"service_map_management_id\":2,\"service_map_management_service_name\":\"D\\u1ecbch v\\u1ee5 n\\u01b0\\u1edbc sinh ho\\u1ea1t\",\"service_map_management_service_icon_name\":\"icWater\",\"service_bill_code\":\"SQ6XNH\",\"apartment_id\":11,\"description\":\"S\\u1ed1 n\\u01b0\\u1edbc th\\u00e1ng n\\u00e0y c\\u1ee7a gia \\u0111\\u00ecnh: 24m3\",\"price\":200000,\"status\":0,\"created_at\":1559573174,\"updated_at\":1559573174,\"fee_of_month\":\"2019-05-03T14:46:05.000Z\",\"day_expired\":\"2019-06-30T14:46:09.000Z\"},\"type\":\"fee\"}}',6,15,2,27,11,0,1559638739,1559638739,15,15,0,0),(54,'Đứa hàng xóm nó gây ồn ào. Mong BQL kiểm tra và chấn chỉnh. ','Đứa hàng xóm nó gây ồn ào. Mong BQL kiểm tra và chấn chỉnh. ','{\"images\":[\"\\/uploads\\/images\\/201906\\/1559643280-a41c6a08-66da-4d89-bc66-bbb7ca6f70c5.jpg\"]}',7,1,2,26,51,0,1559643286,1559656996,1,18,2,1),(55,'Ko biết BQL đã nhận được xèng chưa','Ko biết BQL đã nhận được xèng chưa','{\"images\":[],\"comment\":{\"data\":{\"id\":26,\"code\":\"SQ6XNH\",\"apartment_id\":11,\"apartment_name\":\"201\",\"apartment_parent_path\":\"Luci 1\\/Tang 2\\/\",\"management_user_id\":null,\"management_user_name\":\"\",\"resident_user_id\":15,\"resident_user_name\":\"L\\u00e2m H\\u00f9ng S\\u01a1n\",\"payer_name\":\"L\\u00e2m H\\u00f9ng S\\u01a1n\",\"type_payment\":0,\"status\":0,\"service_bill_items\":[{\"id\":25,\"description\":\"S\\u1ed1 n\\u01b0\\u1edbc th\\u00e1ng n\\u00e0y c\\u1ee7a gia \\u0111\\u00ecnh: 24m3\",\"price\":200000,\"fee_of_month\":1556894765,\"service_map_management_id\":2,\"service_map_management_name\":\"D\\u1ecbch v\\u1ee5 n\\u01b0\\u1edbc sinh ho\\u1ea1t\"}],\"service_provider\":{\"id\":4,\"name\":\"Luci .Co\",\"address\":null,\"description\":\"M\\u00f4 t\\u1ea3\",\"status\":1,\"medias\":{\"avatar\":\"\\/uploads\\/images\\/201905\\/1559203116-logo_app_luci.png\"},\"billing_info\":{\"cash_instruction\":\"S\\u00e1ng 30\\/5, 27 \\u0111\\u1ea1i bi\\u1ec3u \\u0111\\u00e3 \\u0111\\u0103ng \\u0111\\u00e0n trong phi\\u00ean th\\u1ea3o lu\\u1eadn v\\u1ec1 kinh t\\u1ebf - x\\u00e3 h\\u1ed9i c\\u1ee7a Qu\\u1ed1c h\\u1ed9i. L\\u00e0 ng\\u01b0\\u1eddi n\\u00eau \\u00fd ki\\u1ebfn \\u0111\\u1ea7u ti\\u00ean, \\u00f4ng Nguy\\u1ec5n L\\u00e2n Hi\\u1ebfu - Gi\\u00e1m \\u0111\\u1ed1c b\\u1ec7nh vi\\u1ec7n \\u0110\\u1ea1i h\\u1ecdc Y H\\u00e0 N\\u1ed9i \\u0111\\u1ec1 c\\u1eadp \\u0111\\u1ebfn b\\u1ee9c x\\u00fac c\\u1ee7a c\\u1eed tri An Giang li\\u00ean quan \\u0111\\u1ebfn tr\\u1ea1m BOT g\\u1ea7n c\\u1ea7u V\\u00e0m C\\u1ed1ng\",\"transfer_instruction\":\"S\\u00e1ng 30\\/5, 27 \\u0111\\u1ea1i bi\\u1ec3u \\u0111\\u00e3 \\u0111\\u0103ng \\u0111\\u00e0n trong phi\\u00ean th\\u1ea3o lu\\u1eadn v\\u1ec1 kinh t\\u1ebf - x\\u00e3 h\\u1ed9i c\\u1ee7a Qu\\u1ed1c h\\u1ed9i. L\\u00e0 ng\\u01b0\\u1eddi n\\u00eau \\u00fd ki\\u1ebfn \\u0111\\u1ea7u ti\\u00ean, \\u00f4ng Nguy\\u1ec5n L\\u00e2n Hi\\u1ebfu - Gi\\u00e1m \\u0111\\u1ed1c b\\u1ec7nh vi\\u1ec7n \\u0110\\u1ea1i h\\u1ecdc Y H\\u00e0 N\\u1ed9i \\u0111\\u1ec1 c\\u1eadp \\u0111\\u1ebfn b\\u1ee9c x\\u00fac c\\u1ee7a c\\u1eed tri An Giang li\\u00ean quan \\u0111\\u1ebfn tr\\u1ea1m BOT g\\u1ea7n c\\u1ea7u V\\u00e0m C\\u1ed1ng\",\"bank_name\":\"Vietcombank\",\"bank_number\":\"09012312123456789\",\"bank_holders\":\"LAM HUNG SON\",\"service_provider_id\":4,\"service_provider_name\":\"Luci .Co\"},\"created_at\":1559203128,\"updated_at\":1559536641},\"created_at\":1559573348,\"updated_at\":1559573355},\"type\":\"order\"}}',7,15,2,27,11,0,1559644182,1559747225,15,18,1,1),(56,'Test thông báo trên web. BQL có nhận được không?','Test thông báo trên web. BQL có nhận được không?','{\"images\":[]}',7,1,2,27,8,0,1559745238,1559746783,1,18,2,2),(57,'Thông tin sai về thông bái','Thông tin sai về thông bái','{\"images\":[\"\\/uploads\\/other\\/201906\\/1559785253-image-431097d2-3c6f-474f-99c0-6b3f06d893202284612461465302545.jpg\"]}',7,9,2,27,13,0,1559785276,1559785276,9,9,0,0),(58,'BQL xem lại. Nhà tôi đăng ký có 1 xe máy, 1 xe đạp điện thôi ạ','BQL xem lại. Nhà tôi đăng ký có 1 xe máy, 1 xe đạp điện thôi ạ','{\"images\":[],\"comment\":{\"data\":{\"id\":17,\"service_provider_id\":5,\"service_provider_name\":\"LUCI\",\"service_map_management_id\":3,\"service_map_management_service_name\":\"D\\u1ecbch v\\u1ee5 tr\\u00f4ng gi\\u1eef xe m\\u00e1y\",\"service_map_management_service_icon_name\":\"icRideParking\",\"service_bill_code\":\"\",\"apartment_id\":10,\"description\":\"2 xe m\\u00e1y + 1 xe \\u0111\\u1ea1p \\u0111i\\u1ec7n\",\"price\":240000,\"status\":0,\"created_at\":1559787640,\"updated_at\":1559787640,\"fee_of_month\":\"2019-05-06T02:20:32.000Z\",\"day_expired\":\"2019-06-30T02:20:35.000Z\"},\"type\":\"fee\"}}',7,1,2,26,10,0,1559787724,1559787724,1,1,0,0);
/*!40000 ALTER TABLE `request` ENABLE KEYS */;
UNLOCK TABLES;

--
-- Table structure for table `request_answer`
--

DROP TABLE IF EXISTS `request_answer`;
/*!40101 SET @saved_cs_client     = @@character_set_client */;
/*!40101 SET character_set_client = utf8 */;
CREATE TABLE `request_answer` (
  `id` int(11) NOT NULL AUTO_INCREMENT,
  `request_id` int(11) DEFAULT NULL,
  `resident_user_id` int(11) DEFAULT NULL,
  `management_user_id` int(11) DEFAULT NULL,
  `content` text COLLATE utf8_unicode_ci DEFAULT NULL,
  `attach` text COLLATE utf8_unicode_ci DEFAULT NULL,
  `is_deleted` int(1) DEFAULT 0 COMMENT '0 : chưa xóa, 1 : đã xóa',
  `created_at` int(11) DEFAULT NULL,
  `updated_at` int(11) DEFAULT NULL,
  `created_by` int(11) DEFAULT NULL,
  `updated_by` int(11) DEFAULT NULL,
  PRIMARY KEY (`id`),
  KEY `idx-request_answer-request_id` (`request_id`),
  KEY `idx-request_answer-resident_user_id` (`resident_user_id`),
  KEY `idx-request_answer-management_user_id` (`management_user_id`),
  KEY `idx-request_answer-is_deleted` (`is_deleted`)
) ENGINE=InnoDB AUTO_INCREMENT=143 DEFAULT CHARSET=utf8 COLLATE=utf8_unicode_ci;
/*!40101 SET character_set_client = @saved_cs_client */;

--
-- Dumping data for table `request_answer`
--

LOCK TABLES `request_answer` WRITE;
/*!40000 ALTER TABLE `request_answer` DISABLE KEYS */;
INSERT INTO `request_answer` VALUES (1,1,NULL,7,'Xin chào',NULL,0,1558673149,1558673149,7,7),(2,1,NULL,7,'Xin chào',NULL,0,1558673149,1558673149,7,7),(3,1,NULL,7,'Có khỏe không bạn',NULL,0,1558674017,1558674017,7,7),(4,1,NULL,7,'Có khỏe không bạn',NULL,0,1558674074,1558674074,7,7),(5,1,9,NULL,'Cảm ơn ban nhé',NULL,0,1558685050,1558685050,9,9),(6,1,NULL,7,'Kỹ thuật đang kiểm tra bạn nhé',NULL,0,1558689517,1558689517,7,7),(7,1,NULL,7,'Đã kiểm tra xong rồi bạn nhé',NULL,0,1558690148,1558690148,7,7),(8,1,NULL,7,'Van con bi loi, ky thuat kiem tra lai',NULL,0,1558690370,1558690370,7,7),(9,5,NULL,7,'Đã báo kĩ thuật xuống kiểm tra.',NULL,0,1558757399,1558757399,7,7),(10,5,1,NULL,'Tình hình thế nào rồi BQL ? ','{\"images\":[]}',0,1558765335,1558765335,1,1),(11,5,1,NULL,'Nhờ BQL nhanh chóng khác phục.','{\"images\":[\"\\/uploads\\/images\\/201905\\/1558765857-img_0001.jpg\"]}',0,1558765884,1558765884,1,1),(12,5,1,NULL,'BQL vẫn chưa khắc phục xong ??','{\"images\":[]}',0,1558766124,1558766124,1,1),(13,5,1,NULL,'BQL kiểm tra gấp nhé','{\"images\":[]}',0,1558766400,1558766400,1,1),(14,5,1,NULL,'BQL kiểm tra xong chưa ? ','{\"images\":[]}',0,1558766639,1558766639,1,1),(15,4,1,NULL,'Khách đã đến, vui lòng cho phép khách vào.','{\"images\":[]}',0,1558766977,1558766977,1,1),(16,6,18,NULL,'thêm lỗi','{\"images\":[]}',0,1558767243,1558767243,18,18),(17,5,NULL,7,'Hỏi ji mà lắm thế',NULL,0,1558767316,1558767316,7,7),(18,2,1,NULL,'Nuoc hay lenh lang roi','{\"images\":[\"\\/uploads\\/images\\/201905\\/1558768501-img_0003.jpg\"]}',0,1558768515,1558768515,1,1),(19,3,NULL,7,'Kỹ thuật đang bận, xin vui lòng đợi đến đầu giờ chiều bạn nhé',NULL,0,1558770721,1558770721,7,7),(20,8,NULL,6,'Quý Cư dân mới vào ở các Khu nhà ở chung cư cao tầng GH1, GH2, GH3, GH4 muốn đăng ký gửi xe tháng thì cần chuẩn bị hồ sơ đăng ký bao gồm những giấy tờ sau đây:\n- Phiếu đăng ký gửi xe tháng theo mẫu số MS: 04- DVKH GH- HUDLANDTS-2013\n- Bản photo giấy đăng xe máy\n- Bản photo chứng minh nhân dân của chủ hộ đăng ký.\nQuý Cư dân vui lòng nộp những giấy tờ trên về:\n- Nơi tiếp nhận: Phòng làm việc Bộ phận Dịch vụ Khách hàng , tầng 1, nhà GH4- Khu Green House, CT17, Việt Hưng, Long Biên, Hà Nội\n- Số điện thoại : 043. 6574832/ 043.6574833',NULL,0,1558771759,1558771759,6,6),(21,8,19,NULL,'ok thanks','{\"images\":[]}',0,1558772012,1558772012,19,19),(22,8,NULL,6,'Cảm ơn cư dân đã gửi phản hồi.',NULL,0,1558772039,1558772039,6,6),(23,9,NULL,6,'Bạn sống ở khu nào?\n',NULL,0,1558772523,1558772523,6,6),(24,9,19,NULL,'tôi ở tầng 10 toà Thiên Niên Kỷ','{\"images\":[]}',0,1558772869,1558772869,19,19),(25,9,NULL,6,'Quý Cư dân sống trong khu nhà ở chung cư cao tầng Green House muốn lắp đặt sửa chữa điện thoại và internet thì vui lòng liên hệ với địa chỉ sau đây:\n- Công ty: Điện thoại Hà Nội 1 Trung tâm Viễn thông Long Biên.\n- Địa chỉ: 1001 Ngô Gia Tự, Đức Giang, Long Biên, Hà Nội.\n- Điện thoại: 043.873.1073 / 043.877.6666\n- Hotline: 0919.792.909',NULL,0,1558772912,1558772912,6,6),(26,9,NULL,6,'fghfghfg\n',NULL,0,1558772926,1558772926,6,6),(27,9,19,NULL,'ok thanks','{\"images\":[]}',0,1558772962,1558772962,19,19),(28,10,NULL,6,'Bộ phận CSKH đã nhận được yêu cầu, chúng tôi sẽ phản hồi lại cho cư sân sớm nhất.',NULL,0,1558773782,1558773782,6,6),(29,7,NULL,1,'Chúng tôi sẽ xử lý sớm !',NULL,0,1558779678,1558779678,1,1),(30,15,NULL,20,'Qúy Cư dân mới chuyển đến sống trong Khu nhà ở chung cư cao tầng Green House muốn đăng ký tạm trú tạm vắng xin vui lòng liên hệ:\n- Cảnh sát khu vực : Ông Lê Văn Tuấn\n- Địa Chỉ: Công An Phường Việt Hưng | Ngõ 184 Đường Lệ Mật, Việt Hưng, Long Biên, Hà Nội\n(Gần trường Mầm non Việt Hưng)\n- Điện Thoại: 0948.386.456',NULL,0,1558782203,1558782203,20,20),(31,3,9,NULL,'ok bạn nhé. xem nhanh giúp mình','{\"images\":[]}',0,1558783490,1558783490,9,9),(32,3,NULL,7,'Mình sửa xong rồi nhé',NULL,0,1558783516,1558783516,7,7),(33,17,NULL,1,'Chúng tôi đã đưa Kĩ thuật điện kiểm tra. Bị ngắt do dòng rò. Vì vậy, Anh/chị kiểm tra lại hệ thống điện để đảm bảo không bị lỗi \nTrân trọng,',NULL,0,1558784344,1558784344,1,1),(34,17,23,NULL,'Tôi đã biết thiết bị lỗi và đã xử lí. Cảm ơn SA','{\"images\":[]}',0,1558784405,1558784405,23,23),(35,18,NULL,5,'Được bạn nhé, bạn vui lòng mang CMND xuống lễ tân để nhận nhé.',NULL,0,1558784415,1558784415,5,5),(36,5,1,NULL,'hỏng chẳng hỏi. có sửa không thì bảo?','{\"images\":[\"\\/uploads\\/images\\/201905\\/1558785417-214f91dc-7f17-4372-a5b2-dcf638c82b0d.jpg\"]}',0,1558785421,1558785421,1,1),(37,18,9,NULL,'Cảm ơn bạn nhé','{\"images\":[]}',0,1558791926,1558791926,9,9),(38,18,NULL,5,'OK',NULL,0,1558792062,1558792062,5,5),(39,5,1,NULL,'có lên kiểm tra không thì bảo nào ???','{\"images\":[]}',0,1558836027,1558836027,1,1),(40,19,NULL,7,'Bảo vệ sẽ lên ngay ạ, cảm ơn đã phản hồi',NULL,0,1558938864,1558938864,7,7),(41,19,9,NULL,'vâng, đang cãi nhau to lắm. ','{\"images\":[\"\\/uploads\\/other\\/201905\\/1558938970-image-3e2a56e5-ceff-4884-90aa-deb4ee6b02d65926052148452657546.jpg\"]}',0,1558938973,1558938973,9,9),(42,19,NULL,7,'Đang xử lý rồi bạn nhé','{\"images\":[]}',0,1558945366,1558945366,7,7),(45,19,NULL,7,'Da xong roi nhe, đã nhắc nhở và nói chuyện ở dưới phòng bác bảo vệ nhé.','{\"images\":[\"\\/uploads\\/images\\/201905\\/1558949300-trang_b_l_hoa_vang_ma.jpg\",\"\\/uploads\\/images\\/201905\\/1558949302-zalo_screenshot_3_11_2018_1028722.png\"]}',0,1558949341,1558949341,7,7),(46,19,NULL,7,'Da xong roi nhe, đã nhắc nhở và nói chuyện ở dưới phòng bác bảo vệ nhé.','{\"images\":[\"\\/uploads\\/images\\/201905\\/1558949300-trang_b_l_hoa_vang_ma.jpg\",\"\\/uploads\\/images\\/201905\\/1558949302-zalo_screenshot_3_11_2018_1028722.png\"]}',0,1558949341,1558949341,7,7),(47,19,NULL,7,'Ảnh hơi mờ thì phải','{\"images\":[\"\\/uploads\\/images\\/201905\\/1558949412-trang_b_l_hoa_vang_ma.jpg\"]}',0,1558949420,1558949420,7,7),(48,6,18,NULL,'a','{\"images\":[\"\\/uploads\\/images\\/201905\\/1558951561-img_0401.png\"]}',0,1558951604,1558951604,18,18),(49,16,15,NULL,'tôi chưa được phản hồi','{\"images\":[]}',0,1558952688,1558952688,15,15),(50,5,1,NULL,'ahs','{\"images\":[\"\\/uploads\\/images\\/201905\\/1558953330-8e857d74-f4cc-47b7-96dc-50c020eca01e.jpg\"]}',0,1558953334,1558953334,1,1),(51,20,13,NULL,'em cầu xin đấy :v','{\"images\":[]}',0,1558953466,1558953466,13,13),(52,20,NULL,7,'Thắp hương','{\"images\":[\"\\/uploads\\/images\\/201905\\/1558953463-trang_b_l_hoa_vang_ma.jpg\"]}',0,1558953470,1558953470,7,7),(53,20,NULL,7,'Thắp hương','{\"images\":[\"\\/uploads\\/images\\/201905\\/1558953463-trang_b_l_hoa_vang_ma.jpg\"]}',0,1558953470,1558953470,7,7),(54,14,NULL,20,'Trao đổi yêu cầu',NULL,0,1559013155,1559013155,20,20),(55,25,NULL,7,'Vâng, mình xử lý ngay','{\"images\":[]}',0,1559042793,1559042793,7,7),(56,25,NULL,18,'Cứ nằm nghiêng ráo nước. Kỹ thuật đang đến nhé.','{\"images\":[]}',0,1559045645,1559045645,18,18),(57,25,13,NULL,'Thanks các anh :3','{\"images\":[\"\\/uploads\\/images\\/201905\\/1559060294-img_4132.jpg\"]}',0,1559060309,1559060309,13,13),(58,24,NULL,18,'Khách nhà mình mấy giờ đến để em cho người tiếp đón.','{\"images\":[]}',0,1559095518,1559095518,18,18),(59,24,15,NULL,'Ko lên huỷ rồi e','{\"images\":[\"\\/uploads\\/images\\/201905\\/1559095551-img_0196.heic\"]}',0,1559095553,1559095553,15,15),(60,24,NULL,18,'Vâng. Chúc anh một ngày tốt lành.','{\"images\":[\"\\/uploads\\/images\\/201905\\/1559095777-1559060294-img_4132.jpg\"]}',0,1559095780,1559095780,18,18),(61,26,NULL,18,'Chào quý cư dân. Chúng tôi đã tiếp nhận được phản hồi của bạn. Tổ kỹ thuật sẽ cho người lên kiểm tra ngay.','{\"images\":[]}',0,1559095840,1559095840,18,18),(62,26,NULL,18,'helo','{\"images\":[]}',0,1559096043,1559096043,18,18),(63,24,15,NULL,'Phiên bản Web đã có Demo chưa. share anh :))','{\"images\":[\"\\/uploads\\/images\\/201905\\/1559096246-img_9804.jpg\"]}',0,1559096248,1559096248,15,15),(64,26,6,NULL,'bạn cho người lên ngay và luôn cho mình với nhé ','{\"images\":[]}',0,1559098762,1559098762,6,6),(65,23,NULL,7,'Kiểm tra lại cái','{\"images\":[]}',0,1559100434,1559100434,7,7),(66,27,NULL,5,'ah\n\n',NULL,0,1559103777,1559103777,5,5),(67,35,NULL,21,'Đội kỹ thuật sẽ lên ngay nhé','{\"images\":[]}',0,1559113957,1559113957,21,21),(68,26,36,NULL,'ok','{\"images\":[]}',0,1559125289,1559125289,36,36),(69,35,9,NULL,'Được rồi bạn nhé, cảm ơn nhiều','{\"images\":[]}',0,1559126762,1559126762,9,9),(70,35,NULL,21,'Không có gì','{\"images\":[]}',0,1559127171,1559127171,21,21),(71,35,NULL,21,'Vào kiểm tra lại xem','{\"images\":[]}',0,1559127241,1559127241,21,21),(72,35,NULL,18,'ok','{\"images\":[]}',0,1559127454,1559127454,18,18),(73,36,NULL,18,'BQL đang kiểm tra ','{\"images\":[]}',0,1559127901,1559127901,18,18),(74,36,NULL,18,'OK chuwa','{\"images\":[]}',0,1559128067,1559128067,18,18),(75,36,NULL,18,'like','{\"images\":[]}',0,1559128096,1559128096,18,18),(76,36,NULL,18,'ok','{\"images\":[]}',0,1559128119,1559128119,18,18),(77,36,NULL,18,'ok\n','{\"images\":[]}',0,1559128411,1559128411,18,18),(78,36,NULL,18,'ok','{\"images\":[]}',0,1559128433,1559128433,18,18),(79,36,NULL,18,'mk','{\"images\":[]}',0,1559128489,1559128489,18,18),(80,36,NULL,18,'as','{\"images\":[]}',0,1559128601,1559128601,18,18),(81,36,NULL,18,'sdfsafd','{\"images\":[]}',0,1559128630,1559128630,18,18),(82,36,NULL,18,'dsfs','{\"images\":[]}',0,1559128644,1559128644,18,18),(83,36,NULL,18,'das','{\"images\":[]}',0,1559128655,1559128655,18,18),(84,35,NULL,21,'ol','{\"images\":[]}',0,1559128905,1559128905,21,21),(85,35,NULL,21,'ol','{\"images\":[]}',0,1559128925,1559128925,21,21),(86,35,NULL,21,'FUCk','{\"images\":[]}',0,1559128955,1559128955,21,21),(87,35,NULL,21,'sfsdf','{\"images\":[]}',0,1559129158,1559129158,21,21),(88,23,15,NULL,'Có vẻ Upload nhanh hơn rùi','{\"images\":[\"\\/uploads\\/images\\/201905\\/1559131809-img_0173.heic\"]}',0,1559131811,1559131811,15,15),(89,30,9,NULL,'lâu thế','{\"images\":[]}',0,1559208237,1559208237,9,9),(90,37,9,NULL,'sao ko thấy trả lời gì thế','{\"images\":[]}',0,1559210810,1559210810,9,9),(91,37,9,NULL,'gưi thông báo xem như nào','{\"images\":[]}',0,1559212008,1559212008,9,9),(92,38,15,NULL,'Alo','{\"images\":[]}',0,1559277993,1559277993,15,15),(93,40,NULL,23,'fcbcvb','{\"images\":[]}',0,1559296223,1559296223,23,23),(94,40,NULL,23,'vbcvbcvb','{\"images\":[]}',0,1559296242,1559296242,23,23),(95,40,NULL,19,'chung toi dang xu ly','{\"images\":[]}',0,1559297247,1559297247,19,19),(96,41,18,NULL,'Bao gio xu ly','{\"images\":[]}',0,1559297371,1559297371,18,18),(97,41,NULL,19,'dang','{\"images\":[]}',0,1559297490,1559297490,19,19),(98,41,NULL,19,'buc minh','{\"images\":[]}',0,1559297614,1559297614,19,19),(99,41,18,NULL,'Nghi','{\"images\":[]}',0,1559297655,1559297655,18,18),(100,41,NULL,19,'aaaaaa','{\"images\":[]}',0,1559298210,1559298210,19,19),(101,41,18,NULL,'Aaaa','{\"images\":[]}',0,1559298252,1559298252,18,18),(102,38,15,NULL,'O','{\"images\":[]}',0,1559349210,1559349210,15,15),(103,41,NULL,6,'test\n','{\"images\":[]}',0,1559525757,1559525757,6,6),(104,43,NULL,23,'Xin chào cư dân Lương Thị May, mời bạn cung cấp cho chúng tôi thôi tin về căn hộ bạn đang sinh sống nhé','{\"images\":[]}',0,1559535728,1559535728,23,23),(105,43,19,NULL,'căn hộ 1007 toà T1','{\"images\":[]}',0,1559535858,1559535858,19,19),(106,43,NULL,23,'Bạn vui lòng xuống quầy lễ tân đăng ký thủ tục vận chuyển đồ nhé. ','{\"images\":[]}',0,1559535911,1559535911,23,23),(107,43,19,NULL,'ok cảm ơn ','{\"images\":[]}',0,1559535928,1559535928,19,19),(108,43,19,NULL,'ghjk','{\"images\":[]}',0,1559545838,1559545838,19,19),(109,43,NULL,6,'xdfbdfh','{\"images\":[]}',0,1559545856,1559545856,6,6),(110,40,NULL,6,'dfhdfhfdh','{\"images\":[]}',0,1559545882,1559545882,6,6),(111,40,NULL,6,'dsgfdg','{\"images\":[\"\\/uploads\\/images\\/201906\\/1559545903-20181228_202040.jpg\"]}',0,1559545905,1559545905,6,6),(112,40,NULL,6,'asa','{\"images\":[\"\\/uploads\\/applications\\/201906\\/1559545981-srs---web-ti-liu-c-t-phn-mm.docx\"]}',0,1559545984,1559545984,6,6),(113,45,NULL,18,'Để chúng tôi cho Kỹ thuật lên kiểm tra lại đồng hồ của gia đình mình.','{\"images\":[]}',0,1559556324,1559556324,18,18),(114,45,1,NULL,'BQL kiểm tra có vấn đề gì ko vậy?','{\"images\":[]}',0,1559558130,1559558130,1,1),(115,45,NULL,18,'Chúng tôi đã kiểm tra, đồng hồ gia đình mình chạy có sai số. Chúng tôi sẽ đề xuất với BQT để thay thế đồng hồ cho gia đình mình. Mong quý cư dân chờ thông báo.','{\"images\":[]}',0,1559558238,1559558238,18,18),(116,38,15,NULL,'Hello','{\"images\":[]}',0,1559572468,1559572468,15,15),(117,38,15,NULL,'Hello','{\"images\":[]}',0,1559572536,1559572536,15,15),(118,38,NULL,18,'Chào quý cư dân. Chúng tôi có thể giúp gì anh/chị ?','{\"images\":[]}',0,1559572613,1559572613,18,18),(119,37,9,NULL,'Hình như đang bị lôic','{\"images\":[]}',0,1559572699,1559572699,9,9),(120,37,NULL,18,'A/c lỗi chỗ nào ?','{\"images\":[]}',0,1559572737,1559572737,18,18),(121,38,15,NULL,'Thấy phản hồi của tôi bị lỗi','{\"images\":[\"\\/uploads\\/images\\/201906\\/1559572882-img_0284.jpg\"]}',0,1559572884,1559572884,15,15),(122,38,NULL,18,'Hệ thống vẫn đang trong quá trình phát triển. Chúng tôi sẽ sớm cập nhật để sửa lỗi này. Cám ơn phản hồi của quý cư dân. ','{\"images\":[]}',0,1559573024,1559573024,18,18),(123,38,15,NULL,'Ngon đấy. Cảm ơn Lãnh Đạo','{\"images\":[]}',0,1559573043,1559573043,15,15),(124,30,9,NULL,'Lỗi phản hồi','{\"images\":[]}',0,1559573232,1559573232,9,9),(125,38,NULL,18,'anh vào mục thanh toán có thể phản hồi rồi đó ạ','{\"images\":[]}',0,1559573292,1559573292,18,18),(126,38,15,NULL,'Ô sờ kê em','{\"images\":[]}',0,1559573303,1559573303,15,15),(127,47,NULL,18,'Chúng tôi sẽ cho kỹ thuật lên kiểm tra lại đồng hồ nước gia đình nhà mình. Cám ơn quý cư dân đã phản hồi. ','{\"images\":[]}',0,1559573428,1559573428,18,18),(128,47,15,NULL,'Cảm ơn Đồng chí Đạt Trưởng Ban. Chuyên nghiệp toá :)','{\"images\":[]}',0,1559573480,1559573480,15,15),(129,47,NULL,18,'Ae vẫn đang test để xem có chỗ nào chưa ổn ko a ạ :)','{\"images\":[]}',0,1559573550,1559573550,18,18),(130,47,15,NULL,'OK. Good Job','{\"images\":[]}',0,1559573564,1559573564,15,15),(131,47,15,NULL,'Giờ lại thích chát ở đây hơn Zalo. Thôi xong...','{\"images\":[]}',0,1559573608,1559573608,15,15),(132,37,1,NULL,'Test crash','{\"images\":[]}',0,1559573609,1559573609,1,1),(133,4,9,NULL,'Đang lỗi','{\"images\":[]}',0,1559611492,1559611492,9,9),(134,39,18,NULL,'Nhanh nhanh','{\"images\":[]}',0,1559612872,1559612872,18,18),(135,30,9,NULL,'Lỗi dc fix chưa?','{\"images\":[]}',0,1559612923,1559612923,9,9),(136,54,NULL,7,'Vâng, BQL sẽ cử bảo vệ lên nhắc nhở','{\"images\":[]}',0,1559643362,1559643362,7,7),(137,30,1,NULL,'Lỗi phía backend nhé. Chờ update sever :D','{\"images\":[]}',0,1559644208,1559644208,1,1),(138,39,18,NULL,'Chưa xong cơ ah','{\"images\":[]}',0,1559711017,1559711017,18,18),(139,26,1,NULL,'Thêm mới','{\"images\":[\"\\/uploads\\/other\\/201906\\/1559720590-image-81a23483-025a-4dfe-9096-47787826390c5468974906047319736.jpg\"]}',0,1559720606,1559720606,1,1),(140,56,1,NULL,'Trả lời yêu cầu','{\"images\":[]}',0,1559745323,1559745323,1,1),(141,56,1,NULL,'Trả lời lần 2','{\"images\":[]}',0,1559745832,1559745832,1,1),(142,55,NULL,18,'Kính chào quý cư dân, chúng tôi đã nhận được thông tin thanh toán. Chúng tôi sẽ kiểm tra tài khoản nhận thanh toán và phản hồi lại sau.','{\"images\":[]}',0,1559747225,1559747225,18,18);
/*!40000 ALTER TABLE `request_answer` ENABLE KEYS */;
UNLOCK TABLES;

--
-- Table structure for table `request_answer_internal`
--

DROP TABLE IF EXISTS `request_answer_internal`;
/*!40101 SET @saved_cs_client     = @@character_set_client */;
/*!40101 SET character_set_client = utf8 */;
CREATE TABLE `request_answer_internal` (
  `id` int(11) NOT NULL AUTO_INCREMENT,
  `request_id` int(11) DEFAULT NULL,
  `management_user_id` int(11) DEFAULT NULL,
  `content` text COLLATE utf8_unicode_ci DEFAULT NULL,
  `attach` text COLLATE utf8_unicode_ci DEFAULT NULL,
  `is_deleted` int(1) DEFAULT 0 COMMENT '0 : chưa xóa, 1 : đã xóa',
  `created_at` int(11) DEFAULT NULL,
  `updated_at` int(11) DEFAULT NULL,
  `created_by` int(11) DEFAULT NULL,
  `updated_by` int(11) DEFAULT NULL,
  PRIMARY KEY (`id`),
  KEY `idx-request_answer_internal-request_id` (`request_id`),
  KEY `idx-request_answer_internal-management_user_id` (`management_user_id`),
  KEY `idx-request_answer_internal-is_deleted` (`is_deleted`)
) ENGINE=InnoDB AUTO_INCREMENT=72 DEFAULT CHARSET=utf8 COLLATE=utf8_unicode_ci;
/*!40101 SET character_set_client = @saved_cs_client */;

--
-- Dumping data for table `request_answer_internal`
--

LOCK TABLES `request_answer_internal` WRITE;
/*!40000 ALTER TABLE `request_answer_internal` DISABLE KEYS */;
INSERT INTO `request_answer_internal` VALUES (1,1,7,'Xin chào 1',NULL,0,1558673149,1558673149,7,7),(2,1,7,'Xin chào 1',NULL,0,1558673149,1558673149,7,7),(3,1,7,'Có khỏe không bạn',NULL,0,1558674017,1558674017,7,7),(4,1,7,'Có khỏe không bạn',NULL,0,1558674074,1558674074,7,7),(5,1,7,'Kỹ thuật đang kiểm tra bạn nhé',NULL,0,1558689517,1558689517,7,7),(6,1,7,'Đã kiểm tra xong rồi bạn nhé',NULL,0,1558690148,1558690148,7,7),(7,1,7,'Van con bi loi, ky thuat kiem tra lai',NULL,0,1558690370,1558690370,7,7),(8,8,6,'Trao đổi nội bộ\n',NULL,0,1558771924,1558771924,6,6),(9,8,6,'Trao đổi nội bộ\n',NULL,0,1558771926,1558771926,6,6),(10,8,6,'Trao đổi nội bộ\n',NULL,0,1558771929,1558771929,6,6),(11,8,6,'Trao đổi nội bộ\n',NULL,0,1558771929,1558771929,6,6),(12,8,6,'Trao đổi nội bộ\n',NULL,0,1558771929,1558771929,6,6),(13,8,6,'Trao đổi nội bộ\n',NULL,0,1558771929,1558771929,6,6),(14,8,6,'Trao đổi nội bộ\n',NULL,0,1558771929,1558771929,6,6),(15,8,6,'Trao đổi nội bộ\n',NULL,0,1558771930,1558771930,6,6),(16,8,6,'Trao đổi nội bộ\n',NULL,0,1558771930,1558771930,6,6),(17,8,6,'Trao đổi nội bộ\n',NULL,0,1558771930,1558771930,6,6),(18,8,6,'Trao đổi nội bộ\n',NULL,0,1558771930,1558771930,6,6),(19,8,6,'Trao đổi nội bộ\n',NULL,0,1558771931,1558771931,6,6),(20,8,6,'Trao đổi nội bộ\n',NULL,0,1558771931,1558771931,6,6),(21,8,6,'Trao đổi nội bộ\n',NULL,0,1558771931,1558771931,6,6),(22,8,6,'Trao đổi nội bộ\n',NULL,0,1558771931,1558771931,6,6),(23,8,6,'Trao đổi nội bộ\n',NULL,0,1558771931,1558771931,6,6),(24,8,6,'Trao đổi nội bộ\n',NULL,0,1558771932,1558771932,6,6),(25,8,6,'Trao đổi nội bộ\n',NULL,0,1558771932,1558771932,6,6),(26,8,6,'Trao đổi nội bộ\n',NULL,0,1558771932,1558771932,6,6),(27,8,6,'Trao đổi nội bộ\n',NULL,0,1558771932,1558771932,6,6),(28,8,6,'Trao đổi nội bộ\n',NULL,0,1558771932,1558771932,6,6),(29,8,6,'Trao đổi nội bộ\n',NULL,0,1558771933,1558771933,6,6),(30,8,6,'Trao đổi nội bộ\n',NULL,0,1558771933,1558771933,6,6),(31,10,6,'Quy trình gửi xe mới có gì thay đổi không nhỉ?\n',NULL,0,1558773803,1558773803,6,6),(32,10,20,'Ko đâu, vẫn như cũ nhé\n',NULL,0,1558775575,1558775575,20,20),(33,10,20,'Ko đâu, vẫn như cũ nhé\n',NULL,0,1558775579,1558775579,20,20),(34,10,6,'Gửi lỗi rồi',NULL,0,1558775612,1558775612,6,6),(35,7,1,'sdfsdfs',NULL,0,1558780034,1558780034,1,1),(36,25,7,'Xin chào',NULL,0,1559042780,1559042780,7,7),(37,35,21,'Kỹ thuật lên cắt nước giúp mình nhé',NULL,0,1559113970,1559113970,21,21),(38,35,21,'Kỹ thuật lên khóa nước giúp mình nhé','{\"images\":[]}',0,1559123360,1559123360,21,21),(39,35,22,'OK, mình sẽ lên khóa ngay đây','{\"images\":[]}',0,1559125124,1559125124,22,22),(40,35,7,'Đội kỹ thuật làm nhanh nhé','{\"images\":[]}',0,1559126380,1559126380,7,7),(41,37,21,'Vào sửa đi anh ơi','{\"images\":[]}',0,1559208653,1559208653,21,21),(42,37,7,'Ok, anh lên sửa ngay đây\n','{\"images\":[]}',0,1559293113,1559293113,7,7),(43,37,7,'Ok, anh lên sửa ngay đây\n','{\"images\":[]}',0,1559293113,1559293113,7,7),(44,37,7,'Anh sửa xong rôi fnhes','{\"images\":[]}',0,1559293814,1559293814,7,7),(45,40,19,'yêu cầu này ai xử lý chưa',NULL,0,1559296002,1559296002,19,19),(46,40,23,'sabghfsdf',NULL,0,1559296192,1559296192,23,23),(47,40,23,'jsdfhsdgf',NULL,0,1559296207,1559296207,23,23),(48,40,23,'xcv',NULL,0,1559296302,1559296302,23,23),(49,40,19,'đã xử lý xong chưa ?',NULL,0,1559296793,1559296793,19,19),(50,40,19,'bao giờ mỡi xong',NULL,0,1559296859,1559296859,19,19),(51,40,19,'đuổi việc',NULL,0,1559296907,1559296907,19,19),(52,40,19,'Về nhà',NULL,0,1559296966,1559296966,19,19),(53,40,6,'bnmbn',NULL,0,1559297665,1559297665,6,6),(54,37,22,'Em cảm ơn','{\"images\":[]}',0,1559297951,1559297951,22,22),(55,37,22,'Vậy finish cái này thôi','{\"images\":[]}',0,1559298872,1559298872,22,22),(56,37,22,'Nhanh lên','{\"images\":[]}',0,1559299200,1559299200,22,22),(57,37,22,'Sao ko ai trả lời vậy','{\"images\":[]}',0,1559299328,1559299328,22,22),(58,37,21,'Finish rồi nhé','{\"images\":[]}',0,1559299477,1559299477,21,21),(59,37,21,'Xem đã được chưa','{\"images\":[]}',0,1559299535,1559299535,21,21),(60,41,6,'Trao đổi nội bộ\n','{\"images\":[]}',0,1559525722,1559525722,6,6),(61,41,23,'jsdjasf\n','{\"images\":[]}',0,1559525857,1559525857,23,23),(62,43,23,'Trao đổi nội bộ','{\"images\":[]}',0,1559536146,1559536146,23,23),(63,43,6,'Chuyện gì đấy','{\"images\":[]}',0,1559536164,1559536164,6,6),(64,43,23,'Tóm tắt nội dung cuộc họp','{\"images\":[]}',0,1559536207,1559536207,23,23),(65,43,6,'OK, thanks','{\"images\":[]}',0,1559536225,1559536225,6,6),(66,43,24,'chuyện gì đấy','{\"images\":[]}',0,1559538191,1559538191,24,24),(67,40,6,'é','{\"images\":[\"\\/uploads\\/applications\\/201906\\/1559546180-141ph-lc-hd-may.doc\"]}',0,1559546184,1559546184,6,6),(68,52,23,'trao đổi nội bộ\n','{\"images\":[]}',0,1559635334,1559635334,23,23),(69,52,6,'Trao đổi nội bộ','{\"images\":[]}',0,1559635384,1559635384,6,6),(70,52,6,'xdgsdg','{\"images\":[]}',0,1559635550,1559635550,6,6),(71,54,18,'Cho người lên kiểm tra hàng xóm phòng 1504 Luci 1/ Tầng 1 nhé.','{\"images\":[]}',0,1559643413,1559643413,18,18);
/*!40000 ALTER TABLE `request_answer_internal` ENABLE KEYS */;
UNLOCK TABLES;

--
-- Table structure for table `request_category`
--

DROP TABLE IF EXISTS `request_category`;
/*!40101 SET @saved_cs_client     = @@character_set_client */;
/*!40101 SET character_set_client = utf8 */;
CREATE TABLE `request_category` (
  `id` int(11) NOT NULL AUTO_INCREMENT,
  `name` varchar(255) COLLATE utf8_unicode_ci DEFAULT NULL,
  `color` varchar(255) COLLATE utf8_unicode_ci DEFAULT NULL COMMENT 'mã màu - nhãn màu hiển thị',
  `auth_group_ids` varchar(255) COLLATE utf8_unicode_ci DEFAULT NULL COMMENT 'các nhóm phân quyền xử lý loại yêu cầu này',
  `building_cluster_id` int(11) DEFAULT NULL,
  `building_area_id` int(11) DEFAULT NULL,
  `is_deleted` int(1) DEFAULT 0 COMMENT '0 : chưa xóa, 1 : đã xóa',
  `created_at` int(11) DEFAULT NULL,
  `updated_at` int(11) DEFAULT NULL,
  `created_by` int(11) DEFAULT NULL,
  `updated_by` int(11) DEFAULT NULL,
  PRIMARY KEY (`id`),
  KEY `idx-request_category-building_cluster_id` (`building_cluster_id`),
  KEY `idx-request_category-building_area_id` (`building_area_id`),
  KEY `idx-request_category-is_deleted` (`is_deleted`)
) ENGINE=InnoDB AUTO_INCREMENT=36 DEFAULT CHARSET=utf8 COLLATE=utf8_unicode_ci;
/*!40101 SET character_set_client = @saved_cs_client */;

--
-- Dumping data for table `request_category`
--

LOCK TABLES `request_category` WRITE;
/*!40000 ALTER TABLE `request_category` DISABLE KEYS */;
INSERT INTO `request_category` VALUES (1,'Điện kỹ thuật','#7bdcb5','[7,8,9]',1,NULL,0,1558087678,1559545464,1,23),(2,'Nuoc','#7bdcb5','[2,3]',1,NULL,1,1558088440,1558088909,1,1),(3,'Nuoc','#7bdcb5','[2,3]',1,NULL,1,1558088440,1558088912,1,1),(4,'Nước','#8ed1fc','[9,7]',1,NULL,0,1558088491,1559295412,1,6),(5,'linhqt@luci.vn','#FF6900','[1,3]',2,NULL,1,1558576219,1558576224,18,18),(6,'Sửa chữa','#FF6900','[4,5,6]',2,NULL,0,1558576364,1559101407,18,7),(7,'Tổng hợp','#fcb900','[4,5]',2,NULL,0,1558579112,1559101412,7,7),(8,'Ra vào','#8ed1fc','[4,5]',2,NULL,0,1558579131,1559100907,7,7),(9,'Gửi xe','#f78da7','[9,7]',1,NULL,0,1558769518,1559295417,6,6),(10,'Dịch vụ khác','#7bdcb5','[9,7]',1,NULL,0,1558769547,1559295421,6,6),(11,'gchfgj','#FF6900','[1]',1,NULL,1,1558779183,1558779188,20,20),(12,'danh mục 1','#00d084','[8,9]',1,NULL,1,1559530005,1559530601,6,6),(13,'danh mục 2','#7bdcb5','[8]',1,NULL,1,1559530022,1559530604,6,6),(14,'danh mục 3','#abb8c3','[8]',1,NULL,1,1559530044,1559530612,6,6),(15,'danh mục','#8ed1fc','[9,8,7]',1,NULL,1,1559530053,1559530741,6,6),(16,'danh mục 4','#7bdcb5','[9]',1,NULL,1,1559530060,1559532982,6,6),(17,'danh mục 5','#8ed1fc','[7,8]',1,NULL,1,1559530070,1559532984,6,6),(18,'danh mục 6','#7bdcb5','[8,7]',1,NULL,1,1559530080,1559532987,6,6),(19,'danh mục 7','#abb8c3','[8,7]',1,NULL,1,1559530090,1559532990,6,6),(20,'danh mục 8','#9900ef','[8,7]',1,NULL,1,1559530162,1559532993,6,6),(21,'danh mục 9','#7bdcb5','[8,7]',1,NULL,1,1559530173,1559532996,6,6),(22,'danh mục 9','#f78da7','[8,7]',1,NULL,1,1559530184,1559532999,6,6),(23,'danh mục 123','#eb144c','[9]',1,NULL,1,1559530194,1559533001,6,6),(24,'danh mục 1124','#fcb900','[8]',1,NULL,1,1559530214,1559533004,6,6),(25,'danh mục 1á','#abb8c3','[8]',1,NULL,1,1559530224,1559533008,6,6),(26,'danh mục 1sdg','#eb144c','[8]',1,NULL,1,1559530231,1559533010,6,6),(27,'fag','#0693e3','[8]',1,NULL,1,1559530240,1559533016,6,6),(28,'Tắt điều hòa','#8ed1fc','[8]',1,NULL,1,1559530248,1559533014,6,6),(29,'fdhdfh','#7bdcb5','[8]',1,NULL,1,1559530256,1559533019,6,6),(30,'!@#$$%^^','#abb8c3','[7]',1,NULL,1,1559530793,1559533023,6,6),(31,'trước khi gửi đại biểu biểu quyết chọn phương án.','#FF6900','[8,7]',1,NULL,0,1559531156,1559531191,6,6),(32,'Vận chuyển đồ đạc','#0693e3','[9]',1,NULL,0,1559534840,1559534840,6,6),(33,'Kỹ thuật','#0693e3','[10,12,14]',3,NULL,0,1559718849,1559718904,26,26),(34,'Tổng quát','#00d084','[10,12]',3,NULL,0,1559718860,1559718934,26,26),(35,'Tài chính','#7bdcb5','[12,10,13]',3,NULL,0,1559718897,1559718897,26,26);
/*!40000 ALTER TABLE `request_category` ENABLE KEYS */;
UNLOCK TABLES;

--
-- Table structure for table `request_map_auth_group`
--

DROP TABLE IF EXISTS `request_map_auth_group`;
/*!40101 SET @saved_cs_client     = @@character_set_client */;
/*!40101 SET character_set_client = utf8 */;
CREATE TABLE `request_map_auth_group` (
  `auth_group_id` int(11) DEFAULT NULL,
  `request_id` int(11) DEFAULT NULL,
  KEY `idx-request_category_map_auth_group-auth_group_id` (`auth_group_id`),
  KEY `idx-request_category_map_auth_group-request_category_id` (`request_id`),
  KEY `idx-request_map_auth_group-auth_group_id` (`auth_group_id`),
  KEY `idx-request_map_auth_group-request_id` (`request_id`)
) ENGINE=InnoDB DEFAULT CHARSET=utf8 COLLATE=utf8_unicode_ci;
/*!40101 SET character_set_client = @saved_cs_client */;

--
-- Dumping data for table `request_map_auth_group`
--

LOCK TABLES `request_map_auth_group` WRITE;
/*!40000 ALTER TABLE `request_map_auth_group` DISABLE KEYS */;
INSERT INTO `request_map_auth_group` VALUES (3,6),(3,1),(3,2),(3,3),(1,4),(3,5),(1,6),(1,7),(2,7),(1,8),(2,8),(1,9),(2,10),(1,11),(2,11),(1,12),(1,13),(1,14),(1,15),(1,16),(1,17),(1,18),(1,19),(1,20),(3,21),(3,22),(4,23),(1,24),(4,24),(4,25),(4,26),(1,27),(2,27),(3,28),(5,25),(3,29),(3,30),(5,23),(1,31),(3,31),(4,32),(5,32),(6,32),(1,33),(6,23),(1,34),(4,35),(5,35),(6,35),(4,36),(5,36),(6,36),(4,37),(5,37),(6,37),(4,38),(5,38),(1,39),(9,40),(7,40),(9,41),(7,41),(8,42),(7,42),(9,43),(7,43),(9,44),(8,43),(8,40),(4,45),(5,45),(4,46),(5,46),(4,47),(5,47),(4,48),(5,48),(4,49),(5,49),(6,49),(9,50),(7,50),(9,51),(7,51),(9,52),(7,52),(4,53),(5,53),(6,53),(4,54),(5,54),(4,55),(5,55),(4,56),(5,56),(4,57),(5,57),(4,58),(5,58);
/*!40000 ALTER TABLE `request_map_auth_group` ENABLE KEYS */;
UNLOCK TABLES;

--
-- Table structure for table `request_report_date`
--

DROP TABLE IF EXISTS `request_report_date`;
/*!40101 SET @saved_cs_client     = @@character_set_client */;
/*!40101 SET character_set_client = utf8 */;
CREATE TABLE `request_report_date` (
  `id` int(11) NOT NULL AUTO_INCREMENT,
  `date` int(11) NOT NULL COMMENT 'báo cáo ngày',
  `status` int(11) DEFAULT NULL COMMENT 'Trạng thái request',
  `request_category_id` int(11) DEFAULT NULL COMMENT 'Trạng thái request',
  `total` int(11) DEFAULT NULL COMMENT 'Tổng request',
  `total_answer` int(11) DEFAULT NULL COMMENT 'Tổng trả lời',
  `building_cluster_id` int(11) NOT NULL,
  `created_at` int(11) DEFAULT NULL,
  `updated_at` int(11) DEFAULT NULL,
  PRIMARY KEY (`id`),
  KEY `idx-request_report_date-date` (`date`),
  KEY `idx-request_report_date-status` (`status`),
  KEY `idx-request_report_date-request_category_id` (`request_category_id`),
  KEY `idx-request_report_date-total` (`total`),
  KEY `idx-request_report_date-building_cluster_id` (`building_cluster_id`)
) ENGINE=InnoDB AUTO_INCREMENT=78 DEFAULT CHARSET=utf8;
/*!40101 SET character_set_client = @saved_cs_client */;

--
-- Dumping data for table `request_report_date`
--

LOCK TABLES `request_report_date` WRITE;
/*!40000 ALTER TABLE `request_report_date` DISABLE KEYS */;
INSERT INTO `request_report_date` VALUES (62,1559235600,0,1,1,NULL,1,1559700228,1559700228),(63,1559235600,1,1,1,NULL,1,1559700228,1559700228),(64,1559235600,2,1,1,NULL,1,1559700228,1559700228),(65,1559494800,0,31,1,NULL,1,1559700255,1559700255),(66,1559494800,0,32,1,NULL,1,1559700255,1559700255),(67,1559494800,2,10,1,NULL,1,1559700255,1559700255),(68,1559494800,1,7,2,NULL,2,1559700255,1559700255),(69,1559494800,2,7,1,NULL,2,1559700255,1559700255),(70,1559581200,0,4,1,NULL,1,1559700262,1559700262),(71,1559581200,0,10,1,NULL,1,1559700262,1559700262),(72,1559581200,2,10,1,NULL,1,1559700262,1559700262),(73,1559581200,0,6,2,NULL,2,1559700262,1559700262),(74,1559581200,0,7,2,NULL,2,1559700262,1559700262),(75,1559581200,2,7,1,NULL,2,1559700262,1559700262),(76,1559667600,2,7,1,NULL,2,1559754301,1559754301),(77,1559754000,0,7,2,NULL,2,1559840701,1559840701);
/*!40000 ALTER TABLE `request_report_date` ENABLE KEYS */;
UNLOCK TABLES;

--
-- Table structure for table `resident_user`
--

DROP TABLE IF EXISTS `resident_user`;
/*!40101 SET @saved_cs_client     = @@character_set_client */;
/*!40101 SET character_set_client = utf8 */;
CREATE TABLE `resident_user` (
  `id` int(11) NOT NULL AUTO_INCREMENT,
  `phone` varchar(20) NOT NULL,
  `password` varchar(64) NOT NULL,
  `email` varchar(64) DEFAULT NULL,
  `first_name` varchar(64) DEFAULT NULL,
  `last_name` varchar(64) DEFAULT NULL,
  `avatar` varchar(255) DEFAULT NULL,
  `auth_key` varchar(255) DEFAULT NULL,
  `notify_tags` varchar(255) DEFAULT NULL COMMENT 'Tags gửi notify',
  `gender` int(1) DEFAULT 0 COMMENT 'giới tính : 0 - chưa xác định, 1 - nam, 2 - nữ',
  `birthday` int(11) DEFAULT NULL COMMENT 'ngày sinh',
  `status` smallint(6) NOT NULL DEFAULT 0 COMMENT '0 : chưa kích hoạt, 1 : đã kích hoạt, 2 : bị khóa',
  `status_verify_phone` smallint(6) DEFAULT NULL COMMENT '0 - chưa xác thực , 1 đã xác thực',
  `status_verify_email` smallint(6) DEFAULT NULL COMMENT '0 - chưa xác thực , 1 đã xác thực',
  `is_deleted` int(1) DEFAULT 0 COMMENT '0 : chưa xóa, 1 : đã xóa',
  `created_at` int(11) DEFAULT NULL,
  `updated_at` int(11) DEFAULT NULL,
  `created_by` int(11) DEFAULT NULL,
  `updated_by` int(11) DEFAULT NULL,
  `active_app` int(1) DEFAULT 0 COMMENT '0 - chưa sử dụng app, 1 đã sử dụng app',
  PRIMARY KEY (`id`),
  KEY `idx-resident_user-is_deleted` (`is_deleted`),
  KEY `idx-resident_user-phone` (`phone`),
  KEY `idx-resident_user-status` (`status`),
  KEY `idx-resident_user-status_verify_email` (`status_verify_email`),
  KEY `idx-resident_user-status_verify_phone` (`status_verify_phone`),
  KEY `idx-resident_user-active_app` (`active_app`)
) ENGINE=InnoDB AUTO_INCREMENT=322 DEFAULT CHARSET=utf8;
/*!40101 SET character_set_client = @saved_cs_client */;

--
-- Dumping data for table `resident_user`
--

LOCK TABLES `resident_user` WRITE;
/*!40000 ALTER TABLE `resident_user` DISABLE KEYS */;
INSERT INTO `resident_user` VALUES (1,'84366564963','$2y$13$RQ/4YGiDeUkgR5I8JMpuJeWFomcXfLM9HdWfVTqK7d3s5sI7WpyHi',NULL,'Phạm Duy Đạt',NULL,'https://resident.staging.building.luci.vn/uploads/images/201906/1559642857-img_1692.jpg',NULL,'[\"BUILDING_CLUSTER_2\",\"BUILDING_AREA_27\",\"APARTMENT_11\"]',0,NULL,1,NULL,NULL,0,1557980528,1559642860,1,1,1),(2,'84987654320','$2y$13$AeZc2PBQ07zmF39veiA.9eqQH4gQDX6WeqXwsh6mQO0Qs8dmD7lJ6',NULL,'Dương Quốc Huy',NULL,NULL,NULL,NULL,0,NULL,1,NULL,NULL,0,1557980592,1557998997,1,1,0),(5,'84982131221','$2y$13$V/U/90q78cHT5Opzan2x7uU9vOMtNbf/v9/Tqi1zNguuVRbdP179y',NULL,'Pham Duy Nam',NULL,NULL,NULL,NULL,0,NULL,1,NULL,NULL,0,1558018481,1558018481,1,1,0),(6,'84966618558','$2y$13$g6Ul.OvBMV1QjyHvZBFDP.TCpeJiO8WrvHH7b0p6Gk32BzqoA5yh2','','Lê Minh',NULL,'https://resident.staging.building.luci.vn/uploads/images/201905/1559206276-img_0003.jpg',NULL,'[\"BUILDING_CLUSTER_2\",\"BUILDING_AREA_27\",\"APARTMENT_8\"]',0,NULL,1,NULL,NULL,0,1558423191,1559206281,NULL,6,1),(9,'84978928230','$2y$13$1GN.0ji9.poFNbAyi8yNSum9IOqju92tU1j2hHK24I3E/J1tSu39W',NULL,'Dương Quốc Huy',NULL,'https://resident.staging.building.luci.vn/uploads/other/201905/1559129723-img_20190529_183453.jpg',NULL,'[\"BUILDING_CLUSTER_2\",\"BUILDING_AREA_27\",\"APARTMENT_8\"]',0,NULL,1,NULL,NULL,0,1558507692,1559129728,7,9,1),(10,'84978928231','$2y$13$TtRlM.736kALKJ1qhvqB2uM4KQVZ8Lvi9e3IAKd5lR0BS1bqup02.',NULL,'Dương Quốc Huy',NULL,NULL,NULL,'[\"BUILDING_CLUSTER_1\",\"BUILDING_AREA_23\",\"APARTMENT_7\"]',0,NULL,1,NULL,NULL,0,1558508383,1558508383,5,5,0),(13,'84963093532','$2y$13$zoEsDciGxgn9bE6tqJ.kK.GTBbnb0FF2lg8IP4GNQ5./Q7jYVxVvC','','Trương Hữu Hà',NULL,'https://resident.staging.building.luci.vn/uploads/images/201905/1559045178-img_4269.jpg',NULL,'[\"BUILDING_CLUSTER_2\",\"BUILDING_AREA_27\",\"APARTMENT_9\"]',0,NULL,1,1,NULL,0,1558603074,1559045180,NULL,13,1),(14,'84988888888','$2y$13$NbqQ.Llk/no5X85rlng4G.5ia4CZUcxaxUuEErshZQnx4JcZOiV8e',NULL,'A HUy',NULL,NULL,NULL,'[\"BUILDING_CLUSTER_2\",\"BUILDING_AREA_27\",\"APARTMENT_9\"]',0,NULL,1,NULL,NULL,0,1558678206,1558678206,18,18,0),(15,'84989528899','$2y$13$ZqIBWrs3r1uPb89bVNCRTea.D6FKc7ggf3LMwWqBFRupKbWEeuZei','','Lâm Hùng Sơn',NULL,NULL,NULL,'[\"BUILDING_CLUSTER_2\",\"BUILDING_AREA_27\",\"APARTMENT_11\"]',0,NULL,1,1,NULL,0,1558710933,1558719284,NULL,7,1),(18,'84961196368','$2y$13$4ow5SFGZWxWrQ9.tSAnjQe/bYJXnfNKbPrS/ceXMwMmTgJkrIlZvu','','Như Lực',NULL,'https://resident.staging.building.luci.vn/uploads/images/201906/1559823902-img_0434.heic',NULL,'[\"BUILDING_CLUSTER_2\",\"BUILDING_AREA_26\",\"APARTMENT_51\"]',0,NULL,1,1,NULL,0,1558749855,1559823904,NULL,18,1),(19,'84367103927','$2y$13$S3H.89F3fbkuWDqCG0r/BeggeYN4.B/yhlbN6m1Xtd72naEjwNba6',NULL,'Lương Thị A',NULL,NULL,NULL,'[\"BUILDING_CLUSTER_3\",\"BUILDING_AREA_63\",\"APARTMENT_154\"]',0,NULL,1,NULL,NULL,0,1558767356,1559641576,6,26,1),(20,'84974221890','$2y$13$q./RCPfvUGsTKYqRW.uGj.1QdZEDOK4Fw36FnDRr4DQF9HsqWZNrq',NULL,'Nguyễn Văn Linh',NULL,NULL,NULL,'[\"BUILDING_CLUSTER_2\",\"BUILDING_AREA_27\",\"APARTMENT_11\"]',0,NULL,1,NULL,NULL,0,1558773774,1558773774,7,7,0),(21,'844334535344','$2y$13$3d8lGD2OB.thjphCam0AluKK0xvLOeqh7hi5xfwxwp/pLjvTE74Sy',NULL,'1',NULL,NULL,NULL,NULL,0,NULL,1,NULL,NULL,0,1558774650,1558775564,6,6,0),(23,'84916159146','$2y$13$ekKy.veNwxGOC98wHUJoBeYiDKt1dC2fnKqj84z39oBvBo4X66ZNa','','Nguyễn Tuấn Anh',NULL,'https://resident.staging.building.luci.vn/uploads/images/201906/1559866313-img_8741.png',NULL,'[\"BUILDING_CLUSTER_2\",\"BUILDING_AREA_27\",\"APARTMENT_256\"]',0,NULL,1,1,NULL,0,1558775338,1559866323,NULL,23,1),(25,'84150940594','$2y$13$l2NKDdWF92kzCO21jQGq.uisMH9NIc2t9N3iDOSi47SnVs1IK9dRi',NULL,'Nhà mạng Gmobie được ra m',NULL,NULL,NULL,'[\"BUILDING_CLUSTER_1\",\"BUILDING_AREA_46\",\"APARTMENT_49\"]',0,NULL,1,NULL,NULL,0,1558775435,1558775435,6,6,0),(26,'84977421231','$2y$13$TXAfk..artCnvwqT177/OuOUuMOTjdAV7sav/aFptZMPPilZH4686',NULL,'Hoàng Thùy Linh',NULL,NULL,NULL,'[\"BUILDING_CLUSTER_2\",\"BUILDING_AREA_26\",\"APARTMENT_10\"]',0,NULL,1,NULL,NULL,0,1558775847,1558775847,7,7,0),(27,'84934909340','$2y$13$ybPPtxPdLoRR4HBLe24Zye.ZSdLR/g0oi1PdH4SiF6wVAgJNYiHci',NULL,'1232',NULL,NULL,NULL,NULL,0,NULL,1,NULL,NULL,0,1558775926,1558776795,6,6,0),(28,'84343453455','$2y$13$BQirR9BMUSYj.2wrw.1yXeIsCiG5TtR/lxzfHIeSoRCqKRtPmWqHK',NULL,'dgdgd',NULL,NULL,NULL,NULL,0,NULL,1,NULL,NULL,0,1558775963,1558776233,6,6,0),(29,'84984784172','$2y$13$pTtsYmru9O/Mx66nc/8NU.8vsKWpL3ehusJ8aAGhLdzFLlkZMvbEq',NULL,'Nguyễn Hoàng Quân',NULL,NULL,NULL,'[\"BUILDING_CLUSTER_1\",\"BUILDING_AREA_33\",\"APARTMENT_34\"]',0,NULL,1,NULL,NULL,0,1558776545,1559707798,20,6,1),(30,'84815342388','$2y$13$6vk3tNqHFzwWYDa/mnrURuurO.itpnvr7w4u004K5WREK91YbOlp6',NULL,'Nguyễn Thị Hòa',NULL,NULL,NULL,NULL,0,NULL,1,NULL,NULL,0,1558776683,1558776847,20,6,0),(31,'84348939393','$2y$13$wZC4mR4cSqYMMUDBN03t0OFkR5JnXo6zA7uuvt8qxC5isJs00i26e',NULL,'abc',NULL,NULL,NULL,NULL,0,NULL,1,NULL,NULL,0,1558776800,1558776887,6,6,0),(32,'84321326523','$2y$13$Kj4pTQStVmFKYc/unVacaOaTkFsHbZGzVD1WkRZzPhrsgJ..RopFa',NULL,'Nhà mạng Gmobie được ra mắt tại Việt Nam vào tháng 4/2012. Đây l',NULL,NULL,NULL,NULL,0,NULL,1,NULL,NULL,0,1558776902,1558780033,6,20,0),(33,'84379360898','$2y$13$KYPSNyW3Gmq0a9fN1c4ZauSDhtQggcgz5CCUwDOWJ/fF3LVjkPhBa',NULL,'Phạm Xuân Dương',NULL,NULL,NULL,'[\"BUILDING_CLUSTER_1\",\"BUILDING_AREA_33\",\"APARTMENT_35\"]',0,NULL,1,NULL,NULL,0,1558779277,1558779277,20,20,0),(34,'09876545','$2y$13$px3T9KJx5bym/6RTIe/.zuh9.QR/M8KE8/hMUS/XtiZ7bEVQJj3Lq',NULL,'Pham Minh Duc',NULL,'/uploads/images/201905/1558948103-img_0003.jpg',NULL,'[\"BUILDING_CLUSTER_2\",\"BUILDING_AREA_26\",\"APARTMENT_51\"]',0,13,1,NULL,NULL,0,1558948130,1558948130,1,1,0),(35,'09876544567','$2y$13$EI9WHccJxiFDhhBCIc9Pqer/gWfT.dZ1k1qcCJOf9rqrZIviurGWe',NULL,'Pham Ngoc Anh',NULL,'/uploads/images/201905/1558948593-img_0006.heic',NULL,'[\"BUILDING_CLUSTER_2\",\"BUILDING_AREA_26\",\"APARTMENT_51\"]',0,13,1,NULL,NULL,0,1558948610,1558948610,1,1,0),(36,'84968234085','$2y$13$MZGvJHcPJgExXMtjLqoD9Os7AvzeEQsztqfdHBd.egx/K2qXgwjn.','','Công Linh',NULL,'https://resident.staging.building.luci.vn/uploads/other/201906/1559812415-received_547324522102800.jpeg',NULL,'[\"BUILDING_CLUSTER_2\",\"BUILDING_AREA_27\",\"APARTMENT_52\"]',0,NULL,1,1,NULL,0,1558971833,1559812417,NULL,36,1),(37,'8498797678','$2y$13$qMSQEIjuUIfRk2H3Qmmwc.80LQ4jKebkrLgpnVdEYHjnRvzlWLMse',NULL,'Nguyễn Trâm Anh',NULL,NULL,NULL,'[\"BUILDING_CLUSTER_2\",\"BUILDING_AREA_26\",\"APARTMENT_10\"]',0,NULL,1,NULL,NULL,0,1559014227,1559014227,18,18,0),(38,'098452854233','$2y$13$xg6sauxnYam4S6Z3DN.ZlOtUR0swPeLt564tGxU1ZEA93MZfEWNvm',NULL,'Nguyễn Quốc Huy',NULL,NULL,NULL,'[\"BUILDING_CLUSTER_2\",\"BUILDING_AREA_27\",\"APARTMENT_11\"]',0,28,1,NULL,NULL,0,1559032532,1559032532,15,15,0),(39,'84977920221','$2y$13$gFNsJLEfXOvBPnGRQYOEY.Cg6szDxckFOq2t.M1lqrsMh8rJzWQCG',NULL,'Ngô Vân Anh',NULL,NULL,NULL,'[\"BUILDING_CLUSTER_3\",\"BUILDING_AREA_73\",\"APARTMENT_54\"]',0,NULL,1,NULL,NULL,0,1559549273,1559637712,6,NULL,0),(40,'84977920222','$2y$13$DA1poTvz1hnRet7Qe/KJ8uGaBPR6Fn6P2jb/eUbPOKF54ECp2gpiS',NULL,'Bùi Thiên Lam',NULL,NULL,NULL,'[\"BUILDING_CLUSTER_3\",\"BUILDING_AREA_73\",\"APARTMENT_55\"]',0,NULL,1,NULL,NULL,0,1559549383,1559637712,6,NULL,0),(41,'84977920223','$2y$13$33/0btxk7lYJTq8EvdMtLe/rMUNX4o6vWO37zxEk7KXGqaHLSdCAi',NULL,'Nguyễn Ngọc Anh',NULL,NULL,NULL,'[\"BUILDING_CLUSTER_3\",\"BUILDING_AREA_73\",\"APARTMENT_56\"]',0,NULL,1,NULL,NULL,0,1559549415,1559637712,6,NULL,0),(42,'84977920225','$2y$13$dQ9.15eHCZ.6FYR89QXTHuQiMlQMAzTb7m5/bTWow1p8A76WRO06W',NULL,'Trần Thị Nhàn',NULL,NULL,NULL,'[\"BUILDING_CLUSTER_3\",\"BUILDING_AREA_73\",\"APARTMENT_58\"]',0,NULL,1,NULL,NULL,0,1559549443,1559637713,6,NULL,0),(43,'84977895623','$2y$13$uMmlzB7KJ4gDiT62b.tZBO9mRFvi.WzX9jwsyotu1mKGqK/9NESHW',NULL,'dgdfgd',NULL,NULL,NULL,NULL,0,NULL,1,NULL,NULL,0,1559556679,1559706363,6,6,0),(44,'84977920224','$2y$13$VwOsPLjFDOZR3sicJDDTm.8iar10/ndl.UW6J9xxI2Jq8qcKaGMLS',NULL,'Phạm Thu Hà',NULL,NULL,NULL,'[\"BUILDING_CLUSTER_3\",\"BUILDING_AREA_73\",\"APARTMENT_57\"]',0,NULL,1,NULL,NULL,0,1559637713,1559637713,NULL,NULL,0),(45,'84977920226','$2y$13$Kattgvz1MazPwoXaTKY7v.Uqc61X8NmyLL6xIgnGgNb0LkDvhG9vu',NULL,'Vũ Thị Hòa',NULL,NULL,NULL,'[\"BUILDING_CLUSTER_3\",\"BUILDING_AREA_73\",\"APARTMENT_59\"]',0,NULL,1,NULL,NULL,0,1559637713,1559637713,NULL,NULL,0),(46,'84977920227','$2y$13$IRHUKYJIw68ud4yULOBcjOPm2v0VAz9x/9Detw1xF6B/IDWWzMCiK',NULL,'Đặng Thị Ngọc Anh',NULL,NULL,NULL,'[\"BUILDING_CLUSTER_3\",\"BUILDING_AREA_73\",\"APARTMENT_60\"]',0,NULL,1,NULL,NULL,0,1559637714,1559637714,NULL,NULL,0),(47,'84977920228','$2y$13$6rqynEkXsMfKpJqChjmovu6ppJ7kvyRpwphWfERiYnbvsVLgwZQBW',NULL,'Lê Văn Huân',NULL,NULL,NULL,'[\"BUILDING_CLUSTER_3\",\"BUILDING_AREA_73\",\"APARTMENT_61\"]',0,NULL,1,NULL,NULL,0,1559637714,1559637714,NULL,NULL,0),(48,'84977920229','$2y$13$ostpAEKoQ/b6jNu8OuGUr.Q4IFBIPEH6wExzczdMN7rBPw19kioxW',NULL,'Đỗ Triệu Phú',NULL,NULL,NULL,'[\"BUILDING_CLUSTER_3\",\"BUILDING_AREA_73\",\"APARTMENT_62\"]',0,NULL,1,NULL,NULL,0,1559637715,1559637715,NULL,NULL,0),(49,'84977920230','$2y$13$5Ixx03Udy9mGFD.lAmpsEOybscToJdvJH86ljfOy.FxSpjLcjU0NG',NULL,'Lưu Thành Trung',NULL,NULL,NULL,'[\"BUILDING_CLUSTER_3\",\"BUILDING_AREA_73\",\"APARTMENT_63\"]',0,NULL,1,NULL,NULL,0,1559637715,1559637715,NULL,NULL,0),(50,'84977920231','$2y$13$nemSBU1IfyTYzVJjNulj8.kE3Gh9rYZWUGEYNnmd8B5Z1CgsW8QyW',NULL,'Nguyễn Thị Thanh Hoài',NULL,NULL,NULL,'[\"BUILDING_CLUSTER_3\",\"BUILDING_AREA_74\",\"APARTMENT_64\"]',0,NULL,1,NULL,NULL,0,1559637716,1559637716,NULL,NULL,0),(51,'84977920232','$2y$13$88JiJ6Kyx0Kk0j8DIemqVeCxnLV7heIawtNfLzmd4alhuSXtwdjHu',NULL,'Trần Thị Hoa',NULL,NULL,NULL,'[\"BUILDING_CLUSTER_3\",\"BUILDING_AREA_74\",\"APARTMENT_65\"]',0,NULL,1,NULL,NULL,0,1559637716,1559637716,NULL,NULL,0),(52,'84977920233','$2y$13$YdUCPb5pNWi5vthRBjmD1O09ZPpTG/GQvOtxkbf7GOAQsmmgp67b6',NULL,'Trần Thị Hạnh',NULL,NULL,NULL,'[\"BUILDING_CLUSTER_3\",\"BUILDING_AREA_74\",\"APARTMENT_66\"]',0,NULL,1,NULL,NULL,0,1559637717,1559637717,NULL,NULL,0),(53,'84977920234','$2y$13$gJffZ1aOYwkJmuoz0oUhKOrbbIArkmAz2HObCSmt/WMu96zuh460a',NULL,'Hoàng Hoa Cương',NULL,NULL,NULL,'[\"BUILDING_CLUSTER_3\",\"BUILDING_AREA_74\",\"APARTMENT_67\"]',0,NULL,1,NULL,NULL,0,1559637717,1559637717,NULL,NULL,0),(54,'84977920235','$2y$13$vyafEXxj8FgiO4F8ShJUK.58EJKJTIRPLDo0chaTyIO/7Ds/Aq6xm',NULL,'Đào Tiến Dũng',NULL,NULL,NULL,'[\"BUILDING_CLUSTER_3\",\"BUILDING_AREA_74\",\"APARTMENT_68\"]',0,NULL,1,NULL,NULL,0,1559637718,1559637718,NULL,NULL,0),(55,'84977920236','$2y$13$aIUsKHLg0glifqFyn94fzeGjAliGBGWhHTCtRETK/d4eM3V3SModu',NULL,'Nguyễn Thị Hương',NULL,NULL,NULL,'[\"BUILDING_CLUSTER_3\",\"BUILDING_AREA_74\",\"APARTMENT_69\"]',0,NULL,1,NULL,NULL,0,1559637718,1559637718,NULL,NULL,0),(56,'84977920237','$2y$13$sYMIOpfl1T3eD5NDD2h4ZOuE2azWwv4RHZRxeG.47tRNC9HWp3UjS',NULL,'Nguyễn Thị Tuyết',NULL,NULL,NULL,'[\"BUILDING_CLUSTER_3\",\"BUILDING_AREA_74\",\"APARTMENT_70\"]',0,NULL,1,NULL,NULL,0,1559637719,1559637719,NULL,NULL,0),(57,'84977920238','$2y$13$Y2tR7NpBFvZv2ywR8JMt1O7B3uYeASiJ6gKo2y1G9nVzg8q8miKRC',NULL,'Đinh Thị Thúy Hằng',NULL,NULL,NULL,'[\"BUILDING_CLUSTER_3\",\"BUILDING_AREA_74\",\"APARTMENT_71\"]',0,NULL,1,NULL,NULL,0,1559637719,1559637719,NULL,NULL,0),(58,'84977920239','$2y$13$GSny2kXvUgmyZp72IQM1v.GdF6nZ.ltz2p34nzzBcG1rSm/hTxCiG',NULL,'Vũ Thị Huyền',NULL,NULL,NULL,'[\"BUILDING_CLUSTER_3\",\"BUILDING_AREA_74\",\"APARTMENT_72\"]',0,NULL,1,NULL,NULL,0,1559637720,1559637720,NULL,NULL,0),(59,'84977920240','$2y$13$ZELh2ec05859QqREqji16eM40v9nX.WvcToK9q4jy0y.QOFKD5Gi2',NULL,'Vũ Văn Minh',NULL,NULL,NULL,'[\"BUILDING_CLUSTER_3\",\"BUILDING_AREA_74\",\"APARTMENT_73\"]',0,NULL,1,NULL,NULL,0,1559637720,1559637720,NULL,NULL,0),(60,'84977920241','$2y$13$7qZE8R2fNak57gpaKF7uvetE6QPLZQ2vTImJSSGpdcgNPwmdcuG5O',NULL,'Vũ Thị Lan Phương',NULL,NULL,NULL,'[\"BUILDING_CLUSTER_3\",\"BUILDING_AREA_75\",\"APARTMENT_74\"]',0,NULL,1,NULL,NULL,0,1559637720,1559637720,NULL,NULL,0),(61,'84977920242','$2y$13$tZDGRu3fd72U/1Hlq0.QHO2LJjNLnwpThLKmnVJz5CAYwNOCGquCG',NULL,'Phạm Thị Thùy Linh',NULL,NULL,NULL,'[\"BUILDING_CLUSTER_3\",\"BUILDING_AREA_75\",\"APARTMENT_75\"]',0,NULL,1,NULL,NULL,0,1559637721,1559637721,NULL,NULL,0),(62,'84977920243','$2y$13$1AAsAVb.Kju5XLfK.H0z5.U8/inWC0Um7Jo/6ob6JyQH266iIFCGO',NULL,'Đỗ Long Biên',NULL,NULL,NULL,'[\"BUILDING_CLUSTER_3\",\"BUILDING_AREA_75\",\"APARTMENT_76\"]',0,NULL,1,NULL,NULL,0,1559637721,1559637721,NULL,NULL,0),(63,'84977920244','$2y$13$XiyqOlg1DZvFScVGseGYge5y0acupoaPRvl5vpvMeG1KcULWisoZO',NULL,'Trần Thị Hiền',NULL,NULL,NULL,'[\"BUILDING_CLUSTER_3\",\"BUILDING_AREA_75\",\"APARTMENT_77\"]',0,NULL,1,NULL,NULL,0,1559637722,1559637722,NULL,NULL,0),(64,'84977920245','$2y$13$GT1dKxuKIIgr4W/gRqvJVu0/C8uRtfTL6XIc4uYhroz5Z5KnrkieW',NULL,'Nguyễn Thị Hương Giang',NULL,NULL,NULL,'[\"BUILDING_CLUSTER_3\",\"BUILDING_AREA_75\",\"APARTMENT_78\"]',0,NULL,1,NULL,NULL,0,1559637722,1559637722,NULL,NULL,0),(65,'84977920246','$2y$13$4pVQcJVeqiDATW9JldRsyuTR2b9bnkOd/X70QfxY2B.5g1C6MAZGm',NULL,'Bùi Tuấn Trình',NULL,NULL,NULL,'[\"BUILDING_CLUSTER_3\",\"BUILDING_AREA_75\",\"APARTMENT_79\"]',0,NULL,1,NULL,NULL,0,1559637723,1559637723,NULL,NULL,0),(66,'84977920247','$2y$13$XDYLJFVJEr6yiA7.K5.KZ.TathK8EbvKSVwiaWDfr/TMddLopyJ/u',NULL,'Phạm Thùy Ninh',NULL,NULL,NULL,'[\"BUILDING_CLUSTER_3\",\"BUILDING_AREA_75\",\"APARTMENT_80\"]',0,NULL,1,NULL,NULL,0,1559637723,1559637723,NULL,NULL,0),(67,'84977920248','$2y$13$2lXDwFVHqoUCKt1qw/E5NucJ5yKsKg6EirB.Yu2eLs4aATQnerrr.',NULL,'Trịnh Quang Trường',NULL,NULL,NULL,'[\"BUILDING_CLUSTER_3\",\"BUILDING_AREA_75\",\"APARTMENT_81\"]',0,NULL,1,NULL,NULL,0,1559637724,1559637724,NULL,NULL,0),(68,'84977920249','$2y$13$yAJYiYKcIDtSKZDuWha1PeidaoS0m7GmkI5v2nDMnZYhkDEHfmh0y',NULL,'Lê Mạnh Toàn',NULL,NULL,NULL,'[\"BUILDING_CLUSTER_3\",\"BUILDING_AREA_75\",\"APARTMENT_82\"]',0,NULL,1,NULL,NULL,0,1559637724,1559637724,NULL,NULL,0),(69,'84977920250','$2y$13$SrFY6jYs2UJ7zKFgVm7CAuazT2cW.s2CV.O8RXxwbIMOm5FOhHZKm',NULL,'Lê Mạnh Cường',NULL,NULL,NULL,'[\"BUILDING_CLUSTER_3\",\"BUILDING_AREA_75\",\"APARTMENT_83\"]',0,NULL,1,NULL,NULL,0,1559637725,1559637725,NULL,NULL,0),(70,'84977920251','$2y$13$PDJieWOYJpSb8RMYpBFNDuPPzkHd9cxXshMkKSMwu7adxFDtUB7sC',NULL,'Hoàng Thị Tuyết Lan',NULL,NULL,NULL,'[\"BUILDING_CLUSTER_3\",\"BUILDING_AREA_76\",\"APARTMENT_84\"]',0,NULL,1,NULL,NULL,0,1559637725,1559637725,NULL,NULL,0),(71,'84977920252','$2y$13$pZ/IxQyxDWyJq.rk88CzaOZBh7nrJjSg0jh2EflXWTB.B1ivwCJ6i',NULL,'Vũ Thị Hồng Nhung',NULL,NULL,NULL,'[\"BUILDING_CLUSTER_3\",\"BUILDING_AREA_76\",\"APARTMENT_85\"]',0,NULL,1,NULL,NULL,0,1559637726,1559637726,NULL,NULL,0),(72,'84977920253','$2y$13$F1N8WcHs3TbBGVwHTIDzT.3YEAwZwoMXPnnnqm51fQDvEKsv3XFlq',NULL,'Nguyễn Văn Học',NULL,NULL,NULL,'[\"BUILDING_CLUSTER_3\",\"BUILDING_AREA_76\",\"APARTMENT_86\"]',0,NULL,1,NULL,NULL,0,1559637726,1559637726,NULL,NULL,0),(73,'84977920254','$2y$13$JNRUWvFfVL1uLPq.aMrpdOV1WA/TWuvLWXOeSxVF0liiBW2IReil2',NULL,'Đỗ Thị Phương Thanh',NULL,NULL,NULL,'[\"BUILDING_CLUSTER_3\",\"BUILDING_AREA_76\",\"APARTMENT_87\"]',0,NULL,1,NULL,NULL,0,1559637727,1559637727,NULL,NULL,0),(74,'84977920255','$2y$13$c5VFlzuvq4H1UuyBjXmQCO9g/Q45MlHLT5pCouAJwW0ib3DyF.AGS',NULL,'Bùi Thị Thuý Vân',NULL,NULL,NULL,'[\"BUILDING_CLUSTER_3\",\"BUILDING_AREA_76\",\"APARTMENT_88\"]',0,NULL,1,NULL,NULL,0,1559637727,1559637727,NULL,NULL,0),(75,'84977920256','$2y$13$dZtX7xi0Obmlxy9CbETPIe6rNtJpgBYC8vUhEcoQjve/PpVw4HHsG',NULL,'TrầnThu Hằng',NULL,NULL,NULL,'[\"BUILDING_CLUSTER_3\",\"BUILDING_AREA_76\",\"APARTMENT_89\"]',0,NULL,1,NULL,NULL,0,1559637728,1559637728,NULL,NULL,0),(76,'84977920257','$2y$13$s1EhjgGrrbyEKZ3BDFC0c./jCAWEPwQvqZ55ndXRrDJUPiE8CPzty',NULL,'Vũ Văn Bình',NULL,NULL,NULL,'[\"BUILDING_CLUSTER_3\",\"BUILDING_AREA_76\",\"APARTMENT_90\"]',0,NULL,1,NULL,NULL,0,1559637728,1559637728,NULL,NULL,0),(77,'84977920258','$2y$13$2UezgRdzyvN1.KZdzPEhjui0cVVAgqnGqrDpv1ujbwW.nXG5LaOO6',NULL,'Ngô Tiến Thông',NULL,NULL,NULL,'[\"BUILDING_CLUSTER_3\",\"BUILDING_AREA_76\",\"APARTMENT_91\"]',0,NULL,1,NULL,NULL,0,1559637728,1559637728,NULL,NULL,0),(78,'84977920259','$2y$13$DMq4B1bn.PFNOlSFcxRBFuwm7J/9KIqoorpv1E57lkjnhF.XiWAhW',NULL,'Trần Thanh Tuấn',NULL,NULL,NULL,'[\"BUILDING_CLUSTER_3\",\"BUILDING_AREA_76\",\"APARTMENT_92\"]',0,NULL,1,NULL,NULL,0,1559637729,1559637729,NULL,NULL,0),(79,'84977920260','$2y$13$lZRvRxutKJBcfC9aeTQAZeBGOTE7zr9RYFwkA/18X2uCW6IWickwW',NULL,'Nguyễn Minh Tuấn',NULL,NULL,NULL,'[\"BUILDING_CLUSTER_3\",\"BUILDING_AREA_76\",\"APARTMENT_93\"]',0,NULL,1,NULL,NULL,0,1559637729,1559637729,NULL,NULL,0),(80,'84977920261','$2y$13$Qw.4wx2oKcc/zf5mBAr72ODKoVNPwynu8ywlrjsdJN0paUOHH2tOy',NULL,'Phạm Thị Phương Thu',NULL,NULL,NULL,'[\"BUILDING_CLUSTER_3\",\"BUILDING_AREA_77\",\"APARTMENT_94\"]',0,NULL,1,NULL,NULL,0,1559637730,1559637730,NULL,NULL,0),(81,'84977920262','$2y$13$ywKqLxLpbfgua/aBUvwVh.NYD/uJiDAIgE5FAugW8sElFS1Sjmdhe',NULL,'Đặng Thị Hồng',NULL,NULL,NULL,'[\"BUILDING_CLUSTER_3\",\"BUILDING_AREA_77\",\"APARTMENT_95\"]',0,NULL,1,NULL,NULL,0,1559637730,1559637730,NULL,NULL,0),(82,'84977920263','$2y$13$MtFgd7UINFfX2HYl2RsBJ.pMgg.qdWPnyfXRslVMa92LpAjMZ8NOm',NULL,'Trịnh Thị Hải Lộc',NULL,NULL,NULL,'[\"BUILDING_CLUSTER_3\",\"BUILDING_AREA_77\",\"APARTMENT_96\"]',0,NULL,1,NULL,NULL,0,1559637731,1559637731,NULL,NULL,0),(83,'84977920264','$2y$13$ESs3kibOoXrOkL5KeQfagexqMN8Rg3Q.AjBOJPaWNq.o.3PWGM79C',NULL,'Bùi Mai Chang',NULL,NULL,NULL,'[\"BUILDING_CLUSTER_3\",\"BUILDING_AREA_77\",\"APARTMENT_97\"]',0,NULL,1,NULL,NULL,0,1559637731,1559637731,NULL,NULL,0),(84,'84977920265','$2y$13$lQ30rnCPvmXs52Yo7mqx5eJVkKTJpWPMPQjD2KqPc3YbWomBnTsya',NULL,'Nguyễn Xuân Khanh',NULL,NULL,NULL,'[\"BUILDING_CLUSTER_3\",\"BUILDING_AREA_77\",\"APARTMENT_98\"]',0,NULL,1,NULL,NULL,0,1559637732,1559637732,NULL,NULL,0),(85,'84977920266','$2y$13$NDCXGC9m7ZkoRZ7V9NaKI.kfMcURP2pKs7DtFJrhDDdZgdGj7O4Da',NULL,'Vũ Thị Mai Hạnh',NULL,NULL,NULL,'[\"BUILDING_CLUSTER_3\",\"BUILDING_AREA_77\",\"APARTMENT_99\"]',0,NULL,1,NULL,NULL,0,1559637732,1559637732,NULL,NULL,0),(86,'84977920267','$2y$13$UobG8KHCC2bv99PfdGOZi.huhIG3K2HnOP3oVUkn1p4MU7n4DFgAq',NULL,'Lẫ Đắc Hấn',NULL,NULL,NULL,'[\"BUILDING_CLUSTER_3\",\"BUILDING_AREA_77\",\"APARTMENT_100\"]',0,NULL,1,NULL,NULL,0,1559637733,1559637733,NULL,NULL,0),(87,'84977920268','$2y$13$pnG7E/sKeu7xsc3.QSzjLORnUtquwNfMX6E8LcTSov5N2bItmXcDa',NULL,'Trần Thị Vân Anh',NULL,NULL,NULL,'[\"BUILDING_CLUSTER_3\",\"BUILDING_AREA_77\",\"APARTMENT_101\"]',0,NULL,1,NULL,NULL,0,1559637733,1559637733,NULL,NULL,0),(88,'84977920269','$2y$13$Vjs82.NM59x53H.DLbckqOdT10GzRkYtn8b7HS/8xeNVImuG7INHy',NULL,'Trần Thị Liên',NULL,NULL,NULL,'[\"BUILDING_CLUSTER_3\",\"BUILDING_AREA_77\",\"APARTMENT_102\"]',0,NULL,1,NULL,NULL,0,1559637734,1559637734,NULL,NULL,0),(89,'84977920270','$2y$13$pq9T3Qp5B3xSf7qlgqK7qeI2zyO7tyy.EfzeqHLAiGq8I26URtL..',NULL,'Phạm Văn Đông',NULL,NULL,NULL,'[\"BUILDING_CLUSTER_3\",\"BUILDING_AREA_77\",\"APARTMENT_103\"]',0,NULL,1,NULL,NULL,0,1559637734,1559637734,NULL,NULL,0),(90,'84977920271','$2y$13$zppYxS29xafEtq06c9KbcuM6ryzlinvQT7Oqv2TQ6utMKK75MZQQu',NULL,'Vũ Khánh Tùng',NULL,NULL,NULL,'[\"BUILDING_CLUSTER_1\",\"BUILDING_AREA_32\",\"APARTMENT_16\"]',0,NULL,1,NULL,NULL,0,1559637735,1559637735,NULL,NULL,0),(91,'84977920272','$2y$13$zYt98RybJGXCdSin756ECO4he3FlVD1h7sAeXToR.lhPSDZvq/GLi',NULL,'Đoàn Khánh Hải',NULL,NULL,NULL,'[\"BUILDING_CLUSTER_1\",\"BUILDING_AREA_32\",\"APARTMENT_17\"]',0,NULL,1,NULL,NULL,0,1559637735,1559637735,NULL,NULL,0),(92,'84977920273','$2y$13$QrKgRsMCohw0VgYc2BLtwe9ZK7b28MAUTUi1ndTUp1Y/x69iGEUNq',NULL,'Lý T Thu Hà',NULL,NULL,NULL,'[\"BUILDING_CLUSTER_1\",\"BUILDING_AREA_32\",\"APARTMENT_18\"]',0,NULL,1,NULL,NULL,0,1559637736,1559637736,NULL,NULL,0),(93,'84977920274','$2y$13$9GqYSkYVJ9xBor8HjYlyP./kUEIl25eiWLYwTQxTMXBCHgfUI4jkC',NULL,'Lê Đắc Đoan',NULL,NULL,NULL,'[\"BUILDING_CLUSTER_1\",\"BUILDING_AREA_32\",\"APARTMENT_19\"]',0,NULL,1,NULL,NULL,0,1559637736,1559637736,NULL,NULL,0),(94,'84977920275','$2y$13$ZE11gvU5orstZWrfpY5NOub4SU7MczQpPVSgTFXARVnBL60sJgRBK',NULL,'Dương T Thu Huyền',NULL,NULL,NULL,'[\"BUILDING_CLUSTER_1\",\"BUILDING_AREA_32\",\"APARTMENT_20\"]',0,NULL,1,NULL,NULL,0,1559637737,1559637737,NULL,NULL,0),(95,'84977920276','$2y$13$mp/lFKUKKUakOc6ynJAA9ei8lMEw9/GdmHmEahfYRziDd5LxukVQm',NULL,'Hoàng Văn Thùy',NULL,NULL,NULL,'[\"BUILDING_CLUSTER_1\",\"BUILDING_AREA_32\",\"APARTMENT_21\"]',0,NULL,1,NULL,NULL,0,1559637737,1559637737,NULL,NULL,0),(96,'84977920277','$2y$13$7ETLZriuhl2cGrCxy0WM9eQJZPDHO0.fGP.p5LmNxMPQgDIGdYLIS',NULL,'Dương Thị Yến',NULL,NULL,NULL,'[\"BUILDING_CLUSTER_1\",\"BUILDING_AREA_32\",\"APARTMENT_22\"]',0,NULL,1,NULL,NULL,0,1559637737,1559637737,NULL,NULL,0),(97,'84977920278','$2y$13$/DXqopY1A93TxzyCsW0OU.FKD0DPK2.XISS.sjy5bpjXxrpArIxw6',NULL,'Bùi Thị Hường',NULL,NULL,NULL,'[\"BUILDING_CLUSTER_1\",\"BUILDING_AREA_32\",\"APARTMENT_23\"]',0,NULL,1,NULL,NULL,0,1559637738,1559637738,NULL,NULL,0),(98,'84977920279','$2y$13$sc210ItchWTed6lN3OAzBOn.Ob38wp19ZFsixdJUaeaDgD/F1Z/vi',NULL,'Đặng Thị Thanh Nhàn',NULL,NULL,NULL,'[\"BUILDING_CLUSTER_1\",\"BUILDING_AREA_32\",\"APARTMENT_24\"]',0,NULL,1,NULL,NULL,0,1559637738,1559637738,NULL,NULL,0),(99,'84977920280','$2y$13$Jy47Hn8josXH1trhWRqZjeGJv3wHJJwqr3.O/pwF7KR3Jn/6XA182',NULL,'Phạm Thị Huân',NULL,NULL,NULL,NULL,0,NULL,1,NULL,NULL,0,1559637739,1559637739,NULL,NULL,0),(100,'84977920281','$2y$13$sMj5rNmc3aFt9Ejpnocj0eOfS33SCHPtMkRBMSfLQeIcQ8SClHXhO',NULL,'Vũ Văn Tùng',NULL,NULL,NULL,'[\"BUILDING_CLUSTER_1\",\"BUILDING_AREA_33\",\"APARTMENT_26\"]',0,NULL,1,NULL,NULL,0,1559637739,1559637739,NULL,NULL,0),(101,'84977920282','$2y$13$S4Gf9dYDSttgFP7KFxFDw.kokjIJN5aS3gSKTkg.WOblO5PoSiFKC',NULL,'Nguyễn Văn Hoan',NULL,NULL,NULL,'[\"BUILDING_CLUSTER_1\",\"BUILDING_AREA_33\",\"APARTMENT_27\"]',0,NULL,1,NULL,NULL,0,1559637740,1559637740,NULL,NULL,0),(102,'84977920283','$2y$13$CCUOav6FAa9wTaTPPjgGVOstCXEkTzOtmZ5C.R3ktIv3vch9qxfi2',NULL,'Nguyễn T Thu Hương',NULL,NULL,NULL,'[\"BUILDING_CLUSTER_1\",\"BUILDING_AREA_33\",\"APARTMENT_28\"]',0,NULL,1,NULL,NULL,0,1559637740,1559637740,NULL,NULL,0),(103,'84977920284','$2y$13$44aEfWRsBxmxmh4BHcldBOO8SWDmHageuK3ACp6lQIKW9Fc6ZmFSW',NULL,'Bùi T Mai Trang',NULL,NULL,NULL,'[\"BUILDING_CLUSTER_1\",\"BUILDING_AREA_33\",\"APARTMENT_29\"]',0,NULL,1,NULL,NULL,0,1559637741,1559637741,NULL,NULL,0),(104,'84977920285','$2y$13$ClKMVCWcnuqSHIrAIlcTGuaNhwJaa7NeFM1DJqzzmY6IDs5dQnHty',NULL,'Nguyễn T Minh Hồng',NULL,NULL,NULL,'[\"BUILDING_CLUSTER_1\",\"BUILDING_AREA_33\",\"APARTMENT_30\"]',0,NULL,1,NULL,NULL,0,1559637741,1559637741,NULL,NULL,0),(105,'84977920286','$2y$13$kdryPS53hqgA578Znom0uufxEz9Xf0GRsqqqdBOQBdVziYfZyfwJ2',NULL,'Trần Thị Mai Ngọc',NULL,NULL,NULL,'[\"BUILDING_CLUSTER_1\",\"BUILDING_AREA_33\",\"APARTMENT_31\"]',0,NULL,1,NULL,NULL,0,1559637742,1559637742,NULL,NULL,0),(106,'84977920287','$2y$13$az6.4P0sTd.ZotgqKnqR.uxD19KeNrXqRuIa3W2PckEFxBZkE/FSG',NULL,'Vũ Thị Thủy',NULL,NULL,NULL,'[\"BUILDING_CLUSTER_1\",\"BUILDING_AREA_33\",\"APARTMENT_32\"]',0,NULL,1,NULL,NULL,0,1559637742,1559637742,NULL,NULL,0),(107,'84977920288','$2y$13$8S.N1OX/QYWbiOXF8c7wiOYBAkTpnpkIKgzIYQOE/Ec595fJrPyxy',NULL,'Phạm Thị Xuyên',NULL,NULL,NULL,'[\"BUILDING_CLUSTER_1\",\"BUILDING_AREA_33\",\"APARTMENT_33\"]',0,NULL,1,NULL,NULL,0,1559637743,1559637743,NULL,NULL,0),(108,'84977920289','$2y$13$GWsXpkH/3qICBg36gxa9GOBm5uSgar8vHuwRvgjpJIJbC83mJhQFe',NULL,'Nguyễn T Thu Hương',NULL,NULL,NULL,NULL,0,NULL,1,NULL,NULL,0,1559637743,1559637743,NULL,NULL,0),(109,'84977920290','$2y$13$FSE4TB34O9/y6.WHVNe0hOnsmsjjZPwutYY54f1BpROfIXXr9.ds.',NULL,'Trương T Minh Trang',NULL,NULL,NULL,NULL,0,NULL,1,NULL,NULL,0,1559637744,1559637744,NULL,NULL,0),(110,'84977920291','$2y$13$jNwAXu/RdfJyg6pEmgKgpe5giAeViMM8MmIpwrQ3jQPUMWKvmdsoO',NULL,'Hồ Thị Huệ',NULL,NULL,NULL,'[\"BUILDING_CLUSTER_1\",\"BUILDING_AREA_34\",\"APARTMENT_36\"]',0,NULL,1,NULL,NULL,0,1559637744,1559637744,NULL,NULL,0),(111,'84977920292','$2y$13$BS612U12oEyhSbgF0D85YOiJzjJ2S1yPy44CjUP3aEJWEgDVxRRmK',NULL,'Bùi Kim Anh',NULL,NULL,NULL,NULL,0,NULL,1,NULL,NULL,0,1559637744,1559637744,NULL,NULL,0),(112,'84977920293','$2y$13$pi6Kw7UBK6rAwFuu1J6NAOr2jxyUTHyzuGdLkHDfl0DMxoLGJQbPq',NULL,'Vũ Thị Hải Hà',NULL,NULL,NULL,'[\"BUILDING_CLUSTER_1\",\"BUILDING_AREA_34\",\"APARTMENT_38\"]',0,NULL,1,NULL,NULL,0,1559637745,1559637745,NULL,NULL,0),(113,'84977920294','$2y$13$7ZXOL4btddXwX59q3LRAY.gnt2LAeTPHWcc3/mhofEVtOF4bwMb92',NULL,'Nguyễn Thị Minh',NULL,NULL,NULL,NULL,0,NULL,1,NULL,NULL,0,1559637745,1559637745,NULL,NULL,0),(114,'84977920295','$2y$13$flOPa1QHjD3dnasYc6xJluKyLRPbLAkvrY54ObzDEuy/LqdywvzX2',NULL,'Lê Chí Nguyện',NULL,NULL,NULL,'[\"BUILDING_CLUSTER_3\",\"BUILDING_AREA_80\",\"APARTMENT_128\"]',0,NULL,1,NULL,NULL,0,1559637746,1559637746,NULL,NULL,0),(115,'84977920296','$2y$13$6vxLicE3KI153YdwV1IbLuBL.o9e5K15NDf/Akn.xBot2p8rvmB7m',NULL,'Nguyễn Chiến Vương',NULL,NULL,NULL,'[\"BUILDING_CLUSTER_3\",\"BUILDING_AREA_80\",\"APARTMENT_129\"]',0,NULL,1,NULL,NULL,0,1559637746,1559637746,NULL,NULL,0),(116,'84977920297','$2y$13$ACDU96TxGPq541J9/Wxwh.cG392xeT8IjqfENY0Awz.CWq.c2Oot2',NULL,'Nguyễn Minh Hồng',NULL,NULL,NULL,'[\"BUILDING_CLUSTER_3\",\"BUILDING_AREA_80\",\"APARTMENT_130\"]',0,NULL,1,NULL,NULL,0,1559637747,1559637747,NULL,NULL,0),(117,'84977920298','$2y$13$xH0MC9Ia8J6QR.JAVwPdt.LLa8ccJ2mbH8E2CoLIC9cBBjD4olHhO',NULL,'Vũ Thị Thanh Hoa',NULL,NULL,NULL,'[\"BUILDING_CLUSTER_3\",\"BUILDING_AREA_80\",\"APARTMENT_131\"]',0,NULL,1,NULL,NULL,0,1559637747,1559637747,NULL,NULL,0),(118,'84977920299','$2y$13$f5dL6Bx6D1hGS3KRlDnPCOVFbStkyZanYdCoTYMO8wVAv.zoNcHVG',NULL,'Nguyễn Thành Công',NULL,NULL,NULL,'[\"BUILDING_CLUSTER_3\",\"BUILDING_AREA_80\",\"APARTMENT_132\"]',0,NULL,1,NULL,NULL,0,1559637748,1559637748,NULL,NULL,0),(119,'84977920300','$2y$13$VTjwB77uDXujf.mlXsUQGOwWrOV0HTLRn7SffdOoyxkO2XtZm8ThW',NULL,'Phạm Quang Huy',NULL,NULL,NULL,'[\"BUILDING_CLUSTER_3\",\"BUILDING_AREA_80\",\"APARTMENT_133\"]',0,NULL,1,NULL,NULL,0,1559637748,1559637748,NULL,NULL,0),(120,'84977920301','$2y$13$cK6HtFir1UBHjnB5kvSKfuf9NBbBXEc62xHipjaMzYs0KYt/wdzh2',NULL,'Phạm Quốc Bình',NULL,NULL,NULL,'[\"BUILDING_CLUSTER_3\",\"BUILDING_AREA_81\",\"APARTMENT_134\"]',0,NULL,1,NULL,NULL,0,1559637749,1559637749,NULL,NULL,0),(121,'84977920302','$2y$13$RKws.6ojgMXKk/ZrVyXu2.9lH7O0w0TiIuEkKopIf.zhhXzDKSKqi',NULL,'Trịnh Thị Việt Nga',NULL,NULL,NULL,'[\"BUILDING_CLUSTER_3\",\"BUILDING_AREA_81\",\"APARTMENT_135\"]',0,NULL,1,NULL,NULL,0,1559637749,1559637749,NULL,NULL,0),(122,'84977920303','$2y$13$TOztCaFLxC94.xAfViBZ6u6tbw6L8.8K5RIg2cO7ydG1NYQz4lE0S',NULL,'Đỗ Thị Thuý Mai',NULL,NULL,NULL,'[\"BUILDING_CLUSTER_3\",\"BUILDING_AREA_81\",\"APARTMENT_136\"]',0,NULL,1,NULL,NULL,0,1559637750,1559637750,NULL,NULL,0),(123,'84977920304','$2y$13$L3fLAYLGLmxuGHYE2Lt/6.3/97klIsM9ZvPkSpO0MzCRQHAxA7Fum',NULL,'Trần Tất Thắng',NULL,NULL,NULL,'[\"BUILDING_CLUSTER_3\",\"BUILDING_AREA_81\",\"APARTMENT_137\"]',0,NULL,1,NULL,NULL,0,1559637750,1559637750,NULL,NULL,0),(124,'84977920305','$2y$13$qMyMDpOyW0Kn99gEwbLZG.4qq5xJwUbH6iq7eA5mJBqPEGy1UzHe6',NULL,'Nguyễn Viết Toán',NULL,NULL,NULL,'[\"BUILDING_CLUSTER_3\",\"BUILDING_AREA_81\",\"APARTMENT_138\"]',0,NULL,1,NULL,NULL,0,1559637751,1559637751,NULL,NULL,0),(125,'84977920306','$2y$13$c1zWatzIoY49WvVg6AB7mOPtMbcHF3tnU2E/HARtJJd2SwZvPnpR.',NULL,'Bùi Đức Phong',NULL,NULL,NULL,'[\"BUILDING_CLUSTER_3\",\"BUILDING_AREA_81\",\"APARTMENT_139\"]',0,NULL,1,NULL,NULL,0,1559637751,1559637751,NULL,NULL,0),(126,'84977920307','$2y$13$9tzDXtT0JYaOKaTYGRWLYuMaC9wrjwWjKjo5k57O1EuhZjDTiFy8y',NULL,'Nguyễn Thị Xuân',NULL,NULL,NULL,NULL,0,NULL,1,NULL,NULL,0,1559637752,1559637752,NULL,NULL,0),(127,'84977920308','$2y$13$La39MYhXiM.I2In5OXFo/.RkeS0..IgQYqq/AMfJTufLqKUVt9vUm',NULL,'Nguyễn Minh Quang',NULL,NULL,NULL,'[\"BUILDING_CLUSTER_3\",\"BUILDING_AREA_81\",\"APARTMENT_141\"]',0,NULL,1,NULL,NULL,0,1559637752,1559637752,NULL,NULL,0),(128,'84977920309','$2y$13$1KXwDqfpmOWr7PdOfMC.Jeb1ScIYPwnheGgpCO8/cBOvGYSCNRYfu',NULL,'Nguyễn Ngọc Cường',NULL,NULL,NULL,'[\"BUILDING_CLUSTER_3\",\"BUILDING_AREA_81\",\"APARTMENT_142\"]',0,NULL,1,NULL,NULL,0,1559637753,1559637753,NULL,NULL,0),(129,'84977920310','$2y$13$4yJuCGZ5KZtr6a0NTiBUNOKdsXqDly.YzquGNLKU.FMAlejQoo/By',NULL,'Phùng Tuyết Trang',NULL,NULL,NULL,'[\"BUILDING_CLUSTER_3\",\"BUILDING_AREA_81\",\"APARTMENT_143\"]',0,NULL,1,NULL,NULL,0,1559637753,1559637753,NULL,NULL,0),(130,'84977920311','$2y$13$z1X3O039d09EMhqAv07tLeFxxbuR.n2QCV.Sas7vKeypl0PJTBnPS',NULL,'Ngô Thị Thuỳ Dương',NULL,NULL,NULL,'[\"BUILDING_CLUSTER_3\",\"BUILDING_AREA_83\",\"APARTMENT_144\"]',0,NULL,1,NULL,NULL,0,1559637753,1559637753,NULL,NULL,0),(131,'84977920312','$2y$13$PKDbjiIYhIsDqbU6YuCBuuBDKvP8HAIIk80auOwAESbpbU.VsD8zm',NULL,'Vũ Thị Mai Hương',NULL,NULL,NULL,'[\"BUILDING_CLUSTER_3\",\"BUILDING_AREA_83\",\"APARTMENT_145\"]',0,NULL,1,NULL,NULL,0,1559637754,1559637754,NULL,NULL,0),(132,'84977920313','$2y$13$lPdTcBcazn85qntLkJFwV.N9xnidW58RFNoPRhdZmgUSroYnOpm8u',NULL,'Trịnh Thị Thu Trang',NULL,NULL,NULL,'[\"BUILDING_CLUSTER_3\",\"BUILDING_AREA_83\",\"APARTMENT_146\"]',0,NULL,1,NULL,NULL,0,1559637754,1559637754,NULL,NULL,0),(133,'84977920314','$2y$13$wszsqveFMA/0Z1Oz9j7Y9ekVRemB3RNJZBdV4x0AvNWo9jcOktzq.',NULL,'Vũ Thị Lý',NULL,NULL,NULL,'[\"BUILDING_CLUSTER_3\",\"BUILDING_AREA_83\",\"APARTMENT_147\"]',0,NULL,1,NULL,NULL,0,1559637755,1559637755,NULL,NULL,0),(134,'84977920315','$2y$13$qsWogybN0H7L1kw56sFw4.hC9r9Rt65yzRvAQSYJsYa1Qvc2NzM7G',NULL,'Lưu Thị Hà',NULL,NULL,NULL,'[\"BUILDING_CLUSTER_3\",\"BUILDING_AREA_83\",\"APARTMENT_148\"]',0,NULL,1,NULL,NULL,0,1559637755,1559637755,NULL,NULL,0),(135,'84977920316','$2y$13$qDVPSxQg6yuG7M2vKeR2SeDcZT5cnFu87Tc.d8df.c.zC57Vhe8yS',NULL,'Nguyễn Thị Thơ',NULL,NULL,NULL,'[\"BUILDING_CLUSTER_3\",\"BUILDING_AREA_83\",\"APARTMENT_149\"]',0,NULL,1,NULL,NULL,0,1559637756,1559637756,NULL,NULL,0),(136,'84977920317','$2y$13$Bf0vftiTStIbqD/pEr6G.e.3Oa3/vzX663tSB1ZHEdwVECJcf2W4C',NULL,'Nguyễn Thị Ánh Nguyệt',NULL,NULL,NULL,'[\"BUILDING_CLUSTER_3\",\"BUILDING_AREA_83\",\"APARTMENT_150\"]',0,NULL,1,NULL,NULL,0,1559637756,1559637756,NULL,NULL,0),(137,'84977920318','$2y$13$nrL.1p68KY5CI8Ycj/jws.4duANUTFgF1SqT6oypHtFiup5qqfiSu',NULL,'Hoàng Thị Yến Ly',NULL,NULL,NULL,'[\"BUILDING_CLUSTER_3\",\"BUILDING_AREA_83\",\"APARTMENT_151\"]',0,NULL,1,NULL,NULL,0,1559637757,1559637757,NULL,NULL,0),(138,'84977920319','$2y$13$ZVODdzlC4/c2J7EBB.VcPeNTpi/Ha69HWIWjIEdH6O1o0l0P0D.Ba',NULL,'Nguyễn Thị Bích Hường',NULL,NULL,NULL,'[\"BUILDING_CLUSTER_3\",\"BUILDING_AREA_83\",\"APARTMENT_152\"]',0,NULL,1,NULL,NULL,0,1559637757,1559637757,NULL,NULL,0),(139,'84977920320','$2y$13$3CrE.uMJncQDucHxlQNfruBKUM3wbYWS7sqanodUzGSb40ucvYR.6',NULL,'Bùi Thị Nga',NULL,NULL,NULL,'[\"BUILDING_CLUSTER_3\",\"BUILDING_AREA_83\",\"APARTMENT_153\"]',0,NULL,1,NULL,NULL,0,1559637758,1559637758,NULL,NULL,0),(140,'84977920321','$2y$13$otOhpR7JRanuxzZm6uZe3OlPYG7HL/LJvM39fSLBBekow41xGe..u',NULL,'Chu Hoàng Hải',NULL,NULL,NULL,'[\"BUILDING_CLUSTER_3\",\"BUILDING_AREA_63\",\"APARTMENT_154\"]',0,NULL,1,NULL,NULL,0,1559637758,1559637758,NULL,NULL,0),(141,'84977920322','$2y$13$9bhSr0ZytcpVHMqaSu.VZeLY4.jOs/WN0EET5pG1EXU7A87GtqreW',NULL,'Trịnh Văn Thành',NULL,NULL,NULL,'[\"BUILDING_CLUSTER_3\",\"BUILDING_AREA_63\",\"APARTMENT_155\"]',0,NULL,1,NULL,NULL,0,1559637759,1559637759,NULL,NULL,0),(142,'84977920323','$2y$13$O5QjHm67tF6GULf90qK8j.Onsbht0BSQFtm9.5yBWdfvPBBLwASa6',NULL,'Lê Thị Lan',NULL,NULL,NULL,'[\"BUILDING_CLUSTER_3\",\"BUILDING_AREA_63\",\"APARTMENT_156\"]',0,NULL,1,NULL,NULL,0,1559637759,1559637759,NULL,NULL,0),(143,'84977920324','$2y$13$8Ta87I7khg3PZCi0jGIg3uxmc1vq0MkNVDFaHOQCzP0BCQ11nzS2O',NULL,'Hoàng Cảnh Dương',NULL,NULL,NULL,'[\"BUILDING_CLUSTER_3\",\"BUILDING_AREA_63\",\"APARTMENT_157\"]',0,NULL,1,NULL,NULL,0,1559637760,1559637760,NULL,NULL,0),(144,'84977920325','$2y$13$dRXC6DqxC6mkRPAMTvbauedXdqh8UoAdLe1EQG361KdG6YZtyrgue',NULL,'Hoàng Thị Thu Trang',NULL,NULL,NULL,'[\"BUILDING_CLUSTER_3\",\"BUILDING_AREA_63\",\"APARTMENT_158\"]',0,NULL,1,NULL,NULL,0,1559637760,1559637760,NULL,NULL,0),(145,'84977920326','$2y$13$AZ6gi6hnuZKXaCOc8mNPMeDB3XJttLRz6LGPf6Fqj99Y.veWRy9jK',NULL,'Nguyễn Thị Nhã',NULL,NULL,NULL,'[\"BUILDING_CLUSTER_3\",\"BUILDING_AREA_63\",\"APARTMENT_159\"]',0,NULL,1,NULL,NULL,0,1559637760,1559637761,NULL,NULL,0),(146,'84977920327','$2y$13$vroZc6CBCa5QgeFjHG9BO.j.PE1cUwxJGoLgqvQfxAxAAGgFQvn.q',NULL,'Nguyễn Thị Bích Hồng',NULL,NULL,NULL,'[\"BUILDING_CLUSTER_3\",\"BUILDING_AREA_63\",\"APARTMENT_160\"]',0,NULL,1,NULL,NULL,0,1559637761,1559637761,NULL,NULL,0),(147,'84977920328','$2y$13$QPOwbhB4Tdpr1Kz04kEt4OQNe10EYp/7ewDKnpYY61ToNDxxgwNGy',NULL,'Vũ Thị Thu Quyên',NULL,NULL,NULL,'[\"BUILDING_CLUSTER_3\",\"BUILDING_AREA_63\",\"APARTMENT_161\"]',0,NULL,1,NULL,NULL,0,1559637761,1559637761,NULL,NULL,0),(148,'84977920329','$2y$13$oXN.UOvOcnjGkmKJkecB0OEcAa0e3pUf3XlpwEVS2oj2LRbtVVrBO',NULL,'Nguyễn Văn Tiến',NULL,NULL,NULL,'[\"BUILDING_CLUSTER_3\",\"BUILDING_AREA_63\",\"APARTMENT_162\"]',0,NULL,1,NULL,NULL,0,1559637762,1559637762,NULL,NULL,0),(149,'84977920330','$2y$13$2CONaS.T8ztCsqNeRlQKqOfl8HSPApzU6kBMm.XlFGdQXI1ang8Im',NULL,'Trần Vũ Hải',NULL,NULL,NULL,'[\"BUILDING_CLUSTER_3\",\"BUILDING_AREA_63\",\"APARTMENT_163\"]',0,NULL,1,NULL,NULL,0,1559637762,1559637762,NULL,NULL,0),(150,'84977920331','$2y$13$V10z/KY/.d2kmpBllwzvuuOOAydPG.gEy4y/LR7vabN.FJuT4NTSm',NULL,'Trần Ngọc Hà',NULL,NULL,NULL,'[\"BUILDING_CLUSTER_3\",\"BUILDING_AREA_64\",\"APARTMENT_164\"]',0,NULL,1,NULL,NULL,0,1559637763,1559637763,NULL,NULL,0),(151,'84977920332','$2y$13$U8yNAjlOx4Jl0l4fvD5eputLaksa.cOjj2Vi2hGqCgbSPoJXt.vcm',NULL,'Phạm Thị Lệ',NULL,NULL,NULL,'[\"BUILDING_CLUSTER_3\",\"BUILDING_AREA_64\",\"APARTMENT_165\"]',0,NULL,1,NULL,NULL,0,1559637763,1559637763,NULL,NULL,0),(152,'84977920333','$2y$13$y8rC6ThBb3qrCD8uY/Lb1u45M66rZyiuX1h90MXqjdkoEsnI6y2lu',NULL,'Nguyễn Ngọc Quỳnh',NULL,NULL,NULL,'[\"BUILDING_CLUSTER_3\",\"BUILDING_AREA_64\",\"APARTMENT_166\"]',0,NULL,1,NULL,NULL,0,1559637764,1559637764,NULL,NULL,0),(153,'84977920334','$2y$13$Rpz5D8QlEeTjzkDutrx2Ce6xe7N3pdszFNXd.Ak82vYJ8768/av9y',NULL,'Phan Quang Sơn',NULL,NULL,NULL,'[\"BUILDING_CLUSTER_3\",\"BUILDING_AREA_64\",\"APARTMENT_167\"]',0,NULL,1,NULL,NULL,0,1559637764,1559637764,NULL,NULL,0),(154,'84977920335','$2y$13$f4v.S20jN5b8r.keJcZ9POamjndrFB5zwcNFHT5SJLT1vdmlslz4u',NULL,'Đỗ Thị Thùy Dung',NULL,NULL,NULL,'[\"BUILDING_CLUSTER_3\",\"BUILDING_AREA_64\",\"APARTMENT_168\"]',0,NULL,1,NULL,NULL,0,1559637765,1559637765,NULL,NULL,0),(155,'84977920336','$2y$13$JBbEzV8iSJSgGzGFh8vXkOPyQ7d0tJjBT6Jf.M7En8U9TD5eVzDea',NULL,'Đặng Thị Thu',NULL,NULL,NULL,'[\"BUILDING_CLUSTER_3\",\"BUILDING_AREA_64\",\"APARTMENT_169\"]',0,NULL,1,NULL,NULL,0,1559637765,1559637765,NULL,NULL,0),(156,'84977920337','$2y$13$63G33dcgsYyea34CKQ7RqemazDK2pRpVJFybNnmS.JpEe4aOEmpgu',NULL,'Nguyễn Thị Thanh Thảo',NULL,NULL,NULL,'[\"BUILDING_CLUSTER_3\",\"BUILDING_AREA_64\",\"APARTMENT_170\"]',0,NULL,1,NULL,NULL,0,1559637766,1559637766,NULL,NULL,0),(157,'84977920338','$2y$13$m/v0orAJhPBUOEDBpYHMC.8f8HumWKBkO4tdzYqjfH.Qx4REdZbuC',NULL,'Đào Thị Thanh Hương',NULL,NULL,NULL,'[\"BUILDING_CLUSTER_3\",\"BUILDING_AREA_64\",\"APARTMENT_171\"]',0,NULL,1,NULL,NULL,0,1559637766,1559637766,NULL,NULL,0),(158,'84977920339','$2y$13$cD4VOqNVgrQeTG0tdu0qJOzSf546sRhqmtz44PeHyAA4lAiWQLiha',NULL,'Phạm Thị Khánh Thiện',NULL,NULL,NULL,'[\"BUILDING_CLUSTER_3\",\"BUILDING_AREA_64\",\"APARTMENT_172\"]',0,NULL,1,NULL,NULL,0,1559637767,1559637767,NULL,NULL,0),(159,'84977920340','$2y$13$XEN32FaX9RWeRt7PR/ZnwuoFN3caYmTJekHMhzjakkHAzm9j1TtT6',NULL,'Vũ Duy Độ',NULL,NULL,NULL,'[\"BUILDING_CLUSTER_3\",\"BUILDING_AREA_64\",\"APARTMENT_173\"]',0,NULL,1,NULL,NULL,0,1559637767,1559637767,NULL,NULL,0),(160,'84977920341','$2y$13$ujxNE.rxPpFAlT4BR42LXOGqutrFoJ3lkFwXjKvTHLkSvIhsWGtla',NULL,'Trần Phan Tuấn',NULL,NULL,NULL,'[\"BUILDING_CLUSTER_3\",\"BUILDING_AREA_65\",\"APARTMENT_174\"]',0,NULL,1,NULL,NULL,0,1559637768,1559637768,NULL,NULL,0),(161,'84977920342','$2y$13$vjR0PFLwdjPJokMZ.TNXcOEGsIlRFhNYxNYSs9a/Yr74v64XlVPAi',NULL,'Vũ Thị Mai Hương',NULL,NULL,NULL,'[\"BUILDING_CLUSTER_3\",\"BUILDING_AREA_65\",\"APARTMENT_175\"]',0,NULL,1,NULL,NULL,0,1559637768,1559637768,NULL,NULL,0),(162,'84977920343','$2y$13$IpJ/DIVXUPxkcgBBhVg4q.ZrpynNH0QKe9MO1fU6rkQBT.gFdbVgy',NULL,'Nguyễn Tiến Sỹ',NULL,NULL,NULL,'[\"BUILDING_CLUSTER_3\",\"BUILDING_AREA_65\",\"APARTMENT_176\"]',0,NULL,1,NULL,NULL,0,1559637769,1559637769,NULL,NULL,0),(163,'84977920344','$2y$13$qF17GJjaxFXIXN.bnKEKxOr2e9VWambOSgKcp/T.sXBLP5pS7KgyC',NULL,'Hoàng Trung Lâm',NULL,NULL,NULL,'[\"BUILDING_CLUSTER_3\",\"BUILDING_AREA_65\",\"APARTMENT_177\"]',0,NULL,1,NULL,NULL,0,1559637769,1559637769,NULL,NULL,0),(164,'84977920345','$2y$13$2QHLY.7ddN5vnSaIEFf6FOrDWQkNN4GpY2G6DS/G/cE6hwYlu76M.',NULL,'Nguyễn Ngọc Tuấn',NULL,NULL,NULL,'[\"BUILDING_CLUSTER_3\",\"BUILDING_AREA_65\",\"APARTMENT_178\"]',0,NULL,1,NULL,NULL,0,1559637770,1559637770,NULL,NULL,0),(165,'84977920346','$2y$13$I1EQFMAUdFfmTD22U5L6vuoxf/idbfUJGezruHqOsZXJ0siiQjmOG',NULL,'Nguyễn Thị Ngọc',NULL,NULL,NULL,'[\"BUILDING_CLUSTER_3\",\"BUILDING_AREA_65\",\"APARTMENT_179\"]',0,NULL,1,NULL,NULL,0,1559637770,1559637770,NULL,NULL,0),(166,'84977920347','$2y$13$rYX91ozwg9qzVn/Liiq54Oob7w6800fC855nWLc7hl7PHcgDvD7bS',NULL,'Phạm Văn Thư',NULL,NULL,NULL,'[\"BUILDING_CLUSTER_3\",\"BUILDING_AREA_65\",\"APARTMENT_180\"]',0,NULL,1,NULL,NULL,0,1559637770,1559637770,NULL,NULL,0),(167,'84977920348','$2y$13$pU43qv8SEsXS9o/5ovoXP.w4BSyZ0IRMueBuZbHsCC7olZUbMvnMK',NULL,'Lê Thành',NULL,NULL,NULL,'[\"BUILDING_CLUSTER_3\",\"BUILDING_AREA_65\",\"APARTMENT_181\"]',0,NULL,1,NULL,NULL,0,1559637771,1559637771,NULL,NULL,0),(168,'84977920349','$2y$13$tEE2.mDYiPaN8E957ePtCO2gcAPN87jByIq59s8b7U4xpBT9OAk9a',NULL,'Phan Thị Hòa',NULL,NULL,NULL,'[\"BUILDING_CLUSTER_3\",\"BUILDING_AREA_65\",\"APARTMENT_182\"]',0,NULL,1,NULL,NULL,0,1559637771,1559637771,NULL,NULL,0),(169,'84977920350','$2y$13$LKxoH78OxWCWiMmTxKR4muajYlIfch47KlmSUU8FumAALI7Gx68bG',NULL,'Mai Thị Hương Giang',NULL,NULL,NULL,'[\"BUILDING_CLUSTER_3\",\"BUILDING_AREA_65\",\"APARTMENT_183\"]',0,NULL,1,NULL,NULL,0,1559637772,1559637772,NULL,NULL,0),(170,'84977920351','$2y$13$qiNleyFx8cH9yyWJW0z33.1Z8bPChv9l82b5Z4FoC/fTN.0CErQHa',NULL,'Ngô Thị Hiền',NULL,NULL,NULL,'[\"BUILDING_CLUSTER_3\",\"BUILDING_AREA_66\",\"APARTMENT_184\"]',0,NULL,1,NULL,NULL,0,1559637772,1559637772,NULL,NULL,0),(171,'84977920352','$2y$13$7dZwCCB29zjv8cjZ/HKSW.w1YHCR2PfqBUCUPPnlN3YwmBjwjLtRm',NULL,'Nguyễn Huy Bảo',NULL,NULL,NULL,'[\"BUILDING_CLUSTER_3\",\"BUILDING_AREA_66\",\"APARTMENT_185\"]',0,NULL,1,NULL,NULL,0,1559637773,1559637773,NULL,NULL,0),(172,'84977920353','$2y$13$QWQb6.d46gx9UskJm6qJCu3l.frJZPel13oDGBnl2A39ZZ0GZSeAK',NULL,'Phạm Xuân Hưởng',NULL,NULL,NULL,'[\"BUILDING_CLUSTER_3\",\"BUILDING_AREA_66\",\"APARTMENT_186\"]',0,NULL,1,NULL,NULL,0,1559637773,1559637773,NULL,NULL,0),(173,'84977920354','$2y$13$0pQxg7w5rvNNCtieAnOck.uNN8yPIP/6EN.VXEgTBpyEC02Uavbq6',NULL,'Nguyễn Thị Kim Oanh',NULL,NULL,NULL,'[\"BUILDING_CLUSTER_3\",\"BUILDING_AREA_66\",\"APARTMENT_187\"]',0,NULL,1,NULL,NULL,0,1559637774,1559637774,NULL,NULL,0),(174,'84977920355','$2y$13$uk/9GKNeYgf6zWQHzbJncuaTkaGJl3cmQ7PlLwwx6iPXK1QVLdQxC',NULL,'Nguyễn Thị Thu Hà',NULL,NULL,NULL,'[\"BUILDING_CLUSTER_3\",\"BUILDING_AREA_66\",\"APARTMENT_188\"]',0,NULL,1,NULL,NULL,0,1559637774,1559637774,NULL,NULL,0),(175,'84977920356','$2y$13$M8AmNUQ7cukOF0fr69N0ROvVyEtY/cd02rc1xJ3O4JLKHavjmw0Y.',NULL,'Nguyễn Mạnh Cường',NULL,NULL,NULL,'[\"BUILDING_CLUSTER_3\",\"BUILDING_AREA_66\",\"APARTMENT_189\"]',0,NULL,1,NULL,NULL,0,1559637775,1559637775,NULL,NULL,0),(176,'84977920357','$2y$13$V9OR3Ep.Q/KZEX1wXByrPudtV/jm94odL0/sUPlCJCWQUDgOzHA9G',NULL,'Hoàng Đức Long',NULL,NULL,NULL,'[\"BUILDING_CLUSTER_3\",\"BUILDING_AREA_66\",\"APARTMENT_190\"]',0,NULL,1,NULL,NULL,0,1559637775,1559637775,NULL,NULL,0),(177,'84977920358','$2y$13$Bcex6Wv2vY7GAJv8t03Bz.r53eJi38IPRSsJKCBRFqtCRPaPZYvey',NULL,'Trần Thị Hồng Hạnh',NULL,NULL,NULL,'[\"BUILDING_CLUSTER_3\",\"BUILDING_AREA_66\",\"APARTMENT_191\"]',0,NULL,1,NULL,NULL,0,1559637776,1559637776,NULL,NULL,0),(178,'84977920359','$2y$13$0qQpEKPBzntJpRy4vZyVKeWmyjtQK3ij53jA651LhucutNBHVsTRW',NULL,'Vũ Công Hòa',NULL,NULL,NULL,'[\"BUILDING_CLUSTER_3\",\"BUILDING_AREA_73\",\"APARTMENT_54\"]',0,NULL,1,NULL,NULL,0,1559637776,1559641355,NULL,NULL,0),(179,'84977920360','$2y$13$bTL50UCC5tNrU5av83ncGeDhw90eEAsEBwL9EPO7Y5xp48igjQL7.',NULL,'Vũ Thị Hải Hà',NULL,NULL,NULL,'[\"BUILDING_CLUSTER_3\",\"BUILDING_AREA_73\",\"APARTMENT_55\"]',0,NULL,1,NULL,NULL,0,1559641356,1559641356,NULL,NULL,0),(180,'84977920361','$2y$13$8NV60EipjuWT5tTrhgGFYeHbuVM4bkzv7Xfjcs9Hb9RH4eGw0RfHC',NULL,'Nguyễn Thị Minh',NULL,NULL,NULL,'[\"BUILDING_CLUSTER_3\",\"BUILDING_AREA_73\",\"APARTMENT_56\"]',0,NULL,1,NULL,NULL,0,1559641356,1559641356,NULL,NULL,0),(181,'84977920362','$2y$13$vrZ4ST1AUX//H.TvwE/EuehkEMFOy5OqDsA1Dx88marlZ6sKsIlZy',NULL,'Lê Chí Nguyện',NULL,NULL,NULL,'[\"BUILDING_CLUSTER_3\",\"BUILDING_AREA_73\",\"APARTMENT_57\"]',0,NULL,1,NULL,NULL,0,1559641357,1559641357,NULL,NULL,0),(182,'84977920363','$2y$13$sPAmPQtuSKvEuHzhS4O2NuWz85dxjGD9hUO9oaIdO7L3zkKiREHW2',NULL,'Nguyễn Chiến Vương',NULL,NULL,NULL,'[\"BUILDING_CLUSTER_3\",\"BUILDING_AREA_73\",\"APARTMENT_58\"]',0,NULL,1,NULL,NULL,0,1559641357,1559641357,NULL,NULL,0),(183,'84977920364','$2y$13$xmZjAlZeg1OIDxO/5UiE1eqBqoBM0Sxr78FEZ8IOA.35vFnCnjwZ2',NULL,'Nguyễn Minh Hồng',NULL,NULL,NULL,'[\"BUILDING_CLUSTER_3\",\"BUILDING_AREA_73\",\"APARTMENT_59\"]',0,NULL,1,NULL,NULL,0,1559641358,1559641358,NULL,NULL,0),(184,'84977920365','$2y$13$w637oYXixYtScNrTM/H.KeYrKS54.HCccNfEefzNGRcTcuX/M.fPi',NULL,'Vũ Thị Thanh Hoa',NULL,NULL,NULL,'[\"BUILDING_CLUSTER_3\",\"BUILDING_AREA_73\",\"APARTMENT_60\"]',0,NULL,1,NULL,NULL,0,1559641358,1559641358,NULL,NULL,0),(185,'84977920366','$2y$13$2zJbVNt8ujeBvYfd/BjZweboWNW7uGW0dnsIKBp2WSSpLVPuRDzsG',NULL,'Nguyễn Thành Công',NULL,NULL,NULL,'[\"BUILDING_CLUSTER_3\",\"BUILDING_AREA_73\",\"APARTMENT_61\"]',0,NULL,1,NULL,NULL,0,1559641359,1559641359,NULL,NULL,0),(186,'84977920367','$2y$13$EJvl6VWhE6tpsSTcN.bmC./KKqTOILfkuXO2KGXq/KfGOCebo4aqm',NULL,'Phạm Quang Huy',NULL,NULL,NULL,'[\"BUILDING_CLUSTER_3\",\"BUILDING_AREA_73\",\"APARTMENT_62\"]',0,NULL,1,NULL,NULL,0,1559641359,1559641359,NULL,NULL,0),(187,'84977920368','$2y$13$6UwSgT1mowQf8sh/zAcveepbZcAgthxSdn0UYW7obGKVkYZQVN6RK',NULL,'Phạm Quốc Bình',NULL,NULL,NULL,'[\"BUILDING_CLUSTER_3\",\"BUILDING_AREA_73\",\"APARTMENT_63\"]',0,NULL,1,NULL,NULL,0,1559641360,1559641360,NULL,NULL,0),(188,'84977920369','$2y$13$rrcV4U1oWHjikYLhuQsqT.uo5cFY.NY.SBQZn7rc6v7yCFBAKpRGi',NULL,'Trịnh Thị Việt Nga',NULL,NULL,NULL,'[\"BUILDING_CLUSTER_3\",\"BUILDING_AREA_74\",\"APARTMENT_64\"]',0,NULL,1,NULL,NULL,0,1559641360,1559641360,NULL,NULL,0),(189,'84977920370','$2y$13$kwzdzn16csRYwSW40OXNgud5fcV0qXT4RPPGj9rBfmkKsAN3Oc6.m',NULL,'Đỗ Thị Thuý Mai',NULL,NULL,NULL,'[\"BUILDING_CLUSTER_3\",\"BUILDING_AREA_74\",\"APARTMENT_65\"]',0,NULL,1,NULL,NULL,0,1559641361,1559641361,NULL,NULL,0),(190,'84977920371','$2y$13$TYg7PAjdL4u8sf/V0EaXdeqJSyqvpTrG1/xf6yu1D8/.31zGruX3G',NULL,'Trần Tất Thắng',NULL,NULL,NULL,'[\"BUILDING_CLUSTER_3\",\"BUILDING_AREA_74\",\"APARTMENT_66\"]',0,NULL,1,NULL,NULL,0,1559641361,1559641361,NULL,NULL,0),(191,'84977920372','$2y$13$aUj6vz8faVj7UdORE9TYIOC7tQoeJwFNyL1cJYNGcl/27HvkHmOri',NULL,'Nguyễn Viết Toán',NULL,NULL,NULL,'[\"BUILDING_CLUSTER_3\",\"BUILDING_AREA_74\",\"APARTMENT_67\"]',0,NULL,1,NULL,NULL,0,1559641362,1559641362,NULL,NULL,0),(192,'84977920373','$2y$13$mPvR59FAdiImWhBDrS1crOj2F4018ZLbUlTnB/ielM0BLkBfxSaFG',NULL,'Bùi Đức Phong',NULL,NULL,NULL,'[\"BUILDING_CLUSTER_3\",\"BUILDING_AREA_74\",\"APARTMENT_68\"]',0,NULL,1,NULL,NULL,0,1559641362,1559641362,NULL,NULL,0),(193,'84977920374','$2y$13$xtYFFKnJet0x6g2BgxMQxOU8wFe734f82w7Mg/e/25t5BKbSgtQVa',NULL,'Nguyễn Thị Xuân',NULL,NULL,NULL,'[\"BUILDING_CLUSTER_3\",\"BUILDING_AREA_74\",\"APARTMENT_69\"]',0,NULL,1,NULL,NULL,0,1559641363,1559641363,NULL,NULL,0),(194,'84977920375','$2y$13$rPBvXt/rZqAko1p6pIsMi.wFhU/Fe3z/9ePkjxbwTV/vGPV4CzdP.',NULL,'Nguyễn Minh Quang',NULL,NULL,NULL,'[\"BUILDING_CLUSTER_3\",\"BUILDING_AREA_74\",\"APARTMENT_70\"]',0,NULL,1,NULL,NULL,0,1559641363,1559641363,NULL,NULL,0),(195,'84977920376','$2y$13$mhkGkGyST3FoCM1BvkOpb.A2qalBlus94jMibt/x9ndOumfsMlCNS',NULL,'Nguyễn Ngọc Cường',NULL,NULL,NULL,'[\"BUILDING_CLUSTER_3\",\"BUILDING_AREA_74\",\"APARTMENT_71\"]',0,NULL,1,NULL,NULL,0,1559641364,1559641364,NULL,NULL,0),(196,'84977920377','$2y$13$w37g/plDSdB7I4oG6ax3auF58k8bqmAv/t5B8LAmijJZK7gSY2cLm',NULL,'Phùng Tuyết Trang',NULL,NULL,NULL,'[\"BUILDING_CLUSTER_3\",\"BUILDING_AREA_74\",\"APARTMENT_72\"]',0,NULL,1,NULL,NULL,0,1559641364,1559641364,NULL,NULL,0),(197,'84977920378','$2y$13$XPHO/KhYUbyarc.cP2ycPeAxGYPuosZQv1TioEkz6.eGyUj9WgBkK',NULL,'Ngô Thị Thuỳ Dương',NULL,NULL,NULL,'[\"BUILDING_CLUSTER_3\",\"BUILDING_AREA_74\",\"APARTMENT_73\"]',0,NULL,1,NULL,NULL,0,1559641365,1559641365,NULL,NULL,0),(198,'84977920379','$2y$13$wtkVMGgxoZ9mMDY2vEMlW.YvnUxqGGs2jezL/jvfEjuq9D0v1lHQu',NULL,'Vũ Thị Mai Hương',NULL,NULL,NULL,'[\"BUILDING_CLUSTER_3\",\"BUILDING_AREA_75\",\"APARTMENT_74\"]',0,NULL,1,NULL,NULL,0,1559641365,1559641365,NULL,NULL,0),(199,'84977920380','$2y$13$K60AVHYA4AqTFHTPY5guY.BDrjvD3r6I0DbfdO/02EYmZCCpO2ryW',NULL,'Trịnh Thị Thu Trang',NULL,NULL,NULL,'[\"BUILDING_CLUSTER_3\",\"BUILDING_AREA_75\",\"APARTMENT_75\"]',0,NULL,1,NULL,NULL,0,1559641366,1559641366,NULL,NULL,0),(200,'84977920381','$2y$13$cl4plxLjlRAsMa/9c3P39Od3sevPuAj2UPGq0WAH/xfkcfcr9eFcm',NULL,'Vũ Thị Lý',NULL,NULL,NULL,'[\"BUILDING_CLUSTER_3\",\"BUILDING_AREA_75\",\"APARTMENT_76\"]',0,NULL,1,NULL,NULL,0,1559641366,1559641366,NULL,NULL,0),(201,'84977920382','$2y$13$7ACz19Unp8L1y/PgS78LXefT1ZEG4o3aELJtO.Dgn4DlTXM8PRdRO',NULL,'Lưu Thị Hà',NULL,NULL,NULL,'[\"BUILDING_CLUSTER_3\",\"BUILDING_AREA_75\",\"APARTMENT_77\"]',0,NULL,1,NULL,NULL,0,1559641366,1559641367,NULL,NULL,0),(202,'84977920383','$2y$13$IbOma6wqANjX0vNjDN7nyOZ8eBVre3VbFURjtCRPdETC4bszrA0me',NULL,'Nguyễn Thị Thơ',NULL,NULL,NULL,'[\"BUILDING_CLUSTER_3\",\"BUILDING_AREA_75\",\"APARTMENT_78\"]',0,NULL,1,NULL,NULL,0,1559641367,1559641367,NULL,NULL,0),(203,'84977920384','$2y$13$JUcZjlYArfn8M6z62POIPunaq6H3KUj6bjPhHWuOmzogKrjoZY08e',NULL,'Nguyễn Thị Ánh Nguyệt',NULL,NULL,NULL,'[\"BUILDING_CLUSTER_3\",\"BUILDING_AREA_75\",\"APARTMENT_79\"]',0,NULL,1,NULL,NULL,0,1559641367,1559641367,NULL,NULL,0),(204,'84977920385','$2y$13$44zeJZY694Oix1u4PI6YYuVzk5KxCCbEzpEszI.neuiqdIvnZADCa',NULL,'Hoàng Thị Yến Ly',NULL,NULL,NULL,'[\"BUILDING_CLUSTER_3\",\"BUILDING_AREA_75\",\"APARTMENT_80\"]',0,NULL,1,NULL,NULL,0,1559641368,1559641368,NULL,NULL,0),(205,'84977920386','$2y$13$IGZi0HV8NbfOisIHAPtgWuQHzNfg6UCyyevdW0lyt.cR.w5d6Lmee',NULL,'Nguyễn Thị Bích Hường',NULL,NULL,NULL,'[\"BUILDING_CLUSTER_3\",\"BUILDING_AREA_75\",\"APARTMENT_81\"]',0,NULL,1,NULL,NULL,0,1559641368,1559641368,NULL,NULL,0),(206,'84977920387','$2y$13$aM20xTVX/.ukDFuMKoGwJuoTL2P8e05TVSOrcZe99tfOwbdPeRgm.',NULL,'Bùi Thị Nga',NULL,NULL,NULL,'[\"BUILDING_CLUSTER_3\",\"BUILDING_AREA_75\",\"APARTMENT_82\"]',0,NULL,1,NULL,NULL,0,1559641369,1559641369,NULL,NULL,0),(207,'84977920388','$2y$13$Gz5TEspLGaieYckS2yfjNumD3tfe7X4tPZOTv13I8xGuaizBkMnoS',NULL,'Chu Hoàng Hải',NULL,NULL,NULL,'[\"BUILDING_CLUSTER_3\",\"BUILDING_AREA_75\",\"APARTMENT_83\"]',0,NULL,1,NULL,NULL,0,1559641369,1559641369,NULL,NULL,0),(208,'84977920389','$2y$13$ZgBVc1KPtivRQraqp3SfUeqiTo/KN2Efzn4CEmYi4PyrkqrR6gN0y',NULL,'Trịnh Văn Thành',NULL,NULL,NULL,'[\"BUILDING_CLUSTER_3\",\"BUILDING_AREA_76\",\"APARTMENT_84\"]',0,NULL,1,NULL,NULL,0,1559641370,1559641370,NULL,NULL,0),(209,'84977920390','$2y$13$37po8AwZ5Za.d483Ob9aL.aPHI8qlrLF3iRy.ayTopqAVCk9bEi5C',NULL,'Lê Thị Lan',NULL,NULL,NULL,'[\"BUILDING_CLUSTER_3\",\"BUILDING_AREA_76\",\"APARTMENT_85\"]',0,NULL,1,NULL,NULL,0,1559641370,1559641370,NULL,NULL,0),(210,'84977920391','$2y$13$naoCkbjYMcCP/5LMxYSXFuLBba/Evnj3AvfrmspvOtV06beN.1IKS',NULL,'Hoàng Cảnh Dương',NULL,NULL,NULL,'[\"BUILDING_CLUSTER_3\",\"BUILDING_AREA_76\",\"APARTMENT_86\"]',0,NULL,1,NULL,NULL,0,1559641371,1559641371,NULL,NULL,0),(211,'84977920392','$2y$13$PsuElYckfqZeUX0fxnemPO2NPFgUKS3yNGorjjzITnHHNkC23mO6W',NULL,'Hoàng Thị Thu Trang',NULL,NULL,NULL,'[\"BUILDING_CLUSTER_3\",\"BUILDING_AREA_76\",\"APARTMENT_87\"]',0,NULL,1,NULL,NULL,0,1559641371,1559641371,NULL,NULL,0),(212,'84977920393','$2y$13$LUgIKuuTIkZPaqk7hjo.SebzAeLn/66ETG1dUP0V3app4ekmcsx3G',NULL,'Nguyễn Thị Nhã',NULL,NULL,NULL,'[\"BUILDING_CLUSTER_3\",\"BUILDING_AREA_76\",\"APARTMENT_88\"]',0,NULL,1,NULL,NULL,0,1559641372,1559641372,NULL,NULL,0),(213,'84977920394','$2y$13$Qsd.KoYIBCvezMDF5R73J.giZRH5fT6RR9/NsO/zh/Aa2X/Br7y86',NULL,'Nguyễn Thị Bích Hồng',NULL,NULL,NULL,'[\"BUILDING_CLUSTER_3\",\"BUILDING_AREA_76\",\"APARTMENT_89\"]',0,NULL,1,NULL,NULL,0,1559641372,1559641372,NULL,NULL,0),(214,'84977920395','$2y$13$dvn6gWN7bWzKXZ7H2HP3gOuJWrrtd1X7apgCQYCO7vfrV97gp3cyi',NULL,'Vũ Thị Thu Quyên',NULL,NULL,NULL,'[\"BUILDING_CLUSTER_3\",\"BUILDING_AREA_76\",\"APARTMENT_90\"]',0,NULL,1,NULL,NULL,0,1559641373,1559641373,NULL,NULL,0),(215,'84977920396','$2y$13$u71PBkNJE4ZqIY.CRImIUe07J2rzDnVss/5t2xnSM/S268eFXVoAq',NULL,'Nguyễn Văn Tiến',NULL,NULL,NULL,'[\"BUILDING_CLUSTER_3\",\"BUILDING_AREA_76\",\"APARTMENT_91\"]',0,NULL,1,NULL,NULL,0,1559641373,1559641373,NULL,NULL,0),(216,'84977920397','$2y$13$PndT7CeRHtCZL/n4xBDh/OYkFetG8nhTQ6pTb296OOTmbHdYyInbK',NULL,'Trần Vũ Hải',NULL,NULL,NULL,'[\"BUILDING_CLUSTER_3\",\"BUILDING_AREA_76\",\"APARTMENT_92\"]',0,NULL,1,NULL,NULL,0,1559641374,1559641374,NULL,NULL,0),(217,'84977920398','$2y$13$o12VkAhJbMSd5dGiHHLIrenyxIJaBoHlmhFpDPBiZRjzpgJHSRLQC',NULL,'Trần Ngọc Hà',NULL,NULL,NULL,'[\"BUILDING_CLUSTER_3\",\"BUILDING_AREA_76\",\"APARTMENT_93\"]',0,NULL,1,NULL,NULL,0,1559641374,1559641374,NULL,NULL,0),(218,'84977920399','$2y$13$fHxuFMKJQEyRxMB63SKfGePk3vQkXKs4CrDfFWzxJoeZ8q5m89O5K',NULL,'Phạm Thị Lệ',NULL,NULL,NULL,'[\"BUILDING_CLUSTER_3\",\"BUILDING_AREA_77\",\"APARTMENT_94\"]',0,NULL,1,NULL,NULL,0,1559641375,1559641375,NULL,NULL,0),(219,'84977920400','$2y$13$EliMLRjTrMQ.z6YyEDvuI.4ErMjJl6P/3Q6jXfZwzCOJi8LloST46',NULL,'Nguyễn Ngọc Quỳnh',NULL,NULL,NULL,'[\"BUILDING_CLUSTER_3\",\"BUILDING_AREA_77\",\"APARTMENT_95\"]',0,NULL,1,NULL,NULL,0,1559641375,1559641375,NULL,NULL,0),(220,'84977920401','$2y$13$VB1Iw7t7e1IVp1YZ4gObQe5b6eFXjr1bhh7drhq8rfcFCYS2vMTp.',NULL,'Phan Quang Sơn',NULL,NULL,NULL,'[\"BUILDING_CLUSTER_3\",\"BUILDING_AREA_77\",\"APARTMENT_96\"]',0,NULL,1,NULL,NULL,0,1559641376,1559641376,NULL,NULL,0),(221,'84977920402','$2y$13$YY8cCQJXtaA.lc9JxnhNtehVd2pKgEn0x4sXmrWYw24S7Wd.5yKVm',NULL,'Đỗ Thị Thùy Dung',NULL,NULL,NULL,'[\"BUILDING_CLUSTER_3\",\"BUILDING_AREA_77\",\"APARTMENT_97\"]',0,NULL,1,NULL,NULL,0,1559641376,1559641376,NULL,NULL,0),(222,'84977920403','$2y$13$ArI1Jsyy/WGsl5DZj0WMZeGLvfeHvL8GVvjiQOlx9DwAkLEH6f2Iu',NULL,'Đặng Thị Thu',NULL,NULL,NULL,'[\"BUILDING_CLUSTER_3\",\"BUILDING_AREA_77\",\"APARTMENT_98\"]',0,NULL,1,NULL,NULL,0,1559641376,1559641376,NULL,NULL,0),(223,'84977920404','$2y$13$MSzdf3ovxjNNLwkcosOZJOGQy7sJfL562OdWMj.0OaCm25sdeBlL6',NULL,'Nguyễn Thị Thanh Thảo',NULL,NULL,NULL,'[\"BUILDING_CLUSTER_3\",\"BUILDING_AREA_77\",\"APARTMENT_99\"]',0,NULL,1,NULL,NULL,0,1559641377,1559641377,NULL,NULL,0),(224,'84977920405','$2y$13$HYRbS6XXvgUlv1aEagEdpO9js6ZyjnXjv/M3QRDuys.KjDO6JHLYe',NULL,'Đào Thị Thanh Hương',NULL,NULL,NULL,'[\"BUILDING_CLUSTER_3\",\"BUILDING_AREA_77\",\"APARTMENT_100\"]',0,NULL,1,NULL,NULL,0,1559641377,1559641377,NULL,NULL,0),(225,'84977920406','$2y$13$ztaXcJs1dNx57iZoP2QnJuOBmDQp8aJv7B8nLpi9ZhTdwsSHWULAm',NULL,'Phạm Thị Khánh Thiện',NULL,NULL,NULL,'[\"BUILDING_CLUSTER_3\",\"BUILDING_AREA_77\",\"APARTMENT_101\"]',0,NULL,1,NULL,NULL,0,1559641378,1559641378,NULL,NULL,0),(226,'84977920407','$2y$13$xW1uJQcfiJCGDxoiMynMaOtagwB8Zav14esSE6Cw5iez7GNlcDkvC',NULL,'Vũ Duy Độ',NULL,NULL,NULL,'[\"BUILDING_CLUSTER_3\",\"BUILDING_AREA_77\",\"APARTMENT_102\"]',0,NULL,1,NULL,NULL,0,1559641378,1559641378,NULL,NULL,0),(227,'84977920408','$2y$13$5hvQVTyCmg2UJyODrp4OI.doyC2fX3BK.RhMzJFdZqJvzKhhcskhK',NULL,'Trần Phan Tuấn',NULL,NULL,NULL,'[\"BUILDING_CLUSTER_3\",\"BUILDING_AREA_77\",\"APARTMENT_103\"]',0,NULL,1,NULL,NULL,0,1559641379,1559641379,NULL,NULL,0),(228,'84977920409','$2y$13$V2/by9vrbPc7T.tcDcqkN.QufqWxhUt7Ovt/2uVpG3Qfg5psZzs9G',NULL,'Vũ Thị Mai Hương',NULL,NULL,NULL,NULL,0,NULL,1,NULL,NULL,0,1559641379,1559641379,NULL,NULL,0),(229,'84977920410','$2y$13$BZFddvQOO/LH8DmpZl/9a.HcENFSMoRE4fGuz6G1kzBnilXrF.kWW',NULL,'Nguyễn Tiến Sỹ',NULL,NULL,NULL,NULL,0,NULL,1,NULL,NULL,0,1559641380,1559641380,NULL,NULL,0),(230,'84977920411','$2y$13$1TH.kt2HJeWEVoQ//ONI1.4mFxKkN5F9572pYzrVX/xu4Ct7mpEIG',NULL,'Hoàng Trung Lâm',NULL,NULL,NULL,NULL,0,NULL,1,NULL,NULL,0,1559641380,1559641380,NULL,NULL,0),(231,'84977920412','$2y$13$bHtNVb1d4/oT47B3w8qhNuj258e4vYF1E/2ponXO30aYtBujXRfmq',NULL,'Nguyễn Ngọc Tuấn',NULL,NULL,NULL,NULL,0,NULL,1,NULL,NULL,0,1559641381,1559641381,NULL,NULL,0),(232,'84977920413','$2y$13$Eta8n8xkTc/jiJhxd059vu6rXLuexG2gOgWNd44aKY96tkpL2sIqG',NULL,'Nguyễn Thị Ngọc',NULL,NULL,NULL,NULL,0,NULL,1,NULL,NULL,0,1559641381,1559641381,NULL,NULL,0),(233,'84977920414','$2y$13$mWlGOgB2hOGjt8Dq0Ip4WeHrUrhYgCjBS35mRHdn9fqvYqPVrocFW',NULL,'Phạm Văn Thư',NULL,NULL,NULL,NULL,0,NULL,1,NULL,NULL,0,1559641382,1559641382,NULL,NULL,0),(234,'84977920415','$2y$13$GoZ5cRPMQF9ibCU0lFhNDOhidAr8uecAyY13VrsKg0JlgBpY2DWsa',NULL,'Lê Thành',NULL,NULL,NULL,NULL,0,NULL,1,NULL,NULL,0,1559641382,1559641382,NULL,NULL,0),(235,'84977920416','$2y$13$.lh5aIRFMq4qlU93E6RJnOTdrydvWl5yQk8MJ4HQjw96ztaNTDnu2',NULL,'Phan Thị Hòa',NULL,NULL,NULL,NULL,0,NULL,1,NULL,NULL,0,1559641383,1559641383,NULL,NULL,0),(236,'84977920417','$2y$13$u8CNx//m7XY3W/UsypsRYujkkeQrT1vMzdKOfPiH3HTzHEXBQqsw6',NULL,'Mai Thị Hương Giang',NULL,NULL,NULL,NULL,0,NULL,1,NULL,NULL,0,1559641383,1559641383,NULL,NULL,0),(237,'84977920418','$2y$13$0RhqDFX6Muvs9pirDPVwEO2oPaItE6.JwX/3bERlTn8mUmFsNwI4S',NULL,'Ngô Thị Hiền',NULL,NULL,NULL,'[\"BUILDING_CLUSTER_1\",\"BUILDING_AREA_32\",\"APARTMENT_25\"]',0,NULL,1,NULL,NULL,0,1559641383,1559641384,NULL,NULL,0),(238,'84977920419','$2y$13$u4KWs7bi6mfq9FjREh3EYeonINacO34buZJ6hkq/5oTL1PH4MW4Lq',NULL,'Nguyễn Huy Bảo',NULL,NULL,NULL,NULL,0,NULL,1,NULL,NULL,0,1559641384,1559641384,NULL,NULL,0),(239,'84977920420','$2y$13$lvnG9lomaKsWIcUuI1q2T.U7Z7zRhk1krmqCp9WzYntMKIgA/XOm.',NULL,'Phạm Xuân Hưởng',NULL,NULL,NULL,NULL,0,NULL,1,NULL,NULL,0,1559641384,1559641384,NULL,NULL,0),(240,'84977920421','$2y$13$3v4ugzFWro7Z5dihtElbTuWMd15u7F9yJREpMyHoWhKfZIaSXsfAW',NULL,'Nguyễn Thị Kim Oanh',NULL,NULL,NULL,NULL,0,NULL,1,NULL,NULL,0,1559641385,1559641385,NULL,NULL,0),(241,'84977920422','$2y$13$7jTeRsyCHP3EcPahmYzQ7eBdSi2Cr2/HeRnzW1NEjzbqIeBxcbBVK',NULL,'Nguyễn Thị Thu Hà',NULL,NULL,NULL,NULL,0,NULL,1,NULL,NULL,0,1559641385,1559641385,NULL,NULL,0),(242,'84977920423','$2y$13$iLY0ipK8usdKbQ1.0pe2GOkRogv1dPMEN0vMcln1PslacvLCzGv..',NULL,'Nguyễn Mạnh Cường',NULL,NULL,NULL,NULL,0,NULL,1,NULL,NULL,0,1559641386,1559641386,NULL,NULL,0),(243,'84977920424','$2y$13$Gsb26O3gCmExG1yDNpMsyuAikGJ.7cTI37MUbXa.Slbo8qO6O5g/2',NULL,'Hoàng Đức Long',NULL,NULL,NULL,NULL,0,NULL,1,NULL,NULL,0,1559641386,1559641386,NULL,NULL,0),(244,'84977920425','$2y$13$VRNOJALtOL1ZSO4w5zBNXOReMUOIgXrZ3daKPl7uZFHs7KSMBbi7u',NULL,'Trần Thị Hồng Hạnh',NULL,NULL,NULL,NULL,0,NULL,1,NULL,NULL,0,1559641387,1559641387,NULL,NULL,0),(245,'84977920426','$2y$13$ybnsxVxrMxRJNzNSPliD.ed9aXsT.My5jvMGrwv5ZnXjSrJYt20Ym',NULL,'Vũ Công Hòa',NULL,NULL,NULL,NULL,0,NULL,1,NULL,NULL,0,1559641387,1559641387,NULL,NULL,0),(246,'84977920427','$2y$13$74uLPYuFcWD0n1uVXtVUjuEIiw9iGdz8E0vQgYuUs9k7GB38PslwW',NULL,'Nguyễn Tuấn Hải',NULL,NULL,NULL,'[\"BUILDING_CLUSTER_1\",\"BUILDING_AREA_33\",\"APARTMENT_34\"]',0,NULL,1,NULL,NULL,0,1559641388,1559641388,NULL,NULL,0),(247,'84977920428','$2y$13$imyEXUf6CM6SsOlcjhx4beZSxtuJ46cAAvFbDqZuGJFuZc0ZeHDa.',NULL,'Đinh Thị Kim Dung',NULL,NULL,NULL,NULL,0,NULL,1,NULL,NULL,0,1559641388,1559641388,NULL,NULL,0),(248,'84977920429','$2y$13$6GA9kSJHim6jF0ED8MMCyOMOLs38P5MllgSLI1lp.CaWJTUgu9djq',NULL,'Nguyễn Tiến Dũng',NULL,NULL,NULL,NULL,0,NULL,1,NULL,NULL,0,1559641389,1559641389,NULL,NULL,0),(249,'84977920430','$2y$13$IUGmq3jzqo7UlU11oM5ple8.OXz41gGe70qN/ryTV7Kl.dQ3.pIhC',NULL,'Bùi Thị Thùy',NULL,NULL,NULL,NULL,0,NULL,1,NULL,NULL,0,1559641389,1559641389,NULL,NULL,0),(250,'84977920431','$2y$13$sadhiXprAW.ybTlK3rbBHOlZk7UNnNLs5MnEb3cNITsnha.nP2tuW',NULL,'Phạm Thị Ngọc Hà',NULL,NULL,NULL,NULL,0,NULL,1,NULL,NULL,0,1559641390,1559641390,NULL,NULL,0),(251,'84977920432','$2y$13$NHxfhv/sWv.AKprp2HOChu0t.x8AyAyF2DuDB/RttsLoxONbsM0eC',NULL,'Nguyễn Đức Nghĩa',NULL,NULL,NULL,NULL,0,NULL,1,NULL,NULL,0,1559641390,1559707800,NULL,6,0),(252,'84977920433','$2y$13$c0tayivqleJQQye70w6I5.JW0u4Jg.qsnhES0DL.wka1nk6s5nvOG',NULL,'Trần Thắng Lợi',NULL,NULL,NULL,'[\"BUILDING_CLUSTER_3\",\"BUILDING_AREA_80\",\"APARTMENT_128\"]',0,NULL,1,NULL,NULL,0,1559641390,1559641391,NULL,NULL,0),(253,'84977920434','$2y$13$yOdKQQTL/Kv62WP.CXJexeEHwXJALKkOn6WdqZKS/Wbq1GBEH9yZ.',NULL,'Trần Phương',NULL,NULL,NULL,'[\"BUILDING_CLUSTER_3\",\"BUILDING_AREA_80\",\"APARTMENT_129\"]',0,NULL,1,NULL,NULL,0,1559641391,1559641391,NULL,NULL,0),(254,'84977920435','$2y$13$evk5E5soJYcyBaTj/UBUaOpetJu2sf7KacEXwLL2QIFU1Elk9irm.',NULL,'Trần Thị Thu Quỳnh',NULL,NULL,NULL,'[\"BUILDING_CLUSTER_3\",\"BUILDING_AREA_80\",\"APARTMENT_130\"]',0,NULL,1,NULL,NULL,0,1559641391,1559641391,NULL,NULL,0),(255,'84977920436','$2y$13$2CNFDPm0D/jDnaDGSmcI5Oq/RxKIzZB.RYGenNvBetYAQjwockf4m',NULL,'Nguyễn Tiến Hùng',NULL,NULL,NULL,'[\"BUILDING_CLUSTER_3\",\"BUILDING_AREA_80\",\"APARTMENT_131\"]',0,NULL,1,NULL,NULL,0,1559641392,1559641392,NULL,NULL,0),(256,'84977920437','$2y$13$0g7J/bQhoF9ZTYPFBDZZcezl62zS/M1f0a0dw3K7/8LEIPGBHvivK',NULL,'Nguyễn Thế Thiệp',NULL,NULL,NULL,'[\"BUILDING_CLUSTER_3\",\"BUILDING_AREA_80\",\"APARTMENT_132\"]',0,NULL,1,NULL,NULL,0,1559641392,1559641392,NULL,NULL,0),(257,'84977920438','$2y$13$iVB8ZxiUNftC7UiJjq5w0eK5mPovFN69fc5lrI2nayEQPHWvHRoEu',NULL,'Đoàn Đắc Mật',NULL,NULL,NULL,'[\"BUILDING_CLUSTER_3\",\"BUILDING_AREA_80\",\"APARTMENT_133\"]',0,NULL,1,NULL,NULL,0,1559641393,1559641393,NULL,NULL,0),(258,'84977920439','$2y$13$kAhWUGqR1TspqJh6JCytZ.BAmAk49ZIBgxJ1I/zhNzy78QAyeiQYS',NULL,'Phạm Thu Hương',NULL,NULL,NULL,'[\"BUILDING_CLUSTER_3\",\"BUILDING_AREA_81\",\"APARTMENT_134\"]',0,NULL,1,NULL,NULL,0,1559641393,1559641393,NULL,NULL,0),(259,'84977920440','$2y$13$etirxNM80jy0KoOD.SfbxOXJrdaDA17D9gep5zdTHJH8lXDmFcyd2',NULL,'Vũ Xuân Bình',NULL,NULL,NULL,'[\"BUILDING_CLUSTER_3\",\"BUILDING_AREA_81\",\"APARTMENT_135\"]',0,NULL,1,NULL,NULL,0,1559641394,1559641394,NULL,NULL,0),(260,'84977920441','$2y$13$M20EP8RWzwAoycujQbiR5.OM04c0Ei4attRzu4TRo5ZzZ3g.ZB2ei',NULL,'Phạm Thị Thủy',NULL,NULL,NULL,'[\"BUILDING_CLUSTER_3\",\"BUILDING_AREA_81\",\"APARTMENT_136\"]',0,NULL,1,NULL,NULL,0,1559641394,1559641394,NULL,NULL,0),(261,'84977920442','$2y$13$qoxqDRQFa5w.bI9tJ6GeIOFDBMwTtnVCDQbaKjrwPRJKAtcMv/ks2',NULL,'Phạm Thị Tuyết',NULL,NULL,NULL,'[\"BUILDING_CLUSTER_3\",\"BUILDING_AREA_81\",\"APARTMENT_137\"]',0,NULL,1,NULL,NULL,0,1559641395,1559641395,NULL,NULL,0),(262,'84977920443','$2y$13$dm2e6SxKvAX78THtGXzZHemryEcxurrjp0W73UaloXezm3pn4ZGUu',NULL,'Lê Thị Ninh Nhâm',NULL,NULL,NULL,'[\"BUILDING_CLUSTER_3\",\"BUILDING_AREA_81\",\"APARTMENT_138\"]',0,NULL,1,NULL,NULL,0,1559641395,1559641395,NULL,NULL,0),(263,'84977920444','$2y$13$HvI2zJ3rYkUbnlohLqx7vOA7694h4XeBkSa6hYpxFlhUuR3S45CZy',NULL,'Đinh Công Hiền',NULL,NULL,NULL,'[\"BUILDING_CLUSTER_3\",\"BUILDING_AREA_81\",\"APARTMENT_139\"]',0,NULL,1,NULL,NULL,0,1559641396,1559641396,NULL,NULL,0),(264,'84977920445','$2y$13$p3MgRwAhEoTRN.Niw4l0LedYMx67EPl2w7iu3VlIi9tZrQ9ONEfGK',NULL,'Đặng Anh Dũng',NULL,NULL,NULL,'[\"BUILDING_CLUSTER_1\",\"BUILDING_AREA_35\",\"APARTMENT_15\"]',0,NULL,1,NULL,NULL,0,1559641396,1559641396,NULL,NULL,0),(265,'84977920446','$2y$13$IKibDvdqeqbuxTnZVASgruH8j7GOV6N42UscIfVThuS.ZOGQe2.lK',NULL,'Nguyễn Phong Linh',NULL,NULL,NULL,'[\"BUILDING_CLUSTER_3\",\"BUILDING_AREA_81\",\"APARTMENT_141\"]',0,NULL,1,NULL,NULL,0,1559641397,1559641397,NULL,NULL,0),(266,'84977920447','$2y$13$P58pnEJfN0kEyJXBP3DiN.RTTMlqVJsUeO3CToDo3fJw7.66HWhZi',NULL,'Trần Thị Minh Hòa',NULL,NULL,NULL,'[\"BUILDING_CLUSTER_3\",\"BUILDING_AREA_81\",\"APARTMENT_142\"]',0,NULL,1,NULL,NULL,0,1559641397,1559641397,NULL,NULL,0),(267,'84977920448','$2y$13$at0B.yocU2Q7dMhegErxZOAkMv22Qex21fIXkaQUCszrD875SCVFu',NULL,'Trần Thị Minh Hòa',NULL,NULL,NULL,'[\"BUILDING_CLUSTER_3\",\"BUILDING_AREA_81\",\"APARTMENT_143\"]',0,NULL,1,NULL,NULL,0,1559641398,1559641398,NULL,NULL,0),(268,'84977920449','$2y$13$O4bBdMxdrgrT8cGUJT4sP.2lQdJEfqBeukywEtsWGJTJpaoAguPkq',NULL,'Nguyễn Thị Thúy',NULL,NULL,NULL,'[\"BUILDING_CLUSTER_3\",\"BUILDING_AREA_83\",\"APARTMENT_144\"]',0,NULL,1,NULL,NULL,0,1559641398,1559641398,NULL,NULL,0),(269,'84977920450','$2y$13$UKmvTw4kNCIiJHUcJIX9WuoOcYsxsOQ9B/4QlXiEtT/mQzqrHYbjq',NULL,'Nguyễn Đức Dũng',NULL,NULL,NULL,'[\"BUILDING_CLUSTER_3\",\"BUILDING_AREA_83\",\"APARTMENT_145\"]',0,NULL,1,NULL,NULL,0,1559641399,1559641399,NULL,NULL,0),(270,'84977920451','$2y$13$aKtzXcEToSL3dwuoGO6zd.BGjp2xNBV98ZyqJkLFptWGUYyUKxgE6',NULL,'Bùi Thị Thanh Hải',NULL,NULL,NULL,'[\"BUILDING_CLUSTER_3\",\"BUILDING_AREA_83\",\"APARTMENT_146\"]',0,NULL,1,NULL,NULL,0,1559641399,1559641399,NULL,NULL,0),(271,'84977920452','$2y$13$edNeXtoZLmNZRqrL7WRYa.xJWOO6s7Z7dKUkDho9UGfF/OTbbBNo2',NULL,'Bùi Thị Thanh Tâm',NULL,NULL,NULL,'[\"BUILDING_CLUSTER_3\",\"BUILDING_AREA_83\",\"APARTMENT_147\"]',0,NULL,1,NULL,NULL,0,1559641399,1559641399,NULL,NULL,0),(272,'84977920453','$2y$13$7rFmO4.JWGhQAKVgA88NDuPlYVhnGo/ggjkhOI2KcZyeMckatDS7m',NULL,'Nguyễn Minh Khuyến',NULL,NULL,NULL,'[\"BUILDING_CLUSTER_3\",\"BUILDING_AREA_83\",\"APARTMENT_148\"]',0,NULL,1,NULL,NULL,0,1559641400,1559641400,NULL,NULL,0),(273,'84977920454','$2y$13$UT0LhzgCSFx7asC8/niF5.FNV7UjHnTCGx0iuWvhKsIqF9Y6iTVAG',NULL,'Trần Thị Phương Thảo',NULL,NULL,NULL,'[\"BUILDING_CLUSTER_3\",\"BUILDING_AREA_83\",\"APARTMENT_149\"]',0,NULL,1,NULL,NULL,0,1559641400,1559641400,NULL,NULL,0),(274,'84977920455','$2y$13$eS4uWxsFWHYxzJ38aSxBhOpp7pNN3te1gPgSyjFyBFzhx1TXxHvYe',NULL,'Vũ Thị Việt Hoa',NULL,NULL,NULL,'[\"BUILDING_CLUSTER_3\",\"BUILDING_AREA_83\",\"APARTMENT_150\"]',0,NULL,1,NULL,NULL,0,1559641401,1559641401,NULL,NULL,0),(275,'84977920456','$2y$13$Tz7uQiiLpNOvQGjj4NcKPOpaBt7P9A7V/uAEu7ZBc20viIyrw1D5m',NULL,'Lương Thị Thủy',NULL,NULL,NULL,'[\"BUILDING_CLUSTER_3\",\"BUILDING_AREA_83\",\"APARTMENT_151\"]',0,NULL,1,NULL,NULL,0,1559641401,1559641401,NULL,NULL,0),(276,'84977920457','$2y$13$i.qEBq.LmJUm.ElAHKRgEud6BBvNWKqyCNeP3lqanTRvbyj0kGgZC',NULL,'Nguyễn Xuân Huân',NULL,NULL,NULL,'[\"BUILDING_CLUSTER_3\",\"BUILDING_AREA_83\",\"APARTMENT_152\"]',0,NULL,1,NULL,NULL,0,1559641402,1559641402,NULL,NULL,0),(277,'84977920458','$2y$13$boASFJBareD8lyi3AdvWIOcJtjc.IhrlllqxqpQ1plmJvrixo5A2y',NULL,'Đoàn Thị Thanh Phượng',NULL,NULL,NULL,'[\"BUILDING_CLUSTER_3\",\"BUILDING_AREA_83\",\"APARTMENT_153\"]',0,NULL,1,NULL,NULL,0,1559641402,1559641402,NULL,NULL,0),(278,'84977920459','$2y$13$nywdJ46lweVodvYYHGtZMOOVRr5mX1pFtDi7RvAAUwAtFC5VK4qHu',NULL,'Nguyễn Văn Thạo',NULL,NULL,NULL,'[\"BUILDING_CLUSTER_3\",\"BUILDING_AREA_63\",\"APARTMENT_154\"]',0,NULL,1,NULL,NULL,0,1559641403,1559641403,NULL,NULL,0),(279,'84977920460','$2y$13$Mf0KNmsBNDbckD2LLHjmneEM7P9L5i40Gub3c/dYp.nga2jX1WaPO',NULL,'Đặng Hồng Dương',NULL,NULL,NULL,'[\"BUILDING_CLUSTER_3\",\"BUILDING_AREA_63\",\"APARTMENT_155\"]',0,NULL,1,NULL,NULL,0,1559641403,1559641403,NULL,NULL,0),(280,'84977920461','$2y$13$mmT/HtwDVyQdC8qj2hovfue6TPQnXbe63AVZ.ckgRRHRRFUEAKcKi',NULL,'Trần Trung Kiên',NULL,NULL,NULL,'[\"BUILDING_CLUSTER_3\",\"BUILDING_AREA_63\",\"APARTMENT_156\"]',0,NULL,1,NULL,NULL,0,1559641404,1559641404,NULL,NULL,0),(281,'84977920462','$2y$13$DT5QQvUd5S3wewnOSuZDxO8yiZfcxmzp.MNSc1MoedsnfgNAQ5btW',NULL,'Đinh Thị Diệu Liên',NULL,NULL,NULL,'[\"BUILDING_CLUSTER_3\",\"BUILDING_AREA_63\",\"APARTMENT_157\"]',0,NULL,1,NULL,NULL,0,1559641404,1559641404,NULL,NULL,0),(282,'84977920463','$2y$13$2Xhydr2TRGfme3mg6DCnTOC3M8lENC1oTvBUC0/svVOGcWlbX4KeS',NULL,'Nguyễn Thanh Huyền',NULL,NULL,NULL,'[\"BUILDING_CLUSTER_3\",\"BUILDING_AREA_63\",\"APARTMENT_158\"]',0,NULL,1,NULL,NULL,0,1559641405,1559641405,NULL,NULL,0),(283,'84977920464','$2y$13$cKhld1DEGvbLHXwV8xkkPeE.ElKa91oFDHIqP/FgxMpHZeyT5oDEm',NULL,'Nguyễn Văn Tĩnh',NULL,NULL,NULL,'[\"BUILDING_CLUSTER_3\",\"BUILDING_AREA_63\",\"APARTMENT_159\"]',0,NULL,1,NULL,NULL,0,1559641405,1559641405,NULL,NULL,0),(284,'84977920465','$2y$13$ZPx5Hg9nOe4CpMexXk3BouinAzkYH5tlodBrKskIwn2IfpKPKdVIu',NULL,'Phí Thị Hồng Vân',NULL,NULL,NULL,'[\"BUILDING_CLUSTER_3\",\"BUILDING_AREA_63\",\"APARTMENT_160\"]',0,NULL,1,NULL,NULL,0,1559641406,1559641406,NULL,NULL,0),(285,'84977920466','$2y$13$3Y.vWHW1vRugUNbPeeRXne9KQ9.YoqjezXhSRuvYOavcRdmljo7ey',NULL,'Hoàng Thị Lưu',NULL,NULL,NULL,'[\"BUILDING_CLUSTER_3\",\"BUILDING_AREA_63\",\"APARTMENT_161\"]',0,NULL,1,NULL,NULL,0,1559641406,1559641406,NULL,NULL,0),(286,'84977920467','$2y$13$3B5/ft9K.YeEgbuA4AlJzuUZchObdLv6CiCrEGA68A1riMW/lNYJ6',NULL,'Nguyễn Thị Quỳnh Vân',NULL,NULL,NULL,'[\"BUILDING_CLUSTER_3\",\"BUILDING_AREA_63\",\"APARTMENT_162\"]',0,NULL,1,NULL,NULL,0,1559641407,1559641407,NULL,NULL,0),(287,'84977920468','$2y$13$pJ3PoIpmXnVv2dajZKEh3enlWKfCJ70tJ2Ur85XPHgNH.RhGXMX9y',NULL,'Nguyễn Mạnh Tuấn',NULL,NULL,NULL,'[\"BUILDING_CLUSTER_3\",\"BUILDING_AREA_63\",\"APARTMENT_163\"]',0,NULL,1,NULL,NULL,0,1559641407,1559641407,NULL,NULL,0),(288,'84977920469','$2y$13$jImfZ3qi15u0CATmA1kmL.E/SdlG.LB322RF54XwzR2LQPoAjgWHi',NULL,'Phạm Văn Cường',NULL,NULL,NULL,'[\"BUILDING_CLUSTER_3\",\"BUILDING_AREA_64\",\"APARTMENT_164\"]',0,NULL,1,NULL,NULL,0,1559641408,1559641408,NULL,NULL,0),(289,'84977920470','$2y$13$nS.fPJWzCExO9js767yFm.6fP.XxKxP3vN6OJwkSi5QZCdtXBFDwm',NULL,'Nguyễn Thị Kim Oanh',NULL,NULL,NULL,'[\"BUILDING_CLUSTER_3\",\"BUILDING_AREA_64\",\"APARTMENT_165\"]',0,NULL,1,NULL,NULL,0,1559641408,1559641408,NULL,NULL,0),(290,'84977920471','$2y$13$g9luTNocjk6/FiD.T0w1l.MPPq4w9N3Qa68HDvSp8FUNOP9VvdVu.',NULL,'Nguyễn Thị Hồng Hạnh',NULL,NULL,NULL,'[\"BUILDING_CLUSTER_3\",\"BUILDING_AREA_64\",\"APARTMENT_166\"]',0,NULL,1,NULL,NULL,0,1559641409,1559641409,NULL,NULL,0),(291,'84977920472','$2y$13$AmHY5B.xX7LnHOxcynAaPev5Rz7KwX/v5/FLtcrttnvfqIdujGwfq',NULL,'Nguyễn Duy Thịnh',NULL,NULL,NULL,'[\"BUILDING_CLUSTER_3\",\"BUILDING_AREA_64\",\"APARTMENT_167\"]',0,NULL,1,NULL,NULL,0,1559641409,1559641409,NULL,NULL,0),(292,'84977920473','$2y$13$VPG4AAsfRug078tqak61muFM19GkzCK4b6AdO6ZlEkbE2Lz2MMwr2',NULL,'Bùi Thị Hồng Hạnh',NULL,NULL,NULL,'[\"BUILDING_CLUSTER_3\",\"BUILDING_AREA_64\",\"APARTMENT_168\"]',0,NULL,1,NULL,NULL,0,1559641409,1559641409,NULL,NULL,0),(293,'84977920474','$2y$13$hd7nkAusOKKdPDQ92jX5SekRH5Gqrojr5U/4mBDoZvGwcxoeWaMlm',NULL,'Nguyễn Thị Hoan',NULL,NULL,NULL,'[\"BUILDING_CLUSTER_3\",\"BUILDING_AREA_64\",\"APARTMENT_169\"]',0,NULL,1,NULL,NULL,0,1559641410,1559641410,NULL,NULL,0),(294,'84977920475','$2y$13$ua0h973LhDkJGlnPCV4bY.0Rb.avKnFQs5lpT/qm/AI3ND1xYdT4S',NULL,'Nguyễn Thế Thanh',NULL,NULL,NULL,'[\"BUILDING_CLUSTER_3\",\"BUILDING_AREA_64\",\"APARTMENT_170\"]',0,NULL,1,NULL,NULL,0,1559641410,1559641410,NULL,NULL,0),(295,'84977920476','$2y$13$Qs6vtK2/N71wv0.TvcWqcOhlSm9d81mBNNdQWg/EImKC.hRJO4FHO',NULL,'Trần Thị Minh Huyền',NULL,NULL,NULL,'[\"BUILDING_CLUSTER_3\",\"BUILDING_AREA_64\",\"APARTMENT_171\"]',0,NULL,1,NULL,NULL,0,1559641411,1559641411,NULL,NULL,0),(296,'84977920477','$2y$13$4SXqHbUA6kbLzWgj3LnmGuiOE1wbebhEIhjNnvGTS1H/dz4dj.Pue',NULL,'Ninh Thanh Tú',NULL,NULL,NULL,'[\"BUILDING_CLUSTER_3\",\"BUILDING_AREA_64\",\"APARTMENT_172\"]',0,NULL,1,NULL,NULL,0,1559641411,1559641411,NULL,NULL,0),(297,'84977920478','$2y$13$uHhcKB8cnmsTmqP7aSwi0.5fJyy0Ag/.OWqeAknwPYIb0L1AieWgK',NULL,'Nguyễn Văn Hưng',NULL,NULL,NULL,'[\"BUILDING_CLUSTER_3\",\"BUILDING_AREA_64\",\"APARTMENT_173\"]',0,NULL,1,NULL,NULL,0,1559641412,1559641412,NULL,NULL,0),(298,'84977920479','$2y$13$5H2LjX/YFLRrsVvoLphWiuO6a/yWwHW035hAC4BZulOhqQXJS25oC',NULL,'Nguyễn Thị Lanh',NULL,NULL,NULL,'[\"BUILDING_CLUSTER_3\",\"BUILDING_AREA_65\",\"APARTMENT_174\"]',0,NULL,1,NULL,NULL,0,1559641412,1559641412,NULL,NULL,0),(299,'84977920480','$2y$13$hZfbzRn8HV7atMWM/I4i6.hkt9uha83Q0C.rlMBPCWSJYH1m1Te6.',NULL,'Nguyễn Thị Kim Liên',NULL,NULL,NULL,'[\"BUILDING_CLUSTER_3\",\"BUILDING_AREA_65\",\"APARTMENT_175\"]',0,NULL,1,NULL,NULL,0,1559641413,1559641413,NULL,NULL,0),(300,'84977920481','$2y$13$eLsboWNE8f6AYUIHzYWS2ODxktxmE9LqaBlUklHZ06t9T3XalOPj2',NULL,'Vũ Thị Loan',NULL,NULL,NULL,'[\"BUILDING_CLUSTER_3\",\"BUILDING_AREA_65\",\"APARTMENT_176\"]',0,NULL,1,NULL,NULL,0,1559641413,1559641413,NULL,NULL,0),(301,'84977920482','$2y$13$dUzQht.RN/nLJ8jIIpCs5Oq63fNGO8F2/6PgoS7p5osX2Z3VzUIZi',NULL,'Phạm Xuân Tiến',NULL,NULL,NULL,'[\"BUILDING_CLUSTER_3\",\"BUILDING_AREA_65\",\"APARTMENT_177\"]',0,NULL,1,NULL,NULL,0,1559641414,1559641414,NULL,NULL,0),(302,'84977920483','$2y$13$ED5IPY9UGkFVV.YqbIcYH.wZi7MAH9BnLYcGnE1Z2QJNfDfBe4kTi',NULL,'Ngô Thị Thu Huyền',NULL,NULL,NULL,'[\"BUILDING_CLUSTER_3\",\"BUILDING_AREA_65\",\"APARTMENT_178\"]',0,NULL,1,NULL,NULL,0,1559641414,1559641414,NULL,NULL,0),(303,'84977920484','$2y$13$XZ1T44HjiMYDE8e4vybb9uL3snDRtSZaLwOop4sKYSqSG1/FqxXnu',NULL,'Nguyễn Minh Tú',NULL,NULL,NULL,'[\"BUILDING_CLUSTER_3\",\"BUILDING_AREA_65\",\"APARTMENT_179\"]',0,NULL,1,NULL,NULL,0,1559641415,1559641415,NULL,NULL,0),(304,'84977920485','$2y$13$hXkew2J1fl.JVnYsq5FA7.aRVUM8WHffc64afjP1N4TWDzJDsyuj2',NULL,'Nguyễn Văn Sinh',NULL,NULL,NULL,'[\"BUILDING_CLUSTER_3\",\"BUILDING_AREA_65\",\"APARTMENT_180\"]',0,NULL,1,NULL,NULL,0,1559641415,1559641415,NULL,NULL,0),(305,'84977920486','$2y$13$S.T1swXRvfGr2MkbvfGXoeah5RYEPTbxxvVpLJzQ.0rvdKJCrOE2K',NULL,'Nguyễn Thị Hải Yến',NULL,NULL,NULL,'[\"BUILDING_CLUSTER_3\",\"BUILDING_AREA_65\",\"APARTMENT_181\"]',0,NULL,1,NULL,NULL,0,1559641416,1559641416,NULL,NULL,0),(306,'84977920487','$2y$13$iyk/IRKH3txM3wBtdda1ReYb2yP6jssr4BgdlYoL.MnP8TF/PS4Yy',NULL,'Trịnh Nam Hà',NULL,NULL,NULL,'[\"BUILDING_CLUSTER_3\",\"BUILDING_AREA_65\",\"APARTMENT_182\"]',0,NULL,1,NULL,NULL,0,1559641416,1559641416,NULL,NULL,0),(307,'84977920488','$2y$13$VdG120tnEwx8c/R2CKt5ae1PYdW/ltyi6/Ygj4FeQWT0WguZxzmpa',NULL,'Phạm Trung Kiên',NULL,NULL,NULL,'[\"BUILDING_CLUSTER_3\",\"BUILDING_AREA_65\",\"APARTMENT_183\"]',0,NULL,1,NULL,NULL,0,1559641417,1559641417,NULL,NULL,0),(308,'84977920489','$2y$13$Tx7SveqEtKwVoKT8oJxhT.mrjm3MoOQXdDgXKaPSMt7JTtwzt8yP6',NULL,'Lê Thị Bình Hải',NULL,NULL,NULL,'[\"BUILDING_CLUSTER_3\",\"BUILDING_AREA_66\",\"APARTMENT_184\"]',0,NULL,1,NULL,NULL,0,1559641417,1559641417,NULL,NULL,0),(309,'84977920490','$2y$13$c0QRYPqrIK.ZGv6Farx2K.OSRLN96jwaV00.S.p8qeTTOrXdtSBte',NULL,'Nguyễn Thị Ánh Tuyết',NULL,NULL,NULL,'[\"BUILDING_CLUSTER_3\",\"BUILDING_AREA_66\",\"APARTMENT_185\"]',0,NULL,1,NULL,NULL,0,1559641418,1559641418,NULL,NULL,0),(310,'84977920491','$2y$13$zNWopqqmhG7tbxDO5/9mieSLjBpw4BhrceZMa45QLAysG.X9Wy/Ce',NULL,'Trần Đức Duy',NULL,NULL,NULL,'[\"BUILDING_CLUSTER_3\",\"BUILDING_AREA_66\",\"APARTMENT_186\"]',0,NULL,1,NULL,NULL,0,1559641418,1559641418,NULL,NULL,0),(311,'84977920492','$2y$13$4i5JWYxsK0cyVgR8rSoGmeGKiAa6Xd8nQPJJ4Cy1Y.OtA4kaVLmmO',NULL,'Nguyễn Thị Dung',NULL,NULL,NULL,'[\"BUILDING_CLUSTER_3\",\"BUILDING_AREA_66\",\"APARTMENT_187\"]',0,NULL,1,NULL,NULL,0,1559641419,1559641419,NULL,NULL,0),(312,'84977920493','$2y$13$vyoeKnPZxnUGnnTkQh702Oi7qv7GHdRWxafhPHYfJ5C9M85Pjnal.',NULL,'Nguyễn Thị Huyền Thơ',NULL,NULL,NULL,'[\"BUILDING_CLUSTER_3\",\"BUILDING_AREA_66\",\"APARTMENT_188\"]',0,NULL,1,NULL,NULL,0,1559641419,1559641419,NULL,NULL,0),(313,'84977920494','$2y$13$aAcQmSfh7HznRoErM6yo4Of28DQxV2Qy442wWWa91KWAs2P7ysAF.',NULL,'Vương Thị Hòa',NULL,NULL,NULL,'[\"BUILDING_CLUSTER_3\",\"BUILDING_AREA_66\",\"APARTMENT_189\"]',0,NULL,1,NULL,NULL,0,1559641419,1559641419,NULL,NULL,0),(314,'84977920495','$2y$13$jHqEZ3pqKcEPDin02o0KteccnTexoqXsiLmgYq9QQop4mP8Aoj0q6',NULL,'Chu Thị Chấm',NULL,NULL,NULL,'[\"BUILDING_CLUSTER_3\",\"BUILDING_AREA_66\",\"APARTMENT_190\"]',0,NULL,1,NULL,NULL,0,1559641420,1559641420,NULL,NULL,0),(315,'84977920496','$2y$13$.jk7LFAngDczEakjeGyBW.YV3QxIKtbzLZuED7ayb9DU15RGmGnDK',NULL,'Vũ Thị Như Hoa',NULL,NULL,NULL,'[\"BUILDING_CLUSTER_3\",\"BUILDING_AREA_66\",\"APARTMENT_191\"]',0,NULL,1,NULL,NULL,0,1559641420,1559641420,NULL,NULL,0),(316,'84977920497','$2y$13$sHXP4uzhrIiggMS4CZ2KPuKOIPl12ZtJJD2NR7H3yA8d9f88o8oAK',NULL,'Nguyễn Bảo Đại',NULL,NULL,NULL,'[\"BUILDING_CLUSTER_3\",\"BUILDING_AREA_66\",\"APARTMENT_192\"]',0,NULL,1,NULL,NULL,0,1559641421,1559641421,NULL,NULL,0),(317,'84977895632','$2y$13$Fo8e1rSgbCkZmHlvofXsRuVm8Of3k8MsSTTUahy0L3VEWYeRZqTx2',NULL,'Nguyễn Văn A',NULL,NULL,NULL,'[\"BUILDING_CLUSTER_1\",\"BUILDING_AREA_23\",\"APARTMENT_255\"]',0,NULL,1,NULL,NULL,0,1559709886,1559709886,6,6,0),(318,'84989563412','$2y$13$ZZ2iIdkFPa3JbpbxUlnva.qZGbjXRWS5vZGi9gl79E2TqdyrwuN6m',NULL,'dfghdfg',NULL,NULL,NULL,NULL,0,NULL,1,NULL,NULL,0,1559709939,1559709946,6,6,0),(319,'84978963562','$2y$13$zh6uMPFS.18qR6nipF.ps.7MI4Zhy71nbiXPfdabHHgPdw1HocBw6',NULL,'Từ kí tự số 51 trở đi sẽ bị strim, không hiển thị nữa',NULL,NULL,NULL,'[\"BUILDING_CLUSTER_1\",\"BUILDING_AREA_34\",\"APARTMENT_38\"]',0,NULL,1,NULL,NULL,0,1559710846,1559710846,6,6,0),(320,'0974689663','$2y$13$9TZHfrzlXsrcopDmSFSV0upWbBcpmNMZ466fja5.m488TFRHJ5Rp6',NULL,'Lại Thị Dung',NULL,'/uploads/images/201906/1559866431-img_9037.heic',NULL,'[\"BUILDING_CLUSTER_2\",\"BUILDING_AREA_27\",\"APARTMENT_256\"]',1,29,1,NULL,NULL,0,1559866436,1559866436,23,23,0),(321,'84974796648','$2y$13$YHmX4sTeBwdP9UTHjDyGIO3QkZZErfMZDIo4Oz66YNp4l93.PFVPe','',NULL,NULL,NULL,NULL,'[\"BUILDING_CLUSTER_2\",\"BUILDING_AREA_27\",\"APARTMENT_256\"]',0,NULL,1,1,NULL,0,1559868484,1559869625,NULL,321,1);
/*!40000 ALTER TABLE `resident_user` ENABLE KEYS */;
UNLOCK TABLES;

--
-- Table structure for table `resident_user_access_token`
--

DROP TABLE IF EXISTS `resident_user_access_token`;
/*!40101 SET @saved_cs_client     = @@character_set_client */;
/*!40101 SET character_set_client = utf8 */;
CREATE TABLE `resident_user_access_token` (
  `id` int(11) NOT NULL AUTO_INCREMENT,
  `resident_user_id` int(11) DEFAULT NULL,
  `type` int(1) DEFAULT 0 COMMENT '0 - access token, 1 - refresh token',
  `expired_at` int(11) DEFAULT NULL COMMENT 'Thời gian hết hạn',
  `created_at` int(11) DEFAULT NULL,
  `updated_at` int(11) DEFAULT NULL,
  `token` text DEFAULT NULL,
  `token_hash` varchar(255) DEFAULT NULL COMMENT 'mã hash sử dụng để query cho nhanh, có index',
  PRIMARY KEY (`id`),
  KEY `idx-resident_user_access_token-resident_user_id` (`resident_user_id`),
  KEY `idx-resident_user_access_token-type` (`type`),
  KEY `idx-resident_user_access_token-token_hash` (`token_hash`)
) ENGINE=InnoDB AUTO_INCREMENT=187 DEFAULT CHARSET=utf8;
/*!40101 SET character_set_client = @saved_cs_client */;

--
-- Dumping data for table `resident_user_access_token`
--

LOCK TABLES `resident_user_access_token` WRITE;
/*!40000 ALTER TABLE `resident_user_access_token` DISABLE KEYS */;
INSERT INTO `resident_user_access_token` VALUES (1,6,0,1561015190,1558423191,1558423191,'eyJ0eXAiOiJKV1QiLCJhbGciOiJIUzM4NCJ9.eyJpc3MiOiJodHRwOlwvXC9sdWNpLnZubiIsImF1ZCI6Imh0dHA6XC9cL2x1Y2kudm5jIiwiZXhwIjoxNTYxMDE1MTkwLCJqdGkiOjYsIm5ld19rZXkiOiJsdWNpMTIzIn0.mlnAkR8QFM5wCMyyuZ9yhjc7t4VnRToVktu7lRldFgyimhuLVngrdvCNorqK2TFC',NULL),(2,6,1,1566199190,1558423191,1558423191,'eyJ0eXAiOiJKV1QiLCJhbGciOiJIUzM4NCJ9.eyJpc3MiOiJodHRwOlwvXC9sdWNpLnZubiIsImF1ZCI6Imh0dHA6XC9cL2x1Y2kudm5jIiwiZXhwIjoxNTYxMDE1MTkwLCJqdGkiOjYsIm5ld19rZXkiOiJsdWNpMTIzIiwidGltZV9yZWZyZXNoIjoxNTY2MTk5MTkwfQ.MryMquo7kIGBmZ5EFLARWnNQn5aTkckU_MyrK0H2pIm78Ybzi-q__AIGtuVrN8Jw',NULL),(3,6,0,1561017722,1558425722,1558425722,'eyJ0eXAiOiJKV1QiLCJhbGciOiJIUzM4NCJ9.eyJpc3MiOiJodHRwOlwvXC9sdWNpLnZubiIsImF1ZCI6Imh0dHA6XC9cL2x1Y2kudm5jIiwiZXhwIjoxNTYxMDE3NzIyLCJqdGkiOjYsIm5ld19rZXkiOiJsdWNpMTIzIn0.GUb3yD_xSPHsnodtFXPDWe6gQY3Ws0artLUySe_dA-PoA3DScjZ9Vz2JQgsRg7qr',NULL),(4,6,1,1566201722,1558425722,1558425722,'eyJ0eXAiOiJKV1QiLCJhbGciOiJIUzM4NCJ9.eyJpc3MiOiJodHRwOlwvXC9sdWNpLnZubiIsImF1ZCI6Imh0dHA6XC9cL2x1Y2kudm5jIiwiZXhwIjoxNTYxMDE3NzIyLCJqdGkiOjYsIm5ld19rZXkiOiJsdWNpMTIzIiwidGltZV9yZWZyZXNoIjoxNTY2MjAxNzIyfQ.9W4PMXTiPWivzfkwiNKwHOIdiNJccTefX2Pb4ff71ogwz3MXGNsShdYzISBxN0AT',NULL),(5,6,0,1561019120,1558427120,1558427120,'eyJ0eXAiOiJKV1QiLCJhbGciOiJIUzM4NCJ9.eyJpc3MiOiJodHRwOlwvXC9sdWNpLnZubiIsImF1ZCI6Imh0dHA6XC9cL2x1Y2kudm5jIiwiZXhwIjoxNTYxMDE5MTIwLCJqdGkiOjYsIm5ld19rZXkiOiJsdWNpMTIzIn0.eqGsknbWA9iAQRPLacS9s5611gSxhmfuu4ftJ7BflwqZe0R-NgMaPwm9HltCRmNh',NULL),(6,6,1,1566203120,1558427120,1558427120,'eyJ0eXAiOiJKV1QiLCJhbGciOiJIUzM4NCJ9.eyJpc3MiOiJodHRwOlwvXC9sdWNpLnZubiIsImF1ZCI6Imh0dHA6XC9cL2x1Y2kudm5jIiwiZXhwIjoxNTYxMDE5MTIwLCJqdGkiOjYsIm5ld19rZXkiOiJsdWNpMTIzIiwidGltZV9yZWZyZXNoIjoxNTY2MjAzMTIwfQ.mE0lZKwWt6ZFM7zdb7SAsBbgQcSAAf2nTOnQIP84Zc392xB_m85EIBuqsYJsRuvY',NULL),(8,6,1,1566204290,1558428290,1558428290,'eyJ0eXAiOiJKV1QiLCJhbGciOiJIUzM4NCJ9.eyJpc3MiOiJodHRwOlwvXC9sdWNpLnZubiIsImF1ZCI6Imh0dHA6XC9cL2x1Y2kudm5jIiwiZXhwIjoxNTYxMDIwMjkwLCJqdGkiOjYsIm5ld19rZXkiOiJsdWNpMTIzIiwidGltZV9yZWZyZXNoIjoxNTY2MjA0MjkwfQ.s2rz0UWINoqchhRE9zLyAIkpvclpx9Hbog40_AHHNTjMdf__O2su2-ijDICF51gD',NULL),(10,6,1,1566204793,1558428794,1558428794,'eyJ0eXAiOiJKV1QiLCJhbGciOiJIUzM4NCJ9.eyJpc3MiOiJodHRwOlwvXC9sdWNpLnZubiIsImF1ZCI6Imh0dHA6XC9cL2x1Y2kudm5jIiwiZXhwIjoxNTYxMDIwNzkzLCJqdGkiOjYsIm5ld19rZXkiOiJsdWNpMTIzIiwidGltZV9yZWZyZXNoIjoxNTY2MjA0NzkzfQ.ak88p79PzzmxmrQQQKZnKKfSMmz-82eg9kUwLcCdcxKQyn5aCBR9F53YacVVWAM5',NULL),(11,6,0,1561023416,1558431417,1558431417,'eyJ0eXAiOiJKV1QiLCJhbGciOiJIUzM4NCJ9.eyJpc3MiOiJodHRwOlwvXC9sdWNpLnZubiIsImF1ZCI6Imh0dHA6XC9cL2x1Y2kudm5jIiwiZXhwIjoxNTYxMDIzNDE2LCJqdGkiOjYsIm5ld19rZXkiOiJsdWNpMTIzIn0.3Us7waW18AIxgauLAZgS8wWBNZK8dkTbtnlGUH6wV6stCO7OC7v8dueBlOsz3Kk6',NULL),(12,6,1,1566207416,1558431417,1558431417,'eyJ0eXAiOiJKV1QiLCJhbGciOiJIUzM4NCJ9.eyJpc3MiOiJodHRwOlwvXC9sdWNpLnZubiIsImF1ZCI6Imh0dHA6XC9cL2x1Y2kudm5jIiwiZXhwIjoxNTYxMDIzNDE2LCJqdGkiOjYsIm5ld19rZXkiOiJsdWNpMTIzIiwidGltZV9yZWZyZXNoIjoxNTY2MjA3NDE2fQ._s0YHCrU2H1K4jSoWw4r7eqD2xKhEaHkxhnIzPhz1DfN2miIRw9qJizejjV5zju6',NULL),(14,6,1,1566310181,1558534182,1558534182,'eyJ0eXAiOiJKV1QiLCJhbGciOiJIUzM4NCJ9.eyJpc3MiOiJodHRwOlwvXC9sdWNpLnZubiIsImF1ZCI6Imh0dHA6XC9cL2x1Y2kudm5jIiwiZXhwIjoxNTYxMTI2MTgxLCJqdGkiOjYsIm5ld19rZXkiOiJsdWNpMTIzIiwidGltZV9yZWZyZXNoIjoxNTY2MzEwMTgxfQ.CZcWBh6G2IXlbIBNmjIJHtOzLXHWjwJv25Ms2hwS6ocCdNER3lcQQaRwWuACkHvf',NULL),(16,6,1,1566310314,1558534315,1558534315,'eyJ0eXAiOiJKV1QiLCJhbGciOiJIUzM4NCJ9.eyJpc3MiOiJodHRwOlwvXC9sdWNpLnZubiIsImF1ZCI6Imh0dHA6XC9cL2x1Y2kudm5jIiwiZXhwIjoxNTYxMTI2MzE0LCJqdGkiOjYsIm5ld19rZXkiOiJsdWNpMTIzIiwidGltZV9yZWZyZXNoIjoxNTY2MzEwMzE0fQ.Nr4ZLhfsKfalKrqLNVxY2F7CQp7uBXRG9tHzgTosvE7Ol-7AD_Fkise-dB5_iXy9',NULL),(18,6,1,1566357895,1558581896,1558581896,'eyJ0eXAiOiJKV1QiLCJhbGciOiJIUzM4NCJ9.eyJpc3MiOiJodHRwOlwvXC9sdWNpLnZubiIsImF1ZCI6Imh0dHA6XC9cL2x1Y2kudm5jIiwiZXhwIjoxNTYxMTczODk1LCJqdGkiOjYsIm5ld19rZXkiOiJsdWNpMTIzIiwidGltZV9yZWZyZXNoIjoxNTY2MzU3ODk1fQ.0Z7NNAvZgkOObLl4DkVz-VJJZy-DJjtaQ-76oA_Sf50AbW7Nw_Bpj3AWltdAwwPH',NULL),(20,6,1,1566358447,1558582447,1558582447,'eyJ0eXAiOiJKV1QiLCJhbGciOiJIUzM4NCJ9.eyJpc3MiOiJodHRwOlwvXC9sdWNpLnZubiIsImF1ZCI6Imh0dHA6XC9cL2x1Y2kudm5jIiwiZXhwIjoxNTYxMTc0NDQ3LCJqdGkiOjYsIm5ld19rZXkiOiJsdWNpMTIzIiwidGltZV9yZWZyZXNoIjoxNTY2MzU4NDQ3fQ.dNVwpT5VEyh5Y6CzxblMj2yyXFWye52LP9Fwv28AuuY1r_J9M76GmZ0h0WtoNHSa',NULL),(22,6,1,1566358551,1558582552,1558582552,'eyJ0eXAiOiJKV1QiLCJhbGciOiJIUzM4NCJ9.eyJpc3MiOiJodHRwOlwvXC9sdWNpLnZubiIsImF1ZCI6Imh0dHA6XC9cL2x1Y2kudm5jIiwiZXhwIjoxNTYxMTc0NTUxLCJqdGkiOjYsIm5ld19rZXkiOiJsdWNpMTIzIiwidGltZV9yZWZyZXNoIjoxNTY2MzU4NTUxfQ.QCNhioKL397m1_26BAhequtQaEhd0G_KoubAg_XQ1MhbztmEEcZkmIj4H2mqQhAx',NULL),(23,6,0,1561174712,1558582712,1558582712,'eyJ0eXAiOiJKV1QiLCJhbGciOiJIUzM4NCJ9.eyJpc3MiOiJodHRwOlwvXC9sdWNpLnZubiIsImF1ZCI6Imh0dHA6XC9cL2x1Y2kudm5jIiwiZXhwIjoxNTYxMTc0NzEyLCJqdGkiOjYsIm5ld19rZXkiOiJsdWNpMTIzIn0.AnNRtt_RfJodZca_yT34xFwwDpPvBQIRjDqyTCnn1VGsm4b5q6DJIRvGw5Yozqyy',NULL),(24,6,1,1566358712,1558582712,1558582712,'eyJ0eXAiOiJKV1QiLCJhbGciOiJIUzM4NCJ9.eyJpc3MiOiJodHRwOlwvXC9sdWNpLnZubiIsImF1ZCI6Imh0dHA6XC9cL2x1Y2kudm5jIiwiZXhwIjoxNTYxMTc0NzEyLCJqdGkiOjYsIm5ld19rZXkiOiJsdWNpMTIzIiwidGltZV9yZWZyZXNoIjoxNTY2MzU4NzEyfQ.sjqr8zid6ARTvU-PnzELsNRkkP8KB9Pg5pflKB_CUjumvhI5NG77RK1_JyadLllu',NULL),(29,9,0,1561180372,1558588373,1558588373,'eyJ0eXAiOiJKV1QiLCJhbGciOiJIUzM4NCJ9.eyJpc3MiOiJodHRwOlwvXC9sdWNpLnZubiIsImF1ZCI6Imh0dHA6XC9cL2x1Y2kudm5jIiwiZXhwIjoxNTYxMTgwMzcyLCJqdGkiOjksIm5ld19rZXkiOiJsdWNpMTIzIn0.ntg3Gf5XO7PMym-M0vBcfcU3CQgu5jXq3cy7yMX1t0SbHWiU8rdKMgQPBvmdfmyf',NULL),(30,9,1,1566364372,1558588373,1558588373,'eyJ0eXAiOiJKV1QiLCJhbGciOiJIUzM4NCJ9.eyJpc3MiOiJodHRwOlwvXC9sdWNpLnZubiIsImF1ZCI6Imh0dHA6XC9cL2x1Y2kudm5jIiwiZXhwIjoxNTYxMTgwMzcyLCJqdGkiOjksIm5ld19rZXkiOiJsdWNpMTIzIiwidGltZV9yZWZyZXNoIjoxNTY2MzY0MzcyfQ._x0M0cwESnQHyzr6Qq_TpfyOOjEGcz46kTnYX0sBD7Jy1Fke2p8WZIyR_U6sxTg-',NULL),(31,6,0,1561181725,1558589726,1558589726,'eyJ0eXAiOiJKV1QiLCJhbGciOiJIUzM4NCJ9.eyJpc3MiOiJodHRwOlwvXC9sdWNpLnZubiIsImF1ZCI6Imh0dHA6XC9cL2x1Y2kudm5jIiwiZXhwIjoxNTYxMTgxNzI1LCJqdGkiOjYsIm5ld19rZXkiOiJsdWNpMTIzIn0.4cq2bY8s55FmRGHTxc1iHeWcPr7Nf8inchfHU1akxlhs2HAYzwWBPL04kiOK7PLM','17b4a78be35e6cfbedfe9925f25382a0'),(32,6,1,1566365725,1558589726,1558589726,'eyJ0eXAiOiJKV1QiLCJhbGciOiJIUzM4NCJ9.eyJpc3MiOiJodHRwOlwvXC9sdWNpLnZubiIsImF1ZCI6Imh0dHA6XC9cL2x1Y2kudm5jIiwiZXhwIjoxNTYxMTgxNzI1LCJqdGkiOjYsIm5ld19rZXkiOiJsdWNpMTIzIiwidGltZV9yZWZyZXNoIjoxNTY2MzY1NzI1fQ.QQL3MeeQRjtYLlx8IZoazxo9UuQi6FHSZ_NQBEKbpyiDf9J_xRMshnX9ANAJWhqV','0c74f80ac260cdfe65eed7146b52afbb'),(33,6,0,1561194873,1558602874,1558602874,'eyJ0eXAiOiJKV1QiLCJhbGciOiJIUzM4NCJ9.eyJpc3MiOiJodHRwOlwvXC9sdWNpLnZubiIsImF1ZCI6Imh0dHA6XC9cL2x1Y2kudm5jIiwiZXhwIjoxNTYxMTk0ODczLCJqdGkiOjYsIm5ld19rZXkiOiJsdWNpMTIzIn0.wRVBH8ArVEDobjOY6wLnIueU3WXfn-IfkyUpVFsHLg2_fRJ3QUUrRlBpYmVcaN56','0253be63c815e2556a849657b9fd793a'),(34,6,1,1566378873,1558602874,1558602874,'eyJ0eXAiOiJKV1QiLCJhbGciOiJIUzM4NCJ9.eyJpc3MiOiJodHRwOlwvXC9sdWNpLnZubiIsImF1ZCI6Imh0dHA6XC9cL2x1Y2kudm5jIiwiZXhwIjoxNTYxMTk0ODczLCJqdGkiOjYsIm5ld19rZXkiOiJsdWNpMTIzIiwidGltZV9yZWZyZXNoIjoxNTY2Mzc4ODczfQ.3qClNcPQY-7kMNcN0fVkodPC9S_47yDbulItKbOu3Y3vz-BDYzFqgZEsMKnTgeNx','13344d58c1146ffd2a77e3f37ffda3c8'),(36,13,1,1566379073,1558603074,1558603074,'eyJ0eXAiOiJKV1QiLCJhbGciOiJIUzM4NCJ9.eyJpc3MiOiJodHRwOlwvXC9sdWNpLnZubiIsImF1ZCI6Imh0dHA6XC9cL2x1Y2kudm5jIiwiZXhwIjoxNTYxMTk1MDczLCJqdGkiOjEzLCJuZXdfa2V5IjoibHVjaTEyMyIsInRpbWVfcmVmcmVzaCI6MTU2NjM3OTA3M30.yfDKGTN62c8LpgrgGS2RnzD5rGgIFJTQ0rcY55hb62C1duO1NVgeGCKILNFVF2Ll','52c0268aada8d6c54763addfdb57c88b'),(37,13,0,1561207805,1558615806,1558615806,'eyJ0eXAiOiJKV1QiLCJhbGciOiJIUzM4NCJ9.eyJpc3MiOiJodHRwOlwvXC9sdWNpLnZubiIsImF1ZCI6Imh0dHA6XC9cL2x1Y2kudm5jIiwiZXhwIjoxNTYxMjA3ODA1LCJqdGkiOjEzLCJuZXdfa2V5IjoibHVjaTEyMyJ9.2w9K521XBPHdjLFuvOVUhNkBy9y-jXpD-81sIN4rbKufbVaTF87qcHVhw1c-00zS','e52d3604771d7f8921aad4ef6036bc75'),(38,13,1,1566391805,1558615806,1558615806,'eyJ0eXAiOiJKV1QiLCJhbGciOiJIUzM4NCJ9.eyJpc3MiOiJodHRwOlwvXC9sdWNpLnZubiIsImF1ZCI6Imh0dHA6XC9cL2x1Y2kudm5jIiwiZXhwIjoxNTYxMjA3ODA1LCJqdGkiOjEzLCJuZXdfa2V5IjoibHVjaTEyMyIsInRpbWVfcmVmcmVzaCI6MTU2NjM5MTgwNX0.38yGyuiWLr3E_x8nZ5FNdcZ9o17O1u_WV-Q8uy739IH5euQNzcsF420om6KqjGvM','335c3309ca7740ed85f908314061dd00'),(40,1,1,1566393091,1558617092,1558617092,'eyJ0eXAiOiJKV1QiLCJhbGciOiJIUzM4NCJ9.eyJpc3MiOiJodHRwOlwvXC9sdWNpLnZubiIsImF1ZCI6Imh0dHA6XC9cL2x1Y2kudm5jIiwiZXhwIjoxNTYxMjA5MDkxLCJqdGkiOjEsIm5ld19rZXkiOiJsdWNpMTIzIiwidGltZV9yZWZyZXNoIjoxNTY2MzkzMDkxfQ.kOjJeA0KG70b5-CmHsYqPqnFdH9gI_ImLtYdFV6PP0tExEyFBJsmmzc74q2b6cWP','04c74728c96c89ca5e06432d3a04272f'),(41,1,0,1561254329,1558662330,1558662330,'eyJ0eXAiOiJKV1QiLCJhbGciOiJIUzM4NCJ9.eyJpc3MiOiJodHRwOlwvXC9sdWNpLnZubiIsImF1ZCI6Imh0dHA6XC9cL2x1Y2kudm5jIiwiZXhwIjoxNTYxMjU0MzI5LCJqdGkiOjEsIm5ld19rZXkiOiJsdWNpMTIzIn0.e-hGWxxV1dwyrcWtK-t3_2lhToJe5ks07gu0zfN4b9ggKopp_e4KRNxBQlV0e7t0','75e0ca8819697fcfb22134ba49394a88'),(42,1,1,1566438329,1558662330,1558662330,'eyJ0eXAiOiJKV1QiLCJhbGciOiJIUzM4NCJ9.eyJpc3MiOiJodHRwOlwvXC9sdWNpLnZubiIsImF1ZCI6Imh0dHA6XC9cL2x1Y2kudm5jIiwiZXhwIjoxNTYxMjU0MzI5LCJqdGkiOjEsIm5ld19rZXkiOiJsdWNpMTIzIiwidGltZV9yZWZyZXNoIjoxNTY2NDM4MzI5fQ.a0JyXU8POlBI3zj9X-qURxtPEJpp_YJMpM66-SXMWKYLBYF7dLSwaXwgxo6ICUSh','381b5e896079b10cc86f63036892bb21'),(44,1,1,1566441072,1558665073,1558665073,'eyJ0eXAiOiJKV1QiLCJhbGciOiJIUzM4NCJ9.eyJpc3MiOiJodHRwOlwvXC9sdWNpLnZubiIsImF1ZCI6Imh0dHA6XC9cL2x1Y2kudm5jIiwiZXhwIjoxNTYxMjU3MDcyLCJqdGkiOjEsIm5ld19rZXkiOiJsdWNpMTIzIiwidGltZV9yZWZyZXNoIjoxNTY2NDQxMDcyfQ._AjMLGObjT5CLV_IqFdbv0KVjTdP3peqTwL-e70GcfVvF0FmwgeSkEcvVM2ej0S6','e64f8219d51d26785a7e71d8ca5039ba'),(46,1,1,1566460061,1558684061,1558684061,'eyJ0eXAiOiJKV1QiLCJhbGciOiJIUzM4NCJ9.eyJpc3MiOiJodHRwOlwvXC9sdWNpLnZubiIsImF1ZCI6Imh0dHA6XC9cL2x1Y2kudm5jIiwiZXhwIjoxNTYxMjc2MDYxLCJqdGkiOjEsIm5ld19rZXkiOiJsdWNpMTIzIiwidGltZV9yZWZyZXNoIjoxNTY2NDYwMDYxfQ.BmgLL-WnNZxDCXYbzye4W_sv8rgGaByC7iyC0hxS1sDvKBlHPlDs4_el5sez-TVv','9943f72b0dcf72abc3576a7acb88e390'),(47,1,0,1561276230,1558684230,1558684230,'eyJ0eXAiOiJKV1QiLCJhbGciOiJIUzM4NCJ9.eyJpc3MiOiJodHRwOlwvXC9sdWNpLnZubiIsImF1ZCI6Imh0dHA6XC9cL2x1Y2kudm5jIiwiZXhwIjoxNTYxMjc2MjMwLCJqdGkiOjEsIm5ld19rZXkiOiJsdWNpMTIzIn0.9zrart9ZUGVTZNIIM1vw8p8_AOraGYwNh5D_1A8n990b_E0LC0mALaCAb6bH7BhE','76c6f6793ebd9d13012818703cd5c606'),(48,1,1,1566460230,1558684230,1558684230,'eyJ0eXAiOiJKV1QiLCJhbGciOiJIUzM4NCJ9.eyJpc3MiOiJodHRwOlwvXC9sdWNpLnZubiIsImF1ZCI6Imh0dHA6XC9cL2x1Y2kudm5jIiwiZXhwIjoxNTYxMjc2MjMwLCJqdGkiOjEsIm5ld19rZXkiOiJsdWNpMTIzIiwidGltZV9yZWZyZXNoIjoxNTY2NDYwMjMwfQ.jsohK0bg_O4MM6rjQABjnXeHnHQtp5iljQ6_OKcMK-eabFL3nzlu01dqmUi8dOOi','8ed60fd19325c478600145f482cda135'),(49,1,0,1561276494,1558684495,1558684495,'eyJ0eXAiOiJKV1QiLCJhbGciOiJIUzM4NCJ9.eyJpc3MiOiJodHRwOlwvXC9sdWNpLnZubiIsImF1ZCI6Imh0dHA6XC9cL2x1Y2kudm5jIiwiZXhwIjoxNTYxMjc2NDk0LCJqdGkiOjEsIm5ld19rZXkiOiJsdWNpMTIzIn0.rxgmTIHFX6hr62T-zY1Lweyf9ehWFOgbBiSwNp5Bl7VKpZTgOE8CQ3vZi6CkNppC','8ad32034aa9998929c5c31f994416ab3'),(50,1,1,1566460494,1558684495,1558684495,'eyJ0eXAiOiJKV1QiLCJhbGciOiJIUzM4NCJ9.eyJpc3MiOiJodHRwOlwvXC9sdWNpLnZubiIsImF1ZCI6Imh0dHA6XC9cL2x1Y2kudm5jIiwiZXhwIjoxNTYxMjc2NDk0LCJqdGkiOjEsIm5ld19rZXkiOiJsdWNpMTIzIiwidGltZV9yZWZyZXNoIjoxNTY2NDYwNDk0fQ.REOYF-6DBKtt8qlF6xpRYS7Hdj5awUMDhtwsi77qtpn_z5TAP1usfmstARTuqmn6','2c3c433f9777beafaa83c7ee3d661c9d'),(52,9,1,1566460955,1558684956,1558684956,'eyJ0eXAiOiJKV1QiLCJhbGciOiJIUzM4NCJ9.eyJpc3MiOiJodHRwOlwvXC9sdWNpLnZubiIsImF1ZCI6Imh0dHA6XC9cL2x1Y2kudm5jIiwiZXhwIjoxNTYxMjc2OTU1LCJqdGkiOjksIm5ld19rZXkiOiJsdWNpMTIzIiwidGltZV9yZWZyZXNoIjoxNTY2NDYwOTU1fQ.zvewj5EmCuVf2iaGnv5XFf3rb5ET3cpVe1ujElM0hTMRV1GoOLu6WldNhpbK5Hdo','4e28b6738e4ba63b30d275863c6eb8cf'),(54,1,1,1566461766,1558685767,1558685767,'eyJ0eXAiOiJKV1QiLCJhbGciOiJIUzM4NCJ9.eyJpc3MiOiJodHRwOlwvXC9sdWNpLnZubiIsImF1ZCI6Imh0dHA6XC9cL2x1Y2kudm5jIiwiZXhwIjoxNTYxMjc3NzY2LCJqdGkiOjEsIm5ld19rZXkiOiJsdWNpMTIzIiwidGltZV9yZWZyZXNoIjoxNTY2NDYxNzY2fQ.YeFEz5cKJA9rzWDIG7ZEmUOkcLaWVxYkeoxCnG36nkwTyenj0bYE12GWG7vKBscH','679734048186925d0d98b9c766b466b6'),(56,1,1,1566464867,1558688868,1558688868,'eyJ0eXAiOiJKV1QiLCJhbGciOiJIUzM4NCJ9.eyJpc3MiOiJodHRwOlwvXC9sdWNpLnZubiIsImF1ZCI6Imh0dHA6XC9cL2x1Y2kudm5jIiwiZXhwIjoxNTYxMjgwODY3LCJqdGkiOjEsIm5ld19rZXkiOiJsdWNpMTIzIiwidGltZV9yZWZyZXNoIjoxNTY2NDY0ODY3fQ.81_vamsFf-U0Fi5U2rrJIYKEzsQ4JxZYZWS65UqBXI7h5gvq-zKOKyM9rnMPK9w0','a3bb397fba9d0b9259fa29226131200d'),(57,1,0,1561281687,1558689687,1558689687,'eyJ0eXAiOiJKV1QiLCJhbGciOiJIUzM4NCJ9.eyJpc3MiOiJodHRwOlwvXC9sdWNpLnZubiIsImF1ZCI6Imh0dHA6XC9cL2x1Y2kudm5jIiwiZXhwIjoxNTYxMjgxNjg3LCJqdGkiOjEsIm5ld19rZXkiOiJsdWNpMTIzIn0.9gMxytAA3aASlU6ovRKhLZ_96xvTfTDbsg9X5hq3ODjQ48kpC1LdsvARimt9upOa','e032d34cc387c2b4c7cdcd0dbd94a956'),(58,1,1,1566465687,1558689687,1558689687,'eyJ0eXAiOiJKV1QiLCJhbGciOiJIUzM4NCJ9.eyJpc3MiOiJodHRwOlwvXC9sdWNpLnZubiIsImF1ZCI6Imh0dHA6XC9cL2x1Y2kudm5jIiwiZXhwIjoxNTYxMjgxNjg3LCJqdGkiOjEsIm5ld19rZXkiOiJsdWNpMTIzIiwidGltZV9yZWZyZXNoIjoxNTY2NDY1Njg3fQ.ADRztZU0bqjJD05PGeYOMD0LiEzT47r0A55MEJLjGQudLoOGZwT6IsLnQuq-_baz','0d4f026b016cf79bfb1e936704b65f18'),(59,13,0,1561282076,1558690077,1558690077,'eyJ0eXAiOiJKV1QiLCJhbGciOiJIUzM4NCJ9.eyJpc3MiOiJodHRwOlwvXC9sdWNpLnZubiIsImF1ZCI6Imh0dHA6XC9cL2x1Y2kudm5jIiwiZXhwIjoxNTYxMjgyMDc2LCJqdGkiOjEzLCJuZXdfa2V5IjoibHVjaTEyMyJ9.CqUevfbwV-SMyqP7ACs-Lb4cV5BJ1s8TzhoR0GH3YbiURn4sWhiWQYsXOcGvLSLm','3a2ff45a423ad7579b94b42c83fa82d0'),(60,13,1,1566466076,1558690077,1558690077,'eyJ0eXAiOiJKV1QiLCJhbGciOiJIUzM4NCJ9.eyJpc3MiOiJodHRwOlwvXC9sdWNpLnZubiIsImF1ZCI6Imh0dHA6XC9cL2x1Y2kudm5jIiwiZXhwIjoxNTYxMjgyMDc2LCJqdGkiOjEzLCJuZXdfa2V5IjoibHVjaTEyMyIsInRpbWVfcmVmcmVzaCI6MTU2NjQ2NjA3Nn0.jlLuzf_Y2ZbQeMovqvqgHs1UGOX7uYTfQZLORNGq-r7oBjyU4lwr-Y0ml0BQ58ur','f796b5c16050d4724995ad51b0baeb07'),(61,1,0,1561282164,1558690164,1558690164,'eyJ0eXAiOiJKV1QiLCJhbGciOiJIUzM4NCJ9.eyJpc3MiOiJodHRwOlwvXC9sdWNpLnZubiIsImF1ZCI6Imh0dHA6XC9cL2x1Y2kudm5jIiwiZXhwIjoxNTYxMjgyMTY0LCJqdGkiOjEsIm5ld19rZXkiOiJsdWNpMTIzIn0.SlEsyeJIv1EGJpod8nAe32j-p-hS-PftS0DclSYExAsDbqGcrtsfgIBJGpnOfHhv','151eb9d342c20629b5d2413138216a52'),(62,1,1,1566466164,1558690164,1558690164,'eyJ0eXAiOiJKV1QiLCJhbGciOiJIUzM4NCJ9.eyJpc3MiOiJodHRwOlwvXC9sdWNpLnZubiIsImF1ZCI6Imh0dHA6XC9cL2x1Y2kudm5jIiwiZXhwIjoxNTYxMjgyMTY0LCJqdGkiOjEsIm5ld19rZXkiOiJsdWNpMTIzIiwidGltZV9yZWZyZXNoIjoxNTY2NDY2MTY0fQ.zanXbDcPP3qbacZzRShwH2ZZMpZuqtJRZbmBVhHB_2e35wI_rN4nAOdZSMP_L8aM','3970495d545fa2cceb7959995e1938d6'),(63,13,0,1561282202,1558690203,1558690203,'eyJ0eXAiOiJKV1QiLCJhbGciOiJIUzM4NCJ9.eyJpc3MiOiJodHRwOlwvXC9sdWNpLnZubiIsImF1ZCI6Imh0dHA6XC9cL2x1Y2kudm5jIiwiZXhwIjoxNTYxMjgyMjAyLCJqdGkiOjEzLCJuZXdfa2V5IjoibHVjaTEyMyJ9.XG2o3zGMm7-JbEhyPV5PfhXtBo5mK7bKEVytpGIqAGem1s174-Sil2HNuyU_yw7i','50e409aa431c28f7104ecd3b465092cb'),(64,13,1,1566466202,1558690203,1558690203,'eyJ0eXAiOiJKV1QiLCJhbGciOiJIUzM4NCJ9.eyJpc3MiOiJodHRwOlwvXC9sdWNpLnZubiIsImF1ZCI6Imh0dHA6XC9cL2x1Y2kudm5jIiwiZXhwIjoxNTYxMjgyMjAyLCJqdGkiOjEzLCJuZXdfa2V5IjoibHVjaTEyMyIsInRpbWVfcmVmcmVzaCI6MTU2NjQ2NjIwMn0.GKxYV7uOSHSK5_WFnCp-xo-LJ29euPyOnp2A32lLGwxT0WcWtOoVUZ5Ul0Eos1Z6','7c9cc36751ac632f5fc5ea602055f36b'),(66,1,1,1566466516,1558690517,1558690517,'eyJ0eXAiOiJKV1QiLCJhbGciOiJIUzM4NCJ9.eyJpc3MiOiJodHRwOlwvXC9sdWNpLnZubiIsImF1ZCI6Imh0dHA6XC9cL2x1Y2kudm5jIiwiZXhwIjoxNTYxMjgyNTE2LCJqdGkiOjEsIm5ld19rZXkiOiJsdWNpMTIzIiwidGltZV9yZWZyZXNoIjoxNTY2NDY2NTE2fQ.ooGBnS4S6THs2faoBhmMiMvdu2NacwGBdObndApkGZuIX5tkU1jnI6Otf6139rVk','a48190677050bfebab37f969dd2686fe'),(68,1,1,1566466792,1558690793,1558690793,'eyJ0eXAiOiJKV1QiLCJhbGciOiJIUzM4NCJ9.eyJpc3MiOiJodHRwOlwvXC9sdWNpLnZubiIsImF1ZCI6Imh0dHA6XC9cL2x1Y2kudm5jIiwiZXhwIjoxNTYxMjgyNzkyLCJqdGkiOjEsIm5ld19rZXkiOiJsdWNpMTIzIiwidGltZV9yZWZyZXNoIjoxNTY2NDY2NzkyfQ.V8TRD7uklHnpPi9dCFBre3ZJGWn-co0dSE-06GiQlT6-mH36IO0H0DpbAE1BWUR2','f54e243703b6aa6aac593f6071de0e84'),(70,1,1,1566466910,1558690910,1558690910,'eyJ0eXAiOiJKV1QiLCJhbGciOiJIUzM4NCJ9.eyJpc3MiOiJodHRwOlwvXC9sdWNpLnZubiIsImF1ZCI6Imh0dHA6XC9cL2x1Y2kudm5jIiwiZXhwIjoxNTYxMjgyOTEwLCJqdGkiOjEsIm5ld19rZXkiOiJsdWNpMTIzIiwidGltZV9yZWZyZXNoIjoxNTY2NDY2OTEwfQ.KVMJlFyWcMD_4LaKpce1uImhAxPdBG1Ap3HUksNkrfUtKz_porpduYlGHUBQYzMy','a1588c1bd6a9519f242139e44d8bab12'),(71,9,0,1561283139,1558691139,1558691139,'eyJ0eXAiOiJKV1QiLCJhbGciOiJIUzM4NCJ9.eyJpc3MiOiJodHRwOlwvXC9sdWNpLnZubiIsImF1ZCI6Imh0dHA6XC9cL2x1Y2kudm5jIiwiZXhwIjoxNTYxMjgzMTM5LCJqdGkiOjksIm5ld19rZXkiOiJsdWNpMTIzIn0.W50qWN9fFn9McfclNbHaVcslWYau8dwHMZbbwwcg44j9Jk8MrRcngGU-XjqcjcJ3','9ca4de9690e424d7af027004fb117dca'),(72,9,1,1566467139,1558691139,1558691139,'eyJ0eXAiOiJKV1QiLCJhbGciOiJIUzM4NCJ9.eyJpc3MiOiJodHRwOlwvXC9sdWNpLnZubiIsImF1ZCI6Imh0dHA6XC9cL2x1Y2kudm5jIiwiZXhwIjoxNTYxMjgzMTM5LCJqdGkiOjksIm5ld19rZXkiOiJsdWNpMTIzIiwidGltZV9yZWZyZXNoIjoxNTY2NDY3MTM5fQ.xt3mLiAZC8msxuTkRsjbmUTtPsQNyWJHEsiuhVl7WvLxOSQoylEItRlMBeR6pHzi','53748de35de34ecaf0da278dc64d260f'),(74,13,1,1566467215,1558691215,1558691215,'eyJ0eXAiOiJKV1QiLCJhbGciOiJIUzM4NCJ9.eyJpc3MiOiJodHRwOlwvXC9sdWNpLnZubiIsImF1ZCI6Imh0dHA6XC9cL2x1Y2kudm5jIiwiZXhwIjoxNTYxMjgzMjE1LCJqdGkiOjEzLCJuZXdfa2V5IjoibHVjaTEyMyIsInRpbWVfcmVmcmVzaCI6MTU2NjQ2NzIxNX0.8azbcweMz6Vvxp5Qmt8CyP2ObkhCxtJu5xntLyNxhnjN_CnWAmJlPVAeEPBqVpPl','9bf98b871eaae6c68dcba4ee830d0bc6'),(75,1,0,1561285687,1558693688,1558693688,'eyJ0eXAiOiJKV1QiLCJhbGciOiJIUzM4NCJ9.eyJpc3MiOiJodHRwOlwvXC9sdWNpLnZubiIsImF1ZCI6Imh0dHA6XC9cL2x1Y2kudm5jIiwiZXhwIjoxNTYxMjg1Njg3LCJqdGkiOjEsIm5ld19rZXkiOiJsdWNpMTIzIn0.MmNWCAAw41OH_v6DvCBuc0kgs4n1JqiEudmdcfuNVAUz3tLIx_vsmqgmS-WAyFf8','bf5b1958393858d021e0f2b181a3be46'),(76,1,1,1566469687,1558693688,1558693688,'eyJ0eXAiOiJKV1QiLCJhbGciOiJIUzM4NCJ9.eyJpc3MiOiJodHRwOlwvXC9sdWNpLnZubiIsImF1ZCI6Imh0dHA6XC9cL2x1Y2kudm5jIiwiZXhwIjoxNTYxMjg1Njg3LCJqdGkiOjEsIm5ld19rZXkiOiJsdWNpMTIzIiwidGltZV9yZWZyZXNoIjoxNTY2NDY5Njg3fQ.EVHUKT-IPTZimo5L5wRodE5K--kHs4ltb9OXNGXYQS2YfZCaGXSVYTkIbs4qNbi0','7dcc230b38f09f12c45f4384f27b860d'),(77,1,0,1561286706,1558694706,1558694706,'eyJ0eXAiOiJKV1QiLCJhbGciOiJIUzM4NCJ9.eyJpc3MiOiJodHRwOlwvXC9sdWNpLnZubiIsImF1ZCI6Imh0dHA6XC9cL2x1Y2kudm5jIiwiZXhwIjoxNTYxMjg2NzA2LCJqdGkiOjEsIm5ld19rZXkiOiJsdWNpMTIzIn0.VOr5CXWQ7kGHeKFcEkBnUGP4I4qsd8dE1cbBak6anPpAJaLCt8FNF7jt5DlGXO5d','bc473955c1f8f4bc2f001754f217b057'),(78,1,1,1566470706,1558694706,1558694706,'eyJ0eXAiOiJKV1QiLCJhbGciOiJIUzM4NCJ9.eyJpc3MiOiJodHRwOlwvXC9sdWNpLnZubiIsImF1ZCI6Imh0dHA6XC9cL2x1Y2kudm5jIiwiZXhwIjoxNTYxMjg2NzA2LCJqdGkiOjEsIm5ld19rZXkiOiJsdWNpMTIzIiwidGltZV9yZWZyZXNoIjoxNTY2NDcwNzA2fQ.ESq-ttMztwf0efCs9lNY0-tX7u-XztNO5X1jfgTrbUTh9-y98coxJBItMQwkRwU8','43f038da377b57053846e9417568216a'),(79,1,0,1561298284,1558706285,1558706285,'eyJ0eXAiOiJKV1QiLCJhbGciOiJIUzM4NCJ9.eyJpc3MiOiJodHRwOlwvXC9sdWNpLnZubiIsImF1ZCI6Imh0dHA6XC9cL2x1Y2kudm5jIiwiZXhwIjoxNTYxMjk4Mjg0LCJqdGkiOjEsIm5ld19rZXkiOiJsdWNpMTIzIn0.2GT_WzwEet7amRBfbdk_MTuWkR_UC0ylP2-i6J43fYQ0NOSlJ7KlmzYstJKzrZXs','22805a02e0194dbc3f81076b0b57a705'),(80,1,1,1566482284,1558706285,1558706285,'eyJ0eXAiOiJKV1QiLCJhbGciOiJIUzM4NCJ9.eyJpc3MiOiJodHRwOlwvXC9sdWNpLnZubiIsImF1ZCI6Imh0dHA6XC9cL2x1Y2kudm5jIiwiZXhwIjoxNTYxMjk4Mjg0LCJqdGkiOjEsIm5ld19rZXkiOiJsdWNpMTIzIiwidGltZV9yZWZyZXNoIjoxNTY2NDgyMjg0fQ.AaI5jGmD2FkxGv4Ugdqo35ygHakv-QSAwkiFkPM5teq8899d2OXDYGxdaNyy7BzH','238790911144314082752d4639b76eb1'),(82,6,1,1566484072,1558708072,1558708072,'eyJ0eXAiOiJKV1QiLCJhbGciOiJIUzM4NCJ9.eyJpc3MiOiJodHRwOlwvXC9sdWNpLnZubiIsImF1ZCI6Imh0dHA6XC9cL2x1Y2kudm5jIiwiZXhwIjoxNTYxMzAwMDcyLCJqdGkiOjYsIm5ld19rZXkiOiJsdWNpMTIzIiwidGltZV9yZWZyZXNoIjoxNTY2NDg0MDcyfQ.TQRwFJ716u26Zft9vEg1qBYRF_w7rUOA7RYw6K438uwPJkh7uvLdDcX32_urCyDs','78094baa6d3dd2ff64d26afaf49ee17b'),(83,9,0,1561300957,1558708957,1558708957,'eyJ0eXAiOiJKV1QiLCJhbGciOiJIUzM4NCJ9.eyJpc3MiOiJodHRwOlwvXC9sdWNpLnZubiIsImF1ZCI6Imh0dHA6XC9cL2x1Y2kudm5jIiwiZXhwIjoxNTYxMzAwOTU3LCJqdGkiOjksIm5ld19rZXkiOiJsdWNpMTIzIn0.NiFEQCqGfz2E5C_L21i0jsmGbwWlYSR04g62FKAo9HzB5TEE4084Qvv6IfjHJoMJ','baefac12eef4e90bf0ee9a9f7ff89fbe'),(84,9,1,1566484957,1558708957,1558708957,'eyJ0eXAiOiJKV1QiLCJhbGciOiJIUzM4NCJ9.eyJpc3MiOiJodHRwOlwvXC9sdWNpLnZubiIsImF1ZCI6Imh0dHA6XC9cL2x1Y2kudm5jIiwiZXhwIjoxNTYxMzAwOTU3LCJqdGkiOjksIm5ld19rZXkiOiJsdWNpMTIzIiwidGltZV9yZWZyZXNoIjoxNTY2NDg0OTU3fQ.Xwuk208TJ2SDIGuw66Jh7EQVI1oR3_lQLJ8RgNQh7_nl1hKqCqcD2iDJDhQ41h-b','0bf2d9507a117cbfde68c6e9b5aadb7c'),(85,9,0,1561301967,1558709967,1558709967,'eyJ0eXAiOiJKV1QiLCJhbGciOiJIUzM4NCJ9.eyJpc3MiOiJodHRwOlwvXC9sdWNpLnZubiIsImF1ZCI6Imh0dHA6XC9cL2x1Y2kudm5jIiwiZXhwIjoxNTYxMzAxOTY3LCJqdGkiOjksIm5ld19rZXkiOiJsdWNpMTIzIn0.5HjGBJatZVyErHForzLBRfl-g4P4eNnoLZOPrHIZYozWetmHDR8ph7p_ApVroPz8','fbabe822e1b0d02fd4a8899147154571'),(86,9,1,1566485967,1558709967,1558709967,'eyJ0eXAiOiJKV1QiLCJhbGciOiJIUzM4NCJ9.eyJpc3MiOiJodHRwOlwvXC9sdWNpLnZubiIsImF1ZCI6Imh0dHA6XC9cL2x1Y2kudm5jIiwiZXhwIjoxNTYxMzAxOTY3LCJqdGkiOjksIm5ld19rZXkiOiJsdWNpMTIzIiwidGltZV9yZWZyZXNoIjoxNTY2NDg1OTY3fQ.KK4f1f2pnFCB7gPgHs3A_pyWH-CblHcz6UCV_mhh3Sr19T1SqPLbHnBZdNB_WU1a','6e79ccd19e35e73c18e86f53aa725123'),(87,13,0,1561302614,1558710615,1558710615,'eyJ0eXAiOiJKV1QiLCJhbGciOiJIUzM4NCJ9.eyJpc3MiOiJodHRwOlwvXC9sdWNpLnZubiIsImF1ZCI6Imh0dHA6XC9cL2x1Y2kudm5jIiwiZXhwIjoxNTYxMzAyNjE0LCJqdGkiOjEzLCJuZXdfa2V5IjoibHVjaTEyMyJ9.nt6UZq6drVpVi4fqtxFxc2acZcqtj6i5z-i9KDojnH_wmpgh_Tlp8kjcboKjBU6N','be96a03ead49db2149a8406d93a64ef6'),(88,13,1,1566486614,1558710615,1558710615,'eyJ0eXAiOiJKV1QiLCJhbGciOiJIUzM4NCJ9.eyJpc3MiOiJodHRwOlwvXC9sdWNpLnZubiIsImF1ZCI6Imh0dHA6XC9cL2x1Y2kudm5jIiwiZXhwIjoxNTYxMzAyNjE0LCJqdGkiOjEzLCJuZXdfa2V5IjoibHVjaTEyMyIsInRpbWVfcmVmcmVzaCI6MTU2NjQ4NjYxNH0.WPwbU2Cs5t2mgntuvMY3yrch3NBCCmP4QetitLNUDYoiFJA42Ff18HBFE0evEhUv','e12f1a40a42d824224e949e5a3c85b1d'),(89,15,0,1561302932,1558710933,1558710933,'eyJ0eXAiOiJKV1QiLCJhbGciOiJIUzM4NCJ9.eyJpc3MiOiJodHRwOlwvXC9sdWNpLnZubiIsImF1ZCI6Imh0dHA6XC9cL2x1Y2kudm5jIiwiZXhwIjoxNTYxMzAyOTMyLCJqdGkiOjE1LCJuZXdfa2V5IjoibHVjaTEyMyJ9.9w_K5XUZc2D5_g9UUyIpxNlyiOxKU5mvm80UKkzZjE5jBPlBgltU9kISIf2yRlII','92a915f3ee277fa9c7601e97173b3cd7'),(90,15,1,1566486932,1558710933,1558710933,'eyJ0eXAiOiJKV1QiLCJhbGciOiJIUzM4NCJ9.eyJpc3MiOiJodHRwOlwvXC9sdWNpLnZubiIsImF1ZCI6Imh0dHA6XC9cL2x1Y2kudm5jIiwiZXhwIjoxNTYxMzAyOTMyLCJqdGkiOjE1LCJuZXdfa2V5IjoibHVjaTEyMyIsInRpbWVfcmVmcmVzaCI6MTU2NjQ4NjkzMn0.tSQL9VKHH0hUWGdwF9NQunfaCjqIe-d1E9B7Y6GUN9bfdUmBqFBwpmCrm-ckZCKV','2faf10bfdb84f062882ed9d3ba20d9b5'),(92,15,1,1566487190,1558711190,1558711190,'eyJ0eXAiOiJKV1QiLCJhbGciOiJIUzM4NCJ9.eyJpc3MiOiJodHRwOlwvXC9sdWNpLnZubiIsImF1ZCI6Imh0dHA6XC9cL2x1Y2kudm5jIiwiZXhwIjoxNTYxMzAzMTkwLCJqdGkiOjE1LCJuZXdfa2V5IjoibHVjaTEyMyIsInRpbWVfcmVmcmVzaCI6MTU2NjQ4NzE5MH0.oIjO64Zew_BDjCp-ko2UT9dtxtC60iKn5wf-T-oAlW-6tWSqRzJS3dDgjRbCgnit','5ef28e2d75c37c2ca07083275f2e9ec9'),(94,18,1,1566525854,1558749855,1558749855,'eyJ0eXAiOiJKV1QiLCJhbGciOiJIUzM4NCJ9.eyJpc3MiOiJodHRwOlwvXC9sdWNpLnZubiIsImF1ZCI6Imh0dHA6XC9cL2x1Y2kudm5jIiwiZXhwIjoxNTYxMzQxODU0LCJqdGkiOjE4LCJuZXdfa2V5IjoibHVjaTEyMyIsInRpbWVfcmVmcmVzaCI6MTU2NjUyNTg1NH0.mdiOpkODZsP7r4oKBaRt4KUK-IpUMyx6JQWcDHuSiMtGuKVInebbIgLUxdey_ygT','02ace2546fa26107f90417428d5a1a02'),(96,19,1,1566543426,1558767426,1558767426,'eyJ0eXAiOiJKV1QiLCJhbGciOiJIUzM4NCJ9.eyJpc3MiOiJodHRwOlwvXC9sdWNpLnZubiIsImF1ZCI6Imh0dHA6XC9cL2x1Y2kudm5jIiwiZXhwIjoxNTYxMzU5NDI2LCJqdGkiOjE5LCJuZXdfa2V5IjoibHVjaTEyMyIsInRpbWVfcmVmcmVzaCI6MTU2NjU0MzQyNn0.HPieEKdXjiIpr3kTAHwXJzc6usII4o2tLBwUygocCJal27ivjl6yoZb9gT48AWhd','c18ae439a206848755faaa4b1cb7d61d'),(98,23,1,1566551337,1558775338,1558775338,'eyJ0eXAiOiJKV1QiLCJhbGciOiJIUzM4NCJ9.eyJpc3MiOiJodHRwOlwvXC9sdWNpLnZubiIsImF1ZCI6Imh0dHA6XC9cL2x1Y2kudm5jIiwiZXhwIjoxNTYxMzY3MzM3LCJqdGkiOjIzLCJuZXdfa2V5IjoibHVjaTEyMyIsInRpbWVfcmVmcmVzaCI6MTU2NjU1MTMzN30.dJtVRQBbsJLc9pVIG2t-zCSTRnZN713Bt41Q8InHXvLuqK9ofxAMVPk5ZCdfgJ7Y','e9b69c7bb54b1c23835f602488abe185'),(100,23,1,1566551823,1558775823,1558775823,'eyJ0eXAiOiJKV1QiLCJhbGciOiJIUzM4NCJ9.eyJpc3MiOiJodHRwOlwvXC9sdWNpLnZubiIsImF1ZCI6Imh0dHA6XC9cL2x1Y2kudm5jIiwiZXhwIjoxNTYxMzY3ODIzLCJqdGkiOjIzLCJuZXdfa2V5IjoibHVjaTEyMyIsInRpbWVfcmVmcmVzaCI6MTU2NjU1MTgyM30.2IezKLGK-QcX15-6rGYWo7YeMYVqht6xk1z4M23Gm9F0yLpba7ZZK2GUTG-3MKuH','81347130a33246d37982e5c1e1725da2'),(102,29,1,1566552735,1558776735,1558776735,'eyJ0eXAiOiJKV1QiLCJhbGciOiJIUzM4NCJ9.eyJpc3MiOiJodHRwOlwvXC9sdWNpLnZubiIsImF1ZCI6Imh0dHA6XC9cL2x1Y2kudm5jIiwiZXhwIjoxNTYxMzY4NzM1LCJqdGkiOjI5LCJuZXdfa2V5IjoibHVjaTEyMyIsInRpbWVfcmVmcmVzaCI6MTU2NjU1MjczNX0.81AOaAHYHfM-rCrVv9SKGh1JEFN5kvHMse9x_Rn3FFPPlxxsoM5cVGwi1GEaIy3a','d831e3ade2509688e3794dad931bcde7'),(104,13,1,1566552979,1558776979,1558776979,'eyJ0eXAiOiJKV1QiLCJhbGciOiJIUzM4NCJ9.eyJpc3MiOiJodHRwOlwvXC9sdWNpLnZubiIsImF1ZCI6Imh0dHA6XC9cL2x1Y2kudm5jIiwiZXhwIjoxNTYxMzY4OTc5LCJqdGkiOjEzLCJuZXdfa2V5IjoibHVjaTEyMyIsInRpbWVfcmVmcmVzaCI6MTU2NjU1Mjk3OX0.RVuzg5bHpU3t9m0029Zp3YhLOIH5t08akmuurqwdALaPF8xRaMAux5t9bjqR-tZc','91156805591b816986fd9fa6ceb4cc03'),(106,29,1,1566554339,1558778339,1558778339,'eyJ0eXAiOiJKV1QiLCJhbGciOiJIUzM4NCJ9.eyJpc3MiOiJodHRwOlwvXC9sdWNpLnZubiIsImF1ZCI6Imh0dHA6XC9cL2x1Y2kudm5jIiwiZXhwIjoxNTYxMzcwMzM5LCJqdGkiOjI5LCJuZXdfa2V5IjoibHVjaTEyMyIsInRpbWVfcmVmcmVzaCI6MTU2NjU1NDMzOX0.L2ZBwwW0flni081tXHmj0sTlc6dnm4hl9EzeDsKvnNwcc-hALFnjmLHrW5rXuE0D','125ab02783d3391a8da9343b8451d5b9'),(108,19,1,1566557007,1558781007,1558781007,'eyJ0eXAiOiJKV1QiLCJhbGciOiJIUzM4NCJ9.eyJpc3MiOiJodHRwOlwvXC9sdWNpLnZubiIsImF1ZCI6Imh0dHA6XC9cL2x1Y2kudm5jIiwiZXhwIjoxNTYxMzczMDA3LCJqdGkiOjE5LCJuZXdfa2V5IjoibHVjaTEyMyIsInRpbWVfcmVmcmVzaCI6MTU2NjU1NzAwN30.TrCIQr6EzV1RJVpWrMT-qgFvcIADwZigw1VjOHrnro7HgEK1SA7radYENMgO1gH0','4383d7895fedba8772dd694a4eeca9d8'),(109,1,0,1561517001,1558925002,1558925002,'eyJ0eXAiOiJKV1QiLCJhbGciOiJIUzM4NCJ9.eyJpc3MiOiJodHRwOlwvXC9sdWNpLnZubiIsImF1ZCI6Imh0dHA6XC9cL2x1Y2kudm5jIiwiZXhwIjoxNTYxNTE3MDAxLCJqdGkiOjEsIm5ld19rZXkiOiJsdWNpMTIzIn0.UtzxwwPX0vWmUoCGi4xCcbHwsqA7GoxFUk2PkDmGcFE5I5G3rzZy8sqK3q3A5da8','ceea02fc7050e7f03ae92fe0b8e2f9dc'),(110,1,1,1566701001,1558925002,1558925002,'eyJ0eXAiOiJKV1QiLCJhbGciOiJIUzM4NCJ9.eyJpc3MiOiJodHRwOlwvXC9sdWNpLnZubiIsImF1ZCI6Imh0dHA6XC9cL2x1Y2kudm5jIiwiZXhwIjoxNTYxNTE3MDAxLCJqdGkiOjEsIm5ld19rZXkiOiJsdWNpMTIzIiwidGltZV9yZWZyZXNoIjoxNTY2NzAxMDAxfQ.LSRpuDVUQnWhA9xIijC0p3XgOAuB0bJWSNe0VZhf2NeoObiMv4OjlRwwcPw4Kil7','e08d6965d492583b9a0328934598ea40'),(111,9,0,1561532215,1558940216,1558940216,'eyJ0eXAiOiJKV1QiLCJhbGciOiJIUzM4NCJ9.eyJpc3MiOiJodHRwOlwvXC9sdWNpLnZubiIsImF1ZCI6Imh0dHA6XC9cL2x1Y2kudm5jIiwiZXhwIjoxNTYxNTMyMjE1LCJqdGkiOjl9.Na8iZWfHdae3QfkazsWjm-LvZF5UAjj8--tMkVssDpp-EXYP35GVNGm8DCtEwDsD','03d94875b5c14b7f2f0f80ee4d953f4e'),(112,9,1,1566716215,1558940216,1558940216,'eyJ0eXAiOiJKV1QiLCJhbGciOiJIUzM4NCJ9.eyJpc3MiOiJodHRwOlwvXC9sdWNpLnZubiIsImF1ZCI6Imh0dHA6XC9cL2x1Y2kudm5jIiwiZXhwIjoxNTYxNTMyMjE1LCJqdGkiOjksInRpbWVfcmVmcmVzaCI6MTU2NjcxNjIxNX0.87LOVxXA1coJbKW0odq_IOY38bMTeHboIgeKvXreiZzZqXfrROlJL0Ye82hKQ2GO','1c750fc1cd83a0ee67ccbf05a9644bb9'),(114,9,1,1566716773,1558940774,1558940774,'eyJ0eXAiOiJKV1QiLCJhbGciOiJIUzM4NCJ9.eyJpc3MiOiJodHRwOlwvXC9sdWNpLnZubiIsImF1ZCI6Imh0dHA6XC9cL2x1Y2kudm5jIiwiZXhwIjoxNTYxNTMyNzczLCJqdGkiOjksInRpbWVfcmVmcmVzaCI6MTU2NjcxNjc3M30.K-lMedItUDnBHX93O9Q4SvuVy5BgpKToAZdFCSWd27z-3lDvUtpxQs47XdbxBqWQ','a7fa7f67e9cc3349810f5a44442c407f'),(115,36,0,1561563832,1558971833,1558971833,'eyJ0eXAiOiJKV1QiLCJhbGciOiJIUzM4NCJ9.eyJpc3MiOiJodHRwOlwvXC9sdWNpLnZubiIsImF1ZCI6Imh0dHA6XC9cL2x1Y2kudm5jIiwiZXhwIjoxNTYxNTYzODMyLCJqdGkiOjM2fQ.Ga3oKJTaYSJUMe5zn4b2vlWgFO2s8oN9gMKaX70KCU5Gw0_Kau2QUyagU49nVsbR','a7ae75ca62ab42b3e2425b8122980370'),(116,36,1,1566747832,1558971833,1558971833,'eyJ0eXAiOiJKV1QiLCJhbGciOiJIUzM4NCJ9.eyJpc3MiOiJodHRwOlwvXC9sdWNpLnZubiIsImF1ZCI6Imh0dHA6XC9cL2x1Y2kudm5jIiwiZXhwIjoxNTYxNTYzODMyLCJqdGkiOjM2LCJ0aW1lX3JlZnJlc2giOjE1NjY3NDc4MzJ9.gWP_0JMi788XRT1z-hjXLda29QFvvbgEzLmhnLO7o-Mx-Gz1qNKp2ePPPM8KxOh6','a340bf790082822813bdefe9ecdc1c8d'),(118,13,1,1566782735,1559006735,1559006735,'eyJ0eXAiOiJKV1QiLCJhbGciOiJIUzM4NCJ9.eyJpc3MiOiJodHRwOlwvXC9sdWNpLnZubiIsImF1ZCI6Imh0dHA6XC9cL2x1Y2kudm5jIiwiZXhwIjoxNTYxNTk4NzM1LCJqdGkiOjEzLCJ0aW1lX3JlZnJlc2giOjE1NjY3ODI3MzV9.KXCIZsa9TaO79MKiGRQmsJUvbIhcMlAJ2EpTFqcQybetuakhHFjTuh3DnZ5zuXK0','1862d3a66e0edcce920948156b90201b'),(120,6,1,1566784191,1559008191,1559008191,'eyJ0eXAiOiJKV1QiLCJhbGciOiJIUzM4NCJ9.eyJpc3MiOiJodHRwOlwvXC9sdWNpLnZubiIsImF1ZCI6Imh0dHA6XC9cL2x1Y2kudm5jIiwiZXhwIjoxNTYxNjAwMTkxLCJqdGkiOjYsInRpbWVfcmVmcmVzaCI6MTU2Njc4NDE5MX0.Gpms63eDMHCecIo_jmqknprKUoKwglSbRE3PTeLyK-lEiC2YNU1tq_16Hvzh9ZO2','ba7ea26655dffd3561e60665e20a78d5'),(122,36,1,1566784296,1559008296,1559008296,'eyJ0eXAiOiJKV1QiLCJhbGciOiJIUzM4NCJ9.eyJpc3MiOiJodHRwOlwvXC9sdWNpLnZubiIsImF1ZCI6Imh0dHA6XC9cL2x1Y2kudm5jIiwiZXhwIjoxNTYxNjAwMjk2LCJqdGkiOjM2LCJ0aW1lX3JlZnJlc2giOjE1NjY3ODQyOTZ9.4y6FXeimpQlQvn5dv8wC4QQmrIDQgNVyxIiEtt6mTv8UfjMs0xof5T3EzBC6FH_J','2794f6d7010a915d8671721ab7cfe41f'),(123,6,0,1561600477,1559008477,1559008477,'eyJ0eXAiOiJKV1QiLCJhbGciOiJIUzM4NCJ9.eyJpc3MiOiJodHRwOlwvXC9sdWNpLnZubiIsImF1ZCI6Imh0dHA6XC9cL2x1Y2kudm5jIiwiZXhwIjoxNTYxNjAwNDc3LCJqdGkiOjZ9.aKMxJ4v0zwh6kqAyV4keYQrrMrD3vUSuB756AB-7NhtFJNXM78-sT6NCcDCYil5f','32e7704618ab7e5918c75715f2245cf9'),(124,6,1,1566784477,1559008477,1559008477,'eyJ0eXAiOiJKV1QiLCJhbGciOiJIUzM4NCJ9.eyJpc3MiOiJodHRwOlwvXC9sdWNpLnZubiIsImF1ZCI6Imh0dHA6XC9cL2x1Y2kudm5jIiwiZXhwIjoxNTYxNjAwNDc3LCJqdGkiOjYsInRpbWVfcmVmcmVzaCI6MTU2Njc4NDQ3N30.7PdCvp8san9yQhSv73IbWri6du1ozLU0pvyUS36OIWgY3h2Zp7f6ZoVNy7pZY_a-','2757bdaa9323d4bc76508b1fc618870c'),(126,18,1,1566784518,1559008519,1559008519,'eyJ0eXAiOiJKV1QiLCJhbGciOiJIUzM4NCJ9.eyJpc3MiOiJodHRwOlwvXC9sdWNpLnZubiIsImF1ZCI6Imh0dHA6XC9cL2x1Y2kudm5jIiwiZXhwIjoxNTYxNjAwNTE4LCJqdGkiOjE4LCJ0aW1lX3JlZnJlc2giOjE1NjY3ODQ1MTh9.gnxuEKAftFgVVetb0nkdoIK1iIR926L1H_YPH-K1PjwK7KfFvUb5p7THqjYCh0iB','d2c51eef0fba244c22b1a9bf4afb6265'),(128,19,1,1566785512,1559009513,1559009513,'eyJ0eXAiOiJKV1QiLCJhbGciOiJIUzM4NCJ9.eyJpc3MiOiJodHRwOlwvXC9sdWNpLnZubiIsImF1ZCI6Imh0dHA6XC9cL2x1Y2kudm5jIiwiZXhwIjoxNTYxNjAxNTEyLCJqdGkiOjE5LCJ0aW1lX3JlZnJlc2giOjE1NjY3ODU1MTJ9.B7C4F3zU7zifulaAPfXp3mSjrULQVFZmKgfrYTZ94-kNd3uoeosBknQFwi7CMoNW','54bb92504b1bd1bb1f8175183b69c866'),(130,36,1,1566786773,1559010774,1559010774,'eyJ0eXAiOiJKV1QiLCJhbGciOiJIUzM4NCJ9.eyJpc3MiOiJodHRwOlwvXC9sdWNpLnZubiIsImF1ZCI6Imh0dHA6XC9cL2x1Y2kudm5jIiwiZXhwIjoxNTYxNjAyNzczLCJqdGkiOjM2LCJ0aW1lX3JlZnJlc2giOjE1NjY3ODY3NzN9.EMutyhWKFjsb0HbOmSTJAxIwu-ij3avWIje4gxgR-qKqyX7w9oQs7o3FM9JbJSTQ','6ce6f267e73edf13b11b8cd52fd900a8'),(131,15,0,1561624581,1559032581,1559032581,'eyJ0eXAiOiJKV1QiLCJhbGciOiJIUzM4NCJ9.eyJpc3MiOiJodHRwOlwvXC9sdWNpLnZubiIsImF1ZCI6Imh0dHA6XC9cL2x1Y2kudm5jIiwiZXhwIjoxNTYxNjI0NTgxLCJqdGkiOjE1fQ.9ewNtWD_LTFfV-FvWHYnQ_Jc3-vpiaT8Y0fTcRav6jWopuqMHBwmvCOYWdSSPW4u','c5b2ef6c4c145ee3e560b048cf11cec0'),(132,15,1,1566808581,1559032581,1559032581,'eyJ0eXAiOiJKV1QiLCJhbGciOiJIUzM4NCJ9.eyJpc3MiOiJodHRwOlwvXC9sdWNpLnZubiIsImF1ZCI6Imh0dHA6XC9cL2x1Y2kudm5jIiwiZXhwIjoxNTYxNjI0NTgxLCJqdGkiOjE1LCJ0aW1lX3JlZnJlc2giOjE1NjY4MDg1ODF9.-LdkDxUfN9nR6v5UdVwaXskrI_UBLT__FLEndgImyaCtSr1Ft8LbwnnwPSQOOvi7','4e177b9de1ec5eb244c306115ae6442a'),(134,36,1,1566810202,1559034203,1559034203,'eyJ0eXAiOiJKV1QiLCJhbGciOiJIUzM4NCJ9.eyJpc3MiOiJodHRwOlwvXC9sdWNpLnZubiIsImF1ZCI6Imh0dHA6XC9cL2x1Y2kudm5jIiwiZXhwIjoxNTYxNjI2MjAyLCJqdGkiOjM2LCJ0aW1lX3JlZnJlc2giOjE1NjY4MTAyMDJ9.YfDskj8BhEoyUtj9t_QpW32tIH9m_zu8zi9MPYpaWp2jGKVSSErrYto-aFvZghpb','435a1ab5e72494fc54f7eb9d97fedd2d'),(136,13,1,1566827817,1559051818,1559051818,'eyJ0eXAiOiJKV1QiLCJhbGciOiJIUzM4NCJ9.eyJpc3MiOiJodHRwOlwvXC9sdWNpLnZubiIsImF1ZCI6Imh0dHA6XC9cL2x1Y2kudm5jIiwiZXhwIjoxNTYxNjQzODE3LCJqdGkiOjEzLCJ0aW1lX3JlZnJlc2giOjE1NjY4Mjc4MTd9.DOkly_VLyH-YtT8RYu9328zT2Ue8y93ljZePs-fTX3L4LoOzeBwzaJmgOzyeH3YU','ff8d2059aa44ff29026a286eb82646aa'),(137,1,0,1561720384,1559128385,1559128385,'eyJ0eXAiOiJKV1QiLCJhbGciOiJIUzM4NCJ9.eyJpc3MiOiJodHRwOlwvXC9sdWNpLnZubiIsImF1ZCI6Imh0dHA6XC9cL2x1Y2kudm5jIiwiZXhwIjoxNTYxNzIwMzg0LCJqdGkiOjF9.sFL_iXCBL_x1r4rceoKBqdbo5b6NmjBfJJSuM8MCt7gdckVEPtc79WjLbEMjDTAc','df2057bd83fcc73aa68bf2806b8773cd'),(138,1,1,1566904384,1559128385,1559128385,'eyJ0eXAiOiJKV1QiLCJhbGciOiJIUzM4NCJ9.eyJpc3MiOiJodHRwOlwvXC9sdWNpLnZubiIsImF1ZCI6Imh0dHA6XC9cL2x1Y2kudm5jIiwiZXhwIjoxNTYxNzIwMzg0LCJqdGkiOjEsInRpbWVfcmVmcmVzaCI6MTU2NjkwNDM4NH0.JDqA2KT0uhBSouxPlLXQUw3-PW4uiyb_hjRHzKdbJRuluf2JXVr83oagkRbBt2fs','f42da33675b70262d6c71b7fc3977b45'),(139,6,0,1561803105,1559211106,1559211106,'eyJ0eXAiOiJKV1QiLCJhbGciOiJIUzM4NCJ9.eyJpc3MiOiJodHRwOlwvXC9sdWNpLnZubiIsImF1ZCI6Imh0dHA6XC9cL2x1Y2kudm5jIiwiZXhwIjoxNTYxODAzMTA1LCJqdGkiOjZ9.te6mAuJf_a41sC2ceRPIxntchko-GeKZG_CJi_AN0IertWF03fa1_HImESV8q4uv','20ff729bb2c271564942f06fe04a5722'),(140,6,1,1566987105,1559211106,1559211106,'eyJ0eXAiOiJKV1QiLCJhbGciOiJIUzM4NCJ9.eyJpc3MiOiJodHRwOlwvXC9sdWNpLnZubiIsImF1ZCI6Imh0dHA6XC9cL2x1Y2kudm5jIiwiZXhwIjoxNTYxODAzMTA1LCJqdGkiOjYsInRpbWVfcmVmcmVzaCI6MTU2Njk4NzEwNX0.JXUpI6q6XgzqzSgLOzL7L17P6nNDQmNcJOQtcYSE0q4hBk48r2suVXb9oezgiFox','3520446824531324e0a30aaa92a9e996'),(141,1,0,1561822008,1559230008,1559230008,'eyJ0eXAiOiJKV1QiLCJhbGciOiJIUzM4NCJ9.eyJpc3MiOiJodHRwOlwvXC9sdWNpLnZubiIsImF1ZCI6Imh0dHA6XC9cL2x1Y2kudm5jIiwiZXhwIjoxNTYxODIyMDA4LCJqdGkiOjF9.JymsPQ2H2FxtVXtp8hPcZmbs7-FOz319Dis2lFF2OnkQLc6sLxKnMYMk93UYcSPV','8663829409c72fbc581e0cc03787ee35'),(142,1,1,1567006008,1559230008,1559230008,'eyJ0eXAiOiJKV1QiLCJhbGciOiJIUzM4NCJ9.eyJpc3MiOiJodHRwOlwvXC9sdWNpLnZubiIsImF1ZCI6Imh0dHA6XC9cL2x1Y2kudm5jIiwiZXhwIjoxNTYxODIyMDA4LCJqdGkiOjEsInRpbWVfcmVmcmVzaCI6MTU2NzAwNjAwOH0.Ht2HHffDQP-L41k4m32zh9xvplBeftcRMDymhlhwDyQZkC5nRnd4ftX2YPVTM_EO','9f9fa9165da47afb591654bfd3ee9cc6'),(144,19,1,1567049946,1559273946,1559273946,'eyJ0eXAiOiJKV1QiLCJhbGciOiJIUzM4NCJ9.eyJpc3MiOiJodHRwOlwvXC9sdWNpLnZubiIsImF1ZCI6Imh0dHA6XC9cL2x1Y2kudm5jIiwiZXhwIjoxNTYxODY1OTQ2LCJqdGkiOjE5LCJ0aW1lX3JlZnJlc2giOjE1NjcwNDk5NDZ9.w3G8GaeTLaJ6pehiwmYGj1alrHSwEcBetiv5o5bgCOmBdXzvIDKHraOAUc__dnsi','3620c94b81b5a2ed73447f8074c45d2b'),(146,13,1,1567139304,1559363304,1559363304,'eyJ0eXAiOiJKV1QiLCJhbGciOiJIUzM4NCJ9.eyJpc3MiOiJodHRwOlwvXC9sdWNpLnZubiIsImF1ZCI6Imh0dHA6XC9cL2x1Y2kudm5jIiwiZXhwIjoxNTYxOTU1MzA0LCJqdGkiOjEzLCJ0aW1lX3JlZnJlc2giOjE1NjcxMzkzMDR9.MdTN3eyLllvySg5HX2v_oF26VPwADw1hRnBLrWraITcGmZ59d6AU3VMcbnrIseo_','721346193bf025af84854460e6e01cd2'),(148,23,1,1567262023,1559486024,1559486024,'eyJ0eXAiOiJKV1QiLCJhbGciOiJIUzM4NCJ9.eyJpc3MiOiJodHRwOlwvXC9sdWNpLnZubiIsImF1ZCI6Imh0dHA6XC9cL2x1Y2kudm5jIiwiZXhwIjoxNTYyMDc4MDIzLCJqdGkiOjIzLCJ0aW1lX3JlZnJlc2giOjE1NjcyNjIwMjN9.s5ijZzrPgF3Us2uSGvuYycjC9TY4qCeszVQaZh8apO4RSgE0t-i9YqBMebuP1u8H','7ea0ac914b590145a5b12c11870f4629'),(149,23,0,1562117981,1559525981,1559525981,'eyJ0eXAiOiJKV1QiLCJhbGciOiJIUzM4NCJ9.eyJpc3MiOiJodHRwOlwvXC9sdWNpLnZubiIsImF1ZCI6Imh0dHA6XC9cL2x1Y2kudm5jIiwiZXhwIjoxNTYyMTE3OTgxLCJqdGkiOjIzfQ.GPQl1gcKGl_iLhhZu8RbQfz_z0Z25MtIvAh5UHoY59cbFNLA7aBEyZjZAkwCqosD','898ddd4e835a1dbd40ba922d062ad663'),(150,23,1,1567301981,1559525981,1559525981,'eyJ0eXAiOiJKV1QiLCJhbGciOiJIUzM4NCJ9.eyJpc3MiOiJodHRwOlwvXC9sdWNpLnZubiIsImF1ZCI6Imh0dHA6XC9cL2x1Y2kudm5jIiwiZXhwIjoxNTYyMTE3OTgxLCJqdGkiOjIzLCJ0aW1lX3JlZnJlc2giOjE1NjczMDE5ODF9.PdWwZlRN2EN8FBV5cm0aPMriiwLc-1Di2X0yb5yygaWPuAIohvvl2uOYu6JghnVO','c71b925b1835e0025c187d322097514b'),(152,19,1,1567390036,1559614036,1559614036,'eyJ0eXAiOiJKV1QiLCJhbGciOiJIUzM4NCJ9.eyJpc3MiOiJodHRwOlwvXC9sdWNpLnZubiIsImF1ZCI6Imh0dHA6XC9cL2x1Y2kudm5jIiwiZXhwIjoxNTYyMjA2MDM2LCJqdGkiOjE5LCJ0aW1lX3JlZnJlc2giOjE1NjczOTAwMzZ9.Tl0KLiAbBJssYEbXK8shgZf6p5zVxDKzWtQxB4x2Tw-YRetEZThX1b5Tp63AafJH','a98b4295cd117c2ed067fd7833fd9f5b'),(153,6,0,1562230447,1559638448,1559638448,'eyJ0eXAiOiJKV1QiLCJhbGciOiJIUzM4NCJ9.eyJpc3MiOiJodHRwOlwvXC9sdWNpLnZubiIsImF1ZCI6Imh0dHA6XC9cL2x1Y2kudm5jIiwiZXhwIjoxNTYyMjMwNDQ3LCJqdGkiOjZ9.hQiXl3Gg1-wKw_iFHQH-RSxJtrDJiJeZhxBEthsjlIuYFMFGmgYz5c_hHAGsJGWm','7416ef95e794d953ae1016c3323d9bb9'),(154,6,1,1567414447,1559638448,1559638448,'eyJ0eXAiOiJKV1QiLCJhbGciOiJIUzM4NCJ9.eyJpc3MiOiJodHRwOlwvXC9sdWNpLnZubiIsImF1ZCI6Imh0dHA6XC9cL2x1Y2kudm5jIiwiZXhwIjoxNTYyMjMwNDQ3LCJqdGkiOjYsInRpbWVfcmVmcmVzaCI6MTU2NzQxNDQ0N30.yWtrRKQrqgG4QbhShvqnWxB7CwO_4XT-VJkhCDc9ZPiem7LjZ8tc3pvkucTVv9mk','a1f261bebdab5e91f5bedc2bb4200dc7'),(155,6,0,1562235577,1559643578,1559643578,'eyJ0eXAiOiJKV1QiLCJhbGciOiJIUzM4NCJ9.eyJpc3MiOiJodHRwOlwvXC9sdWNpLnZubiIsImF1ZCI6Imh0dHA6XC9cL2x1Y2kudm5jIiwiZXhwIjoxNTYyMjM1NTc3LCJqdGkiOjZ9.1ebMevt_JYgdQwrtTAOxG6tSI6ArADdHkfBf2zYTVQlYxIE2mc9XYPb0ADmQ388r','54f8ce88f823b18232b1657a5c79ab25'),(156,6,1,1567419577,1559643578,1559643578,'eyJ0eXAiOiJKV1QiLCJhbGciOiJIUzM4NCJ9.eyJpc3MiOiJodHRwOlwvXC9sdWNpLnZubiIsImF1ZCI6Imh0dHA6XC9cL2x1Y2kudm5jIiwiZXhwIjoxNTYyMjM1NTc3LCJqdGkiOjYsInRpbWVfcmVmcmVzaCI6MTU2NzQxOTU3N30._G_a1DOiHMh7QnqtlG4otKjzWbJNT16QR78JUnqVyqy6uMKtqM2X2gJ7_krXr52Q','0821ea76a948086f6175ead43116587f'),(157,36,0,1562376992,1559784992,1559784992,'eyJ0eXAiOiJKV1QiLCJhbGciOiJIUzM4NCJ9.eyJpc3MiOiJodHRwOlwvXC9sdWNpLnZubiIsImF1ZCI6Imh0dHA6XC9cL2x1Y2kudm5jIiwiZXhwIjoxNTYyMzc2OTkyLCJqdGkiOjM2fQ.M5vRmcWLJyN93LfM0JP7s2qMeGsKeCV89P0HllMUrAx9u_xeFzm3-Sc4oGn9rrkY','a867e61dfb8574ceb5c299dcdfde4517'),(158,36,1,1567560992,1559784992,1559784992,'eyJ0eXAiOiJKV1QiLCJhbGciOiJIUzM4NCJ9.eyJpc3MiOiJodHRwOlwvXC9sdWNpLnZubiIsImF1ZCI6Imh0dHA6XC9cL2x1Y2kudm5jIiwiZXhwIjoxNTYyMzc2OTkyLCJqdGkiOjM2LCJ0aW1lX3JlZnJlc2giOjE1Njc1NjA5OTJ9.K_aiCtXqLuN3ycV1AyXXxpQrzc4pWsyYi300luAHGmAT5lPuYSEY5QLN9RUnLDho','43ecd4c772bbb743aae9b8a995384575'),(159,9,0,1562377223,1559785223,1559785223,'eyJ0eXAiOiJKV1QiLCJhbGciOiJIUzM4NCJ9.eyJpc3MiOiJodHRwOlwvXC9sdWNpLnZubiIsImF1ZCI6Imh0dHA6XC9cL2x1Y2kudm5jIiwiZXhwIjoxNTYyMzc3MjIzLCJqdGkiOjl9.uSHhweHAyIYEz7An7xUKh8mXM9cC74VzkVjy1MwdXihbbiiuH-n815yA5kL01jXd','3852d7d215f1428595481335a5fd63f7'),(160,9,1,1567561223,1559785223,1559785223,'eyJ0eXAiOiJKV1QiLCJhbGciOiJIUzM4NCJ9.eyJpc3MiOiJodHRwOlwvXC9sdWNpLnZubiIsImF1ZCI6Imh0dHA6XC9cL2x1Y2kudm5jIiwiZXhwIjoxNTYyMzc3MjIzLCJqdGkiOjksInRpbWVfcmVmcmVzaCI6MTU2NzU2MTIyM30._6Zn6f_jkgLMFuWqLShEtyRhDwZplnFOfpUMoYNAvZ_DXHDk3PnBptlpbYsId15l','516bad6f598fc22aa2144b538982b2b3'),(161,18,0,1562377282,1559785283,1559785283,'eyJ0eXAiOiJKV1QiLCJhbGciOiJIUzM4NCJ9.eyJpc3MiOiJodHRwOlwvXC9sdWNpLnZubiIsImF1ZCI6Imh0dHA6XC9cL2x1Y2kudm5jIiwiZXhwIjoxNTYyMzc3MjgyLCJqdGkiOjE4fQ.m_a_VPJACMq-lxfbWt5jj8VqSCtr6TdVlaVxZ132BeNnvFi3k8UmB1ouz-F7H-yF','3cdcc84867633bb181583020015760a3'),(162,18,1,1567561282,1559785283,1559785283,'eyJ0eXAiOiJKV1QiLCJhbGciOiJIUzM4NCJ9.eyJpc3MiOiJodHRwOlwvXC9sdWNpLnZubiIsImF1ZCI6Imh0dHA6XC9cL2x1Y2kudm5jIiwiZXhwIjoxNTYyMzc3MjgyLCJqdGkiOjE4LCJ0aW1lX3JlZnJlc2giOjE1Njc1NjEyODJ9.Osq3zN0aL3-l2gN6C-Nti08Pd_A4OoHGs3PRfH335bL6nCG8xnH2I03saQ8IoE4i','cc5ac94c4127a2f8aac43a8862b43c4f'),(163,19,0,1562382969,1559790969,1559790969,'eyJ0eXAiOiJKV1QiLCJhbGciOiJIUzM4NCJ9.eyJpc3MiOiJodHRwOlwvXC9sdWNpLnZubiIsImF1ZCI6Imh0dHA6XC9cL2x1Y2kudm5jIiwiZXhwIjoxNTYyMzgyOTY5LCJqdGkiOjE5fQ.zzApQpq04uF7ARtqZ4dZ0bKMM7tR6VXuL8q2uDv8VuhIyvbB_dw7EFAJkbMunH1f','c8d65bada0312c50529f017ec2a3e538'),(164,19,1,1567566969,1559790969,1559790969,'eyJ0eXAiOiJKV1QiLCJhbGciOiJIUzM4NCJ9.eyJpc3MiOiJodHRwOlwvXC9sdWNpLnZubiIsImF1ZCI6Imh0dHA6XC9cL2x1Y2kudm5jIiwiZXhwIjoxNTYyMzgyOTY5LCJqdGkiOjE5LCJ0aW1lX3JlZnJlc2giOjE1Njc1NjY5Njl9.S6vcgdcc1vWfZhUM_GFGhG7b93WxTZMZ6bSIE-C4pXkZDg4zu3rUTeGCYYkmxWqH','940fa72c941eee81c61f6396a818c0fa'),(165,36,0,1562399186,1559807186,1559807186,'eyJ0eXAiOiJKV1QiLCJhbGciOiJIUzM4NCJ9.eyJpc3MiOiJodHRwOlwvXC9sdWNpLnZubiIsImF1ZCI6Imh0dHA6XC9cL2x1Y2kudm5jIiwiZXhwIjoxNTYyMzk5MTg2LCJqdGkiOjM2fQ.ZMfTvj5FuZ6EfRxFKP6YC6JQmPVBaXAGa3vKHn3o-uK7hDx1SqZJg43pui4kj0Gi','a2bcf499a0a3793b801a8b937cde84c6'),(166,36,1,1567583186,1559807186,1559807186,'eyJ0eXAiOiJKV1QiLCJhbGciOiJIUzM4NCJ9.eyJpc3MiOiJodHRwOlwvXC9sdWNpLnZubiIsImF1ZCI6Imh0dHA6XC9cL2x1Y2kudm5jIiwiZXhwIjoxNTYyMzk5MTg2LCJqdGkiOjM2LCJ0aW1lX3JlZnJlc2giOjE1Njc1ODMxODZ9.AkHfCMryNBV-E3gbYUuMI6E8re_nf48yKZj5nrYDuM2JbfqAL1RbjU8RqkZIB6DV','e9e6fe2da0ee70f5db1b814b45acc06e'),(167,6,0,1562400791,1559808792,1559808792,'eyJ0eXAiOiJKV1QiLCJhbGciOiJIUzM4NCJ9.eyJpc3MiOiJodHRwOlwvXC9sdWNpLnZubiIsImF1ZCI6Imh0dHA6XC9cL2x1Y2kudm5jIiwiZXhwIjoxNTYyNDAwNzkxLCJqdGkiOjZ9.u4U7j_myoXuF_IjiY768FDp_dn7eaZuMfELg62vj9_l60_-6CmrHvcTjTBdg6ali','f78342bed0813e86ea7f3c2192cae62a'),(168,6,1,1567584791,1559808792,1559808792,'eyJ0eXAiOiJKV1QiLCJhbGciOiJIUzM4NCJ9.eyJpc3MiOiJodHRwOlwvXC9sdWNpLnZubiIsImF1ZCI6Imh0dHA6XC9cL2x1Y2kudm5jIiwiZXhwIjoxNTYyNDAwNzkxLCJqdGkiOjYsInRpbWVfcmVmcmVzaCI6MTU2NzU4NDc5MX0.MUc4W3_siziOTUY2VpO0cl5VCiy8ENe5pS8j6si8qhQebEkn4R2ONddkr54cv9rr','265d4e0f71d50bce3dac279ebd55eb90'),(169,6,0,1562401963,1559809963,1559809963,'eyJ0eXAiOiJKV1QiLCJhbGciOiJIUzM4NCJ9.eyJpc3MiOiJodHRwOlwvXC9sdWNpLnZubiIsImF1ZCI6Imh0dHA6XC9cL2x1Y2kudm5jIiwiZXhwIjoxNTYyNDAxOTYzLCJqdGkiOjZ9.2Z2wOQKc4mANbj6i0DxNUAFS_U8ThG0DpVymXRHjLCaqm6b0F8gvLj3CB43qpeKW','2a64545e564b5c46c6327ccc7d98d342'),(170,6,1,1567585963,1559809963,1559809963,'eyJ0eXAiOiJKV1QiLCJhbGciOiJIUzM4NCJ9.eyJpc3MiOiJodHRwOlwvXC9sdWNpLnZubiIsImF1ZCI6Imh0dHA6XC9cL2x1Y2kudm5jIiwiZXhwIjoxNTYyNDAxOTYzLCJqdGkiOjYsInRpbWVfcmVmcmVzaCI6MTU2NzU4NTk2M30.6w2d1hxhGIxWw_IWGRO6PH_nNlpjWG-3zmXUYCdR5b1z_N7jIaJgJwk2LkYr0I_j','1d3a4c002149b60e40e403fb0804982e'),(171,36,0,1562404232,1559812233,1559812233,'eyJ0eXAiOiJKV1QiLCJhbGciOiJIUzM4NCJ9.eyJpc3MiOiJodHRwOlwvXC9sdWNpLnZubiIsImF1ZCI6Imh0dHA6XC9cL2x1Y2kudm5jIiwiZXhwIjoxNTYyNDA0MjMyLCJqdGkiOjM2fQ.HypifCnJaS3q5uGFcZufZ8vVvHBJct1_7JkaTUn_QvWtN7zLsDYhhfERLOuwR7XW','d930a87ed0ec9eb951ec52f87d2c5251'),(172,36,1,1567588232,1559812233,1559812233,'eyJ0eXAiOiJKV1QiLCJhbGciOiJIUzM4NCJ9.eyJpc3MiOiJodHRwOlwvXC9sdWNpLnZubiIsImF1ZCI6Imh0dHA6XC9cL2x1Y2kudm5jIiwiZXhwIjoxNTYyNDA0MjMyLCJqdGkiOjM2LCJ0aW1lX3JlZnJlc2giOjE1Njc1ODgyMzJ9.1Aa5H3uQQlyY-LANQ3px3kl-v7Hr-N3kyTzlMi5hdgP8W9VJA_6ca5EyBQnNOGPq','d5c70af87645daf80de7c278f9bfafd8'),(173,9,0,1562423100,1559831101,1559831101,'eyJ0eXAiOiJKV1QiLCJhbGciOiJIUzM4NCJ9.eyJpc3MiOiJodHRwOlwvXC9sdWNpLnZubiIsImF1ZCI6Imh0dHA6XC9cL2x1Y2kudm5jIiwiZXhwIjoxNTYyNDIzMTAwLCJqdGkiOjl9.X7G5S7Jb5P4xEtaSDK8bMlDjLmQeXBiMkpefbHM-gIay_ALPKIcXXSpECi2pziCH','b386fcf669f0f8ef5373fb7505a8bda1'),(174,9,1,1567607100,1559831101,1559831101,'eyJ0eXAiOiJKV1QiLCJhbGciOiJIUzM4NCJ9.eyJpc3MiOiJodHRwOlwvXC9sdWNpLnZubiIsImF1ZCI6Imh0dHA6XC9cL2x1Y2kudm5jIiwiZXhwIjoxNTYyNDIzMTAwLCJqdGkiOjksInRpbWVfcmVmcmVzaCI6MTU2NzYwNzEwMH0.hinlKfmd6I3aWFblANJUjx23-pwZEAgnb7WSXKqDtLJGmEJLJA1HZj_Ua5VLgcmh','2de1b10a5389064e295e541031d0f6b6'),(175,1,0,1562430938,1559838938,1559838938,'eyJ0eXAiOiJKV1QiLCJhbGciOiJIUzM4NCJ9.eyJpc3MiOiJodHRwOlwvXC9sdWNpLnZubiIsImF1ZCI6Imh0dHA6XC9cL2x1Y2kudm5jIiwiZXhwIjoxNTYyNDMwOTM4LCJqdGkiOjF9.Kx7czrgKIcQgbn5_hF0kTpuVNxg58qnD7ZZL_wDME8WKncTltc9FoXtVHHUgyEJI','32da8ed6bafb067fdd969d9a9d4da55d'),(176,1,1,1567614938,1559838938,1559838938,'eyJ0eXAiOiJKV1QiLCJhbGciOiJIUzM4NCJ9.eyJpc3MiOiJodHRwOlwvXC9sdWNpLnZubiIsImF1ZCI6Imh0dHA6XC9cL2x1Y2kudm5jIiwiZXhwIjoxNTYyNDMwOTM4LCJqdGkiOjEsInRpbWVfcmVmcmVzaCI6MTU2NzYxNDkzOH0.RMXBsYZCudBYCsF_-bBVmENmY1aqaNTrBoPt-NP5sHpktFT8mvCHQQ9POBzvyPQ8','55cf92c27f00848489145e07676d4785'),(177,1,0,1562435517,1559843518,1559843518,'eyJ0eXAiOiJKV1QiLCJhbGciOiJIUzM4NCJ9.eyJpc3MiOiJodHRwOlwvXC9sdWNpLnZubiIsImF1ZCI6Imh0dHA6XC9cL2x1Y2kudm5jIiwiZXhwIjoxNTYyNDM1NTE3LCJqdGkiOjF9.THTMXCeZ739qmikIzHkya732lelk_XERVTTWlJ_p8gvlfMo--XlfL-sJvJuuLRAz','8a1fe81c71cdb7c587195d9d37903d06'),(178,1,1,1567619517,1559843518,1559843518,'eyJ0eXAiOiJKV1QiLCJhbGciOiJIUzM4NCJ9.eyJpc3MiOiJodHRwOlwvXC9sdWNpLnZubiIsImF1ZCI6Imh0dHA6XC9cL2x1Y2kudm5jIiwiZXhwIjoxNTYyNDM1NTE3LCJqdGkiOjEsInRpbWVfcmVmcmVzaCI6MTU2NzYxOTUxN30.vmV6qXkRFN74YhSGY5nCvRDGw_SvwiKQ1_GIhWxfyzm5sTXL7klae24q5B7dkgoo','65346815fcd019c7fc9107e8b4b079e9'),(179,15,0,1562453728,1559861729,1559861729,'eyJ0eXAiOiJKV1QiLCJhbGciOiJIUzM4NCJ9.eyJpc3MiOiJodHRwOlwvXC9sdWNpLnZubiIsImF1ZCI6Imh0dHA6XC9cL2x1Y2kudm5jIiwiZXhwIjoxNTYyNDUzNzI4LCJqdGkiOjE1fQ.iCCNAohDzzN9GJIdWXBcUD0d9bFUq8S9bIZ-GyiI7HX6E41greH1r88TX2sguDml','7140484abe19a2b3f08ffc31fcc9ef17'),(180,15,1,1567637728,1559861729,1559861729,'eyJ0eXAiOiJKV1QiLCJhbGciOiJIUzM4NCJ9.eyJpc3MiOiJodHRwOlwvXC9sdWNpLnZubiIsImF1ZCI6Imh0dHA6XC9cL2x1Y2kudm5jIiwiZXhwIjoxNTYyNDUzNzI4LCJqdGkiOjE1LCJ0aW1lX3JlZnJlc2giOjE1Njc2Mzc3Mjh9.Of_ukZOwY0Y23IkodDrN_m3MoSgl64loW6dWVj8kHLYyNdDLFiZnrZeHcyYgJn1d','aba06f96d14d1477c8ead215920bd0ae'),(181,23,0,1562458228,1559866228,1559866228,'eyJ0eXAiOiJKV1QiLCJhbGciOiJIUzM4NCJ9.eyJpc3MiOiJodHRwOlwvXC9sdWNpLnZubiIsImF1ZCI6Imh0dHA6XC9cL2x1Y2kudm5jIiwiZXhwIjoxNTYyNDU4MjI4LCJqdGkiOjIzfQ.J8pXwCezlsjHNmT3ScYUUjY6N2eDJXUZvnz6aWrAjyF63DfOkYioBykFJO7T1dkY','d0325ab6a16edb795075dc4186c1d504'),(182,23,1,1567642228,1559866228,1559866228,'eyJ0eXAiOiJKV1QiLCJhbGciOiJIUzM4NCJ9.eyJpc3MiOiJodHRwOlwvXC9sdWNpLnZubiIsImF1ZCI6Imh0dHA6XC9cL2x1Y2kudm5jIiwiZXhwIjoxNTYyNDU4MjI4LCJqdGkiOjIzLCJ0aW1lX3JlZnJlc2giOjE1Njc2NDIyMjh9.MqYCsNbYg7OweY6wvooeyOatEiQbpk-5fV60eGGbTaAZQJedwPgYk19y0p2dJHg9','f103e5210ff69c780f75fce5253917f9'),(183,321,0,1562460483,1559868484,1559868484,'eyJ0eXAiOiJKV1QiLCJhbGciOiJIUzM4NCJ9.eyJpc3MiOiJodHRwOlwvXC9sdWNpLnZubiIsImF1ZCI6Imh0dHA6XC9cL2x1Y2kudm5jIiwiZXhwIjoxNTYyNDYwNDgzLCJqdGkiOjMyMX0.U7YLvwN48zuX_jo0NRtS_yDmej27WmPlKGPHHslEt8ORBYId81FFwA53oN8hBVR5','f8034a86ec9de1b48289ae4d948a3f47'),(184,321,1,1567644483,1559868484,1559868484,'eyJ0eXAiOiJKV1QiLCJhbGciOiJIUzM4NCJ9.eyJpc3MiOiJodHRwOlwvXC9sdWNpLnZubiIsImF1ZCI6Imh0dHA6XC9cL2x1Y2kudm5jIiwiZXhwIjoxNTYyNDYwNDgzLCJqdGkiOjMyMSwidGltZV9yZWZyZXNoIjoxNTY3NjQ0NDgzfQ.vTpOo4wB69HH3Ct6xlc1GbFwf5SoMQMUBn-YWdkXYeOPzgUcSime_TF5ZqL2sNaM','783cc847a510f608d548b629d91d9f84'),(185,9,0,1562464384,1559872384,1559872384,'eyJ0eXAiOiJKV1QiLCJhbGciOiJIUzM4NCJ9.eyJpc3MiOiJodHRwOlwvXC9sdWNpLnZubiIsImF1ZCI6Imh0dHA6XC9cL2x1Y2kudm5jIiwiZXhwIjoxNTYyNDY0Mzg0LCJqdGkiOjl9.5vDxgLuuvhwzzrzlqL1Cazauh-C6odNgWsYQhHpRJhhT5GUC5fdQv-RiMjCm_q8D','c9b6bf16aad8ce578126967ba7cbf5b4'),(186,9,1,1567648384,1559872384,1559872384,'eyJ0eXAiOiJKV1QiLCJhbGciOiJIUzM4NCJ9.eyJpc3MiOiJodHRwOlwvXC9sdWNpLnZubiIsImF1ZCI6Imh0dHA6XC9cL2x1Y2kudm5jIiwiZXhwIjoxNTYyNDY0Mzg0LCJqdGkiOjksInRpbWVfcmVmcmVzaCI6MTU2NzY0ODM4NH0.ALIFUU9vBHAGKetdRkQMXWQ5E0decXhX5U31fJyHeQ_ezNadLPuI5q7JtHWzfyF-','1fe6b3ab2c2b23290e420ba30e0ec9a7');
/*!40000 ALTER TABLE `resident_user_access_token` ENABLE KEYS */;
UNLOCK TABLES;

--
-- Table structure for table `resident_user_device_token`
--

DROP TABLE IF EXISTS `resident_user_device_token`;
/*!40101 SET @saved_cs_client     = @@character_set_client */;
/*!40101 SET character_set_client = utf8 */;
CREATE TABLE `resident_user_device_token` (
  `id` int(11) NOT NULL AUTO_INCREMENT,
  `resident_user_id` int(11) NOT NULL COMMENT 'id user resident',
  `device_token` varchar(255) DEFAULT NULL COMMENT 'token nhận notify push theo từng device',
  `created_at` int(11) DEFAULT NULL,
  `updated_at` int(11) DEFAULT NULL,
  `resident_user_access_token_id` int(11) DEFAULT NULL,
  PRIMARY KEY (`id`),
  KEY `idx-resident_user_device_token-resident_user_id` (`resident_user_id`),
  KEY `idx-resident_user_device_token-resident_user_access_token_id` (`resident_user_access_token_id`)
) ENGINE=InnoDB AUTO_INCREMENT=58 DEFAULT CHARSET=utf8;
/*!40101 SET character_set_client = @saved_cs_client */;

--
-- Dumping data for table `resident_user_device_token`
--

LOCK TABLES `resident_user_device_token` WRITE;
/*!40000 ALTER TABLE `resident_user_device_token` DISABLE KEYS */;
INSERT INTO `resident_user_device_token` VALUES (3,1,'c7c2340c-044b-4488-9925-a464f1199792',1558690165,1559843519,177),(4,13,'6ad5722d-c046-4a87-b564-95e8e4351c7c',1558690203,1558690203,63),(8,9,'e4f2c5b2-a5af-4b88-be6a-de8408ca5565',1558691140,1559872385,185),(10,1,'49792c29-2ae5-4836-aa11-570c87098f9c',1558693688,1558693688,75),(11,1,'c7c2340c-044b-4488-9925-a464f1199792',1558694707,1558694707,77),(12,1,'92ad7f9a-06f4-49bf-a1cc-bb01ed9e5819',1558706285,1559838940,175),(14,9,'e4f2c5b2-a5af-4b88-be6a-de8408ca5565',1558708958,1558708958,83),(15,9,'e4f2c5b2-a5af-4b88-be6a-de8408ca5565',1558709968,1558709968,85),(16,13,'6ad5722d-c046-4a87-b564-95e8e4351c7c',1558710615,1558710615,87),(17,15,'768917a0-ff9b-429c-bf0b-35c331dc3ffe',1558710933,1559861729,179),(27,1,'15b1c4e5-9188-4845-a0c2-9ea1dc1d8a66',1558925002,1558925002,109),(28,9,'e4f2c5b2-a5af-4b88-be6a-de8408ca5565',1558940216,1558940216,111),(30,36,'3db8ea68-06f4-4249-b683-411fb43e9527',1558971833,1558971833,115),(34,6,'fa3bd6d1-cd3e-460a-94f8-44d32ef05537',1559008479,1559008479,123),(38,15,'768917a0-ff9b-429c-bf0b-35c331dc3ffe',1559032582,1559032582,131),(41,1,'92ad7f9a-06f4-49bf-a1cc-bb01ed9e5819',1559128386,1559128386,137),(42,6,'43b9ecfb-ee2e-4eaf-a858-8c641f40f28f',1559211106,1559211106,139),(43,1,'92ad7f9a-06f4-49bf-a1cc-bb01ed9e5819',1559230010,1559230010,141),(46,23,'7a80c2f8-541d-4358-95f3-1928fb1c534d',1559525982,1559866229,181),(48,6,'5ffe0dfb-7c1e-42c5-9b31-01bb95a968be',1559638449,1559638449,153),(49,6,'a92407de-95cb-4244-956d-b8487d862b92',1559643578,1559643578,155),(50,36,'986acbf5-65a0-4d11-8592-bd55b05f9088',1559784994,1559784994,157),(51,18,'12f5dc94-e1d2-48aa-924e-7de6d1720d24',1559785284,1559785284,161),(52,19,'47846f01-7ad3-4bd3-9915-156e7e876854',1559790970,1559790970,163),(53,36,'ef57323f-4f83-4912-8d26-6f7853995aaf',1559807187,1559807187,165),(54,6,'1cb2d4aa-6335-4cd2-9f44-bf802e131507',1559808793,1559808793,167),(55,6,'41938d87-8737-4bf0-b341-85862b204312',1559809964,1559809964,169),(56,36,'5ffe0dfb-7c1e-42c5-9b31-01bb95a968be',1559812234,1559812234,171),(57,321,'5ba3d2fc-637e-4ee8-9bc3-64daf3bc8cbc',1559868485,1559868485,183);
/*!40000 ALTER TABLE `resident_user_device_token` ENABLE KEYS */;
UNLOCK TABLES;

--
-- Table structure for table `resident_user_notify`
--

DROP TABLE IF EXISTS `resident_user_notify`;
/*!40101 SET @saved_cs_client     = @@character_set_client */;
/*!40101 SET character_set_client = utf8 */;
CREATE TABLE `resident_user_notify` (
  `id` int(11) NOT NULL AUTO_INCREMENT,
  `building_cluster_id` int(11) NOT NULL,
  `building_area_id` int(11) DEFAULT NULL,
  `resident_user_id` int(11) DEFAULT NULL,
  `title` varchar(255) COLLATE utf8_unicode_ci DEFAULT NULL,
  `description` text COLLATE utf8_unicode_ci DEFAULT NULL,
  `type` int(11) DEFAULT 0 COMMENT '0 - request, 1 - request answer, 2 - request answer internal, 3 - service bill, 4 - announcement',
  `is_read` int(11) DEFAULT 0 COMMENT '0 - chưa đọc, 1 - đã đọc',
  `is_hidden` int(11) DEFAULT 0 COMMENT '0 - chưa ẩn, 1 - đã ẩn',
  `request_id` int(11) DEFAULT NULL,
  `request_answer_id` int(11) DEFAULT NULL,
  `request_answer_internal_id` int(11) DEFAULT NULL,
  `service_bill_id` int(11) DEFAULT NULL,
  `announcement_item_id` int(11) DEFAULT NULL,
  `created_at` int(11) DEFAULT NULL,
  `updated_at` int(11) DEFAULT NULL,
  PRIMARY KEY (`id`),
  KEY `idx-resident_user_notify-building_cluster_id` (`building_cluster_id`),
  KEY `idx-resident_user_notify-building_area_id` (`building_area_id`),
  KEY `idx-resident_user_notify-resident_user_id` (`resident_user_id`),
  KEY `idx-resident_user_notify-type` (`type`),
  KEY `idx-resident_user_notify-is_read` (`is_read`),
  KEY `idx-resident_user_notify-is_hidden` (`is_hidden`),
  KEY `idx-resident_user_notify-request_id` (`request_id`),
  KEY `idx-resident_user_notify-request_answer_id` (`request_answer_id`),
  KEY `idx-resident_user_notify-request_answer_internal_id` (`request_answer_internal_id`),
  KEY `idx-resident_user_notify-service_bill_id` (`service_bill_id`),
  KEY `idx-resident_user_notify-announcement_item_id` (`announcement_item_id`)
) ENGINE=InnoDB AUTO_INCREMENT=331 DEFAULT CHARSET=utf8 COLLATE=utf8_unicode_ci;
/*!40101 SET character_set_client = @saved_cs_client */;

--
-- Dumping data for table `resident_user_notify`
--

LOCK TABLES `resident_user_notify` WRITE;
/*!40000 ALTER TABLE `resident_user_notify` DISABLE KEYS */;
INSERT INTO `resident_user_notify` VALUES (1,3,63,140,'[Luci Dream] Kỹ thuật','THÔNG BÁO VỀ VIỆC KIỂM TRA BẢO DƯỠNG THANG MÁY ĐỊNH KỲ',4,0,0,NULL,NULL,NULL,NULL,235,1559719201,1559719201),(2,3,63,278,'[Luci Dream] Kỹ thuật','THÔNG BÁO VỀ VIỆC KIỂM TRA BẢO DƯỠNG THANG MÁY ĐỊNH KỲ',4,0,0,NULL,NULL,NULL,NULL,235,1559719201,1559719201),(3,3,63,19,'[Luci Dream] Kỹ thuật','THÔNG BÁO VỀ VIỆC KIỂM TRA BẢO DƯỠNG THANG MÁY ĐỊNH KỲ',4,0,0,NULL,NULL,NULL,NULL,235,1559719201,1559719201),(4,3,63,141,'[Luci Dream] Kỹ thuật','THÔNG BÁO VỀ VIỆC KIỂM TRA BẢO DƯỠNG THANG MÁY ĐỊNH KỲ',4,0,0,NULL,NULL,NULL,NULL,236,1559719201,1559719201),(5,3,63,279,'[Luci Dream] Kỹ thuật','THÔNG BÁO VỀ VIỆC KIỂM TRA BẢO DƯỠNG THANG MÁY ĐỊNH KỲ',4,0,0,NULL,NULL,NULL,NULL,236,1559719201,1559719201),(6,3,63,142,'[Luci Dream] Kỹ thuật','THÔNG BÁO VỀ VIỆC KIỂM TRA BẢO DƯỠNG THANG MÁY ĐỊNH KỲ',4,0,0,NULL,NULL,NULL,NULL,237,1559719201,1559719201),(7,3,63,280,'[Luci Dream] Kỹ thuật','THÔNG BÁO VỀ VIỆC KIỂM TRA BẢO DƯỠNG THANG MÁY ĐỊNH KỲ',4,0,0,NULL,NULL,NULL,NULL,237,1559719201,1559719201),(8,3,63,143,'[Luci Dream] Kỹ thuật','THÔNG BÁO VỀ VIỆC KIỂM TRA BẢO DƯỠNG THANG MÁY ĐỊNH KỲ',4,0,0,NULL,NULL,NULL,NULL,238,1559719201,1559719201),(9,3,63,281,'[Luci Dream] Kỹ thuật','THÔNG BÁO VỀ VIỆC KIỂM TRA BẢO DƯỠNG THANG MÁY ĐỊNH KỲ',4,0,0,NULL,NULL,NULL,NULL,238,1559719201,1559719201),(10,3,63,144,'[Luci Dream] Kỹ thuật','THÔNG BÁO VỀ VIỆC KIỂM TRA BẢO DƯỠNG THANG MÁY ĐỊNH KỲ',4,0,0,NULL,NULL,NULL,NULL,239,1559719201,1559719201),(11,3,63,282,'[Luci Dream] Kỹ thuật','THÔNG BÁO VỀ VIỆC KIỂM TRA BẢO DƯỠNG THANG MÁY ĐỊNH KỲ',4,0,0,NULL,NULL,NULL,NULL,239,1559719201,1559719201),(12,3,63,145,'[Luci Dream] Kỹ thuật','THÔNG BÁO VỀ VIỆC KIỂM TRA BẢO DƯỠNG THANG MÁY ĐỊNH KỲ',4,0,0,NULL,NULL,NULL,NULL,240,1559719201,1559719201),(13,3,63,283,'[Luci Dream] Kỹ thuật','THÔNG BÁO VỀ VIỆC KIỂM TRA BẢO DƯỠNG THANG MÁY ĐỊNH KỲ',4,0,0,NULL,NULL,NULL,NULL,240,1559719201,1559719201),(14,3,63,146,'[Luci Dream] Kỹ thuật','THÔNG BÁO VỀ VIỆC KIỂM TRA BẢO DƯỠNG THANG MÁY ĐỊNH KỲ',4,0,0,NULL,NULL,NULL,NULL,241,1559719201,1559719201),(15,3,63,284,'[Luci Dream] Kỹ thuật','THÔNG BÁO VỀ VIỆC KIỂM TRA BẢO DƯỠNG THANG MÁY ĐỊNH KỲ',4,0,0,NULL,NULL,NULL,NULL,241,1559719201,1559719201),(16,3,63,147,'[Luci Dream] Kỹ thuật','THÔNG BÁO VỀ VIỆC KIỂM TRA BẢO DƯỠNG THANG MÁY ĐỊNH KỲ',4,0,0,NULL,NULL,NULL,NULL,242,1559719201,1559719201),(17,3,63,285,'[Luci Dream] Kỹ thuật','THÔNG BÁO VỀ VIỆC KIỂM TRA BẢO DƯỠNG THANG MÁY ĐỊNH KỲ',4,0,0,NULL,NULL,NULL,NULL,242,1559719201,1559719201),(18,3,63,148,'[Luci Dream] Kỹ thuật','THÔNG BÁO VỀ VIỆC KIỂM TRA BẢO DƯỠNG THANG MÁY ĐỊNH KỲ',4,0,0,NULL,NULL,NULL,NULL,243,1559719201,1559719201),(19,3,63,286,'[Luci Dream] Kỹ thuật','THÔNG BÁO VỀ VIỆC KIỂM TRA BẢO DƯỠNG THANG MÁY ĐỊNH KỲ',4,0,0,NULL,NULL,NULL,NULL,243,1559719201,1559719201),(20,3,63,149,'[Luci Dream] Kỹ thuật','THÔNG BÁO VỀ VIỆC KIỂM TRA BẢO DƯỠNG THANG MÁY ĐỊNH KỲ',4,0,0,NULL,NULL,NULL,NULL,244,1559719201,1559719201),(21,3,63,287,'[Luci Dream] Kỹ thuật','THÔNG BÁO VỀ VIỆC KIỂM TRA BẢO DƯỠNG THANG MÁY ĐỊNH KỲ',4,0,0,NULL,NULL,NULL,NULL,244,1559719201,1559719201),(22,3,64,150,'[Luci Dream] Kỹ thuật','THÔNG BÁO VỀ VIỆC KIỂM TRA BẢO DƯỠNG THANG MÁY ĐỊNH KỲ',4,0,0,NULL,NULL,NULL,NULL,245,1559719201,1559719201),(23,3,64,288,'[Luci Dream] Kỹ thuật','THÔNG BÁO VỀ VIỆC KIỂM TRA BẢO DƯỠNG THANG MÁY ĐỊNH KỲ',4,0,0,NULL,NULL,NULL,NULL,245,1559719201,1559719201),(24,3,64,151,'[Luci Dream] Kỹ thuật','THÔNG BÁO VỀ VIỆC KIỂM TRA BẢO DƯỠNG THANG MÁY ĐỊNH KỲ',4,0,0,NULL,NULL,NULL,NULL,246,1559719201,1559719201),(25,3,64,289,'[Luci Dream] Kỹ thuật','THÔNG BÁO VỀ VIỆC KIỂM TRA BẢO DƯỠNG THANG MÁY ĐỊNH KỲ',4,0,0,NULL,NULL,NULL,NULL,246,1559719201,1559719201),(26,3,64,152,'[Luci Dream] Kỹ thuật','THÔNG BÁO VỀ VIỆC KIỂM TRA BẢO DƯỠNG THANG MÁY ĐỊNH KỲ',4,0,0,NULL,NULL,NULL,NULL,247,1559719201,1559719201),(27,3,64,290,'[Luci Dream] Kỹ thuật','THÔNG BÁO VỀ VIỆC KIỂM TRA BẢO DƯỠNG THANG MÁY ĐỊNH KỲ',4,0,0,NULL,NULL,NULL,NULL,247,1559719201,1559719201),(28,3,64,153,'[Luci Dream] Kỹ thuật','THÔNG BÁO VỀ VIỆC KIỂM TRA BẢO DƯỠNG THANG MÁY ĐỊNH KỲ',4,0,0,NULL,NULL,NULL,NULL,248,1559719201,1559719201),(29,3,64,291,'[Luci Dream] Kỹ thuật','THÔNG BÁO VỀ VIỆC KIỂM TRA BẢO DƯỠNG THANG MÁY ĐỊNH KỲ',4,0,0,NULL,NULL,NULL,NULL,248,1559719201,1559719201),(30,3,64,154,'[Luci Dream] Kỹ thuật','THÔNG BÁO VỀ VIỆC KIỂM TRA BẢO DƯỠNG THANG MÁY ĐỊNH KỲ',4,0,0,NULL,NULL,NULL,NULL,249,1559719201,1559719201),(31,3,64,292,'[Luci Dream] Kỹ thuật','THÔNG BÁO VỀ VIỆC KIỂM TRA BẢO DƯỠNG THANG MÁY ĐỊNH KỲ',4,0,0,NULL,NULL,NULL,NULL,249,1559719201,1559719201),(32,3,64,155,'[Luci Dream] Kỹ thuật','THÔNG BÁO VỀ VIỆC KIỂM TRA BẢO DƯỠNG THANG MÁY ĐỊNH KỲ',4,0,0,NULL,NULL,NULL,NULL,250,1559719201,1559719201),(33,3,64,293,'[Luci Dream] Kỹ thuật','THÔNG BÁO VỀ VIỆC KIỂM TRA BẢO DƯỠNG THANG MÁY ĐỊNH KỲ',4,0,0,NULL,NULL,NULL,NULL,250,1559719201,1559719201),(34,3,64,156,'[Luci Dream] Kỹ thuật','THÔNG BÁO VỀ VIỆC KIỂM TRA BẢO DƯỠNG THANG MÁY ĐỊNH KỲ',4,0,0,NULL,NULL,NULL,NULL,251,1559719201,1559719201),(35,3,64,294,'[Luci Dream] Kỹ thuật','THÔNG BÁO VỀ VIỆC KIỂM TRA BẢO DƯỠNG THANG MÁY ĐỊNH KỲ',4,0,0,NULL,NULL,NULL,NULL,251,1559719201,1559719201),(36,3,64,157,'[Luci Dream] Kỹ thuật','THÔNG BÁO VỀ VIỆC KIỂM TRA BẢO DƯỠNG THANG MÁY ĐỊNH KỲ',4,0,0,NULL,NULL,NULL,NULL,252,1559719201,1559719201),(37,3,64,295,'[Luci Dream] Kỹ thuật','THÔNG BÁO VỀ VIỆC KIỂM TRA BẢO DƯỠNG THANG MÁY ĐỊNH KỲ',4,0,0,NULL,NULL,NULL,NULL,252,1559719201,1559719201),(38,3,64,158,'[Luci Dream] Kỹ thuật','THÔNG BÁO VỀ VIỆC KIỂM TRA BẢO DƯỠNG THANG MÁY ĐỊNH KỲ',4,0,0,NULL,NULL,NULL,NULL,253,1559719201,1559719201),(39,3,64,296,'[Luci Dream] Kỹ thuật','THÔNG BÁO VỀ VIỆC KIỂM TRA BẢO DƯỠNG THANG MÁY ĐỊNH KỲ',4,0,0,NULL,NULL,NULL,NULL,253,1559719201,1559719201),(40,3,64,159,'[Luci Dream] Kỹ thuật','THÔNG BÁO VỀ VIỆC KIỂM TRA BẢO DƯỠNG THANG MÁY ĐỊNH KỲ',4,0,0,NULL,NULL,NULL,NULL,254,1559719201,1559719201),(41,3,64,297,'[Luci Dream] Kỹ thuật','THÔNG BÁO VỀ VIỆC KIỂM TRA BẢO DƯỠNG THANG MÁY ĐỊNH KỲ',4,0,0,NULL,NULL,NULL,NULL,254,1559719201,1559719201),(42,3,65,160,'[Luci Dream] Kỹ thuật','THÔNG BÁO VỀ VIỆC KIỂM TRA BẢO DƯỠNG THANG MÁY ĐỊNH KỲ',4,0,0,NULL,NULL,NULL,NULL,255,1559719201,1559719201),(43,3,65,298,'[Luci Dream] Kỹ thuật','THÔNG BÁO VỀ VIỆC KIỂM TRA BẢO DƯỠNG THANG MÁY ĐỊNH KỲ',4,0,0,NULL,NULL,NULL,NULL,255,1559719201,1559719201),(44,3,65,161,'[Luci Dream] Kỹ thuật','THÔNG BÁO VỀ VIỆC KIỂM TRA BẢO DƯỠNG THANG MÁY ĐỊNH KỲ',4,0,0,NULL,NULL,NULL,NULL,256,1559719201,1559719201),(45,3,65,299,'[Luci Dream] Kỹ thuật','THÔNG BÁO VỀ VIỆC KIỂM TRA BẢO DƯỠNG THANG MÁY ĐỊNH KỲ',4,0,0,NULL,NULL,NULL,NULL,256,1559719201,1559719201),(46,3,65,162,'[Luci Dream] Kỹ thuật','THÔNG BÁO VỀ VIỆC KIỂM TRA BẢO DƯỠNG THANG MÁY ĐỊNH KỲ',4,0,0,NULL,NULL,NULL,NULL,257,1559719201,1559719201),(47,3,65,300,'[Luci Dream] Kỹ thuật','THÔNG BÁO VỀ VIỆC KIỂM TRA BẢO DƯỠNG THANG MÁY ĐỊNH KỲ',4,0,0,NULL,NULL,NULL,NULL,257,1559719201,1559719201),(48,3,65,163,'[Luci Dream] Kỹ thuật','THÔNG BÁO VỀ VIỆC KIỂM TRA BẢO DƯỠNG THANG MÁY ĐỊNH KỲ',4,0,0,NULL,NULL,NULL,NULL,258,1559719201,1559719201),(49,3,65,301,'[Luci Dream] Kỹ thuật','THÔNG BÁO VỀ VIỆC KIỂM TRA BẢO DƯỠNG THANG MÁY ĐỊNH KỲ',4,0,0,NULL,NULL,NULL,NULL,258,1559719201,1559719201),(50,3,65,164,'[Luci Dream] Kỹ thuật','THÔNG BÁO VỀ VIỆC KIỂM TRA BẢO DƯỠNG THANG MÁY ĐỊNH KỲ',4,0,0,NULL,NULL,NULL,NULL,259,1559719201,1559719201),(51,3,65,302,'[Luci Dream] Kỹ thuật','THÔNG BÁO VỀ VIỆC KIỂM TRA BẢO DƯỠNG THANG MÁY ĐỊNH KỲ',4,0,0,NULL,NULL,NULL,NULL,259,1559719201,1559719201),(52,3,65,165,'[Luci Dream] Kỹ thuật','THÔNG BÁO VỀ VIỆC KIỂM TRA BẢO DƯỠNG THANG MÁY ĐỊNH KỲ',4,0,0,NULL,NULL,NULL,NULL,260,1559719201,1559719201),(53,3,65,303,'[Luci Dream] Kỹ thuật','THÔNG BÁO VỀ VIỆC KIỂM TRA BẢO DƯỠNG THANG MÁY ĐỊNH KỲ',4,0,0,NULL,NULL,NULL,NULL,260,1559719201,1559719201),(54,3,65,166,'[Luci Dream] Kỹ thuật','THÔNG BÁO VỀ VIỆC KIỂM TRA BẢO DƯỠNG THANG MÁY ĐỊNH KỲ',4,0,0,NULL,NULL,NULL,NULL,261,1559719201,1559719201),(55,3,65,304,'[Luci Dream] Kỹ thuật','THÔNG BÁO VỀ VIỆC KIỂM TRA BẢO DƯỠNG THANG MÁY ĐỊNH KỲ',4,0,0,NULL,NULL,NULL,NULL,261,1559719201,1559719201),(56,3,65,167,'[Luci Dream] Kỹ thuật','THÔNG BÁO VỀ VIỆC KIỂM TRA BẢO DƯỠNG THANG MÁY ĐỊNH KỲ',4,0,0,NULL,NULL,NULL,NULL,262,1559719201,1559719201),(57,3,65,305,'[Luci Dream] Kỹ thuật','THÔNG BÁO VỀ VIỆC KIỂM TRA BẢO DƯỠNG THANG MÁY ĐỊNH KỲ',4,0,0,NULL,NULL,NULL,NULL,262,1559719201,1559719201),(58,3,65,168,'[Luci Dream] Kỹ thuật','THÔNG BÁO VỀ VIỆC KIỂM TRA BẢO DƯỠNG THANG MÁY ĐỊNH KỲ',4,0,0,NULL,NULL,NULL,NULL,263,1559719201,1559719201),(59,3,65,306,'[Luci Dream] Kỹ thuật','THÔNG BÁO VỀ VIỆC KIỂM TRA BẢO DƯỠNG THANG MÁY ĐỊNH KỲ',4,0,0,NULL,NULL,NULL,NULL,263,1559719201,1559719201),(60,3,65,169,'[Luci Dream] Kỹ thuật','THÔNG BÁO VỀ VIỆC KIỂM TRA BẢO DƯỠNG THANG MÁY ĐỊNH KỲ',4,0,0,NULL,NULL,NULL,NULL,264,1559719201,1559719201),(61,3,65,307,'[Luci Dream] Kỹ thuật','THÔNG BÁO VỀ VIỆC KIỂM TRA BẢO DƯỠNG THANG MÁY ĐỊNH KỲ',4,0,0,NULL,NULL,NULL,NULL,264,1559719201,1559719201),(62,3,66,170,'[Luci Dream] Kỹ thuật','THÔNG BÁO VỀ VIỆC KIỂM TRA BẢO DƯỠNG THANG MÁY ĐỊNH KỲ',4,0,0,NULL,NULL,NULL,NULL,265,1559719201,1559719201),(63,3,66,308,'[Luci Dream] Kỹ thuật','THÔNG BÁO VỀ VIỆC KIỂM TRA BẢO DƯỠNG THANG MÁY ĐỊNH KỲ',4,0,0,NULL,NULL,NULL,NULL,265,1559719201,1559719201),(64,3,66,171,'[Luci Dream] Kỹ thuật','THÔNG BÁO VỀ VIỆC KIỂM TRA BẢO DƯỠNG THANG MÁY ĐỊNH KỲ',4,0,0,NULL,NULL,NULL,NULL,266,1559719201,1559719201),(65,3,66,309,'[Luci Dream] Kỹ thuật','THÔNG BÁO VỀ VIỆC KIỂM TRA BẢO DƯỠNG THANG MÁY ĐỊNH KỲ',4,0,0,NULL,NULL,NULL,NULL,266,1559719201,1559719201),(66,3,66,172,'[Luci Dream] Kỹ thuật','THÔNG BÁO VỀ VIỆC KIỂM TRA BẢO DƯỠNG THANG MÁY ĐỊNH KỲ',4,0,0,NULL,NULL,NULL,NULL,267,1559719201,1559719201),(67,3,66,310,'[Luci Dream] Kỹ thuật','THÔNG BÁO VỀ VIỆC KIỂM TRA BẢO DƯỠNG THANG MÁY ĐỊNH KỲ',4,0,0,NULL,NULL,NULL,NULL,267,1559719201,1559719201),(68,3,66,173,'[Luci Dream] Kỹ thuật','THÔNG BÁO VỀ VIỆC KIỂM TRA BẢO DƯỠNG THANG MÁY ĐỊNH KỲ',4,0,0,NULL,NULL,NULL,NULL,268,1559719201,1559719201),(69,3,66,311,'[Luci Dream] Kỹ thuật','THÔNG BÁO VỀ VIỆC KIỂM TRA BẢO DƯỠNG THANG MÁY ĐỊNH KỲ',4,0,0,NULL,NULL,NULL,NULL,268,1559719201,1559719201),(70,3,66,174,'[Luci Dream] Kỹ thuật','THÔNG BÁO VỀ VIỆC KIỂM TRA BẢO DƯỠNG THANG MÁY ĐỊNH KỲ',4,0,0,NULL,NULL,NULL,NULL,269,1559719201,1559719201),(71,3,66,312,'[Luci Dream] Kỹ thuật','THÔNG BÁO VỀ VIỆC KIỂM TRA BẢO DƯỠNG THANG MÁY ĐỊNH KỲ',4,0,0,NULL,NULL,NULL,NULL,269,1559719201,1559719201),(72,3,66,175,'[Luci Dream] Kỹ thuật','THÔNG BÁO VỀ VIỆC KIỂM TRA BẢO DƯỠNG THANG MÁY ĐỊNH KỲ',4,0,0,NULL,NULL,NULL,NULL,270,1559719201,1559719201),(73,3,66,313,'[Luci Dream] Kỹ thuật','THÔNG BÁO VỀ VIỆC KIỂM TRA BẢO DƯỠNG THANG MÁY ĐỊNH KỲ',4,0,0,NULL,NULL,NULL,NULL,270,1559719201,1559719201),(74,3,66,176,'[Luci Dream] Kỹ thuật','THÔNG BÁO VỀ VIỆC KIỂM TRA BẢO DƯỠNG THANG MÁY ĐỊNH KỲ',4,0,0,NULL,NULL,NULL,NULL,271,1559719201,1559719201),(75,3,66,314,'[Luci Dream] Kỹ thuật','THÔNG BÁO VỀ VIỆC KIỂM TRA BẢO DƯỠNG THANG MÁY ĐỊNH KỲ',4,0,0,NULL,NULL,NULL,NULL,271,1559719201,1559719201),(76,3,66,177,'[Luci Dream] Kỹ thuật','THÔNG BÁO VỀ VIỆC KIỂM TRA BẢO DƯỠNG THANG MÁY ĐỊNH KỲ',4,0,0,NULL,NULL,NULL,NULL,272,1559719201,1559719201),(77,3,66,315,'[Luci Dream] Kỹ thuật','THÔNG BÁO VỀ VIỆC KIỂM TRA BẢO DƯỠNG THANG MÁY ĐỊNH KỲ',4,0,0,NULL,NULL,NULL,NULL,272,1559719201,1559719201),(78,3,66,178,'[Luci Dream] Kỹ thuật','THÔNG BÁO VỀ VIỆC KIỂM TRA BẢO DƯỠNG THANG MÁY ĐỊNH KỲ',4,0,0,NULL,NULL,NULL,NULL,273,1559719201,1559719201),(79,3,66,316,'[Luci Dream] Kỹ thuật','THÔNG BÁO VỀ VIỆC KIỂM TRA BẢO DƯỠNG THANG MÁY ĐỊNH KỲ',4,0,0,NULL,NULL,NULL,NULL,273,1559719201,1559719201),(80,3,73,39,'[Luci Dream] Kỹ thuật','THÔNG BÁO VỀ VIỆC KIỂM TRA BẢO DƯỠNG THANG MÁY ĐỊNH KỲ',4,0,0,NULL,NULL,NULL,NULL,335,1559719201,1559719201),(81,3,73,178,'[Luci Dream] Kỹ thuật','THÔNG BÁO VỀ VIỆC KIỂM TRA BẢO DƯỠNG THANG MÁY ĐỊNH KỲ',4,0,0,NULL,NULL,NULL,NULL,335,1559719201,1559719201),(82,3,73,40,'[Luci Dream] Kỹ thuật','THÔNG BÁO VỀ VIỆC KIỂM TRA BẢO DƯỠNG THANG MÁY ĐỊNH KỲ',4,0,0,NULL,NULL,NULL,NULL,336,1559719201,1559719201),(83,3,73,179,'[Luci Dream] Kỹ thuật','THÔNG BÁO VỀ VIỆC KIỂM TRA BẢO DƯỠNG THANG MÁY ĐỊNH KỲ',4,0,0,NULL,NULL,NULL,NULL,336,1559719201,1559719201),(84,3,73,41,'[Luci Dream] Kỹ thuật','THÔNG BÁO VỀ VIỆC KIỂM TRA BẢO DƯỠNG THANG MÁY ĐỊNH KỲ',4,0,0,NULL,NULL,NULL,NULL,337,1559719201,1559719201),(85,3,73,180,'[Luci Dream] Kỹ thuật','THÔNG BÁO VỀ VIỆC KIỂM TRA BẢO DƯỠNG THANG MÁY ĐỊNH KỲ',4,0,0,NULL,NULL,NULL,NULL,337,1559719201,1559719201),(86,3,73,44,'[Luci Dream] Kỹ thuật','THÔNG BÁO VỀ VIỆC KIỂM TRA BẢO DƯỠNG THANG MÁY ĐỊNH KỲ',4,0,0,NULL,NULL,NULL,NULL,338,1559719201,1559719201),(87,3,73,181,'[Luci Dream] Kỹ thuật','THÔNG BÁO VỀ VIỆC KIỂM TRA BẢO DƯỠNG THANG MÁY ĐỊNH KỲ',4,0,0,NULL,NULL,NULL,NULL,338,1559719201,1559719201),(88,3,73,42,'[Luci Dream] Kỹ thuật','THÔNG BÁO VỀ VIỆC KIỂM TRA BẢO DƯỠNG THANG MÁY ĐỊNH KỲ',4,0,0,NULL,NULL,NULL,NULL,339,1559719201,1559719201),(89,3,73,182,'[Luci Dream] Kỹ thuật','THÔNG BÁO VỀ VIỆC KIỂM TRA BẢO DƯỠNG THANG MÁY ĐỊNH KỲ',4,0,0,NULL,NULL,NULL,NULL,339,1559719201,1559719201),(90,3,73,45,'[Luci Dream] Kỹ thuật','THÔNG BÁO VỀ VIỆC KIỂM TRA BẢO DƯỠNG THANG MÁY ĐỊNH KỲ',4,0,0,NULL,NULL,NULL,NULL,340,1559719201,1559719201),(91,3,73,183,'[Luci Dream] Kỹ thuật','THÔNG BÁO VỀ VIỆC KIỂM TRA BẢO DƯỠNG THANG MÁY ĐỊNH KỲ',4,0,0,NULL,NULL,NULL,NULL,340,1559719201,1559719201),(92,3,73,46,'[Luci Dream] Kỹ thuật','THÔNG BÁO VỀ VIỆC KIỂM TRA BẢO DƯỠNG THANG MÁY ĐỊNH KỲ',4,0,0,NULL,NULL,NULL,NULL,341,1559719201,1559719201),(93,3,73,184,'[Luci Dream] Kỹ thuật','THÔNG BÁO VỀ VIỆC KIỂM TRA BẢO DƯỠNG THANG MÁY ĐỊNH KỲ',4,0,0,NULL,NULL,NULL,NULL,341,1559719201,1559719201),(94,3,73,47,'[Luci Dream] Kỹ thuật','THÔNG BÁO VỀ VIỆC KIỂM TRA BẢO DƯỠNG THANG MÁY ĐỊNH KỲ',4,0,0,NULL,NULL,NULL,NULL,342,1559719201,1559719201),(95,3,73,185,'[Luci Dream] Kỹ thuật','THÔNG BÁO VỀ VIỆC KIỂM TRA BẢO DƯỠNG THANG MÁY ĐỊNH KỲ',4,0,0,NULL,NULL,NULL,NULL,342,1559719201,1559719201),(96,3,73,48,'[Luci Dream] Kỹ thuật','THÔNG BÁO VỀ VIỆC KIỂM TRA BẢO DƯỠNG THANG MÁY ĐỊNH KỲ',4,0,0,NULL,NULL,NULL,NULL,343,1559719201,1559719201),(97,3,73,186,'[Luci Dream] Kỹ thuật','THÔNG BÁO VỀ VIỆC KIỂM TRA BẢO DƯỠNG THANG MÁY ĐỊNH KỲ',4,0,0,NULL,NULL,NULL,NULL,343,1559719201,1559719201),(98,3,73,49,'[Luci Dream] Kỹ thuật','THÔNG BÁO VỀ VIỆC KIỂM TRA BẢO DƯỠNG THANG MÁY ĐỊNH KỲ',4,0,0,NULL,NULL,NULL,NULL,344,1559719201,1559719201),(99,3,73,187,'[Luci Dream] Kỹ thuật','THÔNG BÁO VỀ VIỆC KIỂM TRA BẢO DƯỠNG THANG MÁY ĐỊNH KỲ',4,0,0,NULL,NULL,NULL,NULL,344,1559719201,1559719201),(100,3,74,50,'[Luci Dream] Kỹ thuật','THÔNG BÁO VỀ VIỆC KIỂM TRA BẢO DƯỠNG THANG MÁY ĐỊNH KỲ',4,0,0,NULL,NULL,NULL,NULL,345,1559719201,1559719201),(101,3,74,188,'[Luci Dream] Kỹ thuật','THÔNG BÁO VỀ VIỆC KIỂM TRA BẢO DƯỠNG THANG MÁY ĐỊNH KỲ',4,0,0,NULL,NULL,NULL,NULL,345,1559719201,1559719201),(102,3,74,51,'[Luci Dream] Kỹ thuật','THÔNG BÁO VỀ VIỆC KIỂM TRA BẢO DƯỠNG THANG MÁY ĐỊNH KỲ',4,0,0,NULL,NULL,NULL,NULL,346,1559719201,1559719201),(103,3,74,189,'[Luci Dream] Kỹ thuật','THÔNG BÁO VỀ VIỆC KIỂM TRA BẢO DƯỠNG THANG MÁY ĐỊNH KỲ',4,0,0,NULL,NULL,NULL,NULL,346,1559719201,1559719201),(104,3,74,52,'[Luci Dream] Kỹ thuật','THÔNG BÁO VỀ VIỆC KIỂM TRA BẢO DƯỠNG THANG MÁY ĐỊNH KỲ',4,0,0,NULL,NULL,NULL,NULL,347,1559719201,1559719201),(105,3,74,190,'[Luci Dream] Kỹ thuật','THÔNG BÁO VỀ VIỆC KIỂM TRA BẢO DƯỠNG THANG MÁY ĐỊNH KỲ',4,0,0,NULL,NULL,NULL,NULL,347,1559719201,1559719201),(106,3,74,53,'[Luci Dream] Kỹ thuật','THÔNG BÁO VỀ VIỆC KIỂM TRA BẢO DƯỠNG THANG MÁY ĐỊNH KỲ',4,0,0,NULL,NULL,NULL,NULL,348,1559719201,1559719201),(107,3,74,191,'[Luci Dream] Kỹ thuật','THÔNG BÁO VỀ VIỆC KIỂM TRA BẢO DƯỠNG THANG MÁY ĐỊNH KỲ',4,0,0,NULL,NULL,NULL,NULL,348,1559719201,1559719201),(108,3,74,54,'[Luci Dream] Kỹ thuật','THÔNG BÁO VỀ VIỆC KIỂM TRA BẢO DƯỠNG THANG MÁY ĐỊNH KỲ',4,0,0,NULL,NULL,NULL,NULL,349,1559719201,1559719201),(109,3,74,192,'[Luci Dream] Kỹ thuật','THÔNG BÁO VỀ VIỆC KIỂM TRA BẢO DƯỠNG THANG MÁY ĐỊNH KỲ',4,0,0,NULL,NULL,NULL,NULL,349,1559719201,1559719201),(110,3,74,55,'[Luci Dream] Kỹ thuật','THÔNG BÁO VỀ VIỆC KIỂM TRA BẢO DƯỠNG THANG MÁY ĐỊNH KỲ',4,0,0,NULL,NULL,NULL,NULL,350,1559719201,1559719201),(111,3,74,193,'[Luci Dream] Kỹ thuật','THÔNG BÁO VỀ VIỆC KIỂM TRA BẢO DƯỠNG THANG MÁY ĐỊNH KỲ',4,0,0,NULL,NULL,NULL,NULL,350,1559719201,1559719201),(112,3,74,56,'[Luci Dream] Kỹ thuật','THÔNG BÁO VỀ VIỆC KIỂM TRA BẢO DƯỠNG THANG MÁY ĐỊNH KỲ',4,0,0,NULL,NULL,NULL,NULL,351,1559719201,1559719201),(113,3,74,194,'[Luci Dream] Kỹ thuật','THÔNG BÁO VỀ VIỆC KIỂM TRA BẢO DƯỠNG THANG MÁY ĐỊNH KỲ',4,0,0,NULL,NULL,NULL,NULL,351,1559719201,1559719201),(114,3,74,57,'[Luci Dream] Kỹ thuật','THÔNG BÁO VỀ VIỆC KIỂM TRA BẢO DƯỠNG THANG MÁY ĐỊNH KỲ',4,0,0,NULL,NULL,NULL,NULL,352,1559719201,1559719201),(115,3,74,195,'[Luci Dream] Kỹ thuật','THÔNG BÁO VỀ VIỆC KIỂM TRA BẢO DƯỠNG THANG MÁY ĐỊNH KỲ',4,0,0,NULL,NULL,NULL,NULL,352,1559719201,1559719201),(116,3,74,58,'[Luci Dream] Kỹ thuật','THÔNG BÁO VỀ VIỆC KIỂM TRA BẢO DƯỠNG THANG MÁY ĐỊNH KỲ',4,0,0,NULL,NULL,NULL,NULL,353,1559719201,1559719201),(117,3,74,196,'[Luci Dream] Kỹ thuật','THÔNG BÁO VỀ VIỆC KIỂM TRA BẢO DƯỠNG THANG MÁY ĐỊNH KỲ',4,0,0,NULL,NULL,NULL,NULL,353,1559719201,1559719201),(118,3,74,59,'[Luci Dream] Kỹ thuật','THÔNG BÁO VỀ VIỆC KIỂM TRA BẢO DƯỠNG THANG MÁY ĐỊNH KỲ',4,0,0,NULL,NULL,NULL,NULL,354,1559719201,1559719201),(119,3,74,197,'[Luci Dream] Kỹ thuật','THÔNG BÁO VỀ VIỆC KIỂM TRA BẢO DƯỠNG THANG MÁY ĐỊNH KỲ',4,0,0,NULL,NULL,NULL,NULL,354,1559719201,1559719201),(120,3,75,60,'[Luci Dream] Kỹ thuật','THÔNG BÁO VỀ VIỆC KIỂM TRA BẢO DƯỠNG THANG MÁY ĐỊNH KỲ',4,0,0,NULL,NULL,NULL,NULL,355,1559719201,1559719201),(121,3,75,198,'[Luci Dream] Kỹ thuật','THÔNG BÁO VỀ VIỆC KIỂM TRA BẢO DƯỠNG THANG MÁY ĐỊNH KỲ',4,0,0,NULL,NULL,NULL,NULL,355,1559719201,1559719201),(122,3,75,61,'[Luci Dream] Kỹ thuật','THÔNG BÁO VỀ VIỆC KIỂM TRA BẢO DƯỠNG THANG MÁY ĐỊNH KỲ',4,0,0,NULL,NULL,NULL,NULL,356,1559719201,1559719201),(123,3,75,199,'[Luci Dream] Kỹ thuật','THÔNG BÁO VỀ VIỆC KIỂM TRA BẢO DƯỠNG THANG MÁY ĐỊNH KỲ',4,0,0,NULL,NULL,NULL,NULL,356,1559719201,1559719201),(124,3,75,62,'[Luci Dream] Kỹ thuật','THÔNG BÁO VỀ VIỆC KIỂM TRA BẢO DƯỠNG THANG MÁY ĐỊNH KỲ',4,0,0,NULL,NULL,NULL,NULL,357,1559719201,1559719201),(125,3,75,200,'[Luci Dream] Kỹ thuật','THÔNG BÁO VỀ VIỆC KIỂM TRA BẢO DƯỠNG THANG MÁY ĐỊNH KỲ',4,0,0,NULL,NULL,NULL,NULL,357,1559719201,1559719201),(126,3,75,63,'[Luci Dream] Kỹ thuật','THÔNG BÁO VỀ VIỆC KIỂM TRA BẢO DƯỠNG THANG MÁY ĐỊNH KỲ',4,0,0,NULL,NULL,NULL,NULL,358,1559719201,1559719201),(127,3,75,201,'[Luci Dream] Kỹ thuật','THÔNG BÁO VỀ VIỆC KIỂM TRA BẢO DƯỠNG THANG MÁY ĐỊNH KỲ',4,0,0,NULL,NULL,NULL,NULL,358,1559719201,1559719201),(128,3,75,64,'[Luci Dream] Kỹ thuật','THÔNG BÁO VỀ VIỆC KIỂM TRA BẢO DƯỠNG THANG MÁY ĐỊNH KỲ',4,0,0,NULL,NULL,NULL,NULL,359,1559719201,1559719201),(129,3,75,202,'[Luci Dream] Kỹ thuật','THÔNG BÁO VỀ VIỆC KIỂM TRA BẢO DƯỠNG THANG MÁY ĐỊNH KỲ',4,0,0,NULL,NULL,NULL,NULL,359,1559719201,1559719201),(130,3,75,65,'[Luci Dream] Kỹ thuật','THÔNG BÁO VỀ VIỆC KIỂM TRA BẢO DƯỠNG THANG MÁY ĐỊNH KỲ',4,0,0,NULL,NULL,NULL,NULL,360,1559719201,1559719201),(131,3,75,203,'[Luci Dream] Kỹ thuật','THÔNG BÁO VỀ VIỆC KIỂM TRA BẢO DƯỠNG THANG MÁY ĐỊNH KỲ',4,0,0,NULL,NULL,NULL,NULL,360,1559719201,1559719201),(132,3,75,66,'[Luci Dream] Kỹ thuật','THÔNG BÁO VỀ VIỆC KIỂM TRA BẢO DƯỠNG THANG MÁY ĐỊNH KỲ',4,0,0,NULL,NULL,NULL,NULL,361,1559719201,1559719201),(133,3,75,204,'[Luci Dream] Kỹ thuật','THÔNG BÁO VỀ VIỆC KIỂM TRA BẢO DƯỠNG THANG MÁY ĐỊNH KỲ',4,0,0,NULL,NULL,NULL,NULL,361,1559719201,1559719201),(134,3,75,67,'[Luci Dream] Kỹ thuật','THÔNG BÁO VỀ VIỆC KIỂM TRA BẢO DƯỠNG THANG MÁY ĐỊNH KỲ',4,0,0,NULL,NULL,NULL,NULL,362,1559719201,1559719201),(135,3,75,205,'[Luci Dream] Kỹ thuật','THÔNG BÁO VỀ VIỆC KIỂM TRA BẢO DƯỠNG THANG MÁY ĐỊNH KỲ',4,0,0,NULL,NULL,NULL,NULL,362,1559719201,1559719201),(136,3,75,68,'[Luci Dream] Kỹ thuật','THÔNG BÁO VỀ VIỆC KIỂM TRA BẢO DƯỠNG THANG MÁY ĐỊNH KỲ',4,0,0,NULL,NULL,NULL,NULL,363,1559719201,1559719201),(137,3,75,206,'[Luci Dream] Kỹ thuật','THÔNG BÁO VỀ VIỆC KIỂM TRA BẢO DƯỠNG THANG MÁY ĐỊNH KỲ',4,0,0,NULL,NULL,NULL,NULL,363,1559719201,1559719201),(138,3,75,69,'[Luci Dream] Kỹ thuật','THÔNG BÁO VỀ VIỆC KIỂM TRA BẢO DƯỠNG THANG MÁY ĐỊNH KỲ',4,0,0,NULL,NULL,NULL,NULL,364,1559719201,1559719201),(139,3,75,207,'[Luci Dream] Kỹ thuật','THÔNG BÁO VỀ VIỆC KIỂM TRA BẢO DƯỠNG THANG MÁY ĐỊNH KỲ',4,0,0,NULL,NULL,NULL,NULL,364,1559719201,1559719201),(140,3,76,70,'[Luci Dream] Kỹ thuật','THÔNG BÁO VỀ VIỆC KIỂM TRA BẢO DƯỠNG THANG MÁY ĐỊNH KỲ',4,0,0,NULL,NULL,NULL,NULL,365,1559719201,1559719201),(141,3,76,208,'[Luci Dream] Kỹ thuật','THÔNG BÁO VỀ VIỆC KIỂM TRA BẢO DƯỠNG THANG MÁY ĐỊNH KỲ',4,0,0,NULL,NULL,NULL,NULL,365,1559719201,1559719201),(142,3,76,71,'[Luci Dream] Kỹ thuật','THÔNG BÁO VỀ VIỆC KIỂM TRA BẢO DƯỠNG THANG MÁY ĐỊNH KỲ',4,0,0,NULL,NULL,NULL,NULL,366,1559719201,1559719201),(143,3,76,209,'[Luci Dream] Kỹ thuật','THÔNG BÁO VỀ VIỆC KIỂM TRA BẢO DƯỠNG THANG MÁY ĐỊNH KỲ',4,0,0,NULL,NULL,NULL,NULL,366,1559719201,1559719201),(144,3,76,72,'[Luci Dream] Kỹ thuật','THÔNG BÁO VỀ VIỆC KIỂM TRA BẢO DƯỠNG THANG MÁY ĐỊNH KỲ',4,0,0,NULL,NULL,NULL,NULL,367,1559719201,1559719201),(145,3,76,210,'[Luci Dream] Kỹ thuật','THÔNG BÁO VỀ VIỆC KIỂM TRA BẢO DƯỠNG THANG MÁY ĐỊNH KỲ',4,0,0,NULL,NULL,NULL,NULL,367,1559719201,1559719201),(146,3,76,73,'[Luci Dream] Kỹ thuật','THÔNG BÁO VỀ VIỆC KIỂM TRA BẢO DƯỠNG THANG MÁY ĐỊNH KỲ',4,0,0,NULL,NULL,NULL,NULL,368,1559719201,1559719201),(147,3,76,211,'[Luci Dream] Kỹ thuật','THÔNG BÁO VỀ VIỆC KIỂM TRA BẢO DƯỠNG THANG MÁY ĐỊNH KỲ',4,0,0,NULL,NULL,NULL,NULL,368,1559719201,1559719201),(148,3,76,74,'[Luci Dream] Kỹ thuật','THÔNG BÁO VỀ VIỆC KIỂM TRA BẢO DƯỠNG THANG MÁY ĐỊNH KỲ',4,0,0,NULL,NULL,NULL,NULL,369,1559719201,1559719201),(149,3,76,212,'[Luci Dream] Kỹ thuật','THÔNG BÁO VỀ VIỆC KIỂM TRA BẢO DƯỠNG THANG MÁY ĐỊNH KỲ',4,0,0,NULL,NULL,NULL,NULL,369,1559719201,1559719201),(150,3,76,75,'[Luci Dream] Kỹ thuật','THÔNG BÁO VỀ VIỆC KIỂM TRA BẢO DƯỠNG THANG MÁY ĐỊNH KỲ',4,0,0,NULL,NULL,NULL,NULL,370,1559719201,1559719201),(151,3,76,213,'[Luci Dream] Kỹ thuật','THÔNG BÁO VỀ VIỆC KIỂM TRA BẢO DƯỠNG THANG MÁY ĐỊNH KỲ',4,0,0,NULL,NULL,NULL,NULL,370,1559719201,1559719201),(152,3,76,76,'[Luci Dream] Kỹ thuật','THÔNG BÁO VỀ VIỆC KIỂM TRA BẢO DƯỠNG THANG MÁY ĐỊNH KỲ',4,0,0,NULL,NULL,NULL,NULL,371,1559719201,1559719201),(153,3,76,214,'[Luci Dream] Kỹ thuật','THÔNG BÁO VỀ VIỆC KIỂM TRA BẢO DƯỠNG THANG MÁY ĐỊNH KỲ',4,0,0,NULL,NULL,NULL,NULL,371,1559719201,1559719201),(154,3,76,77,'[Luci Dream] Kỹ thuật','THÔNG BÁO VỀ VIỆC KIỂM TRA BẢO DƯỠNG THANG MÁY ĐỊNH KỲ',4,0,0,NULL,NULL,NULL,NULL,372,1559719201,1559719201),(155,3,76,215,'[Luci Dream] Kỹ thuật','THÔNG BÁO VỀ VIỆC KIỂM TRA BẢO DƯỠNG THANG MÁY ĐỊNH KỲ',4,0,0,NULL,NULL,NULL,NULL,372,1559719201,1559719201),(156,3,76,78,'[Luci Dream] Kỹ thuật','THÔNG BÁO VỀ VIỆC KIỂM TRA BẢO DƯỠNG THANG MÁY ĐỊNH KỲ',4,0,0,NULL,NULL,NULL,NULL,373,1559719201,1559719201),(157,3,76,216,'[Luci Dream] Kỹ thuật','THÔNG BÁO VỀ VIỆC KIỂM TRA BẢO DƯỠNG THANG MÁY ĐỊNH KỲ',4,0,0,NULL,NULL,NULL,NULL,373,1559719201,1559719201),(158,3,76,79,'[Luci Dream] Kỹ thuật','THÔNG BÁO VỀ VIỆC KIỂM TRA BẢO DƯỠNG THANG MÁY ĐỊNH KỲ',4,0,0,NULL,NULL,NULL,NULL,374,1559719201,1559719201),(159,3,76,217,'[Luci Dream] Kỹ thuật','THÔNG BÁO VỀ VIỆC KIỂM TRA BẢO DƯỠNG THANG MÁY ĐỊNH KỲ',4,0,0,NULL,NULL,NULL,NULL,374,1559719201,1559719201),(160,3,77,80,'[Luci Dream] Kỹ thuật','THÔNG BÁO VỀ VIỆC KIỂM TRA BẢO DƯỠNG THANG MÁY ĐỊNH KỲ',4,0,0,NULL,NULL,NULL,NULL,375,1559719201,1559719201),(161,3,77,218,'[Luci Dream] Kỹ thuật','THÔNG BÁO VỀ VIỆC KIỂM TRA BẢO DƯỠNG THANG MÁY ĐỊNH KỲ',4,0,0,NULL,NULL,NULL,NULL,375,1559719201,1559719201),(162,3,77,81,'[Luci Dream] Kỹ thuật','THÔNG BÁO VỀ VIỆC KIỂM TRA BẢO DƯỠNG THANG MÁY ĐỊNH KỲ',4,0,0,NULL,NULL,NULL,NULL,376,1559719201,1559719201),(163,3,77,219,'[Luci Dream] Kỹ thuật','THÔNG BÁO VỀ VIỆC KIỂM TRA BẢO DƯỠNG THANG MÁY ĐỊNH KỲ',4,0,0,NULL,NULL,NULL,NULL,376,1559719201,1559719201),(164,3,77,82,'[Luci Dream] Kỹ thuật','THÔNG BÁO VỀ VIỆC KIỂM TRA BẢO DƯỠNG THANG MÁY ĐỊNH KỲ',4,0,0,NULL,NULL,NULL,NULL,377,1559719201,1559719201),(165,3,77,220,'[Luci Dream] Kỹ thuật','THÔNG BÁO VỀ VIỆC KIỂM TRA BẢO DƯỠNG THANG MÁY ĐỊNH KỲ',4,0,0,NULL,NULL,NULL,NULL,377,1559719201,1559719201),(166,3,77,83,'[Luci Dream] Kỹ thuật','THÔNG BÁO VỀ VIỆC KIỂM TRA BẢO DƯỠNG THANG MÁY ĐỊNH KỲ',4,0,0,NULL,NULL,NULL,NULL,378,1559719201,1559719201),(167,3,77,221,'[Luci Dream] Kỹ thuật','THÔNG BÁO VỀ VIỆC KIỂM TRA BẢO DƯỠNG THANG MÁY ĐỊNH KỲ',4,0,0,NULL,NULL,NULL,NULL,378,1559719201,1559719201),(168,3,77,84,'[Luci Dream] Kỹ thuật','THÔNG BÁO VỀ VIỆC KIỂM TRA BẢO DƯỠNG THANG MÁY ĐỊNH KỲ',4,0,0,NULL,NULL,NULL,NULL,379,1559719201,1559719201),(169,3,77,222,'[Luci Dream] Kỹ thuật','THÔNG BÁO VỀ VIỆC KIỂM TRA BẢO DƯỠNG THANG MÁY ĐỊNH KỲ',4,0,0,NULL,NULL,NULL,NULL,379,1559719201,1559719201),(170,3,77,85,'[Luci Dream] Kỹ thuật','THÔNG BÁO VỀ VIỆC KIỂM TRA BẢO DƯỠNG THANG MÁY ĐỊNH KỲ',4,0,0,NULL,NULL,NULL,NULL,380,1559719201,1559719201),(171,3,77,223,'[Luci Dream] Kỹ thuật','THÔNG BÁO VỀ VIỆC KIỂM TRA BẢO DƯỠNG THANG MÁY ĐỊNH KỲ',4,0,0,NULL,NULL,NULL,NULL,380,1559719201,1559719201),(172,3,77,86,'[Luci Dream] Kỹ thuật','THÔNG BÁO VỀ VIỆC KIỂM TRA BẢO DƯỠNG THANG MÁY ĐỊNH KỲ',4,0,0,NULL,NULL,NULL,NULL,381,1559719201,1559719201),(173,3,77,224,'[Luci Dream] Kỹ thuật','THÔNG BÁO VỀ VIỆC KIỂM TRA BẢO DƯỠNG THANG MÁY ĐỊNH KỲ',4,0,0,NULL,NULL,NULL,NULL,381,1559719201,1559719201),(174,3,77,87,'[Luci Dream] Kỹ thuật','THÔNG BÁO VỀ VIỆC KIỂM TRA BẢO DƯỠNG THANG MÁY ĐỊNH KỲ',4,0,0,NULL,NULL,NULL,NULL,382,1559719201,1559719201),(175,3,77,225,'[Luci Dream] Kỹ thuật','THÔNG BÁO VỀ VIỆC KIỂM TRA BẢO DƯỠNG THANG MÁY ĐỊNH KỲ',4,0,0,NULL,NULL,NULL,NULL,382,1559719201,1559719201),(176,3,77,88,'[Luci Dream] Kỹ thuật','THÔNG BÁO VỀ VIỆC KIỂM TRA BẢO DƯỠNG THANG MÁY ĐỊNH KỲ',4,0,0,NULL,NULL,NULL,NULL,383,1559719201,1559719201),(177,3,77,226,'[Luci Dream] Kỹ thuật','THÔNG BÁO VỀ VIỆC KIỂM TRA BẢO DƯỠNG THANG MÁY ĐỊNH KỲ',4,0,0,NULL,NULL,NULL,NULL,383,1559719201,1559719201),(178,3,77,89,'[Luci Dream] Kỹ thuật','THÔNG BÁO VỀ VIỆC KIỂM TRA BẢO DƯỠNG THANG MÁY ĐỊNH KỲ',4,0,0,NULL,NULL,NULL,NULL,384,1559719201,1559719201),(179,3,77,227,'[Luci Dream] Kỹ thuật','THÔNG BÁO VỀ VIỆC KIỂM TRA BẢO DƯỠNG THANG MÁY ĐỊNH KỲ',4,0,0,NULL,NULL,NULL,NULL,384,1559719201,1559719201),(180,3,80,114,'[Luci Dream] Kỹ thuật','THÔNG BÁO VỀ VIỆC KIỂM TRA BẢO DƯỠNG THANG MÁY ĐỊNH KỲ',4,0,0,NULL,NULL,NULL,NULL,409,1559719201,1559719201),(181,3,80,252,'[Luci Dream] Kỹ thuật','THÔNG BÁO VỀ VIỆC KIỂM TRA BẢO DƯỠNG THANG MÁY ĐỊNH KỲ',4,0,0,NULL,NULL,NULL,NULL,409,1559719201,1559719201),(182,3,80,115,'[Luci Dream] Kỹ thuật','THÔNG BÁO VỀ VIỆC KIỂM TRA BẢO DƯỠNG THANG MÁY ĐỊNH KỲ',4,0,0,NULL,NULL,NULL,NULL,410,1559719201,1559719201),(183,3,80,253,'[Luci Dream] Kỹ thuật','THÔNG BÁO VỀ VIỆC KIỂM TRA BẢO DƯỠNG THANG MÁY ĐỊNH KỲ',4,0,0,NULL,NULL,NULL,NULL,410,1559719201,1559719201),(184,3,80,116,'[Luci Dream] Kỹ thuật','THÔNG BÁO VỀ VIỆC KIỂM TRA BẢO DƯỠNG THANG MÁY ĐỊNH KỲ',4,0,0,NULL,NULL,NULL,NULL,411,1559719201,1559719201),(185,3,80,254,'[Luci Dream] Kỹ thuật','THÔNG BÁO VỀ VIỆC KIỂM TRA BẢO DƯỠNG THANG MÁY ĐỊNH KỲ',4,0,0,NULL,NULL,NULL,NULL,411,1559719201,1559719201),(186,3,80,117,'[Luci Dream] Kỹ thuật','THÔNG BÁO VỀ VIỆC KIỂM TRA BẢO DƯỠNG THANG MÁY ĐỊNH KỲ',4,0,0,NULL,NULL,NULL,NULL,412,1559719201,1559719201),(187,3,80,255,'[Luci Dream] Kỹ thuật','THÔNG BÁO VỀ VIỆC KIỂM TRA BẢO DƯỠNG THANG MÁY ĐỊNH KỲ',4,0,0,NULL,NULL,NULL,NULL,412,1559719201,1559719201),(188,3,80,118,'[Luci Dream] Kỹ thuật','THÔNG BÁO VỀ VIỆC KIỂM TRA BẢO DƯỠNG THANG MÁY ĐỊNH KỲ',4,0,0,NULL,NULL,NULL,NULL,413,1559719201,1559719201),(189,3,80,256,'[Luci Dream] Kỹ thuật','THÔNG BÁO VỀ VIỆC KIỂM TRA BẢO DƯỠNG THANG MÁY ĐỊNH KỲ',4,0,0,NULL,NULL,NULL,NULL,413,1559719201,1559719201),(190,3,80,119,'[Luci Dream] Kỹ thuật','THÔNG BÁO VỀ VIỆC KIỂM TRA BẢO DƯỠNG THANG MÁY ĐỊNH KỲ',4,0,0,NULL,NULL,NULL,NULL,414,1559719201,1559719201),(191,3,80,257,'[Luci Dream] Kỹ thuật','THÔNG BÁO VỀ VIỆC KIỂM TRA BẢO DƯỠNG THANG MÁY ĐỊNH KỲ',4,0,0,NULL,NULL,NULL,NULL,414,1559719201,1559719201),(192,3,81,120,'[Luci Dream] Kỹ thuật','THÔNG BÁO VỀ VIỆC KIỂM TRA BẢO DƯỠNG THANG MÁY ĐỊNH KỲ',4,0,0,NULL,NULL,NULL,NULL,415,1559719201,1559719201),(193,3,81,258,'[Luci Dream] Kỹ thuật','THÔNG BÁO VỀ VIỆC KIỂM TRA BẢO DƯỠNG THANG MÁY ĐỊNH KỲ',4,0,0,NULL,NULL,NULL,NULL,415,1559719201,1559719201),(194,3,81,121,'[Luci Dream] Kỹ thuật','THÔNG BÁO VỀ VIỆC KIỂM TRA BẢO DƯỠNG THANG MÁY ĐỊNH KỲ',4,0,0,NULL,NULL,NULL,NULL,416,1559719201,1559719201),(195,3,81,259,'[Luci Dream] Kỹ thuật','THÔNG BÁO VỀ VIỆC KIỂM TRA BẢO DƯỠNG THANG MÁY ĐỊNH KỲ',4,0,0,NULL,NULL,NULL,NULL,416,1559719201,1559719201),(196,3,81,122,'[Luci Dream] Kỹ thuật','THÔNG BÁO VỀ VIỆC KIỂM TRA BẢO DƯỠNG THANG MÁY ĐỊNH KỲ',4,0,0,NULL,NULL,NULL,NULL,417,1559719201,1559719201),(197,3,81,260,'[Luci Dream] Kỹ thuật','THÔNG BÁO VỀ VIỆC KIỂM TRA BẢO DƯỠNG THANG MÁY ĐỊNH KỲ',4,0,0,NULL,NULL,NULL,NULL,417,1559719201,1559719201),(198,3,81,123,'[Luci Dream] Kỹ thuật','THÔNG BÁO VỀ VIỆC KIỂM TRA BẢO DƯỠNG THANG MÁY ĐỊNH KỲ',4,0,0,NULL,NULL,NULL,NULL,418,1559719201,1559719201),(199,3,81,261,'[Luci Dream] Kỹ thuật','THÔNG BÁO VỀ VIỆC KIỂM TRA BẢO DƯỠNG THANG MÁY ĐỊNH KỲ',4,0,0,NULL,NULL,NULL,NULL,418,1559719201,1559719201),(200,3,81,124,'[Luci Dream] Kỹ thuật','THÔNG BÁO VỀ VIỆC KIỂM TRA BẢO DƯỠNG THANG MÁY ĐỊNH KỲ',4,0,0,NULL,NULL,NULL,NULL,419,1559719201,1559719201),(201,3,81,262,'[Luci Dream] Kỹ thuật','THÔNG BÁO VỀ VIỆC KIỂM TRA BẢO DƯỠNG THANG MÁY ĐỊNH KỲ',4,0,0,NULL,NULL,NULL,NULL,419,1559719201,1559719201),(202,3,81,125,'[Luci Dream] Kỹ thuật','THÔNG BÁO VỀ VIỆC KIỂM TRA BẢO DƯỠNG THANG MÁY ĐỊNH KỲ',4,0,0,NULL,NULL,NULL,NULL,420,1559719201,1559719201),(203,3,81,263,'[Luci Dream] Kỹ thuật','THÔNG BÁO VỀ VIỆC KIỂM TRA BẢO DƯỠNG THANG MÁY ĐỊNH KỲ',4,0,0,NULL,NULL,NULL,NULL,420,1559719201,1559719201),(204,3,81,127,'[Luci Dream] Kỹ thuật','THÔNG BÁO VỀ VIỆC KIỂM TRA BẢO DƯỠNG THANG MÁY ĐỊNH KỲ',4,0,0,NULL,NULL,NULL,NULL,422,1559719201,1559719201),(205,3,81,265,'[Luci Dream] Kỹ thuật','THÔNG BÁO VỀ VIỆC KIỂM TRA BẢO DƯỠNG THANG MÁY ĐỊNH KỲ',4,0,0,NULL,NULL,NULL,NULL,422,1559719201,1559719201),(206,3,81,128,'[Luci Dream] Kỹ thuật','THÔNG BÁO VỀ VIỆC KIỂM TRA BẢO DƯỠNG THANG MÁY ĐỊNH KỲ',4,0,0,NULL,NULL,NULL,NULL,423,1559719201,1559719201),(207,3,81,266,'[Luci Dream] Kỹ thuật','THÔNG BÁO VỀ VIỆC KIỂM TRA BẢO DƯỠNG THANG MÁY ĐỊNH KỲ',4,0,0,NULL,NULL,NULL,NULL,423,1559719201,1559719201),(208,3,81,129,'[Luci Dream] Kỹ thuật','THÔNG BÁO VỀ VIỆC KIỂM TRA BẢO DƯỠNG THANG MÁY ĐỊNH KỲ',4,0,0,NULL,NULL,NULL,NULL,424,1559719201,1559719201),(209,3,81,267,'[Luci Dream] Kỹ thuật','THÔNG BÁO VỀ VIỆC KIỂM TRA BẢO DƯỠNG THANG MÁY ĐỊNH KỲ',4,0,0,NULL,NULL,NULL,NULL,424,1559719201,1559719201),(210,3,83,130,'[Luci Dream] Kỹ thuật','THÔNG BÁO VỀ VIỆC KIỂM TRA BẢO DƯỠNG THANG MÁY ĐỊNH KỲ',4,0,0,NULL,NULL,NULL,NULL,425,1559719201,1559719201),(211,3,83,268,'[Luci Dream] Kỹ thuật','THÔNG BÁO VỀ VIỆC KIỂM TRA BẢO DƯỠNG THANG MÁY ĐỊNH KỲ',4,0,0,NULL,NULL,NULL,NULL,425,1559719201,1559719201),(212,3,83,131,'[Luci Dream] Kỹ thuật','THÔNG BÁO VỀ VIỆC KIỂM TRA BẢO DƯỠNG THANG MÁY ĐỊNH KỲ',4,0,0,NULL,NULL,NULL,NULL,426,1559719201,1559719201),(213,3,83,269,'[Luci Dream] Kỹ thuật','THÔNG BÁO VỀ VIỆC KIỂM TRA BẢO DƯỠNG THANG MÁY ĐỊNH KỲ',4,0,0,NULL,NULL,NULL,NULL,426,1559719201,1559719201),(214,3,83,132,'[Luci Dream] Kỹ thuật','THÔNG BÁO VỀ VIỆC KIỂM TRA BẢO DƯỠNG THANG MÁY ĐỊNH KỲ',4,0,0,NULL,NULL,NULL,NULL,427,1559719201,1559719201),(215,3,83,270,'[Luci Dream] Kỹ thuật','THÔNG BÁO VỀ VIỆC KIỂM TRA BẢO DƯỠNG THANG MÁY ĐỊNH KỲ',4,0,0,NULL,NULL,NULL,NULL,427,1559719201,1559719201),(216,3,83,133,'[Luci Dream] Kỹ thuật','THÔNG BÁO VỀ VIỆC KIỂM TRA BẢO DƯỠNG THANG MÁY ĐỊNH KỲ',4,0,0,NULL,NULL,NULL,NULL,428,1559719201,1559719201),(217,3,83,271,'[Luci Dream] Kỹ thuật','THÔNG BÁO VỀ VIỆC KIỂM TRA BẢO DƯỠNG THANG MÁY ĐỊNH KỲ',4,0,0,NULL,NULL,NULL,NULL,428,1559719202,1559719202),(218,3,83,134,'[Luci Dream] Kỹ thuật','THÔNG BÁO VỀ VIỆC KIỂM TRA BẢO DƯỠNG THANG MÁY ĐỊNH KỲ',4,0,0,NULL,NULL,NULL,NULL,429,1559719202,1559719202),(219,3,83,272,'[Luci Dream] Kỹ thuật','THÔNG BÁO VỀ VIỆC KIỂM TRA BẢO DƯỠNG THANG MÁY ĐỊNH KỲ',4,0,0,NULL,NULL,NULL,NULL,429,1559719202,1559719202),(220,3,83,135,'[Luci Dream] Kỹ thuật','THÔNG BÁO VỀ VIỆC KIỂM TRA BẢO DƯỠNG THANG MÁY ĐỊNH KỲ',4,0,0,NULL,NULL,NULL,NULL,430,1559719202,1559719202),(221,3,83,273,'[Luci Dream] Kỹ thuật','THÔNG BÁO VỀ VIỆC KIỂM TRA BẢO DƯỠNG THANG MÁY ĐỊNH KỲ',4,0,0,NULL,NULL,NULL,NULL,430,1559719202,1559719202),(222,3,83,136,'[Luci Dream] Kỹ thuật','THÔNG BÁO VỀ VIỆC KIỂM TRA BẢO DƯỠNG THANG MÁY ĐỊNH KỲ',4,0,0,NULL,NULL,NULL,NULL,431,1559719202,1559719202),(223,3,83,274,'[Luci Dream] Kỹ thuật','THÔNG BÁO VỀ VIỆC KIỂM TRA BẢO DƯỠNG THANG MÁY ĐỊNH KỲ',4,0,0,NULL,NULL,NULL,NULL,431,1559719202,1559719202),(224,3,83,137,'[Luci Dream] Kỹ thuật','THÔNG BÁO VỀ VIỆC KIỂM TRA BẢO DƯỠNG THANG MÁY ĐỊNH KỲ',4,0,0,NULL,NULL,NULL,NULL,432,1559719202,1559719202),(225,3,83,275,'[Luci Dream] Kỹ thuật','THÔNG BÁO VỀ VIỆC KIỂM TRA BẢO DƯỠNG THANG MÁY ĐỊNH KỲ',4,0,0,NULL,NULL,NULL,NULL,432,1559719202,1559719202),(226,3,83,138,'[Luci Dream] Kỹ thuật','THÔNG BÁO VỀ VIỆC KIỂM TRA BẢO DƯỠNG THANG MÁY ĐỊNH KỲ',4,0,0,NULL,NULL,NULL,NULL,433,1559719202,1559719202),(227,3,83,276,'[Luci Dream] Kỹ thuật','THÔNG BÁO VỀ VIỆC KIỂM TRA BẢO DƯỠNG THANG MÁY ĐỊNH KỲ',4,0,0,NULL,NULL,NULL,NULL,433,1559719202,1559719202),(228,3,83,139,'[Luci Dream] Kỹ thuật','THÔNG BÁO VỀ VIỆC KIỂM TRA BẢO DƯỠNG THANG MÁY ĐỊNH KỲ',4,0,0,NULL,NULL,NULL,NULL,434,1559719202,1559719202),(229,3,83,277,'[Luci Dream] Kỹ thuật','THÔNG BÁO VỀ VIỆC KIỂM TRA BẢO DƯỠNG THANG MÁY ĐỊNH KỲ',4,0,0,NULL,NULL,NULL,NULL,434,1559719202,1559719202),(230,2,26,6,'[Yêu cầu] Sửa chữa','Phạm Duy Đạt: Thêm mới',1,0,0,26,139,NULL,NULL,NULL,1559720606,1559720606),(231,2,26,26,'[Yêu cầu] Sửa chữa','Phạm Duy Đạt: Thêm mới',1,0,0,26,139,NULL,NULL,NULL,1559720606,1559720606),(232,2,26,36,'[Yêu cầu] Sửa chữa','Phạm Duy Đạt: Thêm mới',1,0,0,26,139,NULL,NULL,NULL,1559720606,1559720606),(233,2,26,37,'[Yêu cầu] Sửa chữa','Phạm Duy Đạt: Thêm mới',1,0,0,26,139,NULL,NULL,NULL,1559720606,1559720606),(234,2,27,9,'[Yêu cầu] Test thông báo trên web. BQL có nhận được không?','Phạm Duy Đạt: Trả lời yêu cầu',1,0,0,56,140,NULL,NULL,NULL,1559745323,1559745323),(235,2,27,6,'[Yêu cầu] Test thông báo trên web. BQL có nhận được không?','Phạm Duy Đạt: Trả lời yêu cầu',1,0,0,56,140,NULL,NULL,NULL,1559745323,1559745323),(236,2,27,9,'[Yêu cầu] Test thông báo trên web. BQL có nhận được không?','Phạm Duy Đạt: Trả lời lần 2',1,0,0,56,141,NULL,NULL,NULL,1559745832,1559745832),(237,2,27,6,'[Yêu cầu] Test thông báo trên web. BQL có nhận được không?','Phạm Duy Đạt: Trả lời lần 2',1,0,0,56,141,NULL,NULL,NULL,1559745832,1559745832),(238,2,27,1,'[Yêu cầu] Test thông báo trên web. BQL có nhận được không?','BQL chuyển trạng thái [Đang xử lý]',1,0,0,56,NULL,NULL,NULL,NULL,1559746421,1559746421),(239,2,27,9,'[Yêu cầu] Test thông báo trên web. BQL có nhận được không?','BQL chuyển trạng thái [Đang xử lý]',1,0,0,56,NULL,NULL,NULL,NULL,1559746421,1559746421),(240,2,27,6,'[Yêu cầu] Test thông báo trên web. BQL có nhận được không?','BQL chuyển trạng thái [Đang xử lý]',1,0,0,56,NULL,NULL,NULL,NULL,1559746421,1559746421),(241,2,27,1,'[Yêu cầu] Test thông báo trên web. BQL có nhận được không?','BQL chuyển trạng thái [Xử lý xong]',1,0,0,56,NULL,NULL,NULL,NULL,1559746784,1559746784),(242,2,27,9,'[Yêu cầu] Test thông báo trên web. BQL có nhận được không?','BQL chuyển trạng thái [Xử lý xong]',1,0,0,56,NULL,NULL,NULL,NULL,1559746784,1559746784),(243,2,27,6,'[Yêu cầu] Test thông báo trên web. BQL có nhận được không?','BQL chuyển trạng thái [Xử lý xong]',1,0,0,56,NULL,NULL,NULL,NULL,1559746784,1559746784),(244,2,27,15,'[Yêu cầu] Ko biết BQL đã nhận được xèng chưa','BQL chuyển trạng thái [Đang xử lý]',1,0,0,55,NULL,NULL,NULL,NULL,1559747139,1559747139),(245,2,27,20,'[Yêu cầu] Ko biết BQL đã nhận được xèng chưa','BQL chuyển trạng thái [Đang xử lý]',1,0,0,55,NULL,NULL,NULL,NULL,1559747139,1559747139),(246,2,27,38,'[Yêu cầu] Ko biết BQL đã nhận được xèng chưa','BQL chuyển trạng thái [Đang xử lý]',1,0,0,55,NULL,NULL,NULL,NULL,1559747139,1559747139),(247,2,27,1,'[Yêu cầu] Ko biết BQL đã nhận được xèng chưa','BQL chuyển trạng thái [Đang xử lý]',1,0,0,55,NULL,NULL,NULL,NULL,1559747139,1559747139),(248,2,27,15,'[Yêu cầu] Ko biết BQL đã nhận được xèng chưa','BQL: Kính chào quý cư dân, chúng tôi đã nhận được thông tin thanh toán. Chúng tôi sẽ kiểm tra tài khoản nhận thanh toán và phản hồi lại sau.',1,0,0,55,142,NULL,NULL,NULL,1559747226,1559747226),(249,2,27,20,'[Yêu cầu] Ko biết BQL đã nhận được xèng chưa','BQL: Kính chào quý cư dân, chúng tôi đã nhận được thông tin thanh toán. Chúng tôi sẽ kiểm tra tài khoản nhận thanh toán và phản hồi lại sau.',1,0,0,55,142,NULL,NULL,NULL,1559747226,1559747226),(250,2,27,38,'[Yêu cầu] Ko biết BQL đã nhận được xèng chưa','BQL: Kính chào quý cư dân, chúng tôi đã nhận được thông tin thanh toán. Chúng tôi sẽ kiểm tra tài khoản nhận thanh toán và phản hồi lại sau.',1,0,0,55,142,NULL,NULL,NULL,1559747226,1559747226),(251,2,27,1,'[Yêu cầu] Ko biết BQL đã nhận được xèng chưa','BQL: Kính chào quý cư dân, chúng tôi đã nhận được thông tin thanh toán. Chúng tôi sẽ kiểm tra tài khoản nhận thanh toán và phản hồi lại sau.',1,0,0,55,142,NULL,NULL,NULL,1559747226,1559747226),(252,2,26,6,'[Luci Labs] Thông báo chung','HLV Park Hang-seo và mũi tên trúng nhiều đích trước Thái Lan',4,0,0,NULL,NULL,NULL,NULL,435,1559806021,1559806021),(253,2,26,26,'[Luci Labs] Thông báo chung','HLV Park Hang-seo và mũi tên trúng nhiều đích trước Thái Lan',4,0,0,NULL,NULL,NULL,NULL,435,1559806021,1559806021),(254,2,26,36,'[Luci Labs] Thông báo chung','HLV Park Hang-seo và mũi tên trúng nhiều đích trước Thái Lan',4,0,0,NULL,NULL,NULL,NULL,435,1559806021,1559806021),(255,2,26,37,'[Luci Labs] Thông báo chung','HLV Park Hang-seo và mũi tên trúng nhiều đích trước Thái Lan',4,0,0,NULL,NULL,NULL,NULL,435,1559806021,1559806021),(256,2,26,1,'[Luci Labs] Thông báo chung','HLV Park Hang-seo và mũi tên trúng nhiều đích trước Thái Lan',4,0,0,NULL,NULL,NULL,NULL,435,1559806021,1559806021),(257,2,26,1,'[Luci Labs] Thông báo chung','HLV Park Hang-seo và mũi tên trúng nhiều đích trước Thái Lan',4,0,0,NULL,NULL,NULL,NULL,436,1559806021,1559806021),(258,2,26,34,'[Luci Labs] Thông báo chung','HLV Park Hang-seo và mũi tên trúng nhiều đích trước Thái Lan',4,0,0,NULL,NULL,NULL,NULL,436,1559806021,1559806021),(259,2,26,35,'[Luci Labs] Thông báo chung','HLV Park Hang-seo và mũi tên trúng nhiều đích trước Thái Lan',4,0,0,NULL,NULL,NULL,NULL,436,1559806021,1559806021),(260,2,26,18,'[Luci Labs] Thông báo chung','HLV Park Hang-seo và mũi tên trúng nhiều đích trước Thái Lan',4,0,0,NULL,NULL,NULL,NULL,436,1559806021,1559806021),(261,2,27,1,'[Luci Labs] Thông báo chung','HLV Park Hang-seo và mũi tên trúng nhiều đích trước Thái Lan',4,0,0,NULL,NULL,NULL,NULL,437,1559806021,1559806021),(262,2,27,9,'[Luci Labs] Thông báo chung','HLV Park Hang-seo và mũi tên trúng nhiều đích trước Thái Lan',4,0,0,NULL,NULL,NULL,NULL,437,1559806021,1559806021),(263,2,27,6,'[Luci Labs] Thông báo chung','HLV Park Hang-seo và mũi tên trúng nhiều đích trước Thái Lan',4,0,0,NULL,NULL,NULL,NULL,437,1559806021,1559806021),(264,2,27,14,'[Luci Labs] Thông báo chung','HLV Park Hang-seo và mũi tên trúng nhiều đích trước Thái Lan',4,0,0,NULL,NULL,NULL,NULL,438,1559806021,1559806021),(265,2,27,13,'[Luci Labs] Thông báo chung','HLV Park Hang-seo và mũi tên trúng nhiều đích trước Thái Lan',4,0,0,NULL,NULL,NULL,NULL,438,1559806021,1559806021),(266,2,27,15,'[Luci Labs] Thông báo chung','HLV Park Hang-seo và mũi tên trúng nhiều đích trước Thái Lan',4,0,0,NULL,NULL,NULL,NULL,439,1559806021,1559806021),(267,2,27,20,'[Luci Labs] Thông báo chung','HLV Park Hang-seo và mũi tên trúng nhiều đích trước Thái Lan',4,0,0,NULL,NULL,NULL,NULL,439,1559806021,1559806021),(268,2,27,38,'[Luci Labs] Thông báo chung','HLV Park Hang-seo và mũi tên trúng nhiều đích trước Thái Lan',4,0,0,NULL,NULL,NULL,NULL,439,1559806021,1559806021),(269,2,27,1,'[Luci Labs] Thông báo chung','HLV Park Hang-seo và mũi tên trúng nhiều đích trước Thái Lan',4,0,0,NULL,NULL,NULL,NULL,439,1559806021,1559806021),(270,2,27,9,'[Luci Labs] Thông báo chung','HLV Park Hang-seo và mũi tên trúng nhiều đích trước Thái Lan',4,0,0,NULL,NULL,NULL,NULL,440,1559806021,1559806021),(271,2,27,1,'[Luci Labs] Thông báo chung','HLV Park Hang-seo và mũi tên trúng nhiều đích trước Thái Lan',4,0,0,NULL,NULL,NULL,NULL,440,1559806021,1559806021),(272,2,27,36,'[Luci Labs] Thông báo chung','HLV Park Hang-seo và mũi tên trúng nhiều đích trước Thái Lan',4,0,0,NULL,NULL,NULL,NULL,441,1559806021,1559806021),(273,2,26,6,'[Luci Labs] Thông báo kỹ thuật','Thông báo về việc cập nhật cho phần mềm cư dân trên mobile',4,0,0,NULL,NULL,NULL,NULL,442,1559843342,1559843342),(274,2,26,26,'[Luci Labs] Thông báo kỹ thuật','Thông báo về việc cập nhật cho phần mềm cư dân trên mobile',4,0,0,NULL,NULL,NULL,NULL,442,1559843342,1559843342),(275,2,26,36,'[Luci Labs] Thông báo kỹ thuật','Thông báo về việc cập nhật cho phần mềm cư dân trên mobile',4,0,0,NULL,NULL,NULL,NULL,442,1559843342,1559843342),(276,2,26,37,'[Luci Labs] Thông báo kỹ thuật','Thông báo về việc cập nhật cho phần mềm cư dân trên mobile',4,0,0,NULL,NULL,NULL,NULL,442,1559843342,1559843342),(277,2,26,1,'[Luci Labs] Thông báo kỹ thuật','Thông báo về việc cập nhật cho phần mềm cư dân trên mobile',4,0,0,NULL,NULL,NULL,NULL,442,1559843342,1559843342),(278,2,26,1,'[Luci Labs] Thông báo kỹ thuật','Thông báo về việc cập nhật cho phần mềm cư dân trên mobile',4,0,0,NULL,NULL,NULL,NULL,443,1559843342,1559843342),(279,2,26,34,'[Luci Labs] Thông báo kỹ thuật','Thông báo về việc cập nhật cho phần mềm cư dân trên mobile',4,0,0,NULL,NULL,NULL,NULL,443,1559843342,1559843342),(280,2,26,35,'[Luci Labs] Thông báo kỹ thuật','Thông báo về việc cập nhật cho phần mềm cư dân trên mobile',4,0,0,NULL,NULL,NULL,NULL,443,1559843342,1559843342),(281,2,26,18,'[Luci Labs] Thông báo kỹ thuật','Thông báo về việc cập nhật cho phần mềm cư dân trên mobile',4,0,0,NULL,NULL,NULL,NULL,443,1559843342,1559843342),(282,2,27,1,'[Luci Labs] Thông báo kỹ thuật','Thông báo về việc cập nhật cho phần mềm cư dân trên mobile',4,0,0,NULL,NULL,NULL,NULL,444,1559843342,1559843342),(283,2,27,9,'[Luci Labs] Thông báo kỹ thuật','Thông báo về việc cập nhật cho phần mềm cư dân trên mobile',4,0,0,NULL,NULL,NULL,NULL,444,1559843342,1559843342),(284,2,27,6,'[Luci Labs] Thông báo kỹ thuật','Thông báo về việc cập nhật cho phần mềm cư dân trên mobile',4,0,0,NULL,NULL,NULL,NULL,444,1559843342,1559843342),(285,2,27,14,'[Luci Labs] Thông báo kỹ thuật','Thông báo về việc cập nhật cho phần mềm cư dân trên mobile',4,0,0,NULL,NULL,NULL,NULL,445,1559843342,1559843342),(286,2,27,13,'[Luci Labs] Thông báo kỹ thuật','Thông báo về việc cập nhật cho phần mềm cư dân trên mobile',4,0,0,NULL,NULL,NULL,NULL,445,1559843342,1559843342),(287,2,27,15,'[Luci Labs] Thông báo kỹ thuật','Thông báo về việc cập nhật cho phần mềm cư dân trên mobile',4,0,0,NULL,NULL,NULL,NULL,446,1559843342,1559843342),(288,2,27,20,'[Luci Labs] Thông báo kỹ thuật','Thông báo về việc cập nhật cho phần mềm cư dân trên mobile',4,0,0,NULL,NULL,NULL,NULL,446,1559843342,1559843342),(289,2,27,38,'[Luci Labs] Thông báo kỹ thuật','Thông báo về việc cập nhật cho phần mềm cư dân trên mobile',4,0,0,NULL,NULL,NULL,NULL,446,1559843342,1559843342),(290,2,27,1,'[Luci Labs] Thông báo kỹ thuật','Thông báo về việc cập nhật cho phần mềm cư dân trên mobile',4,0,0,NULL,NULL,NULL,NULL,446,1559843342,1559843342),(291,2,27,9,'[Luci Labs] Thông báo kỹ thuật','Thông báo về việc cập nhật cho phần mềm cư dân trên mobile',4,0,0,NULL,NULL,NULL,NULL,447,1559843342,1559843342),(292,2,27,1,'[Luci Labs] Thông báo kỹ thuật','Thông báo về việc cập nhật cho phần mềm cư dân trên mobile',4,0,0,NULL,NULL,NULL,NULL,447,1559843342,1559843342),(293,2,27,36,'[Luci Labs] Thông báo kỹ thuật','Thông báo về việc cập nhật cho phần mềm cư dân trên mobile',4,0,0,NULL,NULL,NULL,NULL,448,1559843342,1559843342),(294,1,23,10,'[SEASON AVENUA] Thông báo kĩ thuật','Thông báo về việc cập nhật cho phần mềm cư dân trên mobile',4,0,0,NULL,NULL,NULL,NULL,452,1559844062,1559844062),(295,1,23,18,'[SEASON AVENUA] Thông báo kĩ thuật','Thông báo về việc cập nhật cho phần mềm cư dân trên mobile',4,0,0,NULL,NULL,NULL,NULL,453,1559844062,1559844062),(296,1,23,317,'[SEASON AVENUA] Thông báo kĩ thuật','Thông báo về việc cập nhật cho phần mềm cư dân trên mobile',4,0,0,NULL,NULL,NULL,NULL,454,1559844062,1559844062),(297,1,46,25,'[SEASON AVENUA] Thông báo kĩ thuật','Thông báo về việc cập nhật cho phần mềm cư dân trên mobile',4,0,0,NULL,NULL,NULL,NULL,458,1559844062,1559844062),(298,1,51,1,'[SEASON AVENUA] Thông báo kĩ thuật','Thông báo về việc cập nhật cho phần mềm cư dân trên mobile',4,0,0,NULL,NULL,NULL,NULL,459,1559844062,1559844062),(299,1,51,42,'[SEASON AVENUA] Thông báo kĩ thuật','Thông báo về việc cập nhật cho phần mềm cư dân trên mobile',4,0,0,NULL,NULL,NULL,NULL,459,1559844062,1559844062),(300,1,32,90,'[SEASON AVENUA] Thông báo kĩ thuật','Thông báo về việc cập nhật cho phần mềm cư dân trên mobile',4,0,0,NULL,NULL,NULL,NULL,461,1559844062,1559844062),(301,1,32,91,'[SEASON AVENUA] Thông báo kĩ thuật','Thông báo về việc cập nhật cho phần mềm cư dân trên mobile',4,0,0,NULL,NULL,NULL,NULL,462,1559844062,1559844062),(302,1,32,92,'[SEASON AVENUA] Thông báo kĩ thuật','Thông báo về việc cập nhật cho phần mềm cư dân trên mobile',4,0,0,NULL,NULL,NULL,NULL,463,1559844062,1559844062),(303,1,32,93,'[SEASON AVENUA] Thông báo kĩ thuật','Thông báo về việc cập nhật cho phần mềm cư dân trên mobile',4,0,0,NULL,NULL,NULL,NULL,464,1559844062,1559844062),(304,1,32,94,'[SEASON AVENUA] Thông báo kĩ thuật','Thông báo về việc cập nhật cho phần mềm cư dân trên mobile',4,0,0,NULL,NULL,NULL,NULL,465,1559844062,1559844062),(305,1,32,95,'[SEASON AVENUA] Thông báo kĩ thuật','Thông báo về việc cập nhật cho phần mềm cư dân trên mobile',4,0,0,NULL,NULL,NULL,NULL,466,1559844062,1559844062),(306,1,32,96,'[SEASON AVENUA] Thông báo kĩ thuật','Thông báo về việc cập nhật cho phần mềm cư dân trên mobile',4,0,0,NULL,NULL,NULL,NULL,467,1559844062,1559844062),(307,1,32,97,'[SEASON AVENUA] Thông báo kĩ thuật','Thông báo về việc cập nhật cho phần mềm cư dân trên mobile',4,0,0,NULL,NULL,NULL,NULL,468,1559844062,1559844062),(308,1,32,98,'[SEASON AVENUA] Thông báo kĩ thuật','Thông báo về việc cập nhật cho phần mềm cư dân trên mobile',4,0,0,NULL,NULL,NULL,NULL,469,1559844062,1559844062),(309,1,32,41,'[SEASON AVENUA] Thông báo kĩ thuật','Thông báo về việc cập nhật cho phần mềm cư dân trên mobile',4,0,0,NULL,NULL,NULL,NULL,470,1559844062,1559844062),(310,1,32,237,'[SEASON AVENUA] Thông báo kĩ thuật','Thông báo về việc cập nhật cho phần mềm cư dân trên mobile',4,0,0,NULL,NULL,NULL,NULL,470,1559844062,1559844062),(311,1,33,100,'[SEASON AVENUA] Thông báo kĩ thuật','Thông báo về việc cập nhật cho phần mềm cư dân trên mobile',4,0,0,NULL,NULL,NULL,NULL,472,1559844062,1559844062),(312,1,33,101,'[SEASON AVENUA] Thông báo kĩ thuật','Thông báo về việc cập nhật cho phần mềm cư dân trên mobile',4,0,0,NULL,NULL,NULL,NULL,473,1559844062,1559844062),(313,1,33,102,'[SEASON AVENUA] Thông báo kĩ thuật','Thông báo về việc cập nhật cho phần mềm cư dân trên mobile',4,0,0,NULL,NULL,NULL,NULL,474,1559844062,1559844062),(314,1,33,103,'[SEASON AVENUA] Thông báo kĩ thuật','Thông báo về việc cập nhật cho phần mềm cư dân trên mobile',4,0,0,NULL,NULL,NULL,NULL,475,1559844062,1559844062),(315,1,33,104,'[SEASON AVENUA] Thông báo kĩ thuật','Thông báo về việc cập nhật cho phần mềm cư dân trên mobile',4,0,0,NULL,NULL,NULL,NULL,476,1559844062,1559844062),(316,1,33,105,'[SEASON AVENUA] Thông báo kĩ thuật','Thông báo về việc cập nhật cho phần mềm cư dân trên mobile',4,0,0,NULL,NULL,NULL,NULL,477,1559844062,1559844062),(317,1,33,106,'[SEASON AVENUA] Thông báo kĩ thuật','Thông báo về việc cập nhật cho phần mềm cư dân trên mobile',4,0,0,NULL,NULL,NULL,NULL,478,1559844062,1559844062),(318,1,33,107,'[SEASON AVENUA] Thông báo kĩ thuật','Thông báo về việc cập nhật cho phần mềm cư dân trên mobile',4,0,0,NULL,NULL,NULL,NULL,479,1559844062,1559844062),(319,1,33,29,'[SEASON AVENUA] Thông báo kĩ thuật','Thông báo về việc cập nhật cho phần mềm cư dân trên mobile',4,0,0,NULL,NULL,NULL,NULL,480,1559844062,1559844062),(320,1,33,246,'[SEASON AVENUA] Thông báo kĩ thuật','Thông báo về việc cập nhật cho phần mềm cư dân trên mobile',4,0,0,NULL,NULL,NULL,NULL,480,1559844062,1559844062),(321,1,33,33,'[SEASON AVENUA] Thông báo kĩ thuật','Thông báo về việc cập nhật cho phần mềm cư dân trên mobile',4,0,0,NULL,NULL,NULL,NULL,481,1559844062,1559844062),(322,1,33,39,'[SEASON AVENUA] Thông báo kĩ thuật','Thông báo về việc cập nhật cho phần mềm cư dân trên mobile',4,0,0,NULL,NULL,NULL,NULL,481,1559844062,1559844062),(323,1,34,19,'[SEASON AVENUA] Thông báo kĩ thuật','Thông báo về việc cập nhật cho phần mềm cư dân trên mobile',4,0,0,NULL,NULL,NULL,NULL,482,1559844062,1559844062),(324,1,34,110,'[SEASON AVENUA] Thông báo kĩ thuật','Thông báo về việc cập nhật cho phần mềm cư dân trên mobile',4,0,0,NULL,NULL,NULL,NULL,482,1559844062,1559844062),(325,1,34,9,'[SEASON AVENUA] Thông báo kĩ thuật','Thông báo về việc cập nhật cho phần mềm cư dân trên mobile',4,0,0,NULL,NULL,NULL,NULL,483,1559844062,1559844062),(326,1,34,40,'[SEASON AVENUA] Thông báo kĩ thuật','Thông báo về việc cập nhật cho phần mềm cư dân trên mobile',4,0,0,NULL,NULL,NULL,NULL,483,1559844062,1559844062),(327,1,34,112,'[SEASON AVENUA] Thông báo kĩ thuật','Thông báo về việc cập nhật cho phần mềm cư dân trên mobile',4,0,0,NULL,NULL,NULL,NULL,484,1559844062,1559844062),(328,1,34,319,'[SEASON AVENUA] Thông báo kĩ thuật','Thông báo về việc cập nhật cho phần mềm cư dân trên mobile',4,0,0,NULL,NULL,NULL,NULL,484,1559844062,1559844062),(329,1,35,19,'[SEASON AVENUA] Thông báo kĩ thuật','Thông báo về việc cập nhật cho phần mềm cư dân trên mobile',4,0,0,NULL,NULL,NULL,NULL,486,1559844062,1559844062),(330,1,35,264,'[SEASON AVENUA] Thông báo kĩ thuật','Thông báo về việc cập nhật cho phần mềm cư dân trên mobile',4,0,0,NULL,NULL,NULL,NULL,486,1559844062,1559844062);
/*!40000 ALTER TABLE `resident_user_notify` ENABLE KEYS */;
UNLOCK TABLES;

--
-- Table structure for table `service`
--

DROP TABLE IF EXISTS `service`;
/*!40101 SET @saved_cs_client     = @@character_set_client */;
/*!40101 SET character_set_client = utf8 */;
CREATE TABLE `service` (
  `id` int(11) NOT NULL AUTO_INCREMENT,
  `name` varchar(255) COLLATE utf8_unicode_ci NOT NULL,
  `description` text COLLATE utf8_unicode_ci DEFAULT NULL,
  `logo` varchar(255) COLLATE utf8_unicode_ci DEFAULT NULL,
  `status` int(11) DEFAULT 0 COMMENT '0 - chưa kích hoạt, 1 - đã kích hoạt',
  `created_at` int(11) DEFAULT NULL,
  `updated_at` int(11) DEFAULT NULL,
  `service_type` int(11) DEFAULT 0 COMMENT '0 - Điện, 1 - Nước, 2 - Dịch vụ , ...',
  `type` int(11) DEFAULT 0 COMMENT '0 - dich vu he thong, 1 - dich vu phat sinh',
  `type_target` int(11) DEFAULT 0 COMMENT '0 - theo phòng, 1 theo resident',
  `base_url` varchar(255) COLLATE utf8_unicode_ci DEFAULT NULL,
  `icon_name` varchar(255) COLLATE utf8_unicode_ci DEFAULT NULL,
  PRIMARY KEY (`id`),
  KEY `idx-service-status` (`status`)
) ENGINE=InnoDB AUTO_INCREMENT=6 DEFAULT CHARSET=utf8 COLLATE=utf8_unicode_ci;
/*!40101 SET character_set_client = @saved_cs_client */;

--
-- Dumping data for table `service`
--

LOCK TABLES `service` WRITE;
/*!40000 ALTER TABLE `service` DISABLE KEYS */;
INSERT INTO `service` VALUES (2,'Dịch vụ nước sinh hoạt','Công ty TNHH một thành viên nước sạch Hà Nội có 100% vốn Nhà nước, trực tiếp tổ chức hoạt động sản xuất kinh doanh, thực hiện một số quyền và nghĩa vụ của chủ sở hữu đối với phần vốn Nhà nước đầu tư vào các công ty thành viên, Công ty con, Công ty liên do','/uploads/images/201905/1559274618-nuoc-sach-3.jpg',1,1559274480,1559274620,1,0,0,'/water',NULL),(3,'Dịch vụ trông giữ xe máy','Nhu cầu sử dụng phương tiện đi lại ngày càng cao, xe máy được người dân ưa chuộng và sử dụng làm phương tiện đi lại hàng ngày. Tuy nhiên khi đến dịp lễ tết, khi nhu cầu đi lại tăng lên thì khó mà có thể tìm được nơi nào ưng ý an tâm gửi xe để dạo chơi, tham quan. Một số bãi xe tự phát mọc khắp các đường phố với các mức giá trên trời hoặc bãi xe chật chội, xe không được sắp xếp trật tự. Ngoài ra còn có trường hợp, người giữ xe luộc phụ tùng của khách hàng ngay tại bãi,…\r\nVới tình hình đó, chúng tôi cho ra đời dịch vụ trông giữ xe với đội ngũ nhân viên phục vụ có uy tính với thái độ phục vụ có thể khiến cho khách hàng vừa lòng.\r\n+ Giữ xe ô tô, xe máy trong khuôn viên bãi giữ xe.\r\n+ Sắp xếp, phân loại các xe theo lô và hàng khác nhau để dễ kiểm soát\r\n+ Thường xuyên tuần tra ngăn chặn những hành vi trộm cắp xe và phụ tùng xe','/uploads/images/201906/1559748247-dauthauhopdongbaigiuxe.jpg',1,1559748250,1559748250,0,0,0,'/moto-packing','icRideParking'),(4,'Dịch vụ quản lý chung cư','Xã hội ngày càng phát triển, điều kiện sống không ngừng được nâng cao, điều này đòi hỏi con người phải tốn thêm ngân sách để chi trả cho những tiện ích tuyệt vời của cuộc sống. Và ở chung cư cũng vậy, để có được môi trường sống tốt nhất, với những tiện ích tuyệt vời nhất, an ninh đảm bảo nhất, bạn cũng cần phải bỏ ra một khoản chi phí nhất định có tên phí quản lý nhà ở chung cư. Chi phí quản lý chung cư bao gồm:\r\n\r\nPhí an ninh bảo vệ\r\nPhí dọn dẹp vệ sinh khu vực chung như hành lang, đường nội bộ…\r\nPhí sử dụng hồ bơi\r\nTiền trả nước tưới cây trong khuôn viên chung cư\r\nTiền điện dành cho khu vực thang máy\r\nPhí sửa chữa các thiết bị trong khu vực chung\r\nPhí lắp đặt hệ thống phòng cháy chữa cháy…','/uploads/images/201906/1559748898-43cbc86dc7de24807dcf.jpg',1,1559748870,1559748900,2,0,0,'/apartment-fee',''),(5,'Dịch vụ tiện ích miễn phí','– Dịch vụ internet: Viettel, VNPT (Khách hàng tự đăng ký sử dụng dịch vụ với nhà mạng).\r\n\r\n– Đơn vị cung cấp dịch vụ điện thoại/fax: Viettel, VNPT (Khách hàng tự đăng ký sử dụng dịch vụ với nhà mạng).\r\n\r\n– Đơn vị cung cấp nguồn điện lưới: Sử dụng điện từ trạm điện lưới Hà Đông thông qua trạm trung thế độc lập của tòa nhà có công suất 1600 KVA.\r\n\r\n– Nguồn điện và năng lực cung cấp điện dự phòng, thời gian chuyển đổi, địa điểm đặt máy nổ (nếu có), kế hoạch bảo trì bảo dưỡng máy nổ, kế hoạch chạy thử, kiểm tra định kỳ, v.v.\r\n\r\nSử dụng máy phát điện Misumitshi công suất 2030 KVA có thể hoạt động cung cấp điện cho cả tòa nhà tối đa 72 giờ khi mất điện. Khi mất điện lưới, hệ thống tự khởi động sau 30 giây.\r\nMáy phát điện được kiểm tra định kỳ 1 tuần 2 lần. Chạy 1 tuần 1 lần không tải, 2 tuần 1 lần có tải, được bảo dưỡng sau khi máy chạy được 200 giờ.\r\nMáy được đặt ngoài tòa nhà, cùng khu vực với trạm trung thế, và trạm cấp nước.\r\n– Hệ thống an ninh (bảo vệ, camera giám sát, thẻ ra vào, đăng ký ra vào, v.v.)\r\n\r\nTòa nhà được bảo vệ bởi 19 nhân viên an ninh và hệ thống camera giám sát 24/7. Bảo vệ tuần tra liên tục, đứng chốt thường xuyên các điểm trên toàn nhà.\r\nCamera vòng ngoài tòa nhà, khu vực công cộng, lối ra vào tòa nhà. Lắp đặt 4 camera mỗi tầng.\r\nPhải đăng ký nhận thẻ ra vào tòa nhà tại quầy lễ tân, nếu không có thẻ sẽ không được đi lại trong tòa nhà.\r\n– Hệ thống điều hòa, hút ẩm (của hãng nào, đời thứ mấy): Hệ thống điều hòa, hút ẩm trung tâm Intelligent Manager VRV3-DAIKIN Invester hai chiều, đảm bảo điều hòa nhiệt độ và hút ẩm cho hệ thống văn phòng tòa nhà.\r\n\r\n','/uploads/images/201906/1559789270-dich-vu-tien-ich-tai-rivera-park-ha-noi.jpg',1,1559789556,1559789663,2,1,0,'/utility-free','icRideParking');
/*!40000 ALTER TABLE `service` ENABLE KEYS */;
UNLOCK TABLES;

--
-- Table structure for table `service_bill`
--

DROP TABLE IF EXISTS `service_bill`;
/*!40101 SET @saved_cs_client     = @@character_set_client */;
/*!40101 SET character_set_client = utf8 */;
CREATE TABLE `service_bill` (
  `id` int(11) NOT NULL AUTO_INCREMENT,
  `code` varchar(255) COLLATE utf8_unicode_ci NOT NULL COMMENT 'Mã phiếu thu',
  `building_cluster_id` int(11) NOT NULL,
  `building_area_id` int(11) DEFAULT NULL,
  `apartment_id` int(11) DEFAULT NULL,
  `management_user_id` int(11) DEFAULT NULL COMMENT 'Người tạo phiếu',
  `resident_user_id` int(11) DEFAULT NULL COMMENT 'Chủ hộ ở thời điểm hiện tại',
  `resident_user_name` varchar(255) COLLATE utf8_unicode_ci DEFAULT NULL COMMENT 'Chủ hộ ở thời điểm hiện tại',
  `payer_name` varchar(255) COLLATE utf8_unicode_ci DEFAULT NULL COMMENT 'Người nộp tiền',
  `type_payment` int(11) DEFAULT 0 COMMENT '0 - Tiền mặt, 1 - chuyển khoản',
  `status` int(11) DEFAULT 0 COMMENT '0 - chưa thanh toán, 1 - đã thanh toán',
  `is_deleted` int(1) DEFAULT 0 COMMENT '0 - chưa xóa, 1 - đã xóa',
  `created_at` int(11) DEFAULT NULL,
  `updated_at` int(11) DEFAULT NULL,
  `created_by` int(11) DEFAULT NULL,
  `updated_by` int(11) DEFAULT NULL,
  `total_price` int(11) DEFAULT 0,
  `service_provider_id` int(11) DEFAULT NULL,
  PRIMARY KEY (`id`)
) ENGINE=InnoDB AUTO_INCREMENT=30 DEFAULT CHARSET=utf8 COLLATE=utf8_unicode_ci;
/*!40101 SET character_set_client = @saved_cs_client */;

--
-- Dumping data for table `service_bill`
--

LOCK TABLES `service_bill` WRITE;
/*!40000 ALTER TABLE `service_bill` DISABLE KEYS */;
INSERT INTO `service_bill` VALUES (9,'OUXMTG',2,26,10,NULL,1,'Phạm Duy Đạt','Phạm Duy Đạt',0,0,0,1559544179,1559544180,1,1,0,NULL),(11,'S617BU',2,26,10,NULL,1,'Phạm Duy Đạt','Phạm Duy Đạt',0,0,0,1559545213,1559545218,1,1,0,NULL),(17,'87GHZB',2,26,10,NULL,1,'Phạm Duy Đạt','Phạm Duy Đạt',0,0,0,1559548717,1559548718,1,1,0,NULL),(19,'W1PB5O',2,26,10,NULL,1,'Phạm Duy Đạt','Phạm Duy Đạt',0,0,0,1559550082,1559550083,1,1,0,NULL),(20,'V3DMTC',2,26,10,NULL,1,'Phạm Duy Đạt','Phạm Duy Đạt',0,0,0,1559550281,1559550282,1,1,0,NULL),(21,'URGFP5',2,26,10,NULL,1,'Phạm Duy Đạt','Phạm Duy Đạt',0,0,0,1559550379,1559550381,1,1,0,NULL),(22,'OW7TKW',2,26,10,NULL,1,'Phạm Duy Đạt','Phạm Duy Đạt',0,0,0,1559550450,1559550451,1,1,0,NULL),(23,'I5OMYV',2,26,10,NULL,1,'Phạm Duy Đạt','Phạm Duy Đạt',0,0,0,1559550456,1559550458,1,1,0,NULL),(24,'2UYDEQ',2,26,10,NULL,1,'Phạm Duy Đạt','Phạm Duy Đạt',0,0,0,1559550463,1559550465,1,1,0,NULL),(26,'SQ6XNH',2,27,11,NULL,15,'Lâm Hùng Sơn','Lâm Hùng Sơn',0,0,0,1559573348,1559573355,15,15,0,NULL),(27,'EQPBYX',2,27,8,NULL,1,'Phạm Duy Đạt','Phạm Duy Đạt',0,0,0,1559697527,1559697543,1,1,0,NULL),(28,'6SV7BT',2,26,10,7,26,'Hoàng Thùy Linh','Dương Quốc Huy',0,1,0,1559726013,1559871846,7,7,0,NULL),(29,'WNBYON',2,26,10,18,26,'Hoàng Thùy Linh','Dương Quốc Huy',0,10,0,1559746906,1559815318,18,7,0,NULL);
/*!40000 ALTER TABLE `service_bill` ENABLE KEYS */;
UNLOCK TABLES;

--
-- Table structure for table `service_bill_item`
--

DROP TABLE IF EXISTS `service_bill_item`;
/*!40101 SET @saved_cs_client     = @@character_set_client */;
/*!40101 SET character_set_client = utf8 */;
CREATE TABLE `service_bill_item` (
  `id` int(11) NOT NULL AUTO_INCREMENT,
  `service_bill_id` int(11) NOT NULL,
  `service_payment_fee_id` int(11) NOT NULL,
  `service_map_management_id` int(11) NOT NULL,
  `description` varchar(255) COLLATE utf8_unicode_ci DEFAULT NULL,
  `price` int(11) NOT NULL,
  `fee_of_month` int(11) DEFAULT NULL COMMENT 'Thanh toán phí tháng ? ',
  `created_at` int(11) DEFAULT NULL,
  `updated_at` int(11) DEFAULT NULL,
  `created_by` int(11) DEFAULT NULL,
  `updated_by` int(11) DEFAULT NULL,
  PRIMARY KEY (`id`),
  KEY `idx-service_bill_item-service_map_management_id` (`service_map_management_id`),
  KEY `idx-service_bill_item-service_payment_fee_id` (`service_payment_fee_id`),
  KEY `idx-service_bill_item-service_bill_id` (`service_bill_id`),
  KEY `idx-service_bill_item-price` (`price`),
  KEY `idx-service_bill_item-fee_of_month` (`fee_of_month`)
) ENGINE=InnoDB AUTO_INCREMENT=37 DEFAULT CHARSET=utf8 COLLATE=utf8_unicode_ci;
/*!40101 SET character_set_client = @saved_cs_client */;

--
-- Dumping data for table `service_bill_item`
--

LOCK TABLES `service_bill_item` WRITE;
/*!40000 ALTER TABLE `service_bill_item` DISABLE KEYS */;
INSERT INTO `service_bill_item` VALUES (6,9,7,2,'Số nước tháng này của bạn là 12m3. ',100000,1554273366,1559544179,1559544179,1,1),(8,11,7,2,'Số nước tháng này của bạn là 12m3. ',100000,1554273366,1559545213,1559545213,1,1),(16,17,8,2,'Số nươc tháng này 17m3',200000,1556867834,1559548717,1559548717,1,1),(18,19,9,2,'Mo ta',300000,1556868201,1559550082,1559550082,1,1),(19,20,10,2,'Thangs 3',50000,1556871858,1559550281,1559550281,1,1),(20,21,11,2,'Them moi',30000,1556871957,1559550379,1559550379,1,1),(21,22,12,2,'Them moi',20000,1556872002,1559550450,1559550450,1,1),(22,23,13,2,'Them moi',10000,1556872017,1559550456,1559550456,1,1),(23,24,14,2,'them moi',20000,1556872036,1559550463,1559550463,1,1),(25,26,16,2,'Số nước tháng này của gia đình: 24m3',200000,1556894765,1559573348,1559573348,15,15),(26,27,15,2,'Dịch vụ nước tháng 4\nSố đầu: 10 m3\nSố cuối: 30 m3',100000,1554288319,1559697527,1559697527,1,1),(27,28,13,2,'Them moi',10000,1556872017,1559726013,1559726013,7,7),(28,28,14,2,'them moi',20000,1556872036,1559726013,1559726013,7,7),(29,29,7,2,'Số nước tháng này của bạn là 12m3. ',100000,1554273366,1559746906,1559746906,18,18),(30,29,8,2,'Số nươc tháng này 17m3',200000,1556867834,1559746906,1559746906,18,18),(31,29,9,2,'Mo ta',300000,1556868201,1559746906,1559746906,18,18),(32,29,10,2,'Thangs 3',50000,1556871858,1559746906,1559746906,18,18),(33,29,11,2,'Them moi',30000,1556871957,1559746906,1559746906,18,18),(34,29,12,2,'Them moi',20000,1556872002,1559746906,1559746906,18,18),(35,29,13,2,'Them moi',10000,1556872017,1559746906,1559746906,18,18),(36,29,14,2,'them moi',20000,1556872036,1559746906,1559746906,18,18);
/*!40000 ALTER TABLE `service_bill_item` ENABLE KEYS */;
UNLOCK TABLES;

--
-- Table structure for table `service_building_config`
--

DROP TABLE IF EXISTS `service_building_config`;
/*!40101 SET @saved_cs_client     = @@character_set_client */;
/*!40101 SET character_set_client = utf8 */;
CREATE TABLE `service_building_config` (
  `id` int(11) NOT NULL AUTO_INCREMENT,
  `service_id` int(11) NOT NULL,
  `service_map_management_id` int(11) NOT NULL,
  `building_cluster_id` int(11) NOT NULL,
  `building_area_id` int(11) DEFAULT NULL,
  `price` int(11) DEFAULT NULL,
  `unit` int(11) DEFAULT NULL,
  `day` int(11) DEFAULT 1 COMMENT 'ngày tạo phí : mặc định là 1 - (ngày đầu tháng)',
  `month_cycle` int(11) DEFAULT 1 COMMENT 'chu kỳ lặp của tháng: mặc định là 1 - (1 tháng 1 lần)',
  `cr_minutes` varchar(255) COLLATE utf8_unicode_ci DEFAULT '*',
  `cr_hours` varchar(255) COLLATE utf8_unicode_ci DEFAULT '*',
  `cr_days` varchar(255) COLLATE utf8_unicode_ci DEFAULT '*',
  `cr_months` varchar(255) COLLATE utf8_unicode_ci DEFAULT '*',
  `cr_days_of_week` varchar(255) COLLATE utf8_unicode_ci DEFAULT '*',
  `created_at` int(11) DEFAULT NULL,
  `updated_at` int(11) DEFAULT NULL,
  `created_by` int(11) DEFAULT NULL,
  `updated_by` int(11) DEFAULT NULL,
  `offset_day` int(11) DEFAULT 0 COMMENT 'thời hạn nộp phí => số ngày sau khi có fee',
  PRIMARY KEY (`id`),
  KEY `idx-service_building_config-cr_minutes` (`cr_minutes`),
  KEY `idx-service_building_config-cr_hours` (`cr_hours`),
  KEY `idx-service_building_config-cr_days` (`cr_days`),
  KEY `idx-service_building_config-cr_months` (`cr_months`),
  KEY `idx-service_building_config-cr_days_of_week` (`cr_days_of_week`),
  KEY `idx-service_building_config-unit` (`unit`),
  KEY `idx-service_building_config-price` (`price`),
  KEY `idx-service_building_config-service_id` (`service_id`),
  KEY `idx-service_building_config-service_map_management_id` (`service_map_management_id`),
  KEY `idx-service_building_config-building_cluster_id` (`building_cluster_id`),
  KEY `idx-service_building_config-building_area_id` (`building_area_id`)
) ENGINE=InnoDB AUTO_INCREMENT=2 DEFAULT CHARSET=utf8 COLLATE=utf8_unicode_ci;
/*!40101 SET character_set_client = @saved_cs_client */;

--
-- Dumping data for table `service_building_config`
--

LOCK TABLES `service_building_config` WRITE;
/*!40000 ALTER TABLE `service_building_config` DISABLE KEYS */;
INSERT INTO `service_building_config` VALUES (1,4,4,2,NULL,5000,0,1,12,',10,',',2,',',1,',',12,','*',1559795763,1559804506,18,18,1);
/*!40000 ALTER TABLE `service_building_config` ENABLE KEYS */;
UNLOCK TABLES;

--
-- Table structure for table `service_fee_report_date`
--

DROP TABLE IF EXISTS `service_fee_report_date`;
/*!40101 SET @saved_cs_client     = @@character_set_client */;
/*!40101 SET character_set_client = utf8 */;
CREATE TABLE `service_fee_report_date` (
  `id` int(11) NOT NULL AUTO_INCREMENT,
  `date` int(11) NOT NULL COMMENT 'báo cáo ngày',
  `status` int(11) DEFAULT 0 COMMENT 'Trạng thái 0 - chưa thanh toán, 1 - đã thanh toán',
  `service_map_management_id` int(11) DEFAULT NULL COMMENT 'theo loai dich vụ',
  `total_price` int(11) DEFAULT 0 COMMENT 'Tổng tiền',
  `building_cluster_id` int(11) NOT NULL,
  `created_at` int(11) DEFAULT NULL,
  `updated_at` int(11) DEFAULT NULL,
  PRIMARY KEY (`id`),
  KEY `idx-service_fee_report_date-date` (`date`),
  KEY `idx-service_fee_report_date-status` (`status`),
  KEY `idx-service_fee_report_date-service_map_management_id` (`service_map_management_id`),
  KEY `idx-service_fee_report_date-total_price` (`total_price`),
  KEY `idx-service_fee_report_date-building_cluster_id` (`building_cluster_id`)
) ENGINE=InnoDB AUTO_INCREMENT=6 DEFAULT CHARSET=utf8;
/*!40101 SET character_set_client = @saved_cs_client */;

--
-- Dumping data for table `service_fee_report_date`
--

LOCK TABLES `service_fee_report_date` WRITE;
/*!40000 ALTER TABLE `service_fee_report_date` DISABLE KEYS */;
INSERT INTO `service_fee_report_date` VALUES (1,1559235600,1,2,1672,2,NULL,NULL),(2,1559494800,0,2,1030000,2,NULL,NULL),(3,1559754000,0,8,1650916,1,NULL,NULL),(4,1559754000,0,3,240000,2,NULL,NULL),(5,1559754000,0,4,300000,2,NULL,NULL);
/*!40000 ALTER TABLE `service_fee_report_date` ENABLE KEYS */;
UNLOCK TABLES;

--
-- Table structure for table `service_map_management`
--

DROP TABLE IF EXISTS `service_map_management`;
/*!40101 SET @saved_cs_client     = @@character_set_client */;
/*!40101 SET character_set_client = utf8 */;
CREATE TABLE `service_map_management` (
  `id` int(11) NOT NULL AUTO_INCREMENT,
  `service_id` int(11) NOT NULL,
  `service_name` varchar(255) COLLATE utf8_unicode_ci DEFAULT NULL,
  `service_description` text COLLATE utf8_unicode_ci DEFAULT NULL,
  `service_provider_id` int(11) NOT NULL,
  `medias` text COLLATE utf8_unicode_ci DEFAULT NULL,
  `status` int(11) DEFAULT 0 COMMENT '0 - chưa kích hoạt, 1 - đã kích hoạt',
  `is_deleted` int(1) DEFAULT 0 COMMENT '0 - chưa xóa, 1 - đã xóa',
  `building_cluster_id` int(11) NOT NULL,
  `building_area_id` int(11) DEFAULT NULL,
  `created_at` int(11) DEFAULT NULL,
  `updated_at` int(11) DEFAULT NULL,
  `created_by` int(11) DEFAULT NULL,
  `updated_by` int(11) DEFAULT NULL,
  `service_type` int(11) DEFAULT NULL,
  `service_base_url` varchar(255) COLLATE utf8_unicode_ci DEFAULT NULL,
  `service_icon_name` varchar(255) COLLATE utf8_unicode_ci DEFAULT NULL,
  PRIMARY KEY (`id`),
  KEY `idx-service_map_management-status` (`status`),
  KEY `idx-service_map_management-is_deleted` (`is_deleted`),
  KEY `idx-service_map_management-building_cluster_id` (`building_cluster_id`),
  KEY `idx-service_map_management-building_area_id` (`building_area_id`),
  KEY `idx-service_map_management-service_type` (`service_type`)
) ENGINE=InnoDB AUTO_INCREMENT=9 DEFAULT CHARSET=utf8 COLLATE=utf8_unicode_ci;
/*!40101 SET character_set_client = @saved_cs_client */;

--
-- Dumping data for table `service_map_management`
--

LOCK TABLES `service_map_management` WRITE;
/*!40000 ALTER TABLE `service_map_management` DISABLE KEYS */;
INSERT INTO `service_map_management` VALUES (1,1,'Cầm đồ Xuân Hải','Cầm đồ Xuân Hải là website xây dựng phục vụ Cầm đồ tinh tế tại Việt Nam,  với phương châm “Nhanh gọn, uy tín, minh bạch” Xuân Hải chúng tôi với nhiều năm kinh nghiệp Cầm đồ tại Hà nội với đội ngũ chuyên viên kinh nghiệm, chuyên nghiệp, đảm bảo đem đến cho',5,'{\"logo\":\"\"}',1,1,2,NULL,1559215921,1559274292,18,18,NULL,'/xuanhai',NULL),(2,2,'Dịch vụ nước sinh hoạt','Công ty TNHH một thành viên nước sạch Hà Nội có 100% vốn Nhà nước, trực tiếp tổ chức hoạt động sản xuất kinh doanh, thực hiện một số quyền và nghĩa vụ của chủ sở hữu đối với phần vốn Nhà nước đầu tư vào các công ty thành viên, Công ty con, Công ty liên do',5,'{\"logo\":\"/uploads/images/201905/1559274618-nuoc-sach-3.jpg\"}',1,0,2,NULL,1559274796,1559748425,18,18,NULL,'/water','icWater'),(3,3,'Dịch vụ trông giữ xe máy','Nhu cầu sử dụng phương tiện đi lại ngày càng cao, xe máy được người dân ưa chuộng và sử dụng làm phương tiện đi lại hàng ngày. Tuy nhiên khi đến dịp lễ tết, khi nhu cầu đi lại tăng lên thì khó mà có thể tìm được nơi nào ưng ý an tâm gửi xe để dạo chơi, tham quan. Một số bãi xe tự phát mọc khắp các đường phố với các mức giá trên trời hoặc bãi xe chật chội, xe không được sắp xếp trật tự. Ngoài ra còn có trường hợp, người giữ xe luộc phụ tùng của khách hàng ngay tại bãi,…\r\nVới tình hình đó, chúng tôi cho ra đời dịch vụ trông giữ xe với đội ngũ nhân viên phục vụ có uy tính với thái độ phục vụ có thể khiến cho khách hàng vừa lòng.\r\n+ Giữ xe ô tô, xe máy trong khuôn viên bãi giữ xe.\r\n+ Sắp xếp, phân loại các xe theo lô và hàng khác nhau để dễ kiểm soát\r\n+ Thường xuyên tuần tra ngăn chặn những hành vi trộm cắp xe và phụ tùng xe',5,'{\"logo\":\"/uploads/images/201906/1559748247-dauthauhopdongbaigiuxe.jpg\"}',1,0,2,NULL,1559748466,1559748466,18,18,NULL,'/moto-packing','icRideParking'),(4,4,'Dịch vụ quản lý chung cư','Xã hội ngày càng phát triển, điều kiện sống không ngừng được nâng cao, điều này đòi hỏi con người phải tốn thêm ngân sách để chi trả cho những tiện ích tuyệt vời của cuộc sống. Và ở chung cư cũng vậy, để có được môi trường sống tốt nhất, với những tiện ích tuyệt vời nhất, an ninh đảm bảo nhất, bạn cũng cần phải bỏ ra một khoản chi phí nhất định có tên phí quản lý nhà ở chung cư. Chi phí quản lý chung cư bao gồm:\r\n\r\nPhí an ninh bảo vệ\r\nPhí dọn dẹp vệ sinh khu vực chung như hành lang, đường nội bộ…\r\nPhí sử dụng hồ bơi\r\nTiền trả nước tưới cây trong khuôn viên chung cư\r\nTiền điện dành cho khu vực thang máy\r\nPhí sửa chữa các thiết bị trong khu vực chung\r\nPhí lắp đặt hệ thống phòng cháy chữa cháy…',5,'{\"logo\":\"/uploads/images/201906/1559748898-43cbc86dc7de24807dcf.jpg\"}',1,0,2,NULL,1559748923,1559748923,18,18,NULL,'/apartment-fee',''),(6,4,'Dịch vụ quản lý chung cư','Xã hội ngày càng phát triển, điều kiện sống không ngừng được nâng cao, điều này đòi hỏi con người phải tốn thêm ngân sách để chi trả cho những tiện ích tuyệt vời của cuộc sống. Và ở chung cư cũng vậy, để có được môi trường sống tốt nhất, với những tiện ích tuyệt vời nhất, an ninh đảm bảo nhất, bạn cũng cần phải bỏ ra một khoản chi phí nhất định có tên phí quản lý nhà ở chung cư. Chi phí quản lý chung cư bao gồm:\r\n\r\nPhí an ninh bảo vệ\r\nPhí dọn dẹp vệ sinh khu vực chung như hành lang, đường nội bộ…\r\nPhí sử dụng hồ bơi\r\nTiền trả nước tưới cây trong khuôn viên chung cư\r\nTiền điện dành cho khu vực thang máy\r\nPhí sửa chữa các thiết bị trong khu vực chung\r\nPhí lắp đặt hệ thống phòng cháy chữa cháy…',24,'{\"logo\":\"/uploads/images/201906/1559748898-43cbc86dc7de24807dcf.jpg\"}',1,0,1,NULL,1559804102,1559804102,6,6,NULL,'/apartment-fee',''),(7,5,'Dịch vụ tiện ích miễn phí','– Dịch vụ internet: Viettel, VNPT (Khách hàng tự đăng ký sử dụng dịch vụ với nhà mạng).\r\n\r\n– Đơn vị cung cấp dịch vụ điện thoại/fax: Viettel, VNPT (Khách hàng tự đăng ký sử dụng dịch vụ với nhà mạng).\r\n\r\n– Đơn vị cung cấp nguồn điện lưới: Sử dụng điện từ trạm điện lưới Hà Đông thông qua trạm trung thế độc lập của tòa nhà có công suất 1600 KVA.\r\n\r\n– Nguồn điện và năng lực cung cấp điện dự phòng, thời gian chuyển đổi, địa điểm đặt máy nổ (nếu có), kế hoạch bảo trì bảo dưỡng máy nổ, kế hoạch chạy thử, kiểm tra định kỳ, v.v.\r\n\r\nSử dụng máy phát điện Misumitshi công suất 2030 KVA có thể hoạt động cung cấp điện cho cả tòa nhà tối đa 72 giờ khi mất điện. Khi mất điện lưới, hệ thống tự khởi động sau 30 giây.\r\nMáy phát điện được kiểm tra định kỳ 1 tuần 2 lần. Chạy 1 tuần 1 lần không tải, 2 tuần 1 lần có tải, được bảo dưỡng sau khi máy chạy được 200 giờ.\r\nMáy được đặt ngoài tòa nhà, cùng khu vực với trạm trung thế, và trạm cấp nước.\r\n– Hệ thống an ninh (bảo vệ, camera giám sát, thẻ ra vào, đăng ký ra vào, v.v.)\r\n\r\nTòa nhà được bảo vệ bởi 19 nhân viên an ninh và hệ thống camera giám sát 24/7. Bảo vệ tuần tra liên tục, đứng chốt thường xuyên các điểm trên toàn nhà.\r\nCamera vòng ngoài tòa nhà, khu vực công cộng, lối ra vào tòa nhà. Lắp đặt 4 camera mỗi tầng.\r\nPhải đăng ký nhận thẻ ra vào tòa nhà tại quầy lễ tân, nếu không có thẻ sẽ không được đi lại trong tòa nhà.\r\n– Hệ thống điều hòa, hút ẩm (của hãng nào, đời thứ mấy): Hệ thống điều hòa, hút ẩm trung tâm Intelligent Manager VRV3-DAIKIN Invester hai chiều, đảm bảo điều hòa nhiệt độ và hút ẩm cho hệ thống văn phòng tòa nhà.\r\n\r\n',10,'{\"logo\":\"/uploads/images/201906/1559789270-dich-vu-tien-ich-tai-rivera-park-ha-noi.jpg\"}',1,0,1,NULL,1559804111,1559804111,6,6,NULL,'/utility-free','icRideParking'),(8,2,'Tiền nước','0-10m3: 5,973VND/m3\n>10-20m3: 7,052VND/m3\n>20-30m3: 8,699VND/m3\n>30m3: 15,929/m3\n(5% thuế GTGT + 10% phí bảo vệ môi trường)',24,'{\"logo\":\"/uploads/images/201905/1559274618-nuoc-sach-3.jpg\"}',1,0,1,NULL,1559804207,1559811100,6,6,NULL,'/water','icWater');
/*!40000 ALTER TABLE `service_map_management` ENABLE KEYS */;
UNLOCK TABLES;

--
-- Table structure for table `service_payment_fee`
--

DROP TABLE IF EXISTS `service_payment_fee`;
/*!40101 SET @saved_cs_client     = @@character_set_client */;
/*!40101 SET character_set_client = utf8 */;
CREATE TABLE `service_payment_fee` (
  `id` int(11) NOT NULL AUTO_INCREMENT,
  `service_map_management_id` int(11) NOT NULL,
  `building_cluster_id` int(11) NOT NULL,
  `building_area_id` int(11) NOT NULL,
  `apartment_id` int(11) NOT NULL,
  `description` varchar(255) COLLATE utf8_unicode_ci DEFAULT NULL,
  `price` int(11) NOT NULL,
  `status` smallint(6) NOT NULL DEFAULT 0 COMMENT '0 : chưa thanh toán, 1 - đã thanh toán',
  `fee_of_month` int(11) DEFAULT NULL COMMENT 'Thành toán phí tháng ? ',
  `day_expired` int(11) DEFAULT NULL COMMENT 'Ngày hết hạn thanh toán',
  `created_at` int(11) DEFAULT NULL,
  `updated_at` int(11) DEFAULT NULL,
  `created_by` int(11) DEFAULT NULL,
  `updated_by` int(11) DEFAULT NULL,
  PRIMARY KEY (`id`),
  KEY `idx-service_payment_fee-service_map_management_id` (`service_map_management_id`),
  KEY `idx-service_payment_fee-building_cluster_id` (`building_cluster_id`),
  KEY `idx-service_payment_fee-apartment_id` (`apartment_id`),
  KEY `idx-service_payment_fee-price` (`price`),
  KEY `idx-service_payment_fee-status` (`status`),
  KEY `idx-service_payment_fee-fee_of_month` (`fee_of_month`),
  KEY `idx-service_payment_fee-day_expired` (`day_expired`)
) ENGINE=InnoDB AUTO_INCREMENT=24 DEFAULT CHARSET=utf8 COLLATE=utf8_unicode_ci;
/*!40101 SET character_set_client = @saved_cs_client */;

--
-- Dumping data for table `service_payment_fee`
--

LOCK TABLES `service_payment_fee` WRITE;
/*!40000 ALTER TABLE `service_payment_fee` DISABLE KEYS */;
INSERT INTO `service_payment_fee` VALUES (2,2,2,26,10,'123',213,1,1551341782,1557216984,1559290586,1559290586,18,18),(3,2,2,26,10,'123',213,1,1551341782,1557216984,1559292690,1559292690,18,18),(4,2,2,27,9,'mo ta 2334',123,1,1551344185,1557910587,1559292989,1559293259,18,18),(5,2,2,27,13,'mo ta 1',123,1,1559293021,1558601823,1559293027,1559293221,18,18),(6,2,2,27,13,'Phí dịch vụ của bạn',1000,1,-28800,-28800,1559294706,1559294706,18,18),(7,2,2,26,10,'Số nước tháng này của bạn là 12m3. ',100000,1,1554273366,1561876569,1559543775,1559543775,18,18),(8,2,2,26,10,'Số nươc tháng này 17m3',200000,1,1556867834,1561879047,1559546253,1559546253,18,18),(9,2,2,26,10,'Mo ta',300000,1,1556868201,1561879404,1559546607,1559546607,18,18),(10,2,2,26,10,'Thangs 3',50000,1,1556871858,1561883060,1559550264,1559550264,18,18),(11,2,2,26,10,'Them moi',30000,1,1556871957,1561883159,1559550363,1559550363,18,18),(12,2,2,26,10,'Them moi',20000,1,1556872002,1561883204,1559550407,1559550407,18,18),(13,2,2,26,10,'Them moi',10000,1,1556872017,1561883219,1559550423,1559550423,18,18),(14,2,2,26,10,'them moi',20000,1,1556872036,1561451238,1559550442,1559550442,18,18),(15,2,2,27,8,'Dịch vụ nước tháng 4\nSố đầu: 10 m3\nSố cuối: 30 m3',100000,0,1554288319,1559558723,1559558728,1559558728,7,7),(16,2,2,27,11,'Số nước tháng này của gia đình: 24m3',200000,0,1556894765,1561905969,1559573174,1559573174,18,18),(17,3,2,26,10,'2 xe máy + 1 xe đạp điện',240000,0,1557109232,1561861235,1559787640,1559787640,18,18),(18,4,2,26,10,'Phí dịch vụ tháng 5',300000,0,1557126875,1561878878,1559805282,1559805282,18,18),(20,8,1,34,38,'Tháng trước: 787\nTháng này: 817\nSố tiêu thụ: 30m3\nĐơn giá: 210,460',210460,0,1559806518,1560152120,1559806525,1559806525,6,6),(21,8,1,34,37,'Tháng trước: 787\nTháng này: 817\nSố tiêu thụ: 30m3\nĐơn giá: 210,460',310456,0,1557128166,1560152169,1559806575,1559806575,6,6),(22,8,1,34,36,'Tháng trước: 787\nTháng này: 817\nSố tiêu thụ: 30m3\nĐơn giá: 210,460',235000,0,1557128270,1560152271,1559806677,1559806677,6,6),(23,8,1,33,38,'Tháng trước: 787\nTháng này: 817\nSố tiêu thụ: 30m3\nĐơn giá: 210,460',145000,1,1557128293,1560152295,1559806701,1559876101,6,6);
/*!40000 ALTER TABLE `service_payment_fee` ENABLE KEYS */;
UNLOCK TABLES;

--
-- Table structure for table `service_provider`
--

DROP TABLE IF EXISTS `service_provider`;
/*!40101 SET @saved_cs_client     = @@character_set_client */;
/*!40101 SET character_set_client = utf8 */;
CREATE TABLE `service_provider` (
  `id` int(11) NOT NULL AUTO_INCREMENT,
  `name` varchar(255) COLLATE utf8_unicode_ci NOT NULL,
  `address` varchar(255) COLLATE utf8_unicode_ci DEFAULT NULL,
  `description` varchar(255) COLLATE utf8_unicode_ci DEFAULT NULL,
  `medias` text COLLATE utf8_unicode_ci DEFAULT NULL,
  `status` int(11) DEFAULT 0 COMMENT '0 - chưa kích hoạt, 1 - đã kích hoạt',
  `is_deleted` int(1) DEFAULT 0 COMMENT '0 - chưa xóa, 1 - đã xóa',
  `building_cluster_id` int(11) NOT NULL,
  `building_area_id` int(11) DEFAULT NULL,
  `created_at` int(11) DEFAULT NULL,
  `updated_at` int(11) DEFAULT NULL,
  `created_by` int(11) DEFAULT NULL,
  `updated_by` int(11) DEFAULT NULL,
  PRIMARY KEY (`id`),
  KEY `idx-service_provider-status` (`status`),
  KEY `idx-service_provider-is_deleted` (`is_deleted`),
  KEY `idx-service_provider-building_cluster_id` (`building_cluster_id`),
  KEY `idx-service_provider-building_area_id` (`building_area_id`)
) ENGINE=InnoDB AUTO_INCREMENT=25 DEFAULT CHARSET=utf8 COLLATE=utf8_unicode_ci;
/*!40101 SET character_set_client = @saved_cs_client */;

--
-- Dumping data for table `service_provider`
--

LOCK TABLES `service_provider` WRITE;
/*!40000 ALTER TABLE `service_provider` DISABLE KEYS */;
INSERT INTO `service_provider` VALUES (1,'Công ty Vila',NULL,'Sáng 30/5, 27 đại biểu đã đăng đàn trong phiên thảo luận về kinh tế - xã hội của Quốc hội','{\"avatar\":\"/uploads/images/201905/1559193560-logo_app_luci.png\"}',1,1,2,NULL,1559193593,1559199021,18,18),(2,'smart-home',NULL,NULL,'{\"avatar\":\"/uploads/images/201905/1559199037-11111-copy.jpg\"}',1,1,2,NULL,1559199039,1559199045,18,18),(3,'smart-home',NULL,NULL,NULL,1,1,2,NULL,1559199522,1559203095,18,18),(4,'Luci .Co',NULL,'Mô tả','{\"avatar\":\"/uploads/images/201905/1559203116-logo_app_luci.png\"}',1,1,2,NULL,1559203128,1559748291,18,18),(5,'LUCI',NULL,'BQL LUCI','{\"avatar\":\"/uploads/images/201906/1559748319-icon-luci.png\"}',1,0,2,NULL,1559203639,1559748338,18,18),(6,'Công ty TNHH môi trường toàn cầu',NULL,'Ra đời với mục tiêu mang đến lựa chọn tối ưu về nhu cầu sử dụng nước sạch sinh hoạt, Công Ty TNHH Môi Trường Toàn Cầu đã quyết định hoạt động trọng điểm ','{\"avatar\":\"/uploads/images/201906/1559547331-bi-s-1-1710-1-768x511.jpg\"}',1,0,1,NULL,1559547358,1559547358,6,6),(7,'test',NULL,NULL,'{\"avatar\":\"/uploads/images/201906/1559727014-2.png\"}',1,1,1,NULL,1559727019,1559727042,6,6),(8,'cvbcvbn',NULL,'vcncvn',NULL,1,1,1,NULL,1559727190,1559784771,6,6),(9,'SHOP GIATLASACH.NET',NULL,'Chuyên giặt khô, giặt ướt, là hơi, sấy khô','{\"avatar\":\"/uploads/images/201906/1559804041-man.png\"}',1,0,1,NULL,1559784837,1559804042,6,6),(10,'VNPT',NULL,'VNPT hiện là nhà cung cấp dịch vụ Internet số 1 tại Việt Nam.','{\"avatar\":\"/uploads/images/201906/1559784950-2.png\"}',1,0,1,NULL,1559784965,1559803877,6,6),(11,'Nhập nội dung nhà cung cấp 1',NULL,'Nhập nội dung nhà cung cấp 1',NULL,1,1,1,NULL,1559784980,1559785239,6,6),(12,'Nhập nội dung nhà cung cấp 1',NULL,'Nhập nội dung nhà cung cấp 1',NULL,1,1,1,NULL,1559784987,1559785237,6,6),(13,'Nhập nội dung nhà cung cấp 1',NULL,'Nhập nội dung nhà cung cấp 1',NULL,1,1,1,NULL,1559784999,1559785235,6,6),(14,'Nhập nội dung nhà cung cấp 3',NULL,'Nhập nội dung nhà cung cấp 1',NULL,1,1,1,NULL,1559785007,1559785233,6,6),(15,'Nhập nội dung nhà cung cấp 1',NULL,'Nhập nội dung nhà cung cấp 1',NULL,1,1,1,NULL,1559785014,1559785230,6,6),(16,'Nhập nội dung nhà cung cấp 4',NULL,NULL,NULL,1,1,1,NULL,1559785020,1559785228,6,6),(17,'Nhập nội dung nhà cung cấp 5',NULL,NULL,NULL,1,1,1,NULL,1559785028,1559785225,6,6),(18,'Nhập nội dung nhà cung cấp 6',NULL,NULL,NULL,1,1,1,NULL,1559785033,1559785223,6,6),(19,'Nhập nội dung nhà cung cấp 1',NULL,'Nhập nội dung nhà cung cấp 1',NULL,1,1,1,NULL,1559785040,1559785220,6,6),(20,'Nhập nội dung nhà cung cấp 1',NULL,'Nhập nội dung nhà cung cấp 1',NULL,1,1,1,NULL,1559785046,1559785217,6,6),(21,'Nhập nội dung nhà cung cấp 1',NULL,'Nhập nội dung nhà cung cấp 1',NULL,1,1,1,NULL,1559785053,1559785215,6,6),(22,'Nhập nội dung nhà cung cấp 1',NULL,'Nhập nội dung nhà cung cấp 1',NULL,1,1,1,NULL,1559785057,1559785210,6,6),(23,'Nhập nội dung nhà cung cấp 1',NULL,'Nhập nội dung nhà cung cấp 1',NULL,1,1,1,NULL,1559785063,1559785204,6,6),(24,'Ban quản lý tòa nhà',NULL,'Thu phí dịch vụ, điện, nước, gửi xe của ban quản lý','{\"avatar\":\"/uploads/images/201906/1559808427-quan-ly-van-hanh-nha-chung-cu.jpg\"}',1,0,1,NULL,1559786051,1559808458,6,6);
/*!40000 ALTER TABLE `service_provider` ENABLE KEYS */;
UNLOCK TABLES;

--
-- Table structure for table `service_provider_billing_info`
--

DROP TABLE IF EXISTS `service_provider_billing_info`;
/*!40101 SET @saved_cs_client     = @@character_set_client */;
/*!40101 SET character_set_client = utf8 */;
CREATE TABLE `service_provider_billing_info` (
  `id` int(11) NOT NULL AUTO_INCREMENT,
  `cash_instruction` varchar(500) COLLATE utf8_unicode_ci DEFAULT NULL COMMENT 'Hướng dẫn thành toán tiền mặt',
  `transfer_instruction` varchar(1000) COLLATE utf8_unicode_ci DEFAULT NULL COMMENT 'Hướng dẫn thanh toán truyển khoản',
  `bank_name` varchar(255) COLLATE utf8_unicode_ci DEFAULT NULL COMMENT 'Tên ngân hàng',
  `bank_number` varchar(255) COLLATE utf8_unicode_ci DEFAULT NULL COMMENT 'Số tài khoản',
  `bank_holders` varchar(255) COLLATE utf8_unicode_ci DEFAULT NULL COMMENT 'Chủ tài khoản',
  `service_provider_id` int(11) DEFAULT NULL,
  `status` int(11) DEFAULT 0 COMMENT '0 - chưa kích hoạt, 1 - đã kích hoạt',
  `created_at` int(11) DEFAULT NULL,
  `updated_at` int(11) DEFAULT NULL,
  `created_by` int(11) DEFAULT NULL,
  `updated_by` int(11) DEFAULT NULL,
  PRIMARY KEY (`id`),
  KEY `idx-service_provider_billing_info-status` (`status`),
  KEY `idx-service_provider_billing_info-service_provider_id` (`service_provider_id`)
) ENGINE=InnoDB AUTO_INCREMENT=6 DEFAULT CHARSET=utf8 COLLATE=utf8_unicode_ci;
/*!40101 SET character_set_client = @saved_cs_client */;

--
-- Dumping data for table `service_provider_billing_info`
--

LOCK TABLES `service_provider_billing_info` WRITE;
/*!40000 ALTER TABLE `service_provider_billing_info` DISABLE KEYS */;
INSERT INTO `service_provider_billing_info` VALUES (1,'Sáng 30/5, 27 đại biểu đã đăng đàn trong phiên thảo luận về kinh tế - xã hội của Quốc hội. Là người nêu ý kiến đầu tiên, ông Nguyễn Lân Hiếu - Giám đốc bệnh viện Đại học Y Hà Nội đề cập đến bức xúc của cử tri An Giang liên quan đến trạm BOT gần cầu Vàm Cống','Sáng 30/5, 27 đại biểu đã đăng đàn trong phiên thảo luận về kinh tế - xã hội của Quốc hội. Là người nêu ý kiến đầu tiên, ông Nguyễn Lân Hiếu - Giám đốc bệnh viện Đại học Y Hà Nội đề cập đến bức xúc của cử tri An Giang liên quan đến trạm BOT gần cầu Vàm Cống','Vietcombank','09012312123456789','LAM HUNG SON',4,0,1559193573,1559536671,18,18),(2,'','','VCB','0011223344556677','BQL LUCI',5,0,1559203639,1559748377,18,18),(3,'Nhập nội dung hướng dẫn','Chọn số tài khoản','Vietcombank','0123456789','Luong Thi May',9,0,1559784837,1559784837,6,6),(4,'Giá một số gói cước và hòa mạng:\nGói F2F: 270.000 đồng/tháng (Miễn phí hòa mạng + Đóng phí trước 6 tháng)  \nGói F20: 1.300.000 đồng (Bao gồm cả 500.000 đồng phí hòa mạng và 1.200.000 đồng tiền cọc)  \nGói F2C: 3.900.000 đồng (Bao gồm 500.000 đồng phí hòa mạng và 1.200.000 đồng tiền cọc)','Giá một số gói cước và hòa mạng:\nGói F2F: 270.000 đồng/tháng (Miễn phí hòa mạng + Đóng phí trước 6 tháng)  \nGói F20: 1.300.000 đồng (Bao gồm cả 500.000 đồng phí hòa mạng và 1.200.000 đồng tiền cọc)  \nGói F2C: 3.900.000 đồng (Bao gồm 500.000 đồng phí hòa mạng và 1.200.000 đồng tiền cọc)','Vietcom Bank','03671039287','Nguyễn Văn A',10,0,1559784965,1559803862,6,6),(5,'Nhập nội dung nhà cung cấp 1','Nhập nội dung nhà cung cấp 1','Nhập nội dung nhà cung cấp 1','Nhập nội dung nhà cung cấp 1','Nhập nội dung nhà cung cấp 1',11,0,1559784980,1559784980,6,6);
/*!40000 ALTER TABLE `service_provider_billing_info` ENABLE KEYS */;
UNLOCK TABLES;

--
-- Table structure for table `service_utility_free`
--

DROP TABLE IF EXISTS `service_utility_free`;
/*!40101 SET @saved_cs_client     = @@character_set_client */;
/*!40101 SET character_set_client = utf8 */;
CREATE TABLE `service_utility_free` (
  `id` int(11) NOT NULL AUTO_INCREMENT,
  `name` varchar(255) COLLATE utf8_unicode_ci NOT NULL,
  `code` varchar(255) COLLATE utf8_unicode_ci NOT NULL,
  `hours_open` varchar(255) COLLATE utf8_unicode_ci DEFAULT NULL COMMENT 'giờ mở cửa 08:20 ..',
  `hours_close` varchar(255) COLLATE utf8_unicode_ci DEFAULT NULL COMMENT 'giờ đóng cửa 23:20 ..',
  `description` text COLLATE utf8_unicode_ci DEFAULT NULL,
  `medias` text COLLATE utf8_unicode_ci DEFAULT NULL,
  `service_id` int(11) NOT NULL,
  `service_map_management_id` int(11) NOT NULL,
  `building_cluster_id` int(11) NOT NULL,
  `building_area_id` int(11) DEFAULT NULL,
  `created_at` int(11) DEFAULT NULL,
  `updated_at` int(11) DEFAULT NULL,
  `created_by` int(11) DEFAULT NULL,
  `updated_by` int(11) DEFAULT NULL,
  PRIMARY KEY (`id`),
  KEY `idx-service_utility_free-code` (`code`),
  KEY `idx-service_utility_free-service_id` (`service_id`),
  KEY `idx-service_utility_free-service_map_management_id` (`service_map_management_id`),
  KEY `idx-service_utility_free-building_cluster_id` (`building_cluster_id`),
  KEY `idx-service_utility_free-building_area_id` (`building_area_id`)
) ENGINE=InnoDB DEFAULT CHARSET=utf8 COLLATE=utf8_unicode_ci;
/*!40101 SET character_set_client = @saved_cs_client */;

--
-- Dumping data for table `service_utility_free`
--

LOCK TABLES `service_utility_free` WRITE;
/*!40000 ALTER TABLE `service_utility_free` DISABLE KEYS */;
/*!40000 ALTER TABLE `service_utility_free` ENABLE KEYS */;
UNLOCK TABLES;

--
-- Table structure for table `service_water_level`
--

DROP TABLE IF EXISTS `service_water_level`;
/*!40101 SET @saved_cs_client     = @@character_set_client */;
/*!40101 SET character_set_client = utf8 */;
CREATE TABLE `service_water_level` (
  `id` int(11) NOT NULL AUTO_INCREMENT,
  `name` varchar(64) COLLATE utf8_unicode_ci NOT NULL,
  `description` varchar(255) COLLATE utf8_unicode_ci DEFAULT NULL,
  `from_level` int(11) NOT NULL DEFAULT 0,
  `to_level` int(11) NOT NULL DEFAULT 0,
  `price` int(11) NOT NULL DEFAULT 0,
  `service_map_management_id` int(11) NOT NULL,
  `building_cluster_id` int(11) NOT NULL,
  `building_area_id` int(11) DEFAULT NULL,
  `created_at` int(11) DEFAULT NULL,
  `updated_at` int(11) DEFAULT NULL,
  `created_by` int(11) DEFAULT NULL,
  `updated_by` int(11) DEFAULT NULL,
  `service_id` int(11) NOT NULL,
  PRIMARY KEY (`id`),
  KEY `idx-service_water_level-from_level` (`from_level`),
  KEY `idx-service_water_level-to_level` (`to_level`),
  KEY `idx-service_water_level-price` (`price`),
  KEY `idx-service_water_level-service_map_management_id` (`service_map_management_id`),
  KEY `idx-service_water_level-building_cluster_id` (`building_cluster_id`),
  KEY `idx-service_water_level-building_area_id` (`building_area_id`),
  KEY `idx-service_water_level-service_id` (`service_id`)
) ENGINE=InnoDB DEFAULT CHARSET=utf8 COLLATE=utf8_unicode_ci;
/*!40101 SET character_set_client = @saved_cs_client */;

--
-- Dumping data for table `service_water_level`
--

LOCK TABLES `service_water_level` WRITE;
/*!40000 ALTER TABLE `service_water_level` DISABLE KEYS */;
/*!40000 ALTER TABLE `service_water_level` ENABLE KEYS */;
UNLOCK TABLES;

--
-- Table structure for table `user`
--

DROP TABLE IF EXISTS `user`;
/*!40101 SET @saved_cs_client     = @@character_set_client */;
/*!40101 SET character_set_client = utf8 */;
CREATE TABLE `user` (
  `id` int(11) NOT NULL AUTO_INCREMENT,
  `username` varchar(255) COLLATE utf8_unicode_ci NOT NULL,
  `auth_key` varchar(32) COLLATE utf8_unicode_ci DEFAULT NULL,
  `password_hash` varchar(255) COLLATE utf8_unicode_ci NOT NULL,
  `password_reset_token` varchar(255) COLLATE utf8_unicode_ci DEFAULT NULL,
  `email` varchar(255) COLLATE utf8_unicode_ci NOT NULL,
  `phone` varchar(25) COLLATE utf8_unicode_ci DEFAULT NULL,
  `role_id` int(11) DEFAULT NULL,
  `status` smallint(6) NOT NULL DEFAULT 10,
  `created_at` int(11) NOT NULL,
  `updated_at` int(11) NOT NULL,
  PRIMARY KEY (`id`),
  UNIQUE KEY `username` (`username`),
  UNIQUE KEY `email` (`email`)
) ENGINE=InnoDB AUTO_INCREMENT=2 DEFAULT CHARSET=utf8 COLLATE=utf8_unicode_ci;
/*!40101 SET character_set_client = @saved_cs_client */;

--
-- Dumping data for table `user`
--

LOCK TABLES `user` WRITE;
/*!40000 ALTER TABLE `user` DISABLE KEYS */;
INSERT INTO `user` VALUES (1,'admin','','$2y$13$BA8/qI1Plm4w/L24HVqXZ.A4wJlMvsaeaGv/NovVWk5zt/S1rfXLa',NULL,'lucnn@luci.vn',NULL,1,10,1558927989,1558927989);
/*!40000 ALTER TABLE `user` ENABLE KEYS */;
UNLOCK TABLES;

--
-- Table structure for table `user_role`
--

DROP TABLE IF EXISTS `user_role`;
/*!40101 SET @saved_cs_client     = @@character_set_client */;
/*!40101 SET character_set_client = utf8 */;
CREATE TABLE `user_role` (
  `id` int(11) NOT NULL AUTO_INCREMENT,
  `name` varchar(255) COLLATE utf8_unicode_ci NOT NULL,
  `permission` text COLLATE utf8_unicode_ci NOT NULL,
  PRIMARY KEY (`id`)
) ENGINE=InnoDB AUTO_INCREMENT=2 DEFAULT CHARSET=utf8 COLLATE=utf8_unicode_ci;
/*!40101 SET character_set_client = @saved_cs_client */;

--
-- Dumping data for table `user_role`
--

LOCK TABLES `user_role` WRITE;
/*!40000 ALTER TABLE `user_role` DISABLE KEYS */;
INSERT INTO `user_role` VALUES (1,'admin','{\"management-user\":[\"index\",\"view\",\"create\",\"update\",\"delete\",\"reset-password\"],\"building-cluster\":[\"index\",\"view\",\"create\",\"update\",\"delete\"],\"auth-item\":[\"index\",\"view\",\"create\",\"update\",\"delete\"],\"auth-group\":[\"index\",\"view\",\"create\",\"update\",\"delete\",\"get-by-cluster\"],\"site\":[\"index\",\"login\",\"request-password-reset\",\"logout\",\"reset-password-emaik\"],\"service\":[\"index\",\"view\",\"create\",\"update\",\"delete\"],\"user\":[\"index\",\"view\",\"create\",\"reset-password\",\"delete\"],\"user-role\":[\"index\",\"view\",\"create\",\"update\",\"delete\"],\"upload\":[\"tmp\"]}');
/*!40000 ALTER TABLE `user_role` ENABLE KEYS */;
UNLOCK TABLES;

--
-- Table structure for table `verify_code`
--

DROP TABLE IF EXISTS `verify_code`;
/*!40101 SET @saved_cs_client     = @@character_set_client */;
/*!40101 SET character_set_client = utf8 */;
CREATE TABLE `verify_code` (
  `id` int(11) NOT NULL AUTO_INCREMENT,
  `status` int(11) DEFAULT 0 COMMENT ' 0 - chưa verify , 1 - dã verify , 2 - bị hủy',
  `type` int(11) DEFAULT 0 COMMENT 'cấc loại verify khác nhau',
  `expired_at` int(11) NOT NULL COMMENT 'Thời gian hết hạn',
  `payload` text DEFAULT NULL COMMENT 'các thông tin bổ xung',
  `created_at` int(11) DEFAULT NULL,
  `updated_at` int(11) DEFAULT NULL,
  `code` varchar(255) DEFAULT NULL,
  PRIMARY KEY (`id`),
  KEY `idx-verify_code-expired_at` (`expired_at`),
  KEY `idx-verify_code-status` (`status`),
  KEY `idx-verify_code-type` (`type`)
) ENGINE=InnoDB AUTO_INCREMENT=37 DEFAULT CHARSET=utf8;
/*!40101 SET character_set_client = @saved_cs_client */;

--
-- Dumping data for table `verify_code`
--

LOCK TABLES `verify_code` WRITE;
/*!40000 ALTER TABLE `verify_code` DISABLE KEYS */;
INSERT INTO `verify_code` VALUES (1,0,1,1557821674,'{\"email\":\"admin@luci.vn\"}',1557819874,1557819874,'uZfR5dJ84ckFGuXZRKzoSgIkU9XUXHui_1557819874'),(2,1,1,1557822467,'{\"email\":\"datpd@luci.vn\"}',1557820667,1557822110,'KrYkZhzA9-6I1mrMRqGbTckEBKO4TOIQ_1557820667'),(3,1,1,1557823986,'{\"email\":\"datpd@luci.vn\"}',1557822186,1557822208,'MIlNjtDwkWj_r-hkefpzNILnekMp5Z4T_1557822186'),(4,0,1,1557916621,'{\"email\":\"duydatpham@gmail.com\"}',1557914821,1557914821,'poiQXMcZV0EMQEKM01C9bEUEehOcFqAq_1557914821'),(5,1,1,1558083234,'{\"email\":\"huydq@luci.vn\"}',1558081434,1558081541,'Slz5E4ev1c9pwsARt7twOvN0F52EfWyr_1558081434'),(6,1,1,1558411024,'{\"email\":\"huydq@luci.vn\"}',1558409224,1558409512,'wDT-7oR8YYPEfJwn7CjsC2AQ7IcQxmjR_1558409224'),(7,1,1,1558430130,'{\"email\":\"maylt@luci.vn\"}',1558428330,1558428743,'oHk1ezOAbitPK3ShJ1JcZt8OdmeRYytr_1558428330'),(8,0,1,1558490981,'{\"email\":\"maylt@luci.vn\"}',1558489181,1558489181,'25igdMEJNQB_Ce2T8ZBFDOHuxhD1Cl12_1558489181'),(9,1,1,1558777236,'{\"email\":\"mayvimaru@gmail.com\"}',1558497776,1558775535,'9u9wFJMAqsZGthUBeJglmkx6b0FqcSms_1558775436'),(10,0,1,1558501405,'{\"email\":\"demo@luci.vn\"}',1558499605,1558499605,'TW7NPCRl-XGLPmxr6m6nMkEPg-2xc3Qu_1558499605'),(11,1,1,1559297605,'{\"email\":\"thaicnt50@gmail.com\"}',1558499705,1559295903,'17WnA16h1FRrEKY4_UOn_RSKGZ6UByH5_1559295805'),(12,0,1,1558501525,'{\"email\":\"123@gmail.com\"}',1558499725,1558499725,'Y3zTF8PXcwmfCqU1d1hLMZIXlXBz31-R_1558499725'),(13,0,1,1558501542,'{\"email\":\"abc@gmail.com\"}',1558499742,1558499742,'F7_QvoK4nNOLzvcTx41XvUI-zrhDlMFJ_1558499742'),(14,0,1,1558501564,'{\"email\":\"abcd@gmail.com\"}',1558499764,1558499764,'MijXwrxoddVVXl-a4NdAMrem_QAgAYpn_1558499764'),(15,0,1,1558501587,'{\"email\":\"check@gmail.com\"}',1558499787,1558499787,'gTdrWl6EEDkAN0suF8qnL0C8decIFX9A_1558499787'),(16,0,1,1558501618,'{\"email\":\"111@gmail.com\"}',1558499818,1558499818,'VRdjvhsHK2u0k4PdFAXTl0kKQVM7kF3V_1558499818'),(17,0,1,1558501655,'{\"email\":\"online@gmail.com\"}',1558499855,1558499855,'zqPS813RYP5hr1qq44eknjHJDeKyalCG_1558499855'),(18,1,1,1558541827,'{\"email\":\"datpd@luci.vn\"}',1558540027,1558540085,'A_x2_HWZTRoJ8x8u2VvPdwjWlAQ8hVYu_1558540027'),(19,1,1,1558542236,'{\"email\":\"datpd@luci.vn\"}',1558540436,1558540472,'IaEaRqUPQ1f_qhn0FiKByFyvwO40zr18_1558540436'),(20,1,1,1558577937,'{\"email\":\"datpd@luci.vn\"}',1558576137,1558576162,'-1jbKRaEaoS4rOlMDGChvNDMkj132ABX_1558576137'),(21,0,1,1558776686,'{\"email\":\"nguyennhuluc1990@gmail.com\"}',1558774886,1558774886,'lKxQfexYnWCFuD_tqjKIM88-f-4HB3WP_1558774886'),(22,1,1,1559038267,'{\"email\":\"thanhlt@luci.vn\"}',1559036467,1559036535,'B0sDl26KNgyD4WljHfq9BwTLvj8s6M-k_1559036467'),(23,1,1,1559103180,'{\"email\":\"huydq@lumi.biz\"}',1559101380,1559102617,'K6XmEG9sSqd7mcDzMtqrfLJCkvh8G9v5_1559101380'),(24,1,1,1559104014,'{\"email\":\"qhuy.duong@gmail.com\"}',1559102214,1559102452,'qBe9VFgi81ScQNlvkba1WC2t0aI6u_5X_1559102214'),(25,1,1,1559539329,'{\"email\":\"mayvimaru@gmail.com\"}',1559537529,1559538163,'HAJgDVyqKapgXtoDpdGro9rBDJyg7Wag_1559537529'),(26,1,1,1559548467,'{\"email\":\"mayvimaru@gmail.com\"}',1559546667,1559546716,'zVyRYyY2xevY0fUmebWeCeHgs_3EQGGb_1559546667'),(27,0,1,1559623012,'{\"email\":\"abcdefghijklmnopqrstuvwsyzabcefghijklmnopqrstuvwsyz@gmail.com\"}',1559621212,1559621212,'KYwPl6b3Ip7ldfQ-Ch05-U6ttAmt8Vru_1559621212'),(28,0,1,1559634385,'{\"email\":\"demo1@luci.vn\"}',1559632585,1559632585,'vaWx83U4rvFBDRGenKeIAVZf31WfCO94_1559632585'),(29,0,1,1559637435,'{\"email\":\"thaicnt50@gmail.com\"}',1559635635,1559635635,'67PKf3iM5ack5AJfC2_84weeuwEpN9ni_1559635635'),(30,1,1,1559705973,'{\"email\":\"tranquanglinh30061998@gmail.com\"}',1559704173,1559704209,'7pBr14-4M-ufRzcIhVx_HxGxsEIO-X_E_1559704173'),(31,1,1,1559785468,'{\"email\":\"acc@luci.vn\"}',1559718234,1559783694,'T8B1KAeIS-Uz2MweJdYvOuR-RKWHEbOq_1559783668'),(32,1,1,1559720053,'{\"email\":\"datpd@luci.vn\"}',1559718253,1559719840,'VE7cjKwhC4l5LVuQG0jBejvG3AuM5cr5_1559718253'),(33,0,1,1559720070,'{\"email\":\"phongtran@luci.vn\"}',1559718270,1559718270,'VabIhVUUSe5B-WhlUd9UVxI0zbjLmY7a_1559718270'),(34,1,1,1559720089,'{\"email\":\"huydq@luci.vn\"}',1559718289,1559718505,'ZFL9vxyrM_KmfyUfgldQCL4_gFh1-xtj_1559718289'),(35,0,1,1559720107,'{\"email\":\"sonlh@luci.vn\"}',1559718307,1559718307,'FTEEvNfjuYwXCzmhVS1jaoElDc_8OS0X_1559718307'),(36,0,1,1559720124,'{\"email\":\"anhnt@luci.vn\"}',1559718324,1559718324,'UTDSRXyhxb6NqU7Kb9ozfdi9RjLLtr3V_1559718324');
/*!40000 ALTER TABLE `verify_code` ENABLE KEYS */;
UNLOCK TABLES;

--
-- Table structure for table `wards`
--

DROP TABLE IF EXISTS `wards`;
/*!40101 SET @saved_cs_client     = @@character_set_client */;
/*!40101 SET character_set_client = utf8 */;
CREATE TABLE `wards` (
  `id` int(11) NOT NULL AUTO_INCREMENT,
  `name` varchar(64) COLLATE utf8_unicode_ci NOT NULL,
  `city_id` int(11) NOT NULL,
  `district_id` int(11) NOT NULL,
  PRIMARY KEY (`id`)
) ENGINE=InnoDB AUTO_INCREMENT=11102 DEFAULT CHARSET=utf8 COLLATE=utf8_unicode_ci;
/*!40101 SET character_set_client = @saved_cs_client */;

--
-- Dumping data for table `wards`
--

LOCK TABLES `wards` WRITE;
/*!40000 ALTER TABLE `wards` DISABLE KEYS */;
INSERT INTO `wards` VALUES (1,'Phường Phúc Xá',1,1),(2,'Phường Trúc Bạch',1,1),(3,'Phường Vĩnh Phúc',1,1),(4,'Phường Cống Vị',1,1),(5,'Phường Liễu Giai',1,1),(6,'P. Nguyễn Trung Trực',1,1),(7,'Phường Ngọc Hà',1,1),(8,'Phường Đội Cấn',1,1),(9,'Phường Kim Mã',1,1),(10,'Phường Giảng Võ',1,1),(11,'Phường Thành Công',1,1),(12,'Phường Điện Biên',1,1),(13,'Phường Quán Thánh',1,1),(14,'Phường Ngọc Khánh',1,1),(15,'Phường Nhật Tân',1,2),(16,'Phường Tứ Liên',1,2),(17,'Phường Quảng An',1,2),(18,'Phường Xuân La',1,2),(19,'Phường Bưởi',1,2),(20,'Phường Thuỵ Khuê',1,2),(21,'Phường Phú Thượng',1,2),(22,'Phường Yên Phụ',1,2),(23,'Phường Phúc Tân',1,3),(24,'Phường Hàng Mã',1,3),(25,'Phường Hàng Buồm',1,3),(26,'Phường Hàng Đào',1,3),(27,'Phường Hàng Bồ',1,3),(28,'Phường Lý Thái Tổ',1,3),(29,'Phường Hàng Bạc',1,3),(30,'Phường Chương Dương Độ',1,3),(31,'Phường Hàng Trống',1,3),(32,'Phường Cửa Nam',1,3),(33,'Phường Trần Hưng Đạo',1,3),(34,'Phường Phan Chu Trinh',1,3),(35,'Phường Hàng Bài',1,3),(36,'Phường Hàng Bông',1,3),(37,'Phường Đồng Xuân',1,3),(38,'Phường Cửa Đông',1,3),(39,'Phường Hàng Gai',1,3),(40,'Phường Tràng Tiền',1,3),(41,'Phường Giang Biên',1,4),(42,'Phường Đức Giang',1,4),(43,'Phường Việt Hưng',1,4),(44,'Phường Gia Thuỵ',1,4),(45,'Phường Phúc Lợi',1,4),(46,'Phường Bồ Đề',1,4),(47,'Phường Sài Đồng',1,4),(48,'Phường Thạch Bàn',1,4),(49,'Phường Phúc Đồng',1,4),(50,'Phường Cự Khối',1,4),(51,'Phường Thượng Thanh',1,4),(52,'Phường Ngọc Thuỵ',1,4),(53,'Phường Ngọc Lâm',1,4),(54,'Phường Long Biên',1,4),(55,'Phường Lê Đại Hành',1,5),(56,'Phường Đồng Nhân',1,5),(57,'Phường Đống Mác',1,5),(58,'Phường Thanh Lương',1,5),(59,'Phường Thanh Nhàn',1,5),(60,'Phường Cầu Dền',1,5),(61,'Phường Bách Khoa',1,5),(62,'Phường Đồng Tâm',1,5),(63,'Phường Vĩnh Tuy',1,5),(64,'Phường Bạch Mai',1,5),(65,'Phường Quỳnh Lôi',1,5),(66,'Phường Trương Định',1,5),(67,'Phường Ngô Thì Nhậm',1,5),(68,'Phường Bạch Đằng',1,5),(69,'Phường Phạm Đình Hổ',1,5),(70,'Phường Bùi Thị Xuân',1,5),(71,'Phường Phố Huế',1,5),(72,'Phường Minh Khai',1,5),(73,'Phường Quỳnh Mai',1,5),(74,'Phường Nguyễn Du',1,5),(75,'Phường Vĩnh Hưng',1,6),(76,'Phường Định Công',1,6),(77,'Phường Mai Động',1,6),(78,'Phường Tương Mai',1,6),(79,'Phường Tân Mai',1,6),(80,'Phường Hoàng Văn Thụ',1,6),(81,'Phường Giáp Bát',1,6),(82,'Phường Thịnh Liệt',1,6),(83,'Phường Hoàng Liệt',1,6),(84,'Phường Trần Phú',1,6),(85,'Phường Thanh Trì',1,6),(86,'Phường Đại Kim',1,6),(87,'Phường Lĩnh Nam',1,6),(88,'Phường Yên Sở',1,6),(89,'Phường Cát Linh',1,7),(90,'Phường Văn Miếu',1,7),(91,'Phường Láng Thượng',1,7),(92,'Phường ô Chợ Dừa',1,7),(93,'Phường Hàng Bột',1,7),(94,'Phường Khâm Thiên',1,7),(95,'Phường Thổ Quan',1,7),(96,'Phường Nam Đồng',1,7),(97,'Phường Quang Trung',1,7),(98,'Phường Trung Liệt',1,7),(99,'Phường Phương Liên',1,7),(100,'Phường Thịnh Quang',1,7),(101,'Phường Kim Liên',1,7),(102,'Phường Ngã Tư Sở',1,7),(103,'Phường Khương Thượng',1,7),(104,'Phường Văn Chương',1,7),(105,'Phường Phương Mai',1,7),(106,'Phường Quốc Tử Giám',1,7),(107,'Phường Láng Hạ',1,7),(108,'Phường Trung Phụng',1,7),(109,'Phường Trung Tự',1,7),(110,'Phường Nhân Chính',1,8),(111,'Phường Thượng Đình',1,8),(112,'Phường Khương Trung',1,8),(113,'Phường Thanh Xuân Trung',1,8),(114,'Phường Phương Liệt',1,8),(115,'Phường Hạ Đình',1,8),(116,'Phường Khương Đình',1,8),(117,'Phường Kim Giang',1,8),(118,'Phường Thanh Xuân Nam',1,8),(119,'Phường Khương Mai',1,8),(120,'Phường Thanh Xuân Bắc',1,8),(121,'Phường Mai Dịch',1,9),(122,'Phường Dịch Vọng',1,9),(123,'Phường Dịch Vọng Hậu',1,9),(124,'Phường Quan Hoa',1,9),(125,'Phường Trung Hoà',1,9),(126,'Phường Nghĩa Đô',1,9),(127,'Phường Nghĩa Tân',1,9),(128,'Phường Yên Hoà',1,9),(129,'Thị trấn Sóc Sơn',1,10),(130,'Xã Bắc Sơn',1,10),(131,'Xã Hồng Kỳ',1,10),(132,'Xã Nam Sơn',1,10),(133,'Xã Trung Giã',1,10),(134,'Xã Minh Phú',1,10),(135,'Xã Phù Linh',1,10),(136,'Xã Bắc Phú',1,10),(137,'Xã Quang Tiến',1,10),(138,'Xã Hiền Ninh',1,10),(139,'Xã Việt Long',1,10),(140,'Xã Xuân Giang',1,10),(141,'Xã Mai Đình',1,10),(142,'Xã Thanh Xuân',1,10),(143,'Xã Đông Xuân',1,10),(144,'Xã Kim Lũ',1,10),(145,'Xã Phú Minh',1,10),(146,'Xã Xuân Thu',1,10),(147,'Xã Tân Dân',1,10),(148,'Xã Phù Lỗ',1,10),(149,'Xã Minh Trí',1,10),(150,'Xã Tân Hưng',1,10),(151,'Xã Tân Minh',1,10),(152,'Xã Tiên Dược',1,10),(153,'Xã Đức Hoà',1,10),(154,'Xã Phú Cường',1,10),(155,'Xã Xuân Nộn',1,11),(156,'Xã Thuỵ Lâm',1,11),(157,'Xã Bắc Hồng',1,11),(158,'Xã Nam Hồng',1,11),(159,'Xã Tiên Dương',1,11),(160,'Xã Vân Hà',1,11),(161,'Xã Liên Hà',1,11),(162,'Xã Việt Hùng',1,11),(163,'Xã Kim Chung',1,11),(164,'Xã Dục Tú',1,11),(165,'Xã Vĩnh Ngọc',1,11),(166,'Xã Cổ Loa',1,11),(167,'Xã Hải Bối',1,11),(168,'Xã Võng La',1,11),(169,'Xã Mai Lâm',1,11),(170,'Xã Vân Nội',1,11),(171,'Xã Tầm Xá',1,11),(172,'Thị trấn Đông Anh',1,11),(173,'Xã Nguyên Khê',1,11),(174,'Xã Uy Nỗ',1,11),(175,'Xã Kim Nỗ',1,11),(176,'Xã Đại Mạch',1,11),(177,'Xã Xuân Canh',1,11),(178,'Xã Đông Hội',1,11),(179,'Xã Kiêu Kỵ',1,12),(180,'Xã Bát Tràng',1,12),(181,'Xã Kim Lan',1,12),(182,'Xã Văn Đức',1,12),(183,'Xã Đa Tốn',1,12),(184,'Thị trấn Yên Viên',1,12),(185,'Xã Yên Thường',1,12),(186,'Xã Yên Viên',1,12),(187,'Xã Đình Xuyên',1,12),(188,'Xã Dương Hà',1,12),(189,'Xã Phù Đổng',1,12),(190,'Xã Cổ Bi',1,12),(191,'Xã Đặng Xá',1,12),(192,'Xã Kim Sơn',1,12),(193,'Xã Trâu Quỳ',1,12),(194,'Xã Dương Quang',1,12),(195,'Xã Đông Dư',1,12),(196,'Xã Lệ Chi',1,12),(197,'Xã Ninh Hiệp',1,12),(198,'Xã Trung Mầu',1,12),(199,'Xã Phú Thị',1,12),(200,'Xã Dương Xá',1,12),(201,'Thị trấn Cầu Diễn',1,13),(202,'Xã Thượng Cát',1,13),(203,'Xã Thuỵ Phương',1,13),(204,'Xã Tây Tựu',1,13),(205,'Xã Xuân Đỉnh',1,13),(206,'Xã Cổ Nhuế',1,13),(207,'Xã Phú Diễn',1,13),(208,'Xã Xuân Phương',1,13),(209,'Xã Tây Mỗ',1,13),(210,'Xã Mễ Trì',1,13),(211,'Xã Liên Mạc',1,13),(212,'Xã Đại Mỗ',1,13),(213,'Xã Đông Ngạc',1,13),(214,'Xã Minh Khai',1,13),(215,'Xã Mỹ Đình',1,13),(216,'Xã Trung Văn',1,13),(217,'Thị trấn Văn Điển',1,14),(218,'Xã Tân Triều',1,14),(219,'Xã Thanh Liệt',1,14),(220,'Xã Hữu Hoà',1,14),(221,'Xã Tam Hiệp',1,14),(222,'Xã Tứ Hiệp',1,14),(223,'Xã Vĩnh Quỳnh',1,14),(224,'Xã Duyên Hà',1,14),(225,'Xã Vạn Phúc',1,14),(226,'Xã Đại áng',1,14),(227,'Xã Liên Ninh',1,14),(228,'Xã Ngũ Hiệp',1,14),(229,'Xã Tả Thanh Oai',1,14),(230,'Xã Yên Mỹ',1,14),(231,'Xã Ngọc Hồi',1,14),(232,'Xã Đông Mỹ',1,14),(233,'Xã Đại Thịnh',1,15),(234,'Xã Kim Hoa',1,15),(235,'Xã Thạch Đà',1,15),(236,'Xã Tự Lập',1,15),(237,'Xã Thanh Lâm',1,15),(238,'Xã Liên Mạc',1,15),(239,'Xã Vạn Yên',1,15),(240,'Xã Chu Phan',1,15),(241,'Xã Mê Linh',1,15),(242,'Xã Văn Khê',1,15),(243,'Xã Hoàng Kim',1,15),(244,'Xã Tráng Việt',1,15),(245,'Thị trấn Quang Minh',1,15),(246,'Xã Tiến Thắng',1,15),(247,'Xã Tam Đồng',1,15),(248,'Xã Tiến Thịnh',1,15),(249,'Xã Tiền Phong',1,15),(250,'Thị trấn Chi Đông',1,15),(251,'Phường Nguyễn Trãi',1,16),(252,'Phường Mỗ Lao',1,16),(253,'Phường Văn Quán',1,16),(254,'Phường Vạn Phúc',1,16),(255,'Phường Quang Trung',1,16),(256,'Phường Phúc La',1,16),(257,'Phường Hà Cầu',1,16),(258,'Xã Yên Nghĩa',1,16),(259,'Xã Kiến Hưng',1,16),(260,'Xã Phú Lãm',1,16),(261,'Xã Dương Nội',1,16),(262,'Xã Đồng Mai',1,16),(263,'Xã Biên Giang',1,16),(264,'Xã Phú Lương',1,16),(265,'Phường Phú La',1,16),(266,'Phường La Khê',1,16),(267,'Phường Yết Kiêu',1,16),(268,'Phường Phú Thịnh',1,17),(269,'Phường Quang Trung',1,17),(270,'Phường Sơn Lộc',1,17),(271,'Phường Xuân Khanh',1,17),(272,'Xã Đường Lâm',1,17),(273,'Xã Xuân Sơn',1,17),(274,'Phường Trung Hưng',1,17),(275,'Xã Thanh Mỹ',1,17),(276,'Xã Kim Sơn',1,17),(277,'Xã Sơn Đông',1,17),(278,'Xã Cổ Đông',1,17),(279,'Phường Lê Lợi',1,17),(280,'Phường Ngô Quyền',1,17),(281,'Phường Viên Sơn',1,17),(282,'Phường Trung Sơn Trầm',1,17),(283,'Xã Vân Hà',1,18),(284,'Xã Vân Phúc',1,18),(285,'Xã Vân Nam',1,18),(286,'Xã Xuân Phú',1,18),(287,'Xã Sen Chiểu',1,18),(288,'Xã Cẩm Đình',1,18),(289,'Xã Võng Xuyên',1,18),(290,'Xã Long Xuyên',1,18),(291,'Xã Thượng Cốc',1,18),(292,'Xã Thanh Đa',1,18),(293,'Xã Trạch Mỹ Lộc',1,18),(294,'Xã Phúc Hòa',1,18),(295,'Xã Phụng Thượng',1,18),(296,'Xã Tam Thuấn',1,18),(297,'Xã Tam Hiệp',1,18),(298,'Xã Hát Môn',1,18),(299,'Thị trấn Phúc Thọ',1,18),(300,'Xã Phương Độ',1,18),(301,'Xã Thọ Lộc',1,18),(302,'Xã Tích Giang',1,18),(303,'Xã Ngọc Tảo',1,18),(304,'Xã Hiệp Thuận',1,18),(305,'Xã Liên Hiệp',1,18),(306,'Xã Thọ An',1,19),(307,'Xã Phương Đình',1,19),(308,'Xã Hạ Mỗ',1,19),(309,'Xã Tân Hội',1,19),(310,'Xã Song Phượng',1,19),(311,'Thị trấn Phùng',1,19),(312,'Xã Trung Châu',1,19),(313,'Xã Thọ Xuân',1,19),(314,'Xã Hồng Hà',1,19),(315,'Xã Liên Hồng',1,19),(316,'Xã Liên Hà',1,19),(317,'Xã Liên Trung',1,19),(318,'Xã Thượng Mỗ',1,19),(319,'Xã Tân Lập',1,19),(320,'Xã Đan Phượng',1,19),(321,'Xã Đồng Tháp',1,19),(322,'Xã Phú Kim',1,20),(323,'Xã Hữu Bằng',1,20),(324,'Xã Lại Thượng',1,20),(325,'Xã Kim Quan',1,20),(326,'Xã Thạch Hoà',1,20),(327,'Xã Tân Xã',1,20),(328,'Xã Hạ Bằng',1,20),(329,'Thị trấn Liên Quan',1,20),(330,'Xã Đại Đồng',1,20),(331,'Xã Cẩm Yên',1,20),(332,'Xã Hương Ngải',1,20),(333,'Xã Canh Nậu',1,20),(334,'Xã Dị Nậu',1,20),(335,'Xã Bình Yên',1,20),(336,'Xã Chàng Sơn',1,20),(337,'Xã Cần Kiệm',1,20),(338,'Xã Phùng Xá',1,20),(339,'Xã Thạch Xá',1,20),(340,'Xã Bình Phú',1,20),(341,'Xã Đồng Trúc',1,20),(342,'Xã Yên Bình',1,20),(343,'Xã Yên Trung',1,20),(344,'Xã Tiến Xuân',1,20),(345,'Xã Di Trạch',1,21),(346,'Xã Song Phương',1,21),(347,'Xã Dương Liễu',1,21),(348,'Xã Kim Chung',1,21),(349,'Xã Đắc Sở',1,21),(350,'Xã An Khánh',1,21),(351,'Xã Đông La',1,21),(352,'Thị trấn Trạm Trôi',1,21),(353,'Xã Đức Thượng',1,21),(354,'Xã Minh Khai',1,21),(355,'Xã Đức Giang',1,21),(356,'Xã Cát Quế',1,21),(357,'Xã Yên Sở',1,21),(358,'Xã Sơn Đồng',1,21),(359,'Xã Vân Canh',1,21),(360,'Xã Lại Yên',1,21),(361,'Xã Tiền Yên',1,21),(362,'Xã An Thượng',1,21),(363,'Xã Vân Côn',1,21),(364,'Xã La Phù',1,21),(365,'Xã Ngọc Liệp',1,22),(366,'Xã Đại Thành',1,22),(367,'Xã Phượng Cách',1,22),(368,'Xã Thạch Thán',1,22),(369,'Xã Nghĩa Hương',1,22),(370,'Xã Phú Mãn',1,22),(371,'Xã Đông Yên',1,22),(372,'Thị trấn Quốc Oai',1,22),(373,'Xã Sài Sơn',1,22),(374,'Xã Yên Sơn',1,22),(375,'Xã Ngọc Mỹ',1,22),(376,'Xã Liệp Tuyết',1,22),(377,'Xã Đồng Quang',1,22),(378,'Xã Phú Cát',1,22),(379,'Xã Tuyết Nghĩa',1,22),(380,'Xã Cộng Hòa',1,22),(381,'Xã Tân Phú',1,22),(382,'Xã Cấn Hữu',1,22),(383,'Xã Tân Hòa',1,22),(384,'Xã Hòa Thạch',1,22),(385,'Xã Đông Xuân',1,22),(386,'Xã Mỹ Hưng',1,23),(387,'Xã Thanh Mai',1,23),(388,'Xã Cao Dương',1,23),(389,'Xã Cự Khê',1,23),(390,'Xã Kim An',1,23),(391,'Xã Tân Ước',1,23),(392,'Xã Xuân Dương',1,23),(393,'Xã Cao Viên',1,23),(394,'Xã Bình Minh',1,23),(395,'Xã Tam Hưng',1,23),(396,'Xã Thanh Cao',1,23),(397,'Xã Thanh Thùy',1,23),(398,'Xã Thanh Văn',1,23),(399,'Xã Đỗ Động',1,23),(400,'Xã Kim Thư',1,23),(401,'Xã Phương Trung',1,23),(402,'Xã Dân Hòa',1,23),(403,'Xã Liên Châu',1,23),(404,'Xã Hồng Dương',1,23),(405,'Thị trấn Kim Bài',1,23),(406,'Xã Bích Hòa',1,23),(407,'Xã Hồng Vân',1,24),(408,'Xã Quất Động',1,24),(409,'Xã Vạn Điểm',1,24),(410,'Xã Nhị Khê',1,24),(411,'Xã Văn Bình',1,24),(412,'Xã Liên Phương',1,24),(413,'Xã Hà Hồi',1,24),(414,'Xã Chương Dương',1,24),(415,'Xã Dũng Tiến',1,24),(416,'Xã Văn Tự',1,24),(417,'Thị trấn Thường Tín',1,24),(418,'Xã Ninh Sở',1,24),(419,'Xã Duyên Thái',1,24),(420,'Xã Khánh Hà',1,24),(421,'Xã Hòa Bình',1,24),(422,'Xã Hiền Giang',1,24),(423,'Xã Vân Tảo',1,24),(424,'Xã Văn Phú',1,24),(425,'Xã Tự Nhiên',1,24),(426,'Xã Tiền Phong',1,24),(427,'Xã Thư Phú',1,24),(428,'Xã Nguyễn Trãi',1,24),(429,'Xã Tân Minh',1,24),(430,'Xã Lê Lợi',1,24),(431,'Xã Thắng Lợi',1,24),(432,'Xã Thống Nhất',1,24),(433,'Xã Nghiêm Xuyên',1,24),(434,'Xã Tô Hiệu',1,24),(435,'Xã Minh Cường',1,24),(436,'Thị trấn Đại Nghĩa',1,25),(437,'Xã An Tiến',1,25),(438,'Xã Phúc Lâm',1,25),(439,'Xã An Mỹ',1,25),(440,'Xã Xuy Xá',1,25),(441,'Xã Phù Lưu Tế',1,25),(442,'Xã Đại Hưng',1,25),(443,'Xã Vạn Kim',1,25),(444,'Xã Đốc Tín',1,25),(445,'Xã Hương Sơn',1,25),(446,'Xã Hùng Tiến',1,25),(447,'Xã Hợp Tiến',1,25),(448,'Xã Hợp Thanh',1,25),(449,'Xã An Phú',1,25),(450,'Xã Phùng Xá',1,25),(451,'Xã Đồng Tâm',1,25),(452,'Xã Thượng Lâm',1,25),(453,'Xã Tuy Lai',1,25),(454,'Xã Mỹ Thành',1,25),(455,'Xã Bột Xuyên',1,25),(456,'Xã Hồng Sơn',1,25),(457,'Xã Lê Thanh',1,25),(458,'Xã Đông Lỗ',1,26),(459,'Xã Hòa Xá',1,26),(460,'Xã Sơn Công',1,26),(461,'Xã Viên An',1,26),(462,'Xã Trường Thịnh',1,26),(463,'Xã Đồng Tiến',1,26),(464,'Xã Tảo Dương Văn',1,26),(465,'Xã Trầm Lộng',1,26),(466,'Xã Lưu Hoàng',1,26),(467,'Thị trấn Vân Đình',1,26),(468,'Xã Viên Nội',1,26),(469,'Xã Hoa Sơn',1,26),(470,'Xã Quảng Phú Cầu',1,26),(471,'Xã Cao Thành',1,26),(472,'Xã Liên Bạt',1,26),(473,'Xã Phương Tú',1,26),(474,'Xã Trung Tú',1,26),(475,'Xã Đồng Tân',1,26),(476,'Xã Vạn Thái',1,26),(477,'Xã Minh Đức',1,26),(478,'Xã Hòa Lâm',1,26),(479,'Xã Kim Đường',1,26),(480,'Xã Hòa Nam',1,26),(481,'Xã Hòa Phú',1,26),(482,'Xã Đội Bình',1,26),(483,'Xã Đại Hùng',1,26),(484,'Xã Phù Lưu',1,26),(485,'Xã Đại Cường',1,26),(486,'Xã Hồng Quang',1,26),(487,'Xã Phú Túc',1,27),(488,'Xã Khai Thái',1,27),(489,'Xã Minh Tân',1,27),(490,'Xã Nam Phong',1,27),(491,'Xã Chuyên Mỹ',1,27),(492,'Xã Tri Thủy',1,27),(493,'Xã Quang Lãng',1,27),(494,'Xã Văn Hoàng',1,27),(495,'Thị trấn Phú Xuyên',1,27),(496,'Xã Thụy Phú',1,27),(497,'Thị trấn Phú Minh',1,27),(498,'Xã Hồng Minh',1,27),(499,'Xã Phượng Dực',1,27),(500,'Xã Văn Nhân',1,27),(501,'Xã Tri Trung',1,27),(502,'Xã Đại Thắng',1,27),(503,'Xã Hồng Thái',1,27),(504,'Xã Hoàng Long',1,27),(505,'Xã Quang Trung',1,27),(506,'Xã Nam Triều',1,27),(507,'Xã Tân Dân',1,27),(508,'Xã Sơn Hà',1,27),(509,'Xã Phúc Tiến',1,27),(510,'Xã Vân Từ',1,27),(511,'Xã Đại Xuyên',1,27),(512,'Xã Phú Yên',1,27),(513,'Xã Bạch Hạ',1,27),(514,'Xã Châu Can',1,27),(515,'Xã Phú Cường',1,28),(516,'Xã Cổ Đô',1,28),(517,'Xã Tản Hồng',1,28),(518,'Xã Châu Sơn',1,28),(519,'Xã Phong Vân',1,28),(520,'Xã Phú Đông',1,28),(521,'Xã Phú Châu',1,28),(522,'Xã Thái Hòa',1,28),(523,'Xã Đồng Thái',1,28),(524,'Xã Minh Châu',1,28),(525,'Xã Chu Minh',1,28),(526,'Xã Cẩm Lĩnh',1,28),(527,'Xã Sơn Đà',1,28),(528,'Xã Đông Quang',1,28),(529,'Xã Thụy An',1,28),(530,'Xã Cam Thượng',1,28),(531,'Xã Thuần Mỹ',1,28),(532,'Xã Ba Trại',1,28),(533,'Xã Minh Quang',1,28),(534,'Xã Ba Vì',1,28),(535,'Xã Khánh Thượng',1,28),(536,'Xã Vật Lại',1,28),(537,'Xã Yên Bài',1,28),(538,'Thị trấn Tây Đằng',1,28),(539,'Xã Vạn Thắng',1,28),(540,'Xã Phú Phương',1,28),(541,'Xã Phú Sơn',1,28),(542,'Xã Tòng Bạt',1,28),(543,'Xã Tiên Phong',1,28),(544,'Xã Tản Lĩnh',1,28),(545,'Xã Vân Hòa',1,28),(546,'Xã Tiên Phương',1,29),(547,'Xã Đại Yên',1,29),(548,'Xã Quảng Bị',1,29),(549,'Xã Phú Nam An',1,29),(550,'Xã Phụng Châu',1,29),(551,'Xã Phú Nghĩa',1,29),(552,'Xã Thủy Xuân Tiên',1,29),(553,'Xã Tốt Động',1,29),(554,'Xã Hợp Đồng',1,29),(555,'Xã Hữu Văn',1,29),(556,'Xã Hồng Phong',1,29),(557,'Xã Đồng Lạc',1,29),(558,'Thị trấn Chúc Sơn',1,29),(559,'Thị trấn Xuân Mai',1,29),(560,'Xã Đông Sơn',1,29),(561,'Xã Đông Phương Yên',1,29),(562,'Xã Trường Yên',1,29),(563,'Xã Ngọc Hòa',1,29),(564,'Xã Thanh Bình',1,29),(565,'Xã Trung Hòa',1,29),(566,'Xã Thụy Hương',1,29),(567,'Xã Lam Điền',1,29),(568,'Xã Tân Tiến',1,29),(569,'Xã Nam Phương Tiến',1,29),(570,'Xã Hoàng Văn Thụ',1,29),(571,'Xã Hoàng Diệu',1,29),(572,'Xã Mỹ Lương',1,29),(573,'Xã Thượng Vực',1,29),(574,'Xã Đồng Phú',1,29),(575,'Xã Trần Phú',1,29),(576,'Xã Văn Võ',1,29),(577,'Xã Hòa Chính',1,29),(578,'Phường Hạ Lý',2,30),(579,'Phường Sở Dầu',2,30),(580,'Phường Trại Chuối',2,30),(581,'Phường Quán Toan',2,30),(582,'Phường Hùng Vương',2,30),(583,'Phường Thượng Lý',2,30),(584,'Phường Minh Khai',2,30),(585,'Phường Quang Trung',2,30),(586,'Phường Hoàng Văn Thụ',2,30),(587,'Phường Phan Bội Châu',2,30),(588,'Phường Phạm Hồng Thái',2,30),(589,'Phường Cầu Tre',2,31),(590,'Phường Máy Chai',2,31),(591,'Phường Lạc Viên',2,31),(592,'Phường Cầu Đất',2,31),(593,'Phường Máy Tơ',2,31),(594,'Phường Vạn Mỹ',2,31),(595,'P. Lương Khánh Thiện',2,31),(596,'Phường Gia Viên',2,31),(597,'Phường Đông Khê',2,31),(598,'Phường Lê Lợi',2,31),(599,'Phường Đằng Giang',2,31),(600,'Phường Lạch Tray',2,31),(601,'Phường Đổng Quốc Bình',2,31),(602,'Phường Đằng Lâm',2,32),(603,'Phường Đằng Hải',2,32),(604,'Phường Nam Hải',2,32),(605,'Phường Cát Bi',2,32),(606,'Phường Tràng Cát',2,32),(607,'Phường Đông Hải 1',2,32),(608,'Phường Đông Hải 2',2,32),(609,'Phường Thành Tô',2,32),(610,'Phường An Biên',2,33),(611,'Phường Nghĩa Xá',2,33),(612,'Phường Cát Dài',2,33),(613,'Phường Trần Nguyên Hãn',2,33),(614,'Phường Đông Hải',2,33),(615,'Phường Dư Hàng Kênh',2,33),(616,'Phường Vĩnh Niệm',2,33),(617,'Phường Lam Sơn',2,33),(618,'Phường An Dương',2,33),(619,'Phường Hồ Nam',2,33),(620,'Phường Trại Cau',2,33),(621,'Phường Dư Hàng',2,33),(622,'Phường Hàng Kênh',2,33),(623,'Phường Niệm Nghĩa',2,33),(624,'Phường Kênh Dương',2,33),(625,'Phường Quán Trữ',2,34),(626,'Phường Ngọc Sơn',2,34),(627,'Phường Đồng Hoà',2,34),(628,'Phường Bắc Sơn',2,34),(629,'Phường Nam Sơn',2,34),(630,'Phường Trần Thành Ngọ',2,34),(631,'Phường Văn Đẩu',2,34),(632,'Phường Phù Liễn',2,34),(633,'Phường Tràng Minh',2,34),(634,'Phường Lãm Hà',2,34),(635,'Phường Ngọc Hải',2,35),(636,'Phường Ngọc Xuyên',2,35),(637,'Xã Bàng La',2,35),(638,'Phường Vạn Hương',2,35),(639,'Phường Vạn Sơn',2,35),(640,'Phường Hợp Đức',2,35),(641,'Phường Minh Đức',2,35),(642,'Xã Lưu Kiếm',2,36),(643,'Xã Cao Nhân',2,36),(644,'Xã Tam Hưng',2,36),(645,'Xã Dương Quan',2,36),(646,'Xã An Sơn',2,36),(647,'Xã Lưu Kỳ',2,36),(648,'Xã Minh Tân',2,36),(649,'Xã Kênh Giang',2,36),(650,'Xã Đông Sơn',2,36),(651,'Xã Thuỷ Triều',2,36),(652,'Xã Phả Lễ',2,36),(653,'Xã Thuỷ Sơn',2,36),(654,'Xã Hoa Động',2,36),(655,'Thị trấn Núi Đèo',2,36),(656,'Thị trấn Minh Đức',2,36),(657,'Xã Lại Xuân',2,36),(658,'Xã Kỳ Sơn',2,36),(659,'Xã Liên Khê',2,36),(660,'Xã Gia Minh',2,36),(661,'Xã Gia Đức',2,36),(662,'Xã Phù Ninh',2,36),(663,'Xã Quảng Thanh',2,36),(664,'Xã Chính Mỹ',2,36),(665,'Xã Hợp Thành',2,36),(666,'Xã Mỹ Đồng',2,36),(667,'Xã Hoà Bình',2,36),(668,'Xã Trung Hà',2,36),(669,'Xã An Lư',2,36),(670,'Xã Ngũ Lão',2,36),(671,'Xã Phục Lễ',2,36),(672,'Xã Lập Lễ',2,36),(673,'Xã Kiền Bái',2,36),(674,'Xã Thiên Hương',2,36),(675,'Xã Thuỷ Đường',2,36),(676,'Xã Hoàng Động',2,36),(677,'Xã Lâm Động',2,36),(678,'Xã Tân Dương',2,36),(679,'Xã Bắc Sơn',2,37),(680,'Xã Lê Thiện',2,37),(681,'Xã Hồng Phong',2,37),(682,'Xã Nam Sơn',2,37),(683,'Xã Đồng Thái',2,37),(684,'Thị trấn An Dương',2,37),(685,'Xã Đại Bản',2,37),(686,'Xã An Hoà',2,37),(687,'Xã Tân Tiến',2,37),(688,'Xã An Hưng',2,37),(689,'Xã An Hồng',2,37),(690,'Xã Lê Lợi',2,37),(691,'Xã Đặng Cương',2,37),(692,'Xã Quốc Tuấn',2,37),(693,'Xã An Đồng',2,37),(694,'Xã Hồng Thái',2,37),(695,'Xã Trường Thọ',2,38),(696,'Xã Tân Viên',2,38),(697,'Thị trấn An Lão',2,38),(698,'Xã Quang Hưng',2,38),(699,'Thị Trấn Trường Sơn',2,38),(700,'Xã Mỹ Đức',2,38),(701,'Xã Bát Trang',2,38),(702,'Xã Trường Thành',2,38),(703,'Xã An Tiến',2,38),(704,'Xã Quang Trung',2,38),(705,'Xã Quốc Tuấn',2,38),(706,'Xã An Thắng',2,38),(707,'Xã Tân Dân',2,38),(708,'Xã Thái Sơn',2,38),(709,'Xã Chiến Thắng',2,38),(710,'Xã An Thọ',2,38),(711,'Xã An Thái',2,38),(712,'Xã Đông Phương',2,39),(713,'Xã Đại Hà',2,39),(714,'Xã Tân Trào',2,39),(715,'Thị trấn Núi Đối',2,39),(716,'Xã Đại Đồng',2,39),(717,'Xã Du Lễ',2,39),(718,'Xã Minh Tân',2,39),(719,'Xã Đoàn Xá',2,39),(720,'Xã Tú Sơn',2,39),(721,'Xã Đại Hợp',2,39),(722,'Xã Thuận Thiên',2,39),(723,'Xã Hữu Bằng',2,39),(724,'Xã Ngũ Phúc',2,39),(725,'Xã Kiến Quốc',2,39),(726,'Xã Thuỵ Hương',2,39),(727,'Xã Thanh Sơn',2,39),(728,'Xã Ngũ Đoan',2,39),(729,'Xã Tân Phong',2,39),(730,'Xã Quang Phục',2,40),(731,'Xã Tự Cường',2,40),(732,'Xã Quyết Tiến',2,40),(733,'Xã Kiến Thiết',2,40),(734,'Xã Toàn Thắng',2,40),(735,'Xã Nam Hưng',2,40),(736,'Xã Tiên Hưng',2,40),(737,'Thị trấn Tiên Lãng',2,40),(738,'Xã Đại Thắng',2,40),(739,'Xã Tiên Cường',2,40),(740,'Xã Tiên Tiến',2,40),(741,'Xã Khởi Nghĩa',2,40),(742,'Xã Tiên Thanh',2,40),(743,'Xã Cấp Tiến',2,40),(744,'Xã Đoàn Lập',2,40),(745,'Xã Bạch Đằng',2,40),(746,'Xã Tiên Thắng',2,40),(747,'Xã Tiên Minh',2,40),(748,'Xã Bắc Hưng',2,40),(749,'Xã Hùng Thắng',2,40),(750,'Xã Tây Hưng',2,40),(751,'Xã Đông Hưng',2,40),(752,'Xã Vinh Quang',2,40),(753,'Thị trấn Vĩnh Bảo',2,41),(754,'Xã Tân Hưng',2,41),(755,'Xã Hoà Bình',2,41),(756,'Xã Giang Biên',2,41),(757,'Xã Vĩnh An',2,41),(758,'Xã An Hoà',2,41),(759,'Xã Tam Đa',2,41),(760,'Xã Đồng Minh',2,41),(761,'Xã Tam Cường',2,41),(762,'Xã Cộng Hiền',2,41),(763,'Xã Trấn Dương',2,41),(764,'Xã Dũng Tiến',2,41),(765,'Xã Thắng Thuỷ',2,41),(766,'Xã Trung Lập',2,41),(767,'Xã Việt Tiến',2,41),(768,'Xã Vĩnh Long',2,41),(769,'Xã Hiệp Hoà',2,41),(770,'Xã Hùng Tiến',2,41),(771,'Xã Tân Liên',2,41),(772,'Xã Nhân Hoà',2,41),(773,'Xã Hưng Nhân',2,41),(774,'Xã Vinh Quang',2,41),(775,'Xã Thanh Lương',2,41),(776,'Xã Liên Am',2,41),(777,'Xã Lý Học',2,41),(778,'Xã Tiền Phong',2,41),(779,'Xã Vĩnh Phong',2,41),(780,'Xã Cao Minh',2,41),(781,'Xã Cổ Am',2,41),(782,'Xã Vĩnh Tiến',2,41),(783,'Thị trấn Cát Hải',2,42),(784,'Xã Đồng Bài',2,42),(785,'Xã Gia Luận',2,42),(786,'Xã Xuân Đám',2,42),(787,'Thị trấn Cát Bà',2,42),(788,'Xã Nghĩa Lộ',2,42),(789,'Xã Hoàng Châu',2,42),(790,'Xã Văn Phong',2,42),(791,'Xã Phù Long',2,42),(792,'Xã Hiền Hào',2,42),(793,'Xã Trân Châu',2,42),(794,'Xã Việt Hải',2,42),(795,'Phường Anh Dũng',2,44),(796,'Phường Đa Phúc',2,44),(797,'Phường Hưng Đạo',2,44),(798,'Phường Hải Thành',2,44),(799,'Phường Tân Thành',2,44),(800,'Phường Hoà Nghĩa',2,44),(801,'Phường Nguyễn Trãi',3,45),(802,'Phường Quang Trung',3,45),(803,'Phường Thanh Bình',3,45),(804,'Phường Cẩm Thượng',3,45),(805,'Phường Bình Hàn',3,45),(806,'Phường Ngọc Châu',3,45),(807,'Phường Phạm Ngũ Lão',3,45),(808,'Phường Trần Hưng Đạo',3,45),(809,'Phường Trần Phú',3,45),(810,'Phường Lê Thanh Nghị',3,45),(811,'Phường Hải Tân',3,45),(812,'Xã Tứ Minh',3,45),(813,'Xã Việt Hòa',3,45),(814,'Xã Thạch Khôi',3,45),(815,'Xã Tân Hưng',3,45),(816,'Xã Nam Đồng',3,45),(817,'Xã ái Quốc',3,45),(818,'Xã An Châu',3,45),(819,'Xã Thượng Đạt',3,45),(820,'Thị trấn Sao Đỏ',3,46),(821,'Xã Văn An',3,46),(822,'Thị trấn Phả Lại',3,46),(823,'Xã Bắc An',3,46),(824,'Xã Cộng Hòa',3,46),(825,'Xã Chí Minh',3,46),(826,'Xã An Lạc',3,46),(827,'Xã Tân Dân',3,46),(828,'Thị trấn Bến Tắm',3,46),(829,'Xã Hoàng Hoa Thám',3,46),(830,'Xã Hưng Đạo',3,46),(831,'Xã Lê Lợi',3,46),(832,'Xã Hoàng Tiến',3,46),(833,'Xã Hoàng Tân',3,46),(834,'Xã Cổ Thành',3,46),(835,'Xã Văn Đức',3,46),(836,'Xã Thái Học',3,46),(837,'Xã Nhân Huệ',3,46),(838,'Xã Kênh Giang',3,46),(839,'Xã Đồng Lạc',3,46),(840,'Xã Nam Hưng',3,47),(841,'Xã An Sơn',3,47),(842,'Xã Minh Tân',3,47),(843,'Xã Hợp Tiến',3,47),(844,'Xã Nam Chính',3,47),(845,'Xã Cộng Hòa',3,47),(846,'Xã Nam Hồng',3,47),(847,'Thị trấn Nam Sách',3,47),(848,'Xã Nam Tân',3,47),(849,'Xã Hiệp Cát',3,47),(850,'Xã Thanh Quang',3,47),(851,'Xã Quốc Tuấn',3,47),(852,'Xã An Bình',3,47),(853,'Xã Nam Trung',3,47),(854,'Xã Thái Tân',3,47),(855,'Xã An Lâm',3,47),(856,'Xã Phú Điền',3,47),(857,'Xã Hồng Phong',3,47),(858,'Xã Đồng Lạc',3,47),(859,'Xã Tân An',3,48),(860,'Xã Thanh Sơn',3,48),(861,'Xã Hồng Lạc',3,48),(862,'Xã Cẩm Chế',3,48),(863,'Xã Tiền Tiến',3,48),(864,'Xã Thanh Khê',3,48),(865,'Xã Thanh Thủy',3,48),(866,'Xã Thanh Bính',3,48),(867,'Thị trấn Thanh Hà',3,48),(868,'Xã Việt Hồng',3,48),(869,'Xã Quyết Thắng',3,48),(870,'Xã Tân Việt',3,48),(871,'Xã Thanh An',3,48),(872,'Xã Thanh Lang',3,48),(873,'Xã Liên Mạc',3,48),(874,'Xã Thanh Hải',3,48),(875,'Xã Thanh Xá',3,48),(876,'Xã Thanh Xuân',3,48),(877,'Xã An Lương',3,48),(878,'Xã Phượng Hoàng',3,48),(879,'Xã Hợp Đức',3,48),(880,'Xã Trường Thành',3,48),(881,'Xã Thanh Hồng',3,48),(882,'Xã Thanh Cường',3,48),(883,'Xã Vĩnh Lập',3,48),(884,'Xã Thái Sơn',3,49),(885,'Xã Lạc Long',3,49),(886,'Xã Minh Hòa',3,49),(887,'Xã Lê Ninh',3,49),(888,'Xã Duy Tân',3,49),(889,'Xã Phạm Mệnh',3,49),(890,'Xã Hiệp Sơn',3,49),(891,'Xã Long Xuyên',3,49),(892,'Thị trấn Kinh Môn',3,49),(893,'Xã Bạch Đằng',3,49),(894,'Xã Thất Hùng',3,49),(895,'Xã Hoành Sơn',3,49),(896,'Xã Phúc Thành B',3,49),(897,'Xã Tân Dân',3,49),(898,'Thị trấn Minh Tân',3,49),(899,'Xã Quang Trung',3,49),(900,'Xã Hiệp Hòa',3,49),(901,'Thị trấn Phú Thứ',3,49),(902,'Xã Thăng Long',3,49),(903,'Xã An Sinh',3,49),(904,'Xã Thượng Quận',3,49),(905,'Xã An Phụ',3,49),(906,'Xã Hiệp An',3,49),(907,'Xã Thái Thịnh',3,49),(908,'Xã Hiến Thành',3,49),(909,'Xã Kim Lương',3,50),(910,'Xã Đại Đức',3,50),(911,'Xã Kim Đính',3,50),(912,'Xã Đồng Gia',3,50),(913,'Thị trấn Phú Thái',3,50),(914,'Xã Cổ Dũng',3,50),(915,'Xã Phúc Thành A',3,50),(916,'Xã Ngũ Phúc',3,50),(917,'Xã Kim Anh',3,50),(918,'Xã Kim Tân',3,50),(919,'Xã Kim Khê',3,50),(920,'Xã Cẩm La',3,50),(921,'Xã Bình Dân',3,50),(922,'Xã Tam Kỳ',3,50),(923,'Xã Liên Hòa',3,50),(924,'Xã Kim Xuyên',3,50),(925,'Xã Lai Vu',3,50),(926,'Xã Cộng Hòa',3,50),(927,'Xã Thượng Vũ',3,50),(928,'Xã Việt Hưng',3,50),(929,'Xã Tuấn Hưng',3,50),(930,'Thị trấn Gia Lộc',3,51),(931,'Xã Tân Tiến',3,51),(932,'Xã Thống Kênh',3,51),(933,'Xã Trùng Khánh',3,51),(934,'Xã Gia Tân',3,51),(935,'Xã Gia Lương',3,51),(936,'Xã Hồng Hưng',3,51),(937,'Xã Quang Minh',3,51),(938,'Xã Liên Hồng',3,51),(939,'Xã Thống Nhất',3,51),(940,'Xã Gia Xuyên',3,51),(941,'Xã Yết Kiêu',3,51),(942,'Xã Gia Hòa',3,51),(943,'Xã Phương Hưng',3,51),(944,'Xã Gia Khánh',3,51),(945,'Xã Lê Lợi',3,51),(946,'Xã Toàn Thắng',3,51),(947,'Xã Hoàng Diệu',3,51),(948,'Xã Phạm Trấn',3,51),(949,'Xã Đoàn Thượng',3,51),(950,'Xã Đồng Quang',3,51),(951,'Xã Nhật Tân',3,51),(952,'Xã Đức Xương',3,51),(953,'Xã Cộng Lạc',3,52),(954,'Xã Bình Lăng',3,52),(955,'Xã Quảng Nghiệp',3,52),(956,'Thị trấn Tứ Kỳ',3,52),(957,'Xã Ngọc Kỳ',3,52),(958,'Xã Tái Sơn',3,52),(959,'Xã Dân Chủ',3,52),(960,'Xã Đại Hợp',3,52),(961,'Xã Minh Đức',3,52),(962,'Xã Văn Tố',3,52),(963,'Xã Quang Trung',3,52),(964,'Xã Phượng Kỳ',3,52),(965,'Xã Tiên Động',3,52),(966,'Xã Nguyên Giáp',3,52),(967,'Xã Hà Kỳ',3,52),(968,'Xã Hà Thanh',3,52),(969,'Xã An Thanh',3,52),(970,'Xã Ngọc Sơn',3,52),(971,'Xã Kỳ Sơn',3,52),(972,'Xã Đại Đồng',3,52),(973,'Xã Hưng Đạo',3,52),(974,'Xã Tứ Xuyên',3,52),(975,'Xã Quang Phục',3,52),(976,'Xã Đông Kỳ',3,52),(977,'Xã Tây Kỳ',3,52),(978,'Xã Tân Kỳ',3,52),(979,'Xã Quang Khải',3,52),(980,'Xã Cẩm Hoàng',3,53),(981,'Xã Cao An',3,53),(982,'Thị trấn Cẩm Giàng',3,53),(983,'Xã Cẩm Văn',3,53),(984,'Xã Đức Chính',3,53),(985,'Xã Lương Điền',3,53),(986,'Xã Cẩm Điền',3,53),(987,'Thị trấn Lai Cách',3,53),(988,'Xã Cẩm Hưng',3,53),(989,'Xã Ngọc Liên',3,53),(990,'Xã Thạch Lỗi',3,53),(991,'Xã Cẩm Vũ',3,53),(992,'Xã Cẩm Sơn',3,53),(993,'Xã Cẩm Định',3,53),(994,'Xã Kim Giang',3,53),(995,'Xã Tân Trường',3,53),(996,'Xã Cẩm Phúc',3,53),(997,'Xã Cẩm Đông',3,53),(998,'Xã Cẩm Đoài',3,53),(999,'Xã Hưng Thịnh',3,54),(1000,'Xã Vĩnh Hồng',3,54),(1001,'Xã Tân Hồng',3,54),(1002,'Xã Nhân Quyền',3,54),(1003,'Thị trấn Kẻ Sặt',3,54),(1004,'Xã Vĩnh Tuy',3,54),(1005,'Xã Hùng Thắng',3,54),(1006,'Xã Tráng Liệt',3,54),(1007,'Xã Long Xuyên',3,54),(1008,'Xã Tân Việt',3,54),(1009,'Xã Thúc Kháng',3,54),(1010,'Xã Hồng Khê',3,54),(1011,'Xã Thái Học',3,54),(1012,'Xã Cổ Bi',3,54),(1013,'Xã Thái Dương',3,54),(1014,'Xã Thái Hòa',3,54),(1015,'Xã Bình Xuyên',3,54),(1016,'Xã Bình Minh',3,54),(1017,'Xã Tân Trào',3,55),(1018,'Xã Chi Lăng Nam',3,55),(1019,'Xã Diên Hồng',3,55),(1020,'Xã Cao Thắng',3,55),(1021,'Xã Thanh Tùng',3,55),(1022,'Xã Hồng Quang',3,55),(1023,'Xã Lê Hồng',3,55),(1024,'Thị trấn Thanh Miện',3,55),(1025,'Xã Phạm Kha',3,55),(1026,'Xã Ngô Quyền',3,55),(1027,'Xã Đoàn Tùng',3,55),(1028,'Xã Lam Sơn',3,55),(1029,'Xã Đoàn Kết',3,55),(1030,'Xã Tứ Cường',3,55),(1031,'Xã Hùng Sơn',3,55),(1032,'Xã Ngũ Hùng',3,55),(1033,'Xã Chi Lăng Bắc',3,55),(1034,'Xã Thanh Giang',3,55),(1035,'Xã Tiền Phong',3,55),(1036,'Xã Nghĩa An',3,56),(1037,'Xã Tân Phong',3,56),(1038,'Xã Hồng Phong',3,56),(1039,'Xã Quyết Thắng',3,56),(1040,'Xã Ninh Hòa',3,56),(1041,'Xã Ninh Thành',3,56),(1042,'Xã Quang Hưng',3,56),(1043,'Xã Tân Quang',3,56),(1044,'Xã Văn Hội',3,56),(1045,'Xã Hồng Phúc',3,56),(1046,'Thị trấn Ninh Giang',3,56),(1047,'Xã ứng Hoè',3,56),(1048,'Xã Hồng Đức',3,56),(1049,'Xã An Đức',3,56),(1050,'Xã Vạn Phúc',3,56),(1051,'Xã Tân Hương',3,56),(1052,'Xã Vĩnh Hòa',3,56),(1053,'Xã Đông Xuyên',3,56),(1054,'Xã Hoàng Hanh',3,56),(1055,'Xã Ninh Hải',3,56),(1056,'Xã Đồng Tâm',3,56),(1057,'Xã Kiến Quốc',3,56),(1058,'Xã Hồng Thái',3,56),(1059,'Xã Hồng Dụ',3,56),(1060,'Xã Hưng Thái',3,56),(1061,'Xã Hiệp Lực',3,56),(1062,'Xã Hưng Long',3,56),(1063,'Xã Văn Giang',3,56),(1064,'Xã Bảo Khê',4,57),(1065,'Phường Hiến Nam',4,57),(1066,'Phường Quang Trung',4,57),(1067,'Xã Quảng Châu',4,57),(1068,'Phường Lam Sơn',4,57),(1069,'Phường An Tảo',4,57),(1070,'Phường Lê Lợi',4,57),(1071,'Phường Hồng Châu',4,57),(1072,'Phường Minh Khai',4,57),(1073,'Xã Trung Nghĩa',4,57),(1074,'Xã Liên Phương',4,57),(1075,'Xã Hồng Nam',4,57),(1076,'Xã Hòa Phong',4,58),(1077,'Xã Dương Quang',4,58),(1078,'Xã Bạch Sam',4,58),(1079,'Xã Ngọc Lâm',4,58),(1080,'Thị trấn Bần Yên Nhân',4,58),(1081,'Xã Phan Đình Phùng',4,58),(1082,'Xã Cẩm Xá',4,58),(1083,'Xã Nhân Hòa',4,58),(1084,'Xã Dị Sử',4,58),(1085,'Xã Minh Đức',4,58),(1086,'Xã Phùng Chí Kiên',4,58),(1087,'Xã Xuân Dục',4,58),(1088,'Xã Hưng Long',4,58),(1089,'Thị trấn Khoái Châu',4,59),(1090,'Xã Dân Tiến',4,59),(1091,'Xã Thuần Hưng',4,59),(1092,'Xã Việt Hòa',4,59),(1093,'Xã Đại Hưng',4,59),(1094,'Xã Nhuế Dương',4,59),(1095,'Xã Hồng Tiến',4,59),(1096,'Xã Đông Tảo',4,59),(1097,'Xã ông Đình',4,59),(1098,'Xã Đông Kết',4,59),(1099,'Xã Bình Minh',4,59),(1100,'Xã Dạ Trạch',4,59),(1101,'Xã Hàm Tử',4,59),(1102,'Xã Tân Dân',4,59),(1103,'Xã Tứ Dân',4,59),(1104,'Xã An Vĩ',4,59),(1105,'Xã Bình Kiều',4,59),(1106,'Xã Đồng Tiến',4,59),(1107,'Xã Tân Châu',4,59),(1108,'Xã Liên Khê',4,59),(1109,'Xã Phùng Hưng',4,59),(1110,'Xã Đông Ninh',4,59),(1111,'Xã Đại Tập',4,59),(1112,'Xã Chí Tân',4,59),(1113,'Xã Thành Công',4,59),(1114,'Thị Trấn Ân Thi',4,60),(1115,'Xã Văn Nhuệ',4,60),(1116,'Xã Bắc Sơn',4,60),(1117,'Xã Tân Phúc',4,60),(1118,'Xã Hoàng Hoa Thám',4,60),(1119,'Xã Nguyễn Trãi',4,60),(1120,'Xã Hồng Vân',4,60),(1121,'Xã Phù ủng',4,60),(1122,'Xã Bãi Sậy',4,60),(1123,'Xã Đào Dương',4,60),(1124,'Xã Vân Du',4,60),(1125,'Xã Quang Vinh',4,60),(1126,'Xã Xuân Trúc',4,60),(1127,'Xã Quảng Lãng',4,60),(1128,'Xã Đặng Lễ',4,60),(1129,'Xã Cẩm Ninh',4,60),(1130,'Xã Đa Lộc',4,60),(1131,'Xã Hồ Tùng Mậu',4,60),(1132,'Xã Tiền Phong',4,60),(1133,'Xã Hồng Quang',4,60),(1134,'Xã Hạ Lễ',4,60),(1135,'Xã Đồng Thanh',4,61),(1136,'Xã Phú Cường',4,61),(1137,'Xã Phạm Ngũ Lão',4,61),(1138,'Xã Chính Nghĩa',4,61),(1139,'Xã Đức Hợp',4,61),(1140,'Xã Hiệp Cường',4,61),(1141,'Thị trấn Lương Bằng',4,61),(1142,'Xã Nghĩa Dân',4,61),(1143,'Xã Toàn Thắng',4,61),(1144,'Xã Vĩnh Xá',4,61),(1145,'Xã Thọ Vinh',4,61),(1146,'Xã Song Mai',4,61),(1147,'Xã Nhân La',4,61),(1148,'Xã Phú Thịnh',4,61),(1149,'Xã Mai Động',4,61),(1150,'Xã Hùng An',4,61),(1151,'Xã Ngọc Thanh',4,61),(1152,'Xã Vũ Xá',4,61),(1153,'Xã Hùng Cường',4,61),(1154,'Xã Phan Sào Nam',4,62),(1155,'Xã Nguyên Hòa',4,62),(1156,'Xã Đình Cao',4,62),(1157,'Xã Minh Tiến',4,62),(1158,'Thị trấn Trần Cao',4,62),(1159,'Xã Minh Tân',4,62),(1160,'Xã Quang Hưng',4,62),(1161,'Xã Minh Hoàng',4,62),(1162,'Xã Đoàn Đào',4,62),(1163,'Xã Tống Phan',4,62),(1164,'Xã Nhật Quang',4,62),(1165,'Xã TiênTiến',4,62),(1166,'Xã Tam Đa',4,62),(1167,'Xã Tống Trân',4,62),(1168,'Xã Đức Thắng',4,63),(1169,'Xã Hưng Đạo',4,63),(1170,'Xã Lệ Xá',4,63),(1171,'Xã Trung Dũng',4,63),(1172,'Xã Cương Chính',4,63),(1173,'Xã Minh Phượng',4,63),(1174,'Xã Phương Chiểu',4,63),(1175,'Xã Tân Hưng',4,63),(1176,'Xã Hoàng Hanh',4,63),(1177,'Thị trấn Vương',4,63),(1178,'Xã Ngô Quyền',4,63),(1179,'Xã Nhật Tân',4,63),(1180,'Xã Dị Chế',4,63),(1181,'Xã An Viên',4,63),(1182,'Xã Hải Triều',4,63),(1183,'Xã Thủ Sỹ',4,63),(1184,'Xã Thiện Phiến',4,63),(1185,'Xã Thụy Lôi',4,63),(1186,'Xã Phụng Công',4,64),(1187,'Xã Liên Nghĩa',4,64),(1188,'Thị trấn Văn Giang',4,64),(1189,'Xã Long Hưng',4,64),(1190,'Xã Tân Tiến',4,64),(1191,'Xã Thắng Lợi',4,64),(1192,'Xã Mễ Sở',4,64),(1193,'Xã Xuân Quan',4,64),(1194,'Xã Cửu Cao',4,64),(1195,'Xã Nghĩa Trụ',4,64),(1196,'Xã Vĩnh Khúc',4,64),(1197,'Xã Việt Hưng',4,65),(1198,'Xã Đại Đồng',4,65),(1199,'Xã Minh Hải',4,65),(1200,'Thị trấn Như Quỳnh',4,65),(1201,'Xã Lạc Đạo',4,65),(1202,'Xã Chỉ Đạo',4,65),(1203,'Xã Tân Quang',4,65),(1204,'Xã Đình Dù',4,65),(1205,'Xã Lương Tài',4,65),(1206,'Xã Trưng Trắc',4,65),(1207,'Xã Lạc Hồng',4,65),(1208,'Xã Nghĩa Hiệp',4,66),(1209,'Xã Việt Cường',4,66),(1210,'Xã Thanh Long',4,66),(1211,'Xã Yên Hòa',4,66),(1212,'Xã Tân Việt',4,66),(1213,'Thị trấn Yên Mỹ',4,66),(1214,'Xã Giai Phạm',4,66),(1215,'Xã Đồng Than',4,66),(1216,'Xã Ngọc Long',4,66),(1217,'Xã Liêu Xá',4,66),(1218,'Xã Hoàn Long',4,66),(1219,'Xã Tân Lập',4,66),(1220,'Xã Yên Phú',4,66),(1221,'Xã Trung Hòa',4,66),(1222,'Xã Minh Châu',4,66),(1223,'Xã Trung Hưng',4,66),(1224,'Xã Lý Thường Kiệt',4,66),(1225,'Phường Minh Khai',5,67),(1226,'Phường Quang Trung',5,67),(1227,'Phường Trần Hưng Đạo',5,67),(1228,'Xã Thanh Châu',5,67),(1229,'P. Lương Khánh Thiện',5,67),(1230,'Phường Lê Hồng Phong',5,67),(1231,'Phường Hai Bà Trưng',5,67),(1232,'Xã Lam Hạ',5,67),(1233,'Xã Phù Vân',5,67),(1234,'Xã Liêm Chính',5,67),(1235,'Xã Liêm Chung',5,67),(1236,'Xã Châu Sơn',5,67),(1237,'Xã Yên Bắc',5,68),(1238,'Xã Đọi Sơn',5,68),(1239,'Xã Duy Minh',5,68),(1240,'Xã Châu Giang',5,68),(1241,'Xã Mộc Bắc',5,68),(1242,'Xã Châu Sơn',5,68),(1243,'Xã Mộc Nam',5,68),(1244,'Xã Duy Hải',5,68),(1245,'Xã Chuyên Ngoại',5,68),(1246,'Xã Trác Văn',5,68),(1247,'Xã Tiên Nội',5,68),(1248,'Xã Hoàng Đông',5,68),(1249,'Xã Yên Nam',5,68),(1250,'Xã Tiên Ngoại',5,68),(1251,'Xã Tiên Tân',5,68),(1252,'Xã Tiên Hiệp',5,68),(1253,'Xã Tiền Phong',5,68),(1254,'Xã Tiên Hải',5,68),(1255,'Thị trấn Đồng Văn',5,68),(1256,'Thị trấn Hòa Mạc',5,68),(1257,'Xã Bạch Thượng',5,68),(1258,'Xã Tượng Lĩnh',5,69),(1259,'Xã Ba Sao',5,69),(1260,'Xã Nguyễn úy',5,69),(1261,'Xã Nhật Tựu',5,69),(1262,'Xã Hoàng Tây',5,69),(1263,'Xã Khả Phong',5,69),(1264,'Xã Liên Sơn',5,69),(1265,'Thị trấn Quế',5,69),(1266,'Xã Đại Cương',5,69),(1267,'Xã Lê Hồ',5,69),(1268,'Xã Nhật Tân',5,69),(1269,'Xã Đồng Hóa',5,69),(1270,'Xã Tân Sơn',5,69),(1271,'Xã Thụy Lôi',5,69),(1272,'Xã Văn Xá',5,69),(1273,'Xã Ngọc Sơn',5,69),(1274,'Xã Kim Bình',5,69),(1275,'Xã Thi Sơn',5,69),(1276,'Xã Thanh Sơn',5,69),(1277,'Xã Đạo Lý',5,70),(1278,'Xã Nhân Mỹ',5,70),(1279,'Xã Chính Lý',5,70),(1280,'Xã Văn Lý',5,70),(1281,'Xã Nhân Đạo',5,70),(1282,'Xã Nhân Khang',5,70),(1283,'Xã Nhân Bình',5,70),(1284,'Xã Hòa Hậu',5,70),(1285,'Thị trấn Vĩnh Trụ',5,70),(1286,'Xã Hợp Lý',5,70),(1287,'Xã Nguyên Lý',5,70),(1288,'Xã Chân Lý',5,70),(1289,'Xã Công Lý',5,70),(1290,'Xã Bắc Lý',5,70),(1291,'Xã Đức Lý',5,70),(1292,'Xã Đồng Lý',5,70),(1293,'Xã Nhân Thịnh',5,70),(1294,'Xã Nhân Hưng',5,70),(1295,'Xã Nhân Nghĩa',5,70),(1296,'Xã Nhân Chính',5,70),(1297,'Xã Phú Phúc',5,70),(1298,'Xã Xuân Khê',5,70),(1299,'Xã Tiến Thắng',5,70),(1300,'Xã Thanh Tuyền',5,71),(1301,'Xã Thanh Hương',5,71),(1302,'Xã Liêm Tuyền',5,71),(1303,'Xã Liêm Cần',5,71),(1304,'Xã Thanh Thủy',5,71),(1305,'Xã Liêm Túc',5,71),(1306,'Xã Thanh Tâm',5,71),(1307,'Thị trấn Kiện Khê',5,71),(1308,'Xã Liêm Tiết',5,71),(1309,'Xã Liêm Phong',5,71),(1310,'Xã Thanh Hà',5,71),(1311,'Xã Thanh Bình',5,71),(1312,'Xã Liêm Thuận',5,71),(1313,'Xã Thanh Phong',5,71),(1314,'Xã Thanh Lưu',5,71),(1315,'Xã Thanh Tân',5,71),(1316,'Xã Liêm Sơn',5,71),(1317,'Xã Thanh Nghị',5,71),(1318,'Xã Thanh Nguyên',5,71),(1319,'Xã Thanh Hải',5,71),(1320,'Xã Ngọc Lũ',5,72),(1321,'Xã Trung Lương',5,72),(1322,'Xã Bình Nghĩa',5,72),(1323,'Xã Đồng Du',5,72),(1324,'Xã An Ninh',5,72),(1325,'Xã An Nội',5,72),(1326,'Xã An Đổ',5,72),(1327,'Xã An Lão',5,72),(1328,'Thị trấn Bình Mỹ',5,72),(1329,'Xã Đinh Xá',5,72),(1330,'Xã Tràng An',5,72),(1331,'Xã Trịnh Xá',5,72),(1332,'Xã Hưng Công',5,72),(1333,'Xã Đồn Xá',5,72),(1334,'Xã Bồ Đề',5,72),(1335,'Xã Bối Cầu',5,72),(1336,'Xã An Mỹ',5,72),(1337,'Xã Vũ Bản',5,72),(1338,'Xã Mỹ Thọ',5,72),(1339,'Xã La Sơn',5,72),(1340,'Xã Tiêu Động',5,72),(1341,'Phường Bà Triệu',6,73),(1342,'Phường Trần Quang Khải',6,73),(1343,'Phường Thống Nhất',6,73),(1344,'Xã Lộc Hoà',6,73),(1345,'Xã Nam Vân',6,73),(1346,'Phường Vị Hoàng',6,73),(1347,'Phường Quang Trung',6,73),(1348,'Phường Cửa Bắc',6,73),(1349,'Phường Nguyễn Du',6,73),(1350,'Phường Trường Thi',6,73),(1351,'Phường Phan Đình Phùng',6,73),(1352,'Phường Ngô Quyền',6,73),(1353,'Phường Trần Hưng Đạo',6,73),(1354,'Phường Trần Đăng Ninh',6,73),(1355,'Phường Năng Tĩnh',6,73),(1356,'Phường Văn Miếu',6,73),(1357,'Phường Lộc Hạ',6,73),(1358,'Phường Lộc Vượng',6,73),(1359,'Phường Cửa Nam',6,73),(1360,'Xã Nam Phong',6,73),(1361,'Xã Mỹ Xá',6,73),(1362,'Xã Lộc An',6,73),(1363,'Phường Vị Xuyên',6,73),(1364,'Phường Hạ Long',6,73),(1365,'Phường Trần Tế Xương',6,73),(1366,'Xã Liên Bảo',6,74),(1367,'Xã Hiển Khánh',6,74),(1368,'Xã Minh Thuận',6,74),(1369,'Xã Đại An',6,74),(1370,'Xã Trung Thành',6,74),(1371,'Xã Kim Thái',6,74),(1372,'Xã Vĩnh Hào',6,74),(1373,'Thị trấn Gôi',6,74),(1374,'Xã Tân Khánh',6,74),(1375,'Xã Hợp Hưng',6,74),(1376,'Xã Tân Thành',6,74),(1377,'Xã Cộng Hòa',6,74),(1378,'Xã Quang Trung',6,74),(1379,'Xã Minh Tân',6,74),(1380,'Xã Thành Lợi',6,74),(1381,'Xã Liên Minh',6,74),(1382,'Xã Đại Thắng',6,74),(1383,'Xã Tam Thanh',6,74),(1384,'Xã Mỹ Trung',6,75),(1385,'Xã Mỹ Thắng',6,75),(1386,'Xã Mỹ Thuận',6,75),(1387,'Thị trấn Mỹ Lộc',6,75),(1388,'Xã Mỹ Hà',6,75),(1389,'Xã Mỹ Tiến',6,75),(1390,'Xã Mỹ Tân',6,75),(1391,'Xã Mỹ Phúc',6,75),(1392,'Xã Mỹ Hưng',6,75),(1393,'Xã Mỹ Thịnh',6,75),(1394,'Xã Mỹ Thành',6,75),(1395,'Xã Yên Lợi',6,76),(1396,'Xã Yên Dương',6,76),(1397,'Xã Yên Thắng',6,76),(1398,'Xã Yên Thành',6,76),(1399,'Xã Yên Nghĩa',6,76),(1400,'Xã Yên Bình',6,76),(1401,'Xã Yên Xá',6,76),(1402,'Xã Yên Ninh',6,76),(1403,'Xã Yên Tiến',6,76),(1404,'Xã Yên Lộc',6,76),(1405,'Xã Yên Khang',6,76),(1406,'Thị trấn Lâm',6,76),(1407,'Xã Yên Trung',6,76),(1408,'Xã Yên Tân',6,76),(1409,'Xã Yên Thọ',6,76),(1410,'Xã Yên Minh',6,76),(1411,'Xã Yên Phương',6,76),(1412,'Xã Yên Chính',6,76),(1413,'Xã Yên Phú',6,76),(1414,'Xã Yên Mỹ',6,76),(1415,'Xã Yên Hưng',6,76),(1416,'Xã Yên Khánh',6,76),(1417,'Xã Yên Phong',6,76),(1418,'Xã Yên Lương',6,76),(1419,'Xã Yên Hồng',6,76),(1420,'Xã Yên Quang',6,76),(1421,'Xã Yên Phúc',6,76),(1422,'Xã Yên Cường',6,76),(1423,'Xã Yên Bằng',6,76),(1424,'Xã Yên Đồng',6,76),(1425,'Xã Yên Nhân',6,76),(1426,'Xã Yên Trị',6,76),(1427,'Xã Hồng Quang',6,77),(1428,'Xã Đồng Sơn',6,77),(1429,'Xã Nam Mỹ',6,77),(1430,'Xã Nam Hoa',6,77),(1431,'Xã Nam Lợi',6,77),(1432,'Xã Nam Hải',6,77),(1433,'Xã Nghĩa An',6,77),(1434,'Xã Nam Thắng',6,77),(1435,'Xã Nam Toàn',6,77),(1436,'Xã Tân Thịnh',6,77),(1437,'Xã Nam Cường',6,77),(1438,'Xã Nam Hồng',6,77),(1439,'Xã Nam Hùng',6,77),(1440,'Xã Nam Dương',6,77),(1441,'Xã Nam Thanh',6,77),(1442,'Xã Bình Minh',6,77),(1443,'Xã Nam Tiến',6,77),(1444,'Xã Nam Thái',6,77),(1445,'Xã Điền Xá',6,77),(1446,'Thị trấn Nam Giang',6,77),(1447,'Xã Trực Tuấn',6,78),(1448,'Xã Trực Đại',6,78),(1449,'Xã Trực Chính',6,78),(1450,'Xã Việt Hùng',6,78),(1451,'Thị trấn Cát Thành',6,78),(1452,'Xã Trực Mỹ',6,78),(1453,'Xã Trực Thái',6,78),(1454,'Thị trấn Cổ Lễ',6,78),(1455,'Xã Phương Định',6,78),(1456,'Xã Trung Đông',6,78),(1457,'Xã Liêm Hải',6,78),(1458,'Xã Trực Đạo',6,78),(1459,'Xã Trực Hưng',6,78),(1460,'Xã Trực Nội',6,78),(1461,'Xã Trực Thanh',6,78),(1462,'Xã Trực Khang',6,78),(1463,'Xã Trực Thuận',6,78),(1464,'Xã Trực Cường',6,78),(1465,'Xã Trực Phú',6,78),(1466,'Xã Trực Hùng',6,78),(1467,'Xã Trực Thắng',6,78),(1468,'Xã Xuân Thành',6,79),(1469,'Xã Xuân Trung',6,79),(1470,'Xã Xuân Châu',6,79),(1471,'Xã Xuân Phong',6,79),(1472,'Xã Xuân Ngọc',6,79),(1473,'Xã Xuân Phú',6,79),(1474,'Xã Xuân Tiến',6,79),(1475,'Thị trấn Xuân Trường',6,79),(1476,'Xã Xuân Hồng',6,79),(1477,'Xã Xuân Thượng',6,79),(1478,'Xã Xuân Đài',6,79),(1479,'Xã Xuân Tân',6,79),(1480,'Xã Xuân Thủy',6,79),(1481,'Xã Xuân Bắc',6,79),(1482,'Xã Xuân Phương',6,79),(1483,'Xã Thọ Nghiệp',6,79),(1484,'Xã Xuân Vinh',6,79),(1485,'Xã Xuân Kiên',6,79),(1486,'Xã Xuân Ninh',6,79),(1487,'Xã Xuân Hòa',6,79),(1488,'Xã Giao Thiện',6,80),(1489,'Xã Giao Châu',6,80),(1490,'Thị trấn Quất Lâm',6,80),(1491,'Xã Giao Thanh',6,80),(1492,'Xã Giao Nhân',6,80),(1493,'Xã Giao Tân',6,80),(1494,'Xã Giao Thịnh',6,80),(1495,'Thị trấn Ngô Đồng',6,80),(1496,'Xã Giao Hương',6,80),(1497,'Xã Hồng Thuận',6,80),(1498,'Xã Hoành Sơn',6,80),(1499,'Xã Bình Hòa',6,80),(1500,'Xã Giao Tiến',6,80),(1501,'Xã Giao Hà',6,80),(1502,'Xã Giao An',6,80),(1503,'Xã Giao Lạc',6,80),(1504,'Xã Giao Yến',6,80),(1505,'Xã Giao Xuân',6,80),(1506,'Xã Giao Hải',6,80),(1507,'Xã Bạch Long',6,80),(1508,'Xã Giao Long',6,80),(1509,'Xã Giao Phong',6,80),(1510,'Xã Nghĩa Đồng',6,81),(1511,'Xã Nghĩa Hồng',6,81),(1512,'Xã Nghĩa Lợi',6,81),(1513,'Thị trấn Rạng Đông',6,81),(1514,'Xã Hoàng Nam',6,81),(1515,'Xã Nghĩa Lạc',6,81),(1516,'Xã Nghĩa Bình',6,81),(1517,'Xã Nghĩa Lâm',6,81),(1518,'Xã Nghĩa Hải',6,81),(1519,'Thị trấn Liễu Đề',6,81),(1520,'Xã Nghĩa Thịnh',6,81),(1521,'Xã Nghĩa Minh',6,81),(1522,'Xã Nghĩa Thái',6,81),(1523,'Xã Nghĩa Châu',6,81),(1524,'Xã Nghĩa Trung',6,81),(1525,'Xã Nghĩa Sơn',6,81),(1526,'Xã Nghĩa Phong',6,81),(1527,'Xã Nghĩa Phú',6,81),(1528,'Thị trấn Quỹ Nhất',6,81),(1529,'Xã Nghĩa Tân',6,81),(1530,'Xã Nghĩa Hùng',6,81),(1531,'Xã Nghĩa Thành',6,81),(1532,'Xã Nghĩa Thắng',6,81),(1533,'Xã Nghĩa Phúc',6,81),(1534,'Xã Nam Điền',6,81),(1535,'Thị trấn Thịnh Long',6,82),(1536,'Xã Hải Phương',6,82),(1537,'Xã Hải Tây',6,82),(1538,'Xã Hải Lộc',6,82),(1539,'Xã Hải Sơn',6,82),(1540,'Xã Hải An',6,82),(1541,'Xã Hải Giang',6,82),(1542,'Xã Hải Xuân',6,82),(1543,'Xã Hải Hà',6,82),(1544,'Thị trấn Yên Định',6,82),(1545,'Xã Hải Trung',6,82),(1546,'Xã Hải Hưng',6,82),(1547,'Xã Hải Triều',6,82),(1548,'Xã Hải Hòa',6,82),(1549,'Xã Hải Châu',6,82),(1550,'Thị trấn Cồn',6,82),(1551,'Xã Hải Nam',6,82),(1552,'Xã Hải Vân',6,82),(1553,'Xã Hải Minh',6,82),(1554,'Xã Hải Anh',6,82),(1555,'Xã Hải Bắc',6,82),(1556,'Xã Hải Phúc',6,82),(1557,'Xã Hải Thanh',6,82),(1558,'Xã Hải Long',6,82),(1559,'Xã Hải Đường',6,82),(1560,'Xã Hải Quang',6,82),(1561,'Xã Hải Đông',6,82),(1562,'Xã Hải Tân',6,82),(1563,'Xã Hải Toàn',6,82),(1564,'Xã Hải Phong',6,82),(1565,'Xã Hải Lý',6,82),(1566,'Xã Hải Phú',6,82),(1567,'Xã Hải Cường',6,82),(1568,'Xã Hải Ninh',6,82),(1569,'Xã Hải Chính',6,82),(1570,'Phường Lê Hồng Phong',7,83),(1571,'Phường Bồ Xuyên',7,83),(1572,'Phường Đề Thám',7,83),(1573,'Phường Kỳ Bá',7,83),(1574,'Phường Quang Trung',7,83),(1575,'Phường Phú Khánh',7,83),(1576,'Xã Đông Hòa',7,83),(1577,'Phường Hoàng Diệu',7,83),(1578,'Phường Tiền Phong',7,83),(1579,'Xã Phú Xuân',7,83),(1580,'Phường Trần Lãm',7,83),(1581,'Xã Vũ Chính',7,83),(1582,'Xã Vũ Phúc',7,83),(1583,'Phường Trần Hưng Đạo',7,83),(1584,'Xã Đông Thọ',7,83),(1585,'Xã Đông Mỹ',7,83),(1586,'Xã Tân Bình',7,83),(1587,'Xã Vũ Lạc',7,83),(1588,'Xã Vũ Đông',7,83),(1589,'Xã Quỳnh Giao',7,84),(1590,'Xã Quỳnh Hội',7,84),(1591,'Xã An Mỹ',7,84),(1592,'Xã An Đồng',7,84),(1593,'Xã Quỳnh Thọ',7,84),(1594,'Xã An Thái',7,84),(1595,'Xã Quỳnh Minh',7,84),(1596,'Xã An Bài',7,84),(1597,'Xã Quỳnh Mỹ',7,84),(1598,'Xã An Vũ',7,84),(1599,'Xã Quỳnh Bảo',7,84),(1600,'Xã Quỳnh Xá',7,84),(1601,'Xã An Tràng',7,84),(1602,'Thị trấn Quỳnh Côi',7,84),(1603,'Xã An Khê',7,84),(1604,'Xã Quỳnh Hoa',7,84),(1605,'Xã Quỳnh Lâm',7,84),(1606,'Xã An Hiệp',7,84),(1607,'Xã Quỳnh Hoàng',7,84),(1608,'Xã An Cầu',7,84),(1609,'Xã Quỳnh Hồng',7,84),(1610,'Xã Quỳnh Khê',7,84),(1611,'Xã An Ninh',7,84),(1612,'Xã Quỳnh Ngọc',7,84),(1613,'Xã Quỳnh Hải',7,84),(1614,'Xã An ấp',7,84),(1615,'Xã Quỳnh Sơn',7,84),(1616,'Xã An Quí',7,84),(1617,'Xã An Thanh',7,84),(1618,'Xã Quỳnh Châu',7,84),(1619,'Xã An Lễ',7,84),(1620,'Xã Quỳnh Hưng',7,84),(1621,'Xã Quỳnh Nguyên',7,84),(1622,'Xã An Vinh',7,84),(1623,'Xã An Dục',7,84),(1624,'Xã Đông Hải',7,84),(1625,'Xã Quỳnh Trang',7,84),(1626,'Xã Đồng Tiến',7,84),(1627,'Thị trấn Hưng Hà',7,85),(1628,'Xã Duyên Hải',7,85),(1629,'Xã Tiến Đức',7,85),(1630,'Xã Độc Lập',7,85),(1631,'Xã Hồng Minh',7,85),(1632,'Xã Tân Lễ',7,85),(1633,'Xã Hòa Tiến',7,85),(1634,'Xã Đoan Hùng',7,85),(1635,'Xã Bắc Sơn',7,85),(1636,'Xã Liên Hiệp',7,85),(1637,'Xã Thái Hưng',7,85),(1638,'Xã Hồng An',7,85),(1639,'Xã Văn Lang',7,85),(1640,'Xã Điệp Nông',7,85),(1641,'Xã Cộng Hòa',7,85),(1642,'Xã Dân Chủ',7,85),(1643,'Xã Canh Tân',7,85),(1644,'Xã Hùng Dũng',7,85),(1645,'Xã Tân Tiến',7,85),(1646,'Xã Tân Hòa',7,85),(1647,'Xã Văn Cẩm',7,85),(1648,'Xã Đông Đô',7,85),(1649,'Xã Phúc Khánh',7,85),(1650,'Xã Tây Đô',7,85),(1651,'Xã Thống Nhất',7,85),(1652,'Xã Thái Phương',7,85),(1653,'Xã Hòa Bình',7,85),(1654,'Xã Chi Lăng',7,85),(1655,'Xã Minh Khai',7,85),(1656,'Xã Kim Trung',7,85),(1657,'Xã Hồng Lĩnh',7,85),(1658,'Xã Minh Tân',7,85),(1659,'Xã Chí Hòa',7,85),(1660,'Xã Minh Hòa',7,85),(1661,'Thị Trấn Hưng Nhân',7,85),(1662,'Xã Thụy Quỳnh',7,86),(1663,'Xã Thụy Chính',7,86),(1664,'Xã Thái Thượng',7,86),(1665,'Xã Thái Phúc',7,86),(1666,'Xã Thái Thọ',7,86),(1667,'Xã Thụy Tân',7,86),(1668,'Xã Thụy Hồng',7,86),(1669,'Xã Thụy Hưng',7,86),(1670,'Xã Thụy Dương',7,86),(1671,'Xã Thụy Dân',7,86),(1672,'Xã Thụy Liên',7,86),(1673,'Xã Thụy Sơn',7,86),(1674,'Xã Thái Thuỷ',7,86),(1675,'Xã Thái Sơn',7,86),(1676,'Xã Thái Hưng',7,86),(1677,'Xã Mỹ Lộc',7,86),(1678,'Xã Thái Học',7,86),(1679,'Thị trấn Diêm Điền',7,86),(1680,'Xã Thụy Trường',7,86),(1681,'Xã Hồng Quỳnh',7,86),(1682,'Xã Thụy Dũng',7,86),(1683,'Xã Thụy An',7,86),(1684,'Xã Thụy Ninh',7,86),(1685,'Xã Thụy Việt',7,86),(1686,'Xã Thụy Văn',7,86),(1687,'Xã Thụy Xuân',7,86),(1688,'Xã Thụy Trình',7,86),(1689,'Xã Thụy Bình',7,86),(1690,'Xã Thụy Hải',7,86),(1691,'Xã Thụy Phúc',7,86),(1692,'Xã Thụy Lương',7,86),(1693,'Xã Thụy Duyên',7,86),(1694,'Xã Thụy Hà',7,86),(1695,'Xã Thụy Thanh',7,86),(1696,'Xã Thụy Phong',7,86),(1697,'Xã Thái Nguyên',7,86),(1698,'Xã Thái Dương',7,86),(1699,'Xã Thái Giang',7,86),(1700,'Xã Thái Hoà',7,86),(1701,'Xã Thái Hồng',7,86),(1702,'Xã Thái An',7,86),(1703,'Xã Thái Đô',7,86),(1704,'Xã Thái Xuyên',7,86),(1705,'Xã Thái Hà',7,86),(1706,'Xã Thái Tân',7,86),(1707,'Xã Thái Thuần',7,86),(1708,'Xã Thái Thịnh',7,86),(1709,'Xã Thái Thành',7,86),(1710,'Xã Đông Sơn',7,87),(1711,'Xã Chương Dương',7,87),(1712,'Xã Phú Châu',7,87),(1713,'Xã Hoa Nam',7,87),(1714,'Xã Đông Huy',7,87),(1715,'Xã Minh Tân',7,87),(1716,'Xã Phong Châu',7,87),(1717,'Xã Đông Giang',7,87),(1718,'Xã Đông Các',7,87),(1719,'Xã Đông Tân',7,87),(1720,'Xã Bạch Đằng',7,87),(1721,'Xã Đông Phong',7,87),(1722,'Xã Đông Lĩnh',7,87),(1723,'Thị trấn Đông Hưng',7,87),(1724,'Xã Đô Lương',7,87),(1725,'Xã Đông Phương',7,87),(1726,'Xã Liên Giang',7,87),(1727,'Xã An Châu',7,87),(1728,'Xã Đông Cường',7,87),(1729,'Xã Phú Lương',7,87),(1730,'Xã Mê Linh',7,87),(1731,'Xã Lô Giang',7,87),(1732,'Xã Đông La',7,87),(1733,'Xã Đông Xá',7,87),(1734,'Xã Nguyên Xá',7,87),(1735,'Xã Hợp Tiến',7,87),(1736,'Xã Hồng Việt',7,87),(1737,'Xã Đông Hà',7,87),(1738,'Xã Đông Kinh',7,87),(1739,'Xã Đông Hợp',7,87),(1740,'Xã Thăng Long',7,87),(1741,'Xã Hoa Lư',7,87),(1742,'Xã Minh Châu',7,87),(1743,'Xã Đông Vinh',7,87),(1744,'Xã Đông Động',7,87),(1745,'Xã Hồng Châu',7,87),(1746,'Xã Trọng Quan',7,87),(1747,'Xã Hồng Giang',7,87),(1748,'Xã Đông Quang',7,87),(1749,'Xã Đông Xuân',7,87),(1750,'Xã Đông á',7,87),(1751,'Xã Đông Hoàng',7,87),(1752,'Xã Đông Dương',7,87),(1753,'Xã Đồng Phú',7,87),(1754,'Xã Hồng Lý',7,88),(1755,'Xã Minh Lãng',7,88),(1756,'Xã Vũ Hội',7,88),(1757,'Xã Hồng Phong',7,88),(1758,'Xã Vũ Tiến',7,88),(1759,'Xã Nguyên Xá',7,88),(1760,'Xã Xuân Hòa',7,88),(1761,'Xã Song Lãng',7,88),(1762,'Xã Tam Quang',7,88),(1763,'Xã Song An',7,88),(1764,'Thị trấn Vũ Thư',7,88),(1765,'Xã Đồng Thanh',7,88),(1766,'Xã Hiệp Hòa',7,88),(1767,'Xã Phúc Thành',7,88),(1768,'Xã Tân Phong',7,88),(1769,'Xã Tân Hòa',7,88),(1770,'Xã Việt Hùng',7,88),(1771,'Xã Minh Khai',7,88),(1772,'Xã Dũng Nghĩa',7,88),(1773,'Xã Minh Quang',7,88),(1774,'Xã Tân Lập',7,88),(1775,'Xã Bách Thuận',7,88),(1776,'Xã Tự Tân',7,88),(1777,'Xã Trung An',7,88),(1778,'Xã Hòa Bình',7,88),(1779,'Xã Việt Thuận',7,88),(1780,'Xã Vũ Vinh',7,88),(1781,'Xã Vũ Đoài',7,88),(1782,'Xã Vũ Vân',7,88),(1783,'Xã Duy Nhất',7,88),(1784,'Xã Trà Giang',7,89),(1785,'Xã Vũ Lễ',7,89),(1786,'Xã Hòa Bình',7,89),(1787,'Xã Quang Trung',7,89),(1788,'Xã Quốc Tuấn',7,89),(1789,'Xã Hồng Thái',7,89),(1790,'Xã Quyết Tiến',7,89),(1791,'Xã Thượng Hiền',7,89),(1792,'Xã Quang Lịch',7,89),(1793,'Xã Quang Bình',7,89),(1794,'Xã Vũ Công',7,89),(1795,'Xã Minh Hưng',7,89),(1796,'Xã Nam Bình',7,89),(1797,'Xã Hồng Tiến',7,89),(1798,'Thị trấn Thanh Nê',7,89),(1799,'Xã An Bình',7,89),(1800,'Xã Vũ Tây',7,89),(1801,'Xã Bình Nguyên',7,89),(1802,'Xã Vũ Sơn',7,89),(1803,'Xã Lê Lợi',7,89),(1804,'Xã Thanh Tân',7,89),(1805,'Xã Nam Cao',7,89),(1806,'Xã Đình Phùng',7,89),(1807,'Xã Vũ Ninh',7,89),(1808,'Xã Vũ An',7,89),(1809,'Xã Bình Minh',7,89),(1810,'Xã Vũ Quí',7,89),(1811,'Xã An Bồi',7,89),(1812,'Xã Vũ Trung',7,89),(1813,'Xã Vũ Thắng',7,89),(1814,'Xã Vũ Hòa',7,89),(1815,'Xã Quang Minh',7,89),(1816,'Xã Quang Hưng',7,89),(1817,'Xã Vũ Bình',7,89),(1818,'Xã Minh Tân',7,89),(1819,'Xã Bình Thanh',7,89),(1820,'Xã Bình Định',7,89),(1821,'Xã Tây Phong',7,90),(1822,'Xã Nam Hà',7,90),(1823,'Xã Tây Ninh',7,90),(1824,'Thị trấn Tiền Hải',7,90),(1825,'Xã Vũ Lăng',7,90),(1826,'Xã Đông Trung',7,90),(1827,'Xã Đông Phong',7,90),(1828,'Xã Nam Thanh',7,90),(1829,'Xã Nam Hải',7,90),(1830,'Xã Đông Lâm',7,90),(1831,'Xã Phương Công',7,90),(1832,'Xã Tây Tiến',7,90),(1833,'Xã Nam Cường',7,90),(1834,'Xã Vân Trường',7,90),(1835,'Xã Nam Thắng',7,90),(1836,'Xã Nam Chính',7,90),(1837,'Xã Bắc Hải',7,90),(1838,'Xã Nam Thịnh',7,90),(1839,'Xã Nam Trung',7,90),(1840,'Xã Nam Hồng',7,90),(1841,'Xã Nam Hưng',7,90),(1842,'Xã Nam Phú',7,90),(1843,'Xã Tây Giang',7,90),(1844,'Xã Đông Hải',7,90),(1845,'Xã Đông Trà',7,90),(1846,'Xã Đông Long',7,90),(1847,'Xã Đông Quí',7,90),(1848,'Xã Đông Xuyên',7,90),(1849,'Xã Tây Lương',7,90),(1850,'Xã Đông Hoàng',7,90),(1851,'Xã Đông Minh',7,90),(1852,'Xã Tây An',7,90),(1853,'Xã An Ninh',7,90),(1854,'Xã Tây Sơn',7,90),(1855,'Xã Đông Cơ',7,90),(1856,'Phường Nam Thành',8,91),(1857,'Phường Đông Thành',8,91),(1858,'Phường Phúc Thành',8,91),(1859,'Xã Ninh Nhất',8,91),(1860,'Phường Ninh Phong',8,91),(1861,'Phường Tân Thành',8,91),(1862,'Phường Thanh Bình',8,91),(1863,'Phường Vân Giang',8,91),(1864,'Phường Bích Đào',8,91),(1865,'Phường Nam Bình',8,91),(1866,'Phường Ninh Khánh',8,91),(1867,'Xã Ninh Tiến',8,91),(1868,'Xã Ninh Phúc',8,91),(1869,'Phường Ninh Sơn',8,91),(1870,'Xã Yên Bình',8,92),(1871,'Xã Yên Sơn',8,92),(1872,'Phường Bắc Sơn',8,92),(1873,'Phường Trung Sơn',8,92),(1874,'Phường Nam Sơn',8,92),(1875,'Xã Quang Sơn',8,92),(1876,'Xã Đông Sơn',8,92),(1877,'Phường Tây Sơn',8,92),(1878,'Phường Tân Bình',8,92),(1879,'Xã Gia Tường',8,93),(1880,'Xã Văn Phương',8,93),(1881,'Xã Quảng Lạc',8,93),(1882,'Thị trấn Nho Quan',8,93),(1883,'Xã Gia Thủy',8,93),(1884,'Xã Đức Long',8,93),(1885,'Xã Lạng Phong',8,93),(1886,'Xã Thanh Lạc',8,93),(1887,'Xã Phú Lộc',8,93),(1888,'Xã Sơn Hà',8,93),(1889,'Xã Xích Thổ',8,93),(1890,'Xã Gia Lâm',8,93),(1891,'Xã Gia Sơn',8,93),(1892,'Xã Thạch Bình',8,93),(1893,'Xã Cúc Phương',8,93),(1894,'Xã Phú Sơn',8,93),(1895,'Xã Lạc Vân',8,93),(1896,'Xã Đồng Phong',8,93),(1897,'Xã Yên Quang',8,93),(1898,'Xã Thượng Hòa',8,93),(1899,'Xã Văn Phong',8,93),(1900,'Xã Sơn Lai',8,93),(1901,'Xã Sơn Thành',8,93),(1902,'Xã Văn Phú',8,93),(1903,'Xã Kỳ Phú',8,93),(1904,'Xã Quỳnh Lưu',8,93),(1905,'Xã Phú Long',8,93),(1906,'Xã Gia Trấn',8,94),(1907,'Xã Gia Sinh',8,94),(1908,'Xã Gia Hòa',8,94),(1909,'Xã Gia Vân',8,94),(1910,'Xã Gia Vượng',8,94),(1911,'Xã Gia Tân',8,94),(1912,'Xã Gia Minh',8,94),(1913,'Xã Gia Phong',8,94),(1914,'Thị trấn Me',8,94),(1915,'Xã Gia Hưng',8,94),(1916,'Xã Liên Sơn',8,94),(1917,'Xã Gia Thanh',8,94),(1918,'Xã Gia Phú',8,94),(1919,'Xã Gia Xuân',8,94),(1920,'Xã Gia Lập',8,94),(1921,'Xã Gia Thịnh',8,94),(1922,'Xã Gia Phương',8,94),(1923,'Xã Gia Thắng',8,94),(1924,'Xã Gia Trung',8,94),(1925,'Xã Gia Lạc',8,94),(1926,'Xã Gia Tiến',8,94),(1927,'Xã Ninh Thắng',8,95),(1928,'Xã Ninh Khang',8,95),(1929,'Xã Ninh Hải',8,95),(1930,'Thị trấn Thiên Tôn',8,95),(1931,'Xã Ninh Giang',8,95),(1932,'Xã Trường Yên',8,95),(1933,'Xã Ninh Mỹ',8,95),(1934,'Xã Ninh Hòa',8,95),(1935,'Xã Ninh Xuân',8,95),(1936,'Xã Ninh Vân',8,95),(1937,'Xã Ninh An',8,95),(1938,'Xã Khánh Dương',8,96),(1939,'Xã Yên Mỹ',8,96),(1940,'Thị trấn Yên Thịnh',8,96),(1941,'Xã Yên Phú',8,96),(1942,'Xã Yên Từ',8,96),(1943,'Xã Yên Nhân',8,96),(1944,'Xã Yên Thái',8,96),(1945,'Xã Khánh Thượng',8,96),(1946,'Xã Mai Sơn',8,96),(1947,'Xã Khánh Thịnh',8,96),(1948,'Xã Yên Phong',8,96),(1949,'Xã Yên Hòa',8,96),(1950,'Xã Yên Thắng',8,96),(1951,'Xã Yên Hưng',8,96),(1952,'Xã Yên Thành',8,96),(1953,'Xã Yên Mạc',8,96),(1954,'Xã Yên Đồng',8,96),(1955,'Xã Yên Lâm',8,96),(1956,'Xã Khánh Cư',8,97),(1957,'Xã Khánh Thành',8,97),(1958,'Thị trấn Yên Ninh',8,97),(1959,'Xã Khánh An',8,97),(1960,'Xã Khánh Hải',8,97),(1961,'Xã Khánh Hội',8,97),(1962,'Xã Khánh Nhạc',8,97),(1963,'Xã Khánh Tiên',8,97),(1964,'Xã Khánh Phú',8,97),(1965,'Xã Khánh Hòa',8,97),(1966,'Xã Khánh Lợi',8,97),(1967,'Xã Khánh Cường',8,97),(1968,'Xã Khánh Thiện',8,97),(1969,'Xã Khánh Trung',8,97),(1970,'Xã Khánh Mậu',8,97),(1971,'Xã Khánh Vân',8,97),(1972,'Xã Khánh Công',8,97),(1973,'Xã Khánh Ninh',8,97),(1974,'Xã Khánh Thủy',8,97),(1975,'Xã Khánh Hồng',8,97),(1976,'Xã Hồi Ninh',8,98),(1977,'Xã Như Hòa',8,98),(1978,'Xã Định Hóa',8,98),(1979,'Xã Đồng Hướng',8,98),(1980,'Xã Tân Thành',8,98),(1981,'Xã Văn Hải',8,98),(1982,'Xã Kim Hải',8,98),(1983,'Thị trấn Bình Minh',8,98),(1984,'Xã Xuân Thiện',8,98),(1985,'Xã Chính Tâm',8,98),(1986,'Xã Kim Định',8,98),(1987,'Xã ân Hòa',8,98),(1988,'Xã Hùng Tiến',8,98),(1989,'Xã Yên Mật',8,98),(1990,'Xã Quang Thiện',8,98),(1991,'Xã Chất Bình',8,98),(1992,'Xã Kim Chính',8,98),(1993,'Xã Thượng Kiệm',8,98),(1994,'Xã Lưu Phương',8,98),(1995,'Xã Yên Lộc',8,98),(1996,'Xã Lai Thành',8,98),(1997,'Xã Kim Tân',8,98),(1998,'Xã Kim Mỹ',8,98),(1999,'Xã Cồn Thoi',8,98),(2000,'Xã Kim Trung',8,98),(2001,'Xã Kim Đông',8,98),(2002,'Thị trấn Phát Diệm',8,98),(2003,'Phường Quang Trung',9,99),(2004,'Phường Ngọc Hà',9,99),(2005,'Phường Nguyễn Trãi',9,99),(2006,'Phường Minh Khai',9,99),(2007,'Xã Phương Độ',9,99),(2008,'Xã Phương Thiện',9,99),(2009,'Xã Ngọc Đường',9,99),(2010,'Phường Trần Phú',9,99),(2011,'Thị trấn Phó Bảng',9,100),(2012,'Xã Má Lé',9,100),(2013,'Thị trấn Đồng Văn',9,100),(2014,'Xã Phố Là',9,100),(2015,'Xã Thài Phìn Tủng',9,100),(2016,'Xã Sủng Là',9,100),(2017,'Xã Tả Lủng',9,100),(2018,'Xã Phố Cáo',9,100),(2019,'Xã Sảng Tủng',9,100),(2020,'Xã Lũng Thầu',9,100),(2021,'Xã Hố Quáng Phìn',9,100),(2022,'Xã Lũng Phìn',9,100),(2023,'Xã Sủng Trái',9,100),(2024,'Xã Tả Phìn',9,100),(2025,'Xã Sính Lủng',9,100),(2026,'Xã Vần Chải',9,100),(2027,'Xã Xà Phìn',9,100),(2028,'Xã Lũng Cú',9,100),(2029,'Xã Lũng Táo',9,100),(2030,'Thị trấn Mèo Vạc',9,101),(2031,'Xã Xín Cái',9,101),(2032,'Xã Pả Vi',9,101),(2033,'Xã Sủng Trà',9,101),(2034,'Xã Sủng Máng',9,101),(2035,'Xã Sơn Vĩ',9,101),(2036,'Xã Tả Lủng',9,101),(2037,'Xã Lũng Pù',9,101),(2038,'Xã Tát Ngà',9,101),(2039,'Xã Khâu Vai',9,101),(2040,'Xã Niêm Tòng',9,101),(2041,'Xã Niêm Sơn',9,101),(2042,'Xã Pải Lủng',9,101),(2043,'Xã Lũng Chinh',9,101),(2044,'Xã Thượng Phùng',9,101),(2045,'Xã Giàng Chu Phìn',9,101),(2046,'Xã Cán Chu Phìn',9,101),(2047,'Xã Nậm Ban',9,101),(2048,'Thị trấn Yên Minh',9,102),(2049,'Xã Phú Lũng',9,102),(2050,'Xã Sủng Tráng',9,102),(2051,'Xã Bạch Đích',9,102),(2052,'Xã Hữu Vinh',9,102),(2053,'Xã Mậu Duệ',9,102),(2054,'Xã Đông Minh',9,102),(2055,'Xã Mậu Long',9,102),(2056,'Xã Ngam La',9,102),(2057,'Xã Đường Thượng',9,102),(2058,'Xã Lũng Hồ',9,102),(2059,'Xã Du Tiến',9,102),(2060,'Xã Sủng Thài',9,102),(2061,'Xã Thắng Mố',9,102),(2062,'Xã Na Khê',9,102),(2063,'Xã Lao Và Chải',9,102),(2064,'Xã Ngọc Long',9,102),(2065,'Xã Du Già',9,102),(2066,'Xã Cán Tỷ',9,103),(2067,'Xã Cao Mã Pờ',9,103),(2068,'Xã Thanh Vân',9,103),(2069,'Xã Đông Hà',9,103),(2070,'Xã Quản Bạ',9,103),(2071,'Xã Lùng Tám',9,103),(2072,'Xã Quyết Tiến',9,103),(2073,'Xã Tả Ván',9,103),(2074,'Xã Thái An',9,103),(2075,'Xã Nghĩa Thuận',9,103),(2076,'Xã Tùng Vài',9,103),(2077,'Thị trấn Tam Sơn',9,103),(2078,'Xã Bát Đại Sơn',9,103),(2079,'Xã Minh Sơn',9,104),(2080,'Xã Giáp Trung',9,104),(2081,'Thị trấn Yên Phú',9,104),(2082,'Xã Minh Ngọc',9,104),(2083,'Xã Yên Phong',9,104),(2084,'Xã Yên Cường',9,104),(2085,'Xã Thượng Tân',9,104),(2086,'Xã Đường Hồng',9,104),(2087,'Xã Phiêng Luông',9,104),(2088,'Xã Phú Nam',9,104),(2089,'Xã Yên Định',9,104),(2090,'Xã Lạc Nông',9,104),(2091,'Xã Đường âm',9,104),(2092,'Thị trấn Vinh Quang',9,105),(2093,'Xã Thàng Tín',9,105),(2094,'Xã Thèn Chu Phìn',9,105),(2095,'Xã Túng Sán',9,105),(2096,'Xã Chiến Phố',9,105),(2097,'Xã Đản Ván',9,105),(2098,'Xã Tân Tiến',9,105),(2099,'Xã Nàng Đôn',9,105),(2100,'Xã Sán Xả Hồ',9,105),(2101,'Xã Bản Luốc',9,105),(2102,'Xã Tả Sử Choóng',9,105),(2103,'Xã Nậm Dịch',9,105),(2104,'Xã Bản Péo',9,105),(2105,'Xã Nam Sơn',9,105),(2106,'Xã Nậm Tỵ',9,105),(2107,'Xã Thông Nguyên',9,105),(2108,'Xã Pố Lồ',9,105),(2109,'Xã Ngàm Đăng Vài',9,105),(2110,'Xã Bản Máy',9,105),(2111,'Xã Bản Phùng',9,105),(2112,'Xã Tụ Nhân',9,105),(2113,'Xã Pờ Ly Ngài',9,105),(2114,'Xã Bản Nhùng',9,105),(2115,'Xã Hồ Thầu',9,105),(2116,'Xã Nậm Khòa',9,105),(2117,'Xã Kim Thạch',9,106),(2118,'Xã Kim Linh',9,106),(2119,'Thị trấn Vị Xuyên',9,106),(2120,'Xã Minh Tân',9,106),(2121,'Xã Thuận Hoà',9,106),(2122,'Xã Thanh Thủy',9,106),(2123,'Xã Thanh Đức',9,106),(2124,'Xã Xín Chải',9,106),(2125,'Xã Phương Tiến',9,106),(2126,'Xã Lao Chải',9,106),(2127,'Xã Đạo Đức',9,106),(2128,'Xã Thượng Sơn',9,106),(2129,'Xã Linh Hồ',9,106),(2130,'Xã Ngọc Linh',9,106),(2131,'Xã Ngọc Minh',9,106),(2132,'Xã Trung Thành',9,106),(2133,'Xã Phú Linh',9,106),(2134,'Xã Tùng Bá',9,106),(2135,'Xã Việt Lâm',9,106),(2136,'Thị trấn Việt Lâm',9,106),(2137,'Xã Phong Quang',9,106),(2138,'Xã Cao Bồ',9,106),(2139,'Xã Quảng Ngần',9,106),(2140,'Xã Bạch Ngọc',9,106),(2141,'Thị trấn Cốc Pài',9,107),(2142,'Xã Nàn Xỉn',9,107),(2143,'Xã Bản Díu',9,107),(2144,'Xã Trung Thịnh',9,107),(2145,'Xã Thèng Phàng',9,107),(2146,'Xã Pà Vây Sử',9,107),(2147,'Xã Cốc Rế',9,107),(2148,'Xã Thu Tà',9,107),(2149,'Xã Tả Nhìu',9,107),(2150,'Xã Bản Ngò',9,107),(2151,'Xã Nấm Dẩn',9,107),(2152,'Xã Nà Chì',9,107),(2153,'Xã Xín Mần',9,107),(2154,'Xã Quảng Nguyên',9,107),(2155,'Xã Chí Cà',9,107),(2156,'Xã Ngán Chiên',9,107),(2157,'Xã Nàn Ma',9,107),(2158,'Xã Chế Là',9,107),(2159,'Xã Khuôn Lùng',9,107),(2160,'Xã Xuân Minh',9,108),(2161,'Xã Tiên Nguyên',9,108),(2162,'Xã Tân Nam',9,108),(2163,'Xã Bản Rịa',9,108),(2164,'Xã Yên Thành',9,108),(2165,'Xã Yên Bình',9,108),(2166,'Xã Tân Trịnh',9,108),(2167,'Xã Yên Hà',9,108),(2168,'Xã Hương Sơn',9,108),(2169,'Xã Nà Khương',9,108),(2170,'Xã Tiên Yên',9,108),(2171,'Xã Vĩ Thượng',9,108),(2172,'Xã Bằng Lang',9,108),(2173,'Xã Tân Bắc',9,108),(2174,'Xã Xuân Giang',9,108),(2175,'Xã Đông Thành',9,109),(2176,'Thị trấn Việt Quang',9,109),(2177,'Thị trấn Vĩnh Tuy',9,109),(2178,'Xã Tân Lập',9,109),(2179,'Xã Đồng Tiến',9,109),(2180,'Xã Đồng Tâm',9,109),(2181,'Xã Tân Quang',9,109),(2182,'Xã Hữu Sản',9,109),(2183,'Xã Kim Ngọc',9,109),(2184,'Xã Quang Minh',9,109),(2185,'Xã Liên Hiệp',9,109),(2186,'Xã Vô Điếm',9,109),(2187,'Xã Hùng An',9,109),(2188,'Xã Đức Xuân',9,109),(2189,'Xã Tiên Kiều',9,109),(2190,'Xã Vĩnh Phúc',9,109),(2191,'Xã Việt Vinh',9,109),(2192,'Xã Đồng Yên',9,109),(2193,'Xã Tân Thành',9,109),(2194,'Xã Thượng Bình',9,109),(2195,'Xã Bằng Hành',9,109),(2196,'Xã Việt Hồng',9,109),(2197,'Xã Vĩnh Hảo',9,109),(2198,'Phường Sông Bằng',10,110),(2199,'Phường Hợp Giang',10,110),(2200,'Phường Tân Giang',10,110),(2201,'Xã Hoà Chung',10,110),(2202,'Xã Duyệt Trung',10,110),(2203,'Xã Ngọc Xuân',10,110),(2204,'Phường Sông Hiến',10,110),(2205,'Xã Đề Thám',10,110),(2206,'Xã Cốc Pàng',10,111),(2207,'Xã Cô Ba',10,111),(2208,'Xã Bảo Toàn',10,111),(2209,'Xã Khánh Xuân',10,111),(2210,'Xã Hồng Trị',10,111),(2211,'Xã Phan Thanh',10,111),(2212,'Xã Hồng An',10,111),(2213,'Xã Huy Giáp',10,111),(2214,'Xã Đình Phùng',10,111),(2215,'Thị trấn Bảo Lạc',10,111),(2216,'Xã Sơn Lộ',10,111),(2217,'Xã Thượng Hà',10,111),(2218,'Xã Xuân Trường',10,111),(2219,'Xã Hưng Đạo',10,111),(2220,'Xã Hưng Thịnh',10,111),(2221,'Xã Kim Cúc',10,111),(2222,'Xã Sơn Lập',10,111),(2223,'Xã Kéo Yên',10,112),(2224,'Xã Trường Hà',10,112),(2225,'Xã Cải Viên',10,112),(2226,'Xã Nà Sác',10,112),(2227,'Xã Nội Thôn',10,112),(2228,'Xã Sóc Hà',10,112),(2229,'Xã Thượng Thôn',10,112),(2230,'Xã Xuân Hoà',10,112),(2231,'Xã Quý Quân',10,112),(2232,'Xã Phù Ngọc',10,112),(2233,'Xã Đào Ngạn',10,112),(2234,'Xã Hạ Thôn',10,112),(2235,'Xã Lũng Nặm',10,112),(2236,'Xã Sĩ Hai',10,112),(2237,'Xã Vân An',10,112),(2238,'Xã Tổng Cọt',10,112),(2239,'Xã Hồng Sĩ',10,112),(2240,'Xã Mã Ba',10,112),(2241,'Xã Vần Dính',10,112),(2242,'Xã Cần Yên',10,113),(2243,'Xã Vị Quang',10,113),(2244,'Xã Lương Thông',10,113),(2245,'Xã Đa Thông',10,113),(2246,'Xã Yên Sơn',10,113),(2247,'Xã Lương Can',10,113),(2248,'Xã Thanh Long',10,113),(2249,'Thị trấn Thông Nông',10,113),(2250,'Xã Ngọc Động',10,113),(2251,'Xã Bình Lãng',10,113),(2252,'Xã Cần Nông',10,113),(2253,'Xã Cô Mười',10,114),(2254,'Xã Tri Phương',10,114),(2255,'Xã Quang Hán',10,114),(2256,'Xã Quang Trung',10,114),(2257,'Xã Lưu Ngọc',10,114),(2258,'Xã Quốc Toản',10,114),(2259,'Xã Quang Vinh',10,114),(2260,'Thị trấn Hùng Quốc',10,114),(2261,'Xã Xuân Nội',10,114),(2262,'Xã Cao Chương',10,114),(2263,'Xã Trung Phúc',10,115),(2264,'Xã Cao Thăng',10,115),(2265,'Xã Thông Hoè',10,115),(2266,'Xã Thân Giáp',10,115),(2267,'Xã Đoài Côn',10,115),(2268,'Thị trấn Trùng Khánh',10,115),(2269,'Xã Ngọc Khê',10,115),(2270,'Xã Phong Nậm',10,115),(2271,'Xã Đình Phong',10,115),(2272,'Xã Lăng Yên',10,115),(2273,'Xã Chí Viễn',10,115),(2274,'Xã Lăng Hiếu',10,115),(2275,'Xã Phong Châu',10,115),(2276,'Xã Đình Minh',10,115),(2277,'Xã Đức Hồng',10,115),(2278,'Xã Đàm Thuỷ',10,115),(2279,'Xã Cảnh Tiên',10,115),(2280,'Xã Ngọc Chung',10,115),(2281,'Xã Khâm Thành',10,115),(2282,'Xã Ngọc Côn',10,115),(2283,'Xã Yên Lạc',10,116),(2284,'Xã Triệu Nguyên',10,116),(2285,'Xã Ca Thành',10,116),(2286,'Xã Vũ Nông',10,116),(2287,'Xã Minh Tâm',10,116),(2288,'Xã Thể Dục',10,116),(2289,'Xã Mai Long',10,116),(2290,'Xã Lang Môn',10,116),(2291,'Xã Minh Thanh',10,116),(2292,'Xã Quang Thành',10,116),(2293,'Xã Tam Kim',10,116),(2294,'Xã Thịnh Vượng',10,116),(2295,'Xã Hưng Đạo',10,116),(2296,'Thị trấn Tĩnh Túc',10,116),(2297,'Xã Phan Thanh',10,116),(2298,'Xã Thành Công',10,116),(2299,'Xã Hoa Thám',10,116),(2300,'Thị trấn Nguyên Bình',10,116),(2301,'Xã Thái Học',10,116),(2302,'Xã Bắc Hợp',10,116),(2303,'Xã Nam Tuấn',10,117),(2304,'Xã Đức Xuân',10,117),(2305,'Xã Đại Tiến',10,117),(2306,'Xã Ngũ Lão',10,117),(2307,'Xã Trương Lương',10,117),(2308,'Xã Nguyễn Huệ',10,117),(2309,'Xã Công Trừng',10,117),(2310,'Xã Hồng Việt',10,117),(2311,'Xã Hoàng Tung',10,117),(2312,'Xã Trưng Vương',10,117),(2313,'Xã Hưng Đạo',10,117),(2314,'Xã Bạch Đằng',10,117),(2315,'Xã Bình Dương',10,117),(2316,'Xã Lê Chung',10,117),(2317,'Xã Chu Trinh',10,117),(2318,'Xã Hồng Nam',10,117),(2319,'Xã Dân Chủ',10,117),(2320,'Xã Vĩnh Quang',10,117),(2321,'Thị trấn Nước Hai',10,117),(2322,'Xã Đức Long',10,117),(2323,'Xã Bình Long',10,117),(2324,'Xã Bế Triều',10,117),(2325,'Xã Quang Trung',10,117),(2326,'Xã Hà Trì',10,117),(2327,'Xã Phi Hải',10,118),(2328,'Xã Quảng Hưng',10,118),(2329,'Xã Quốc Dân',10,118),(2330,'Xã Độc Lập',10,118),(2331,'Xã Cai Bộ',10,118),(2332,'Xã Đoài Khôn',10,118),(2333,'Xã Chí Thảo',10,118),(2334,'Xã Tự Do',10,118),(2335,'Xã Hồng Định',10,118),(2336,'Xã Ngọc Động',10,118),(2337,'Xã Hạnh Phúc',10,118),(2338,'Xã Bình Lăng',10,118),(2339,'Xã Hoàng Hải',10,118),(2340,'Thị trấn Quảng Uyên',10,118),(2341,'Xã Quốc Phong',10,118),(2342,'Xã Phúc Sen',10,118),(2343,'Xã Hồng Quang',10,118),(2344,'Xã Triệu ẩu',10,119),(2345,'Xã Hồng Đại',10,119),(2346,'Xã Cách Linh',10,119),(2347,'Xã Đại Sơn',10,119),(2348,'Xã Tiên Thành',10,119),(2349,'Thị Trấn Hòa Thuận',10,119),(2350,'Xã Mỹ Hưng',10,119),(2351,'Thị trấn Tà Lùng',10,119),(2352,'Xã Lương Thiện',10,119),(2353,'Xã Minh Long',10,120),(2354,'Xã Lý Quốc',10,120),(2355,'Xã Thắng Lợi',10,120),(2356,'Xã Đức Quang',10,120),(2357,'Xã Quang Long',10,120),(2358,'Xã Thanh Nhật',10,120),(2359,'Xã Vinh Quý',10,120),(2360,'Xã Cô Ngân',10,120),(2361,'Xã Thái Đức',10,120),(2362,'Xã Thị Hoa',10,120),(2363,'Xã Kim Loan',10,120),(2364,'Xã Đồng Loan',10,120),(2365,'Xã An Lạc',10,120),(2366,'Xã Việt Chu',10,120),(2367,'Thị trấn Đông Khê',10,121),(2368,'Xã Kim Đồng',10,121),(2369,'Xã Minh Khai',10,121),(2370,'Xã Thị Ngân',10,121),(2371,'Xã Thái Cường',10,121),(2372,'Xã Thuỵ Hùng',10,121),(2373,'Xã Trọng Con',10,121),(2374,'Xã Lê Lai',10,121),(2375,'Xã Đức Long',10,121),(2376,'Xã Lê Lợi',10,121),(2377,'Xã Đức Xuân',10,121),(2378,'Xã Vân Trình',10,121),(2379,'Xã Canh Tân',10,121),(2380,'Xã Đức Thông',10,121),(2381,'Xã Quang Trọng',10,121),(2382,'Xã Danh Sỹ',10,121),(2383,'Xã Thái Học',10,121),(2384,'Thị trấn Pác Miầu',10,122),(2385,'Xã Nam Cao',10,122),(2386,'Xã Thái Sơn',10,122),(2387,'Xã Thạch Lâm',10,122),(2388,'Xã Thái Học',10,122),(2389,'Xã Lý Bôn',10,122),(2390,'Xã Nam Quang',10,122),(2391,'Xã Vĩnh Quang',10,122),(2392,'Xã Tân Việt',10,122),(2393,'Xã Vĩnh Phong',10,122),(2394,'Xã Mông ân',10,122),(2395,'Xã Yên Thổ',10,122),(2396,'Xã Đức Hạnh',10,122),(2397,'Xã Quảng Lâm',10,122),(2398,'Phường Phố Mới',11,123),(2399,'Phường Cốc Lếu',11,123),(2400,'Phường Kim Tân',11,123),(2401,'Phường Pom Hán',11,123),(2402,'Phường Xuân Tăng',11,123),(2403,'Phường Bình Minh',11,123),(2404,'Phường Thống Nhất',11,123),(2405,'Xã Vạn Hoà',11,123),(2406,'Phường Bắc Cường',11,123),(2407,'Xã Cam Đường',11,123),(2408,'Xã Hợp Thành',11,123),(2409,'Phường Duyên Hải',11,123),(2410,'Phường Nam Cường',11,123),(2411,'Phường Lào Cai',11,123),(2412,'Phường Bắc Lệnh',11,123),(2413,'Xã Đồng Tuyển',11,123),(2414,'Xã Tả Phời',11,123),(2415,'Xã Bản Lầu',11,124),(2416,'Xã La Pan Tẩn',11,124),(2417,'Xã Tả Thàng',11,124),(2418,'Xã Bản Sen',11,124),(2419,'Xã Pha Long',11,124),(2420,'Xã Tung Chung Phố',11,124),(2421,'Xã Dìn Chin',11,124),(2422,'Xã Tả Gia Khâu',11,124),(2423,'Xã Nấm Lư',11,124),(2424,'Xã Lùng Khấu Nhin',11,124),(2425,'Xã Thanh Bình',11,124),(2426,'Xã Mường Khương',11,124),(2427,'Xã Cao Sơn',11,124),(2428,'Xã Nậm Chảy',11,124),(2429,'Xã Lùng Vai',11,124),(2430,'Xã Tả Ngải Chồ',11,124),(2431,'Thị trấn Bát Xát',11,125),(2432,'Xã Nậm Chạc',11,125),(2433,'Xã A Lù',11,125),(2434,'Xã Trịnh Tường',11,125),(2435,'Xã Y Tý',11,125),(2436,'Xã Cốc Mỳ',11,125),(2437,'Xã Dền Sáng',11,125),(2438,'Xã Bản Qua',11,125),(2439,'Xã Mường Vi',11,125),(2440,'Xã Bản Xèo',11,125),(2441,'Xã Mường Hum',11,125),(2442,'Xã Trung Lèng Hồ',11,125),(2443,'Xã Pa Cheo',11,125),(2444,'Xã Nậm Pung',11,125),(2445,'Xã Phìn Ngan',11,125),(2446,'Xã Tòng Sành',11,125),(2447,'Xã Sàng Ma Sáo',11,125),(2448,'Xã A Mú Sung',11,125),(2449,'Xã Ngải Thầu',11,125),(2450,'Xã Bản Vược',11,125),(2451,'Xã Dền Thàng',11,125),(2452,'Xã Quang Kim',11,125),(2453,'Xã Cốc San',11,125),(2454,'Xã Lùng Cải',11,126),(2455,'Xã Bản Già',11,126),(2456,'Xã Lùng Phình',11,126),(2457,'Xã Tả Củ Tỷ',11,126),(2458,'Xã Thải Giàng Phố',11,126),(2459,'Xã Lầu Thí Ngài',11,126),(2460,'Xã Bản Phố',11,126),(2461,'Xã Tà Chải',11,126),(2462,'Xã Na Hối',11,126),(2463,'Xã Nậm Mòn',11,126),(2464,'Xã Nậm Đét',11,126),(2465,'Xã Bảo Nhai',11,126),(2466,'Xã Nậm Lúc',11,126),(2467,'Xã Cốc Lầu',11,126),(2468,'Xã Bản Liền',11,126),(2469,'Thị trấn Bắc Hà',11,126),(2470,'Xã Tả Van Chư',11,126),(2471,'Xã Hoàng Thu Phố',11,126),(2472,'Xã Cốc Ly',11,126),(2473,'Xã Nậm Khánh',11,126),(2474,'Xã Bản Cái',11,126),(2475,'Thị trấn N.T Phong Hải',11,127),(2476,'Thị trấn Tằng Loỏng',11,127),(2477,'Xã Bản Cầm',11,127),(2478,'Xã Thái Niên',11,127),(2479,'Xã Phong Niên',11,127),(2480,'Xã Xuân Quang',11,127),(2481,'Xã Sơn Hải',11,127),(2482,'Xã Xuân Giao',11,127),(2483,'Xã Sơn Hà',11,127),(2484,'Xã Phố Lu',11,127),(2485,'Thị trấn Phố Lu',11,127),(2486,'Xã Phú Nhuận',11,127),(2487,'Xã Bản Phiệt',11,127),(2488,'Xã Gia Phú',11,127),(2489,'Xã Trì Quang',11,127),(2490,'Thị trấn Sa Pa',11,128),(2491,'Xã Bản Khoang',11,128),(2492,'Xã Trung Chải',11,128),(2493,'Xã Tả Phìn',11,128),(2494,'Xã San Sả Hồ',11,128),(2495,'Xã Hầu Thào',11,128),(2496,'Xã Lao Chải',11,128),(2497,'Xã Thanh Kim',11,128),(2498,'Xã Sử Pán',11,128),(2499,'Xã Tả Van',11,128),(2500,'Xã Thanh Phú',11,128),(2501,'Xã Nậm Cang',11,128),(2502,'Xã Sa Pả',11,128),(2503,'Xã Nậm Sài',11,128),(2504,'Xã Tả Giàng Phình',11,128),(2505,'Xã Bản Phùng',11,128),(2506,'Xã Suối Thầu',11,128),(2507,'Xã Bản Hồ',11,128),(2508,'Xã Tân Tiến',11,129),(2509,'Xã Nghĩa Đô',11,129),(2510,'Xã Vĩnh Yên',11,129),(2511,'Xã Điện Quan',11,129),(2512,'Xã Tân Dương',11,129),(2513,'Xã Thượng Hà',11,129),(2514,'Xã Cam Cọn',11,129),(2515,'Xã Minh Tân',11,129),(2516,'Xã Yên Sơn',11,129),(2517,'Xã Bảo Hà',11,129),(2518,'Xã Lương Sơn',11,129),(2519,'Xã Long Khánh',11,129),(2520,'Xã Xuân Thượng',11,129),(2521,'Thị trấn Phố Ràng',11,129),(2522,'Xã Xuân Hoà',11,129),(2523,'Xã Kim Sơn',11,129),(2524,'Xã Việt Tiến',11,129),(2525,'Xã Long Phúc',11,129),(2526,'Xã Văn Sơn',11,130),(2527,'Xã Võ Lao',11,130),(2528,'Xã Sơn Thuỷ',11,130),(2529,'Xã Nậm Mả',11,130),(2530,'Xã Nậm Dạng',11,130),(2531,'Xã Nậm Chầy',11,130),(2532,'Xã Tân An',11,130),(2533,'Xã Dần Thàng',11,130),(2534,'Xã Chiềng Ken',11,130),(2535,'Xã Làng Giàng',11,130),(2536,'Xã Khánh Yên Trung',11,130),(2537,'Xã Khánh Yên Hạ',11,130),(2538,'Xã Dương Quỳ',11,130),(2539,'Xã Minh Lương',11,130),(2540,'Xã Liêm Phú',11,130),(2541,'Xã Nậm Xây',11,130),(2542,'Xã Nậm Xé',11,130),(2543,'Xã Thẩm Dương',11,130),(2544,'Thị trấn Khánh Yên',11,130),(2545,'Xã Tân Thượng',11,130),(2546,'Xã Khánh Yên Thượng',11,130),(2547,'Xã Hoà Mạc',11,130),(2548,'Xã Nậm Tha',11,130),(2549,'Xã Thào Chư Phìn',11,131),(2550,'Xã Bản Mế',11,131),(2551,'Xã Si Ma Cai',11,131),(2552,'Xã Sán Chải',11,131),(2553,'Xã Lùng Sui',11,131),(2554,'Xã Cán Cấu',11,131),(2555,'Xã Sín Chéng',11,131),(2556,'Xã Lử Thẩn',11,131),(2557,'Xã Nàn Sín',11,131),(2558,'Xã Nàn Sán',11,131),(2559,'Xã Quan Thần Sán',11,131),(2560,'Xã Mản Thẩn',11,131),(2561,'Xã Cán Hồ',11,131),(2562,'P. Nguyễn Thị Minh Khai',12,132),(2563,'Phường Sông Cầu',12,132),(2564,'Phường Đức Xuân',12,132),(2565,'Phường Phùng Chí Kiên',12,132),(2566,'Xã Huyền Tụng',12,132),(2567,'Xã Nông Thượng',12,132),(2568,'Xã Xuất Hoá',12,132),(2569,'Xã Dương Quang',12,132),(2570,'Thị trấn Chợ Rã',12,133),(2571,'Xã Bành Trạch',12,133),(2572,'Xã Phúc Lộc',12,133),(2573,'Xã Cao Thượng',12,133),(2574,'Xã Cao Trĩ',12,133),(2575,'Xã Nam Mẫu',12,133),(2576,'Xã Thượng Giáo',12,133),(2577,'Xã Địa Linh',12,133),(2578,'Xã Chu Hương',12,133),(2579,'Xã Mỹ Phương',12,133),(2580,'Xã Đồng Phúc',12,133),(2581,'Xã Quảng Khê',12,133),(2582,'Xã Hà Hiệu',12,133),(2583,'Xã Khang Ninh',12,133),(2584,'Xã Yến Dương',12,133),(2585,'Xã Hoàng Trĩ',12,133),(2586,'Xã Bằng Thành',12,134),(2587,'Xã Bộc Bố',12,134),(2588,'Xã Công Bằng',12,134),(2589,'Xã Giáo Hiệu',12,134),(2590,'Xã An Thắng',12,134),(2591,'Xã Cổ Linh',12,134),(2592,'Xã Nghiên Loan',12,134),(2593,'Xã Nhạn Môn',12,134),(2594,'Xã Xuân La',12,134),(2595,'Xã Cao Tân',12,134),(2596,'Thị trấn Nà Phặc',12,135),(2597,'Xã Thượng ân',12,135),(2598,'Xã Cốc Đán',12,135),(2599,'Xã Trung Hoà',12,135),(2600,'Xã Đức Vân',12,135),(2601,'Xã Thượng Quan',12,135),(2602,'Xã Thuần Mang',12,135),(2603,'Xã Lãng Ngâm',12,135),(2604,'Xã Bằng Vân',12,135),(2605,'Xã Vân Tùng',12,135),(2606,'Xã Hương Nê',12,135),(2607,'Thị trấn Bằng Lũng',12,136),(2608,'Xã Nam Cường',12,136),(2609,'Xã Đồng Lạc',12,136),(2610,'Xã Quảng Bạch',12,136),(2611,'Xã Bằng Phúc',12,136),(2612,'Xã Yên Thịnh',12,136),(2613,'Xã Phương Viên',12,136),(2614,'Xã Ngọc Phái',12,136),(2615,'Xã Rã Bản',12,136),(2616,'Xã Lương Bằng',12,136),(2617,'Xã Đại Sảo',12,136),(2618,'Xã Phong Huân',12,136),(2619,'Xã Yên Mỹ',12,136),(2620,'Xã Bình Trung',12,136),(2621,'Xã Tân Lập',12,136),(2622,'Xã Bằng Lãng',12,136),(2623,'Xã Xuân Lạc',12,136),(2624,'Xã Bản Thi',12,136),(2625,'Xã Yên Thượng',12,136),(2626,'Xã ĐôngViên',12,136),(2627,'Xã Nghĩa Tá',12,136),(2628,'Xã Yên Nhuận',12,136),(2629,'Xã Lam Sơn',12,137),(2630,'Xã Văn Minh',12,137),(2631,'Xã Côn Minh',12,137),(2632,'Xã Cư Lễ',12,137),(2633,'Xã Hữu Thác',12,137),(2634,'Xã Hảo Nghĩa',12,137),(2635,'Xã Quang Phong',12,137),(2636,'Xã Dương Sơn',12,137),(2637,'Xã Đổng Xá',12,137),(2638,'Xã Lương Thành',12,137),(2639,'Thị trấn Yến Lạc',12,137),(2640,'Xã Lương Thượng',12,137),(2641,'Xã Kim Hỷ',12,137),(2642,'Xã Văn Học',12,137),(2643,'Xã Lương Hạ',12,137),(2644,'Xã Kim Lư',12,137),(2645,'Xã ân Tình',12,137),(2646,'Xã Xuân Dương',12,137),(2647,'Xã Vũ Loan',12,137),(2648,'Xã Liêm Thuỷ',12,137),(2649,'Xã Lạng San',12,137),(2650,'Xã Cường Lợi',12,137),(2651,'Thị trấn Phủ Thông',12,138),(2652,'Xã Phương Linh',12,138),(2653,'Xã Vi Hương',12,138),(2654,'Xã Vũ Muộn',12,138),(2655,'Xã Đôn Phong',12,138),(2656,'Xã Tú Trĩ',12,138),(2657,'Xã Tân Tiến',12,138),(2658,'Xã Nguyên Phúc',12,138),(2659,'Xã Hà Vị',12,138),(2660,'Xã Cẩm Giàng',12,138),(2661,'Xã Dương Phong',12,138),(2662,'Xã Quang Thuận',12,138),(2663,'Xã Quân Bình',12,138),(2664,'Xã Sĩ Bình',12,138),(2665,'Xã Lục Bình',12,138),(2666,'Xã Cao Sơn',12,138),(2667,'Xã Mỹ Thanh',12,138),(2668,'Thị trấn Chợ Mới',12,139),(2669,'Xã Tân Sơn',12,139),(2670,'Xã Thanh Vận',12,139),(2671,'Xã Hoà Mục',12,139),(2672,'Xã Cao Kỳ',12,139),(2673,'Xã Yên Cư',12,139),(2674,'Xã Nông Thịnh',12,139),(2675,'Xã Thanh Bình',12,139),(2676,'Xã Như Cố',12,139),(2677,'Xã Bình Văn',12,139),(2678,'Xã Quảng Chu',12,139),(2679,'Xã Thanh Mai',12,139),(2680,'Xã Mai Lạp',12,139),(2681,'Xã Nông Hạ',12,139),(2682,'Xã Yên Hân',12,139),(2683,'Xã Yên Đĩnh',12,139),(2684,'Phường Hoàng Văn Thụ',13,140),(2685,'Phường Tam Thanh',13,140),(2686,'Phường Vĩnh Trại',13,140),(2687,'Phường Chi Lăng',13,140),(2688,'Xã Quảng Lạc',13,140),(2689,'Xã Mai Pha',13,140),(2690,'Phường Đông Kinh',13,140),(2691,'Xã Hoàng Đồng',13,140),(2692,'Thị trấn Thất Khê',13,141),(2693,'Xã Đoàn Kết',13,141),(2694,'Xã Quốc Khánh',13,141),(2695,'Xã Vĩnh Tiến',13,141),(2696,'Xã Chí Minh',13,141),(2697,'Xã Tri Phương',13,141),(2698,'Xã Đội Cấn',13,141),(2699,'Xã Tân Minh',13,141),(2700,'Xã Kim Đồng',13,141),(2701,'Xã Trung Thành',13,141),(2702,'Xã Đại Đồng',13,141),(2703,'Xã Đào Viên',13,141),(2704,'Xã Kháng Chiến',13,141),(2705,'Xã Bắc ái',13,141),(2706,'Xã Hùng Việt',13,141),(2707,'Xã Tân Tiến',13,141),(2708,'Xã Quốc Việt',13,141),(2709,'Xã Khánh Long',13,141),(2710,'Xã Cao Minh',13,141),(2711,'Xã Tân Yên',13,141),(2712,'Xã Chi Lăng',13,141),(2713,'Xã Đề Thám',13,141),(2714,'Xã Hùng Sơn',13,141),(2715,'Thị trấn Na Sầm',13,142),(2716,'Xã Bắc La',13,142),(2717,'Xã Thụy Hùng',13,142),(2718,'Xã Trùng Quán',13,142),(2719,'Xã An Hùng',13,142),(2720,'Xã Thanh Long',13,142),(2721,'Xã Tân Lang',13,142),(2722,'Xã Hoàng Việt',13,142),(2723,'Xã Gia Miễn',13,142),(2724,'Xã Nam La',13,142),(2725,'Xã Tân Mỹ',13,142),(2726,'Xã Hoàng Văn Thụ',13,142),(2727,'Xã Nhạc Kỳ',13,142),(2728,'Xã Tân Việt',13,142),(2729,'Xã Tân Thanh',13,142),(2730,'Xã Trùng Khánh',13,142),(2731,'Xã Tân Tác',13,142),(2732,'Xã Hội Hoan',13,142),(2733,'Xã Thành Hòa',13,142),(2734,'Xã Hồng Thái',13,142),(2735,'Thị trấn Bình Gia',13,143),(2736,'Xã Vĩnh Yên',13,143),(2737,'Xã Hoa Thám',13,143),(2738,'Xã Quý Hòa',13,143),(2739,'Xã Yên Lỗ',13,143),(2740,'Xã Thiện Hòa',13,143),(2741,'Xã Quang Trung',13,143),(2742,'Xã Thiện Long',13,143),(2743,'Xã Hoàng Văn Thụ',13,143),(2744,'Xã Hòa Bình',13,143),(2745,'Xã Tân Hòa',13,143),(2746,'Xã Tô Hiệu',13,143),(2747,'Xã Bình La',13,143),(2748,'Xã Tân Văn',13,143),(2749,'Xã Minh Khai',13,143),(2750,'Xã Thiện Thuật',13,143),(2751,'Xã Mông ân',13,143),(2752,'Xã Hồng Thái',13,143),(2753,'Xã Hồng Phong',13,143),(2754,'Xã Hưng Đạo',13,143),(2755,'Xã Long Đống',13,144),(2756,'Xã Vạn Thủy',13,144),(2757,'Xã Quỳnh Sơn',13,144),(2758,'Xã Đồng ý',13,144),(2759,'Xã Bắc Sơn',13,144),(2760,'Xã Hữu Vĩnh',13,144),(2761,'Xã Vũ Sơn',13,144),(2762,'Xã Chiêu Vũ',13,144),(2763,'Xã Chiến Thắng',13,144),(2764,'Xã Vũ Lăng',13,144),(2765,'Xã Trấn Yên',13,144),(2766,'Xã Nhất Hòa',13,144),(2767,'Xã Tân Thành',13,144),(2768,'Xã Nhất Tiến',13,144),(2769,'Xã Tân Lập',13,144),(2770,'Thị trấn Bắc Sơn',13,144),(2771,'Xã Tân Tri',13,144),(2772,'Xã Hưng Vũ',13,144),(2773,'Xã Tân Hương',13,144),(2774,'Xã Vũ Lễ',13,144),(2775,'Xã Xuân Mai',13,145),(2776,'Xã Tràng Các',13,145),(2777,'Xã Tràng Sơn',13,145),(2778,'Xã Tân Đoàn',13,145),(2779,'Xã Bình Phúc',13,145),(2780,'Xã Tri Lễ',13,145),(2781,'Xã Tràng Phái',13,145),(2782,'Xã Hữu Lễ',13,145),(2783,'Xã Đồng Giáp',13,145),(2784,'Thị trấn Văn Quan',13,145),(2785,'Xã Trấn Ninh',13,145),(2786,'Xã Việt Yên',13,145),(2787,'Xã Song Giang',13,145),(2788,'Xã Vĩnh Lại',13,145),(2789,'Xã Tú Xuyên',13,145),(2790,'Xã Đại An',13,145),(2791,'Xã Khánh Khê',13,145),(2792,'Xã Lương Năng',13,145),(2793,'Xã Yên Phúc',13,145),(2794,'Xã Hòa Bình',13,145),(2795,'Xã Phú Mỹ',13,145),(2796,'Xã Vân Mộng',13,145),(2797,'Xã Văn An',13,145),(2798,'Xã Chu Túc',13,145),(2799,'Thị trấn Đồng Đăng',13,146),(2800,'Xã Bảo Lâm',13,146),(2801,'Xã Thanh Loà',13,146),(2802,'Xã Cao Lâu',13,146),(2803,'Xã Hồng Phong',13,146),(2804,'Xã Thụy Hùng',13,146),(2805,'Xã Phú Xá',13,146),(2806,'Xã Bình Trung',13,146),(2807,'Xã Hải Yến',13,146),(2808,'Xã Hợp Thành',13,146),(2809,'Xã Song Giáp',13,146),(2810,'Xã Công Sơn',13,146),(2811,'Xã Xuân Long',13,146),(2812,'Xã Tân Liên',13,146),(2813,'Xã Tân Thành',13,146),(2814,'Xã Thạch Đạn',13,146),(2815,'Xã Mẫu Sơn',13,146),(2816,'Thị trấn Cao Lộc',13,146),(2817,'Xã Xuất Lễ',13,146),(2818,'Xã Lộc Yên',13,146),(2819,'Xã Hòa Cư',13,146),(2820,'Xã Gia Cát',13,146),(2821,'Xã Yên Trạch',13,146),(2822,'Xã Mẫu Sơn',13,147),(2823,'Xã Bằng Khánh',13,147),(2824,'Xã Xuân Lễ',13,147),(2825,'Xã Xuân Mãn',13,147),(2826,'Xã Tú Mịch',13,147),(2827,'Xã Hữu Khánh',13,147),(2828,'Xã Vân Mộng',13,147),(2829,'Xã Tam Gia',13,147),(2830,'Xã Tú Đoạn',13,147),(2831,'Xã Lục Thôn',13,147),(2832,'Xã Tĩnh Bắc',13,147),(2833,'Xã Hiệp Hạ',13,147),(2834,'Xã Nhượng Bạn',13,147),(2835,'Xã Quan Bản',13,147),(2836,'Xã Đông Quan',13,147),(2837,'Xã Minh Phát',13,147),(2838,'Xã Hữu Lân',13,147),(2839,'Xã Xuân Dương',13,147),(2840,'Xã ái Quốc',13,147),(2841,'Thị trấn Na Dương',13,147),(2842,'Xã Như Khuê',13,147),(2843,'Xã Nam Quan',13,147),(2844,'Thị trấn Lộc Bình',13,147),(2845,'Xã Yên Khoái',13,147),(2846,'Xã Đồng Bục',13,147),(2847,'Xã Khuất Xá',13,147),(2848,'Xã Xuân Tình',13,147),(2849,'Xã Sàn Viên',13,147),(2850,'Xã Lợi Bác',13,147),(2851,'Thị trấn Đồng Mỏ',13,148),(2852,'Xã Vân An',13,148),(2853,'Xã Vân Thủy',13,148),(2854,'Xã Gia Lộc',13,148),(2855,'Xã Bắc Thủy',13,148),(2856,'Xã Mai Sao',13,148),(2857,'Xã Bằng Hữu',13,148),(2858,'Xã Thượng Cường',13,148),(2859,'Xã Lâm Sơn',13,148),(2860,'Xã Liên Sơn',13,148),(2861,'Xã Hòa Bình',13,148),(2862,'Xã Quang Lang',13,148),(2863,'Xã Hữu Kiên',13,148),(2864,'Xã Y Tịch',13,148),(2865,'Xã Chi Lăng',13,148),(2866,'Xã Nhân Lý',13,148),(2867,'Thị trấn Chi Lăng',13,148),(2868,'Xã Chiến Thắng',13,148),(2869,'Xã Bằng Mạc',13,148),(2870,'Xã Vạn Linh',13,148),(2871,'Xã Quan Sơn',13,148),(2872,'Xã Lâm Ca',13,149),(2873,'Xã Đồng Thắng',13,149),(2874,'Xã Bắc Lãng',13,149),(2875,'Xã Châu Sơn',13,149),(2876,'Thị trấn N T Thái Bình',13,149),(2877,'Xã Bắc Xa',13,149),(2878,'Xã Bính Xá',13,149),(2879,'Xã Đình Lập',13,149),(2880,'Xã Thái Bình',13,149),(2881,'Thị trấn Đình Lập',13,149),(2882,'Xã Kiên Mộc',13,149),(2883,'Xã Cường Lợi',13,149),(2884,'Xã Yên Bình',13,150),(2885,'Xã Quyết Thắng',13,150),(2886,'Xã Yên Thịnh',13,150),(2887,'Xã Yên Sơn',13,150),(2888,'Xã Thiện Kỵ',13,150),(2889,'Xã Yên Vượng',13,150),(2890,'Xã Minh Tiến',13,150),(2891,'Xã Nhật Tiến',13,150),(2892,'Xã Cai Kinh',13,150),(2893,'Xã Hòa Lạc',13,150),(2894,'Xã Đồng Tiến',13,150),(2895,'Xã Đô Lương',13,150),(2896,'Xã Tân Thành',13,150),(2897,'Xã Minh Sơn',13,150),(2898,'Xã Hồ Sơn',13,150),(2899,'Xã Minh Hòa',13,150),(2900,'Xã Hữu Liên',13,150),(2901,'Xã Đồng Tân',13,150),(2902,'Xã Hòa Thắng',13,150),(2903,'Thị trấn Hữu Lũng',13,150),(2904,'Xã Hòa Bình',13,150),(2905,'Xã Tân Lập',13,150),(2906,'Xã Thanh Sơn',13,150),(2907,'Xã Vân Nham',13,150),(2908,'Xã Hòa Sơn',13,150),(2909,'Xã Sơn Hà',13,150),(2910,'Phường Phan Thiết',14,151),(2911,'Xã Tràng Đà',14,151),(2912,'Phường Nông Tiến',14,151),(2913,'Phường ỷ La',14,151),(2914,'Phường Minh Xuân',14,151),(2915,'Phường Tân Quang',14,151),(2916,'Phường Hưng Thành',14,151),(2917,'Phường Tân Hà',14,151),(2918,'Xã An Khang',14,151),(2919,'Xã An Tường',14,151),(2920,'Xã Lưỡng Vượng',14,151),(2921,'Xã Thái Long',14,151),(2922,'Xã Đội Cấn',14,151),(2923,'Thị trấn Nà Hang',14,152),(2924,'Xã Thúy Loa',14,152),(2925,'Xã Sinh Long',14,152),(2926,'Xã Phúc Yên',14,152),(2927,'Xã Xuân Tân',14,152),(2928,'Xã Thượng Nông',14,152),(2929,'Xã Yên Hoa',14,152),(2930,'Xã Khuôn Hà',14,152),(2931,'Xã Xuân Tiến',14,152),(2932,'Xã Đà Vị',14,152),(2933,'Xã Khau Tinh',14,152),(2934,'Xã Thượng Lâm',14,152),(2935,'Xã Trùng Khánh',14,152),(2936,'Xã Sơn Phú',14,152),(2937,'Xã Thanh Tương',14,152),(2938,'Xã Xuân Lập',14,152),(2939,'Xã Năng Khả',14,152),(2940,'Xã Thượng Giáp',14,152),(2941,'Xã Côn Lôn',14,152),(2942,'Xã Hồng Thái',14,152),(2943,'Xã Lăng Can',14,152),(2944,'Xã Vĩnh Yên',14,152),(2945,'Thị trấn Vĩnh Lộc',14,153),(2946,'Xã Hồng Quang',14,153),(2947,'Xã Thổ Bình',14,153),(2948,'Xã Phúc Sơn',14,153),(2949,'Xã Trung Hà',14,153),(2950,'Xã Tân Mỹ',14,153),(2951,'Xã Yên Lập',14,153),(2952,'Xã Tân An',14,153),(2953,'Xã Bình Phú',14,153),(2954,'Xã Ngọc Hội',14,153),(2955,'Xã Phú Bình',14,153),(2956,'Xã Hòa Phú',14,153),(2957,'Xã Kiên Đài',14,153),(2958,'Xã Tân Thịnh',14,153),(2959,'Xã Hòa An',14,153),(2960,'Xã Vinh Quang',14,153),(2961,'Xã Tri Phú',14,153),(2962,'Xã Yên Nguyên',14,153),(2963,'Xã Linh Phú',14,153),(2964,'Xã Bình Nhân',14,153),(2965,'Xã Hà Lang',14,153),(2966,'Xã Trung Hòa',14,153),(2967,'Xã Bình An',14,153),(2968,'Xã Minh Quang',14,153),(2969,'Xã Hùng Mỹ',14,153),(2970,'Xã Xuân Quang',14,153),(2971,'Xã Phúc Thịnh',14,153),(2972,'Xã Kim Bình',14,153),(2973,'Xã Nhân Lý',14,153),(2974,'Xã Yên Thuận',14,154),(2975,'Xã Bạch Xa',14,154),(2976,'Xã Minh Dân',14,154),(2977,'Xã Phù Lưu',14,154),(2978,'Xã Minh Hương',14,154),(2979,'Xã Tân Thành',14,154),(2980,'Xã Bình Xa',14,154),(2981,'Xã Thái Sơn',14,154),(2982,'Xã Thành Long',14,154),(2983,'Xã Bằng Cốc',14,154),(2984,'Xã Hùng Đức',14,154),(2985,'Xã Minh Khương',14,154),(2986,'Xã Thái Hòa',14,154),(2987,'Thị trấn Tân Yên',14,154),(2988,'Xã Yên Lâm',14,154),(2989,'Xã Yên Phú',14,154),(2990,'Xã Nhân Mục',14,154),(2991,'Xã Đức Ninh',14,154),(2992,'Xã Phú Thịnh',14,155),(2993,'Xã Công Đa',14,155),(2994,'Xã Trung Môn',14,155),(2995,'Xã Chân Sơn',14,155),(2996,'Xã Kim Phú',14,155),(2997,'Xã Tiến Bộ',14,155),(2998,'Xã Phú Lâm',14,155),(2999,'Xã Đội Bình',14,155),(3000,'Xã Lang Quán',14,155),(3001,'Thị trấn Tân Bình',14,155),(3002,'Xã Lực Hành',14,155),(3003,'Xã Kiến Thiết',14,155),(3004,'Xã Trung Minh',14,155),(3005,'Xã Trung Trực',14,155),(3006,'Xã Xuân Vân',14,155),(3007,'Xã Phúc Ninh',14,155),(3008,'Xã Tân Tiến',14,155),(3009,'Xã Tứ Quận',14,155),(3010,'Xã Tân Long',14,155),(3011,'Xã Thắng Quân',14,155),(3012,'Xã Trung Sơn',14,155),(3013,'Xã Thái Bình',14,155),(3014,'Xã Nhữ Hán',14,155),(3015,'Xã Quí Quân',14,155),(3016,'Xã Chiêu Yên',14,155),(3017,'Xã Hùng Lợi',14,155),(3018,'Xã Đạo Viện',14,155),(3019,'Xã Kim Quan',14,155),(3020,'Xã Mỹ Bằng',14,155),(3021,'Xã Hoàng Khai',14,155),(3022,'Xã Nhữ Khê',14,155),(3023,'Thị trấn Sơn Dương',14,156),(3024,'Xã Trung Yên',14,156),(3025,'Xã Tân Trào',14,156),(3026,'Xã Vĩnh Lợi',14,156),(3027,'Xã Thượng ấm',14,156),(3028,'Xã Lương Thiện',14,156),(3029,'Xã Cấp Tiến',14,156),(3030,'Xã Phúc ứng',14,156),(3031,'Xã Đông Thọ',14,156),(3032,'Xã Kháng Nhật',14,156),(3033,'Xã Thanh Phát',14,156),(3034,'Xã Quyết Thắng',14,156),(3035,'Xã Đồng Quý',14,156),(3036,'Xã Vân Sơn',14,156),(3037,'Xã Đông Lợi',14,156),(3038,'Xã Thiện Kế',14,156),(3039,'Xã Hồng Lạc',14,156),(3040,'Xã Ninh Lai',14,156),(3041,'Xã Đại Phú',14,156),(3042,'Xã Sơn Nam',14,156),(3043,'Xã Tam Đa',14,156),(3044,'Xã Lâm Xuyên',14,156),(3045,'Xã Văn Phú',14,156),(3046,'Xã Sầm Dương',14,156),(3047,'Xã Tú Thịnh',14,156),(3048,'Xã Minh Thanh',14,156),(3049,'Xã Bình Yên',14,156),(3050,'Xã Hợp Thành',14,156),(3051,'Xã Hợp Hòa',14,156),(3052,'Xã Tuân Lộ',14,156),(3053,'Xã Chi Thiết',14,156),(3054,'Xã Phú Lương',14,156),(3055,'Xã Hào Phú',14,156),(3056,'Phường Yên Thịnh',15,157),(3057,'Phường Yên Ninh',15,157),(3058,'Phường Nguyễn Thái Học',15,157),(3059,'Phường Đồng Tâm',15,157),(3060,'Phường Nguyễn Phúc',15,157),(3061,'Xã Minh Bảo',15,157),(3062,'Xã Tuy Lộc',15,157),(3063,'Xã Nam Cường',15,157),(3064,'Phường Minh Tân',15,157),(3065,'Phường Hồng Hà',15,157),(3066,'Xã Tân Thịnh',15,157),(3067,'Xã Âu Lâu',15,157),(3068,'Xã Phúc Lộc',15,157),(3069,'xã Giới Phiên',15,157),(3070,'Xã Hợp Minh',15,157),(3071,'Xã Văn Tiến',15,157),(3072,'Xã Văn Phú',15,157),(3073,'Phường Pú Trạng',15,158),(3074,'Phường Trung Tâm',15,158),(3075,'Phường Tân An',15,158),(3076,'Xã Nghĩa Lợi',15,158),(3077,'Xã Nghĩa Phúc',15,158),(3078,'Xã Nghĩa An',15,158),(3079,'Phường Cầu Thia',15,158),(3080,'Xã Trung Tâm',15,159),(3081,'Thị trấn Yên Thế',15,159),(3082,'Xã Khánh Thiện',15,159),(3083,'Xã Minh Chuẩn',15,159),(3084,'Xã Khai Trung',15,159),(3085,'Xã Mường Lai',15,159),(3086,'Xã An Lạc',15,159),(3087,'Xã Tô Mậu',15,159),(3088,'Xã Tân Lĩnh',15,159),(3089,'Xã Yên Thắng',15,159),(3090,'Xã Liễu Đô',15,159),(3091,'Xã Động Quan',15,159),(3092,'Xã Minh Tiến',15,159),(3093,'Xã Trúc Lâu',15,159),(3094,'Xã An Phú',15,159),(3095,'Xã Phan Thanh',15,159),(3096,'Xã Lâm Thượng',15,159),(3097,'Xã Vĩnh Lạc',15,159),(3098,'Xã Tân Phượng',15,159),(3099,'Xã Mai Sơn',15,159),(3100,'Xã Minh Xuân',15,159),(3101,'Xã Khánh Hoà',15,159),(3102,'Xã Tân Lập',15,159),(3103,'Xã Phúc Lợi',15,159),(3104,'Thị trấn Mậu A',15,160),(3105,'Xã Lang Thíp',15,160),(3106,'Xã Lâm Giang',15,160),(3107,'Xã Châu Quế Thượng',15,160),(3108,'Xã Châu Quế Hạ',15,160),(3109,'Xã An Bình',15,160),(3110,'Xã Đông An',15,160),(3111,'Xã Phong Dụ Hạ',15,160),(3112,'Xã Mậu Đông',15,160),(3113,'Xã Ngòi A',15,160),(3114,'Xã Tân Hợp',15,160),(3115,'Xã An Thịnh',15,160),(3116,'Xã Yên Thái',15,160),(3117,'Xã Yên Hợp',15,160),(3118,'Xã Đại Sơn',15,160),(3119,'Xã Yên Phú',15,160),(3120,'Xã Xuân ái',15,160),(3121,'Xã Hoàng Thắng',15,160),(3122,'Xã Mỏ Vàng',15,160),(3123,'Xã Nà Hẩu',15,160),(3124,'Xã Quang Minh',15,160),(3125,'Xã Yên Hưng',15,160),(3126,'Xã Đông Cuông',15,160),(3127,'Xã Xuân Tầm',15,160),(3128,'Xã Phong Dụ Thượng',15,160),(3129,'Xã Đại Phác',15,160),(3130,'Xã Viễn Sơn',15,160),(3131,'Thị trấn Mù Cang Chải',15,161),(3132,'Xã Nậm Có',15,161),(3133,'Xã Khao Mang',15,161),(3134,'Xã Lao Chải',15,161),(3135,'Xã Kim Nọi',15,161),(3136,'Xã Khau Phạ',15,161),(3137,'Xã Zế Su Phình',15,161),(3138,'Xã Chế Tạo',15,161),(3139,'Xã Púng Luông',15,161),(3140,'Xã Mồ Dề',15,161),(3141,'Xã Hồ Bốn',15,161),(3142,'Xã Chế Cu Nha',15,161),(3143,'Xã La Pán Tẩn',15,161),(3144,'Xã Nậm Khắt',15,161),(3145,'Thị trấn Cổ Phúc',15,162),(3146,'Xã Báo Đáp',15,162),(3147,'Xã Việt Thành',15,162),(3148,'Xã Hòa Cuông',15,162),(3149,'Xã Minh Quán',15,162),(3150,'Xã Cường Thịnh',15,162),(3151,'Xã Kiên Thành',15,162),(3152,'Xã Nga Quán',15,162),(3153,'Xã Lương Thịnh',15,162),(3154,'Xã Bảo Hưng',15,162),(3155,'Xã Minh Quân',15,162),(3156,'Xã Hưng Thịnh',15,162),(3157,'Xã Việt Hồng',15,162),(3158,'Xã Vân Hội',15,162),(3159,'Xã Tân Đồng',15,162),(3160,'Xã Minh Tiến',15,162),(3161,'Xã Hồng Ca',15,162),(3162,'Xã Đào Thịnh',15,162),(3163,'Xã Quy Mông',15,162),(3164,'Xã Y Can',15,162),(3165,'Xã Việt Cường',15,162),(3166,'Xã Hưng Khánh',15,162),(3167,'Thị trấn Thác Bà',15,163),(3168,'Xã Xuân Long',15,163),(3169,'Xã Tích Cốc',15,163),(3170,'Xã Cẩm Nhân',15,163),(3171,'Xã Ngọc Chấn',15,163),(3172,'Xã Phúc Ninh',15,163),(3173,'Xã Bảo ái',15,163),(3174,'Xã Mỹ Gia',15,163),(3175,'Xã Mông Sơn',15,163),(3176,'Xã Yên Thành',15,163),(3177,'Xã Phúc An',15,163),(3178,'Xã Bạch Hà',15,163),(3179,'Xã Vũ Linh',15,163),(3180,'Xã Vĩnh Kiên',15,163),(3181,'Xã Yên Bình',15,163),(3182,'Xã Thịnh Hưng',15,163),(3183,'Xã Đại Minh',15,163),(3184,'Thị trấn Yên Bình',15,163),(3185,'Xã Cảm ân',15,163),(3186,'Xã Phú Thịnh',15,163),(3187,'Xã Tân Nguyên',15,163),(3188,'Xã Xuân Lai',15,163),(3189,'Xã Tân Hương',15,163),(3190,'Xã Đại Đồng',15,163),(3191,'Xã Hán Đà',15,163),(3192,'Xã Văn Lãng',15,163),(3193,'Xã Minh An',15,164),(3194,'Xã Nghĩa Tâm',15,164),(3195,'Xã Thượng Bằng La',15,164),(3196,'Thị trấn NT Nghĩa Lộ',15,164),(3197,'Thị trấn NT Trần Phú',15,164),(3198,'Xã Tú Lệ',15,164),(3199,'Xã Nậm Búng',15,164),(3200,'Xã Nậm Mười',15,164),(3201,'Xã An Lương',15,164),(3202,'Xã Sơn Lương',15,164),(3203,'Xã Suối Quyền',15,164),(3204,'Xã Suối Giàng',15,164),(3205,'Xã Phù Nham',15,164),(3206,'Xã Nghĩa Sơn',15,164),(3207,'Xã Thanh Lương',15,164),(3208,'Xã Hạnh Sơn',15,164),(3209,'Xã Phúc Sơn',15,164),(3210,'Xã Đại Lịch',15,164),(3211,'Xã Đồng Khê',15,164),(3212,'Xã Cát Thịnh',15,164),(3213,'Xã Chấn Thịnh',15,164),(3214,'Xã Bình Thuận',15,164),(3215,'Xã Sùng Đô',15,164),(3216,'Xã Suối Bu',15,164),(3217,'Xã Sơn A',15,164),(3218,'Xã Sơn Thịnh',15,164),(3219,'Xã Thạch Lương',15,164),(3220,'Xã Tân Thịnh',15,164),(3221,'Xã Nậm Lành',15,164),(3222,'Thị trấn NT Liên Sơn',15,164),(3223,'Xã Gia Hội',15,164),(3224,'Thị trấn Trạm Tấu',15,165),(3225,'Xã Pá Lau',15,165),(3226,'Xã Xà Hồ',15,165),(3227,'Xã Phình Hồ',15,165),(3228,'Xã Tà Si Láng',15,165),(3229,'Xã Làng Nhì',15,165),(3230,'Xã Bản Mù',15,165),(3231,'Xã Hát Lìu',15,165),(3232,'Xã Pá Hu',15,165),(3233,'Xã Túc Đán',15,165),(3234,'Xã Trạm Tấu',15,165),(3235,'Xã Bản Công',15,165),(3236,'Phường Quang Vinh',16,166),(3237,'Phường Hoàng Văn Thụ',16,166),(3238,'Phường Trưng Vương',16,166),(3239,'Phường Quang Trung',16,166),(3240,'Phường Tân Thịnh',16,166),(3241,'Phường Thịnh Đán',16,166),(3242,'Phường Đồng Quang',16,166),(3243,'Phường Gia Sàng',16,166),(3244,'Phường Tân Lập',16,166),(3245,'Phường Hương Sơn',16,166),(3246,'Phường Trung Thành',16,166),(3247,'Phường Tân Long',16,166),(3248,'Xã Phúc Hà',16,166),(3249,'Xã Phúc Xuân',16,166),(3250,'Xã Phúc Trìu',16,166),(3251,'Xã Thịnh Đức',16,166),(3252,'Xã Tích Lương',16,166),(3253,'Phường Quán Triều',16,166),(3254,'Phường Phú Xá',16,166),(3255,'Xã Tân Cương',16,166),(3256,'Phường Túc Duyên',16,166),(3257,'Phường Phan Đình Phùng',16,166),(3258,'Phường Cam Giá',16,166),(3259,'Phường Tân Thành',16,166),(3260,'Xã Quyết Thắng',16,166),(3261,'Xã Lương Sơn',16,166),(3262,'Xã Đồng Bẩm',16,166),(3263,'Xã Cao Ngạn',16,166),(3264,'Phường Lương Châu',16,167),(3265,'Phường Mỏ Chè',16,167),(3266,'Phường Cải Đan',16,167),(3267,'Phường Phố Cò',16,167),(3268,'Xã Vinh Sơn',16,167),(3269,'Xã Tân Quang',16,167),(3270,'Xã Bá Xuyên',16,167),(3271,'Phường Thắng Lợi',16,167),(3272,'Xã Bình Sơn',16,167),(3273,'Thị trấn Chợ Chu',16,168),(3274,'Xã Quy Kỳ',16,168),(3275,'Xã Tân Thịnh',16,168),(3276,'Xã Kim Phượng',16,168),(3277,'Xã Kim Sơn',16,168),(3278,'Xã Phúc Chu',16,168),(3279,'Xã Phượng Tiến',16,168),(3280,'Xã Bảo Cường',16,168),(3281,'Xã Đồng Thịnh',16,168),(3282,'Xã Trung Hội',16,168),(3283,'Xã Trung Lương',16,168),(3284,'Xã Điềm Mặc',16,168),(3285,'Xã Phú Tiến',16,168),(3286,'Xã Bộc Nhiêu',16,168),(3287,'Xã Phú Đình',16,168),(3288,'Xã Bình Thành',16,168),(3289,'Xã Linh Thông',16,168),(3290,'Xã Thanh Định',16,168),(3291,'Xã Lam Vỹ',16,168),(3292,'Xã Bảo Linh',16,168),(3293,'Xã Tân Dương',16,168),(3294,'Xã Định Biên',16,168),(3295,'Xã Bình Yên',16,168),(3296,'Xã Sơn Phú',16,168),(3297,'Thị trấn Đình Cả',16,169),(3298,'Xã Nghinh Tường',16,169),(3299,'Xã Thần Xa',16,169),(3300,'Xã Vũ Chấn',16,169),(3301,'Xã Phú Thượng',16,169),(3302,'Xã La Hiên',16,169),(3303,'Xã Tràng Xá',16,169),(3304,'Xã Phương Giao',16,169),(3305,'Xã Liên Minh',16,169),(3306,'Xã Bình Long',16,169),(3307,'Xã Cúc Đường',16,169),(3308,'Xã Sảng Mộc',16,169),(3309,'Xã Thượng Nung',16,169),(3310,'Xã Lâu Thượng',16,169),(3311,'Xã Dân Tiến',16,169),(3312,'Xã Sơn Cẩm',16,170),(3313,'Thị trấn Giang Tiên',16,170),(3314,'Xã Yên Ninh',16,170),(3315,'Xã Yên Đổ',16,170),(3316,'Xã ôn Lương',16,170),(3317,'Xã Động Đạt',16,170),(3318,'Xã Phủ Lý',16,170),(3319,'Xã Hợp Thành',16,170),(3320,'Xã Tức Tranh',16,170),(3321,'Xã Vô Tranh',16,170),(3322,'Xã Cổ Lũng',16,170),(3323,'Xã Yên Trạch',16,170),(3324,'Thị trấn Đu',16,170),(3325,'Xã Yên Lạc',16,170),(3326,'Xã Phú Đô',16,170),(3327,'Xã Phấn Mễ',16,170),(3328,'Thị trấn Sông Cầu',16,171),(3329,'Thị trấn Chùa Hang',16,171),(3330,'Thị trấn Trại Cau',16,171),(3331,'Xã Văn Lăng',16,171),(3332,'Xã Tân Long',16,171),(3333,'Xã Quang Sơn',16,171),(3334,'Xã Minh Lập',16,171),(3335,'Xã Văn Hán',16,171),(3336,'Xã Khe Mo',16,171),(3337,'Xã Cây Thị',16,171),(3338,'Xã Hóa Thượng',16,171),(3339,'Xã Hợp Tiến',16,171),(3340,'Xã Linh Sơn',16,171),(3341,'Xã Huống Thượng',16,171),(3342,'Xã Hòa Bình',16,171),(3343,'Xã Tân Lợi',16,171),(3344,'Xã Hóa Trung',16,171),(3345,'Xã Nam Hòa',16,171),(3346,'Thị trấn Đại Từ',16,172),(3347,'Thị trấn Quân Chu',16,172),(3348,'Xã Minh Tiến',16,172),(3349,'Xã Đức Lương',16,172),(3350,'Xã Na Mao',16,172),(3351,'Xã Phú Lạc',16,172),(3352,'Xã Tân Linh',16,172),(3353,'Xã Phục Linh',16,172),(3354,'Xã Phú Xuyên',16,172),(3355,'Xã Bản Ngoại',16,172),(3356,'Xã Hùng Sơn',16,172),(3357,'Xã Hà Thượng',16,172),(3358,'Xã Hoàng Nông',16,172),(3359,'Xã Khôi Kỳ',16,172),(3360,'Xã An Khánh',16,172),(3361,'Xã Bình Thuận',16,172),(3362,'Xã Lục Ba',16,172),(3363,'Xã Mỹ Yên',16,172),(3364,'Xã Ký Phú',16,172),(3365,'Xã Cát Nê',16,172),(3366,'Xã Yên Lãng',16,172),(3367,'Xã Cù Vân',16,172),(3368,'Xã Văn Yên',16,172),(3369,'Xã Phúc Lương',16,172),(3370,'Xã Phú Cường',16,172),(3371,'Xã Phú Thịnh',16,172),(3372,'Xã Tiên Hội',16,172),(3373,'Xã La Bằng',16,172),(3374,'Xã Tân Thái',16,172),(3375,'Xã Vạn Thọ',16,172),(3376,'Xã Quân Chu',16,172),(3377,'Thị trấn Hương Sơn',16,173),(3378,'Xã Tân Khánh',16,173),(3379,'Xã Tân Kim',16,173),(3380,'Xã Đào Xá',16,173),(3381,'Xã Bảo Lý',16,173),(3382,'Xã Thượng Đình',16,173),(3383,'Xã Nhã Lộng',16,173),(3384,'Xã Điềm Thụy',16,173),(3385,'Xã Tân Đức',16,173),(3386,'Xã Lương Phú',16,173),(3387,'Xã Nga My',16,173),(3388,'Xã Thanh Ninh',16,173),(3389,'Xã Dương Thành',16,173),(3390,'Xã Đồng Liên',16,173),(3391,'Xã úc Kỳ',16,173),(3392,'Xã Bàn Đạt',16,173),(3393,'Xã Tân Thành',16,173),(3394,'Xã Tân Hòa',16,173),(3395,'Xã Xuân Phương',16,173),(3396,'Xã Kha Sơn',16,173),(3397,'Xã Hà Châu',16,173),(3398,'Thị trấn Bãi Bông',16,174),(3399,'Thị trấn Bắc Sơn',16,174),(3400,'Xã Phúc Tân',16,174),(3401,'Xã Phúc Thuận',16,174),(3402,'Xã Hồng Tiến',16,174),(3403,'Xã Minh Đức',16,174),(3404,'Xã Thành Công',16,174),(3405,'Xã Tiên Phong',16,174),(3406,'Xã Nam Tiến',16,174),(3407,'Xã Tân Hương',16,174),(3408,'Xã Đông Cao',16,174),(3409,'Xã Tân Phú',16,174),(3410,'Xã Thuận Thành',16,174),(3411,'Xã Đồng Tiến',16,174),(3412,'Thị trấn Ba Hàng',16,174),(3413,'Xã Đắc Sơn',16,174),(3414,'Xã Vạn Phái',16,174),(3415,'Xã Trung Thành',16,174),(3416,'Phường Dữu Lâu',17,175),(3417,'Phường Vân Cơ',17,175),(3418,'Phường Nông Trang',17,175),(3419,'Phường Gia Cẩm',17,175),(3420,'Phường Thọ Sơn',17,175),(3421,'Phường Thanh Miếu',17,175),(3422,'Phường Bạch Hạc',17,175),(3423,'Xã Vân Phú',17,175),(3424,'Xã Phượng Lâu',17,175),(3425,'Xã Thụy Vân',17,175),(3426,'Xã Minh Phương',17,175),(3427,'Xã Sông Lô',17,175),(3428,'Phường Tân Dân',17,175),(3429,'Xã Minh Nông',17,175),(3430,'Phường Tiên Cát',17,175),(3431,'Phường Bến Gót',17,175),(3432,'Xã Trưng Vương',17,175),(3433,'Xã Tân Đức',17,175),(3434,'Xã Kim Đức',17,175),(3435,'Xã Hy Cương',17,175),(3436,'Xã Chu Hoá',17,175),(3437,'Xã Thanh Đình',17,175),(3438,'Xã Hùng Lô',17,175),(3439,'Phường Trường Thịnh',17,176),(3440,'Phường Phong Châu',17,176),(3441,'Phường âu Cơ',17,176),(3442,'Xã Hà Lộc',17,176),(3443,'Xã Văn Lung',17,176),(3444,'Xã Thanh Minh',17,176),(3445,'Xã Hà Thạch',17,176),(3446,'Phường Hùng Vương',17,176),(3447,'Xã Phú Hộ',17,176),(3448,'Xã Thanh Vinh',17,176),(3449,'Xã Đông Khê',17,177),(3450,'Xã Nghinh Xuyên',17,177),(3451,'Xã Bằng Luân',17,177),(3452,'Xã Vân Du',17,177),(3453,'Xã Phương Trung',17,177),(3454,'Xã Minh Lương',17,177),(3455,'Xã Bằng Doãn',17,177),(3456,'Xã Chí Đám',17,177),(3457,'Xã Phúc Lai',17,177),(3458,'Xã Ngọc Quan',17,177),(3459,'Xã Sóc Đăng',17,177),(3460,'Xã Phú Thứ',17,177),(3461,'Xã Tây Cốc',17,177),(3462,'Xã Hùng Long',17,177),(3463,'Xã Vụ Quang',17,177),(3464,'Xã Vân Đồn',17,177),(3465,'Xã Minh Tiến',17,177),(3466,'Xã Chân Mộng',17,177),(3467,'Thị trấn Đoan Hùng',17,177),(3468,'Xã Hữu Đô',17,177),(3469,'Xã Minh Phú',17,177),(3470,'Xã Hùng Quan',17,177),(3471,'Xã Quế Lâm',17,177),(3472,'Xã Phong Phú',17,177),(3473,'Xã Đại Nghĩa',17,177),(3474,'Xã Yên Kiện',17,177),(3475,'Xã Tiêu Sơn',17,177),(3476,'Xã Ca Đình',17,177),(3477,'Thị trấn Hạ Hoà',17,178),(3478,'Xã Đại Phạm',17,178),(3479,'Xã Đan Hà',17,178),(3480,'Xã Hà Lương',17,178),(3481,'Xã Lệnh Khanh',17,178),(3482,'Xã Liên Phương',17,178),(3483,'Xã Đan Thượng',17,178),(3484,'Xã Lâm Lợi',17,178),(3485,'Xã Phương Viên',17,178),(3486,'Xã Gia Điền',17,178),(3487,'Xã Quân Khê',17,178),(3488,'Xã Y Sơn',17,178),(3489,'Xã Hương Xạ',17,178),(3490,'Xã Xuân áng',17,178),(3491,'Xã Yên Kỳ',17,178),(3492,'Xã Lang Sơn',17,178),(3493,'Xã Bằng Giã',17,178),(3494,'Xã Vô Tranh',17,178),(3495,'Xã Văn Lang',17,178),(3496,'Xã Chính Công',17,178),(3497,'Xã Vĩnh Chân',17,178),(3498,'Xã Mai Tùng',17,178),(3499,'Xã Vụ Cầu',17,178),(3500,'Xã Hiền Lương',17,178),(3501,'Xã Chuế Lưu',17,178),(3502,'Xã Minh Côi',17,178),(3503,'Xã Yên Luật',17,178),(3504,'Xã Hậu Bổng',17,178),(3505,'Xã Phụ Khánh',17,178),(3506,'Xã Động Lâm',17,178),(3507,'Xã ấm Hạ',17,178),(3508,'Xã Cáo Điền',17,178),(3509,'Xã Minh Hạc',17,178),(3510,'Xã Mạn Lạn',17,179),(3511,'Xã Thanh Xá',17,179),(3512,'Xã Chí Tiên',17,179),(3513,'Xã Hoàng Cương',17,179),(3514,'Xã Sơn Cương',17,179),(3515,'Xã Thanh Hà',17,179),(3516,'Xã Đỗ Sơn',17,179),(3517,'Xã Đỗ Xuyên',17,179),(3518,'Xã Lương Lỗ',17,179),(3519,'Xã Khải Xuân',17,179),(3520,'Xã Đông Lĩnh',17,179),(3521,'Xã Đại An',17,179),(3522,'Xã Hanh Cù',17,179),(3523,'Xã Đồng Xuân',17,179),(3524,'Xã Năng Yên',17,179),(3525,'Xã Yển Khê',17,179),(3526,'Xã Quảng Nạp',17,179),(3527,'Xã Vũ Yển',17,179),(3528,'Xã Võ Lao',17,179),(3529,'Xã Đông Thành',17,179),(3530,'Xã Thanh Vân',17,179),(3531,'Xã Yên Nội',17,179),(3532,'Thị trấn Thanh Ba',17,179),(3533,'Xã Thái Ninh',17,179),(3534,'Xã Ninh Dân',17,179),(3535,'Xã Phương Lĩnh',17,179),(3536,'Xã Vân Lĩnh',17,179),(3537,'Xã Phú Mỹ',17,180),(3538,'Xã Liên Hoa',17,180),(3539,'Xã Trạm Thản',17,180),(3540,'Xã Tiên Phú',17,180),(3541,'Xã Hạ Giáp',17,180),(3542,'Xã Bảo Thanh',17,180),(3543,'Xã Gia Thanh',17,180),(3544,'Xã Tiên Du',17,180),(3545,'Xã Bình Bộ',17,180),(3546,'Xã An Đạo',17,180),(3547,'Xã Vĩnh Phú',17,180),(3548,'Xã Trị Quận',17,180),(3549,'Xã Tử Đà',17,180),(3550,'Thị trấn Phong Châu',17,180),(3551,'Xã Trung Giáp',17,180),(3552,'Xã Phú Lộc',17,180),(3553,'Xã Phú Nham',17,180),(3554,'Xã Phù Ninh',17,180),(3555,'Xã Lệ Mỹ',17,180),(3556,'Xã Tuy Lộc',17,181),(3557,'Xã Ngô Xá',17,181),(3558,'Xã Phương Xá',17,181),(3559,'Xã Đồng Cam',17,181),(3560,'Xã Thụy Liễu',17,181),(3561,'Xã Phùng Xá',17,181),(3562,'Xã Sai Nga',17,181),(3563,'Xã Tùng Khê',17,181),(3564,'Xã Văn Bán',17,181),(3565,'Xã Thanh Nga',17,181),(3566,'Xã Phú Khê',17,181),(3567,'Xã Sơn Tình',17,181),(3568,'Xã Yên Tập',17,181),(3569,'Xã Tạ Xá',17,181),(3570,'Xã Phú Lạc',17,181),(3571,'Xã Tình Cương',17,181),(3572,'Xã Văn Khúc',17,181),(3573,'Xã Yên Dưỡng',17,181),(3574,'Xã Điêu Lương',17,181),(3575,'Xã Đồng Lương',17,181),(3576,'Xã Tiên Lương',17,181),(3577,'Xã Cấp Dẫn',17,181),(3578,'Xã Hiền Đa',17,181),(3579,'Thị trấn Sông Thao',17,181),(3580,'Xã Phượng Vĩ',17,181),(3581,'Xã Sơn Nga',17,181),(3582,'Xã Tam Sơn',17,181),(3583,'Xã Xương Thịnh',17,181),(3584,'Xã Hương Lung',17,181),(3585,'Xã Chương Xá',17,181),(3586,'Xã Cát Trù',17,181),(3587,'Xã Mỹ Lung',17,182),(3588,'Xã Mỹ Lương',17,182),(3589,'Xã Lương Sơn',17,182),(3590,'Xã Xuân An',17,182),(3591,'Xã Trung Sơn',17,182),(3592,'Xã Hưng Long',17,182),(3593,'Xã Đồng Lạc',17,182),(3594,'Xã Thượng Long',17,182),(3595,'Xã Đồng Thịnh',17,182),(3596,'Xã Minh Hòa',17,182),(3597,'Xã Ngọc Lập',17,182),(3598,'Xã Ngọc Đồng',17,182),(3599,'Xã Xuân Thủy',17,182),(3600,'Thị trấn Yên Lập',17,182),(3601,'Xã Xuân Viên',17,182),(3602,'Xã Nga Hoàng',17,182),(3603,'Xã Phúc Khánh',17,182),(3604,'Thị trấn Hưng Hoá',17,183),(3605,'Xã Hiền Quan',17,183),(3606,'Xã Hương Nha',17,183),(3607,'Xã Thanh Uyên',17,183),(3608,'Xã Văn Lương',17,183),(3609,'Xã Hùng Đô',17,183),(3610,'Xã Tam Cường',17,183),(3611,'Xã Cổ Tiết',17,183),(3612,'Xã Quang Húc',17,183),(3613,'Xã Hương Nộn',17,183),(3614,'Xã Thọ Văn',17,183),(3615,'Xã Dậu Dương',17,183),(3616,'Xã Thượng Nông',17,183),(3617,'Xã Tứ Mỹ',17,183),(3618,'Xã Dị Nậu',17,183),(3619,'Xã Vực Trường',17,183),(3620,'Xã Xuân Quang',17,183),(3621,'Xã Phương Thịnh',17,183),(3622,'Xã Tề Lễ',17,183),(3623,'Xã Hồng Đà',17,183),(3624,'Thị trấn Thanh Sơn',17,184),(3625,'Xã Sơn Hùng',17,184),(3626,'Xã Địch Quả',17,184),(3627,'Xã Giáp Lai',17,184),(3628,'Xã Thục Luyện',17,184),(3629,'Xã Võ Miếu',17,184),(3630,'Xã Tất Thắng',17,184),(3631,'Xã Cự Đồng',17,184),(3632,'Xã Hương Cần',17,184),(3633,'Xã Đông Cửu',17,184),(3634,'Xã Tân Lập',17,184),(3635,'Xã Yên Lãng',17,184),(3636,'Xã Thượng Cửu',17,184),(3637,'Xã Lương Nha',17,184),(3638,'Xã Yên Sơn',17,184),(3639,'Xã Tân Minh',17,184),(3640,'Xã Thạch Khoán',17,184),(3641,'Xã Cự Thắng',17,184),(3642,'Xã Văn Miếu',17,184),(3643,'Xã Thắng Sơn',17,184),(3644,'Xã Khả Cửu',17,184),(3645,'Xã Yên Lương',17,184),(3646,'Xã Tinh Nhuệ',17,184),(3647,'Xã Tân Sơn',17,185),(3648,'Xã Xuân Đài',17,185),(3649,'Xã Văn Luông',17,185),(3650,'Xã Xuân Sơn',17,185),(3651,'Xã Long Cốc',17,185),(3652,'Xã Kim Thượng',17,185),(3653,'Xã Tam Thanh',17,185),(3654,'Xã Vinh Tiền',17,185),(3655,'Xã Đồng Sơn',17,185),(3656,'Xã Minh Đài',17,185),(3657,'Xã Tân Phú',17,185),(3658,'Xã Thu Cúc',17,185),(3659,'Xã Thạch Kiệt',17,185),(3660,'Xã Thu Ngạc',17,185),(3661,'Xã Kiệt Sơn',17,185),(3662,'Xã Lai Đồng',17,185),(3663,'Xã Mỹ Thuận',17,185),(3664,'Xã Bản Nguyên',17,186),(3665,'Xã Tứ Xã',17,186),(3666,'Thị trấn Lâm Thao',17,186),(3667,'Thị trấn Hùng Sơn',17,186),(3668,'Xã Xuân Lũng',17,186),(3669,'Xã Sơn Vi',17,186),(3670,'Xã Sơn Dương',17,186),(3671,'Xã Cao Xá',17,186),(3672,'Xã Vĩnh Lại',17,186),(3673,'Xã Thạch Sơn',17,186),(3674,'Xã Tiên Kiên',17,186),(3675,'Xã Xuân Huy',17,186),(3676,'Xã Hợp Hải',17,186),(3677,'Xã Kinh Kệ',17,186),(3678,'Xã Đào Xá',17,187),(3679,'Xã Xuân Lộc',17,187),(3680,'Xã La Phù',17,187),(3681,'Xã Sơn Thủy',17,187),(3682,'Xã Bảo Yên',17,187),(3683,'Xã Đồng Luận',17,187),(3684,'Xã Hoàng Xá',17,187),(3685,'Xã Trung Thịnh',17,187),(3686,'Xã Phượng Mao',17,187),(3687,'Xã Tu Vũ',17,187),(3688,'Xã Thạch Đồng',17,187),(3689,'Xã Yến Mao',17,187),(3690,'Xã Tân Phương',17,187),(3691,'Xã Đoan Hạ',17,187),(3692,'Xã Trung Nghĩa',17,187),(3693,'Phường Hội Hợp',18,188),(3694,'Phường Đống Đa',18,188),(3695,'Phường Ngô Quyền',18,188),(3696,'Xã Định Trung',18,188),(3697,'Phường Khai Quang',18,188),(3698,'Xã Thanh Trù',18,188),(3699,'Phường Tích Sơn',18,188),(3700,'Phường Liên Bảo',18,188),(3701,'Phường Đồng Tâm',18,188),(3702,'Phường Hùng Vương',18,189),(3703,'Phường Trưng Nhị',18,189),(3704,'Phường Xuân Hoà',18,189),(3705,'Xã Cao Minh',18,189),(3706,'Xã Nam Viêm',18,189),(3707,'Xã Tiền Châu',18,189),(3708,'Phường Phúc Thắng',18,189),(3709,'Phường Trưng Trắc',18,189),(3710,'Xã Ngọc Thanh',18,189),(3711,'Phường Đồng Xuân',18,189),(3712,'Xã Đình Chu',18,190),(3713,'Xã Triệu Đề',18,190),(3714,'Xã Sơn Đông',18,190),(3715,'Xã Văn Quán',18,190),(3716,'Xã Quang Sơn',18,190),(3717,'Xã Ngọc Mỹ',18,190),(3718,'Xã Hợp Lý',18,190),(3719,'Xã Liễn Sơn',18,190),(3720,'Xã Xuân Hòa',18,190),(3721,'Xã Tử Du',18,190),(3722,'Xã Bản Giản',18,190),(3723,'Xã Xuân Lôi',18,190),(3724,'Xã Đồng ích',18,190),(3725,'Xã Bắc Bình',18,190),(3726,'Thị trấn Lập Thạch',18,190),(3727,'Xã Thái Hòa',18,190),(3728,'Xã Liên Hòa',18,190),(3729,'Xã Tam Sơn',18,190),(3730,'Xã Tiên Lữ',18,190),(3731,'Thị trấn Hoa Sơn',18,190),(3732,'Xã Hợp Châu',18,191),(3733,'Xã Đạo Trù',18,191),(3734,'Xã Bồ Lý',18,191),(3735,'Xã Tam Quan',18,191),(3736,'Xã Hồ Sơn',18,191),(3737,'Xã Minh Quang',18,191),(3738,'Xã Yên Dương',18,191),(3739,'Thị trấn Tam Đảo',18,191),(3740,'Xã Đại Đình',18,191),(3741,'Thị trấn Hợp Hòa',18,192),(3742,'Xã Hoàng Hoa',18,192),(3743,'Xã Kim Long',18,192),(3744,'Xã Hướng Đạo',18,192),(3745,'Xã Thanh Vân',18,192),(3746,'Xã Duy Phiên',18,192),(3747,'Xã Hoàng Lâu',18,192),(3748,'Xã Vân Hội',18,192),(3749,'Xã Hợp Thịnh',18,192),(3750,'Xã Đạo Tú',18,192),(3751,'Xã Đồng Tĩnh',18,192),(3752,'Xã An Hòa',18,192),(3753,'Xã Hoàng Đan',18,192),(3754,'Thị trấn Vĩnh Tường',18,193),(3755,'Xã Yên Bình',18,193),(3756,'Xã Chấn Hưng',18,193),(3757,'Xã Yên Lập',18,193),(3758,'Xã Việt Xuân',18,193),(3759,'Xã Bồ Sao',18,193),(3760,'Xã Lũng Hoà',18,193),(3761,'Xã Cao Đại',18,193),(3762,'Xã Vĩnh Sơn',18,193),(3763,'Xã Bình Dương',18,193),(3764,'Xã Tân Cương',18,193),(3765,'Xã Thượng Trưng',18,193),(3766,'Xã Vũ Di',18,193),(3767,'Xã Lý Nhân',18,193),(3768,'Xã Tam Phúc',18,193),(3769,'Xã Tứ Trưng',18,193),(3770,'Xã An Tường',18,193),(3771,'Xã Vĩnh Thịnh',18,193),(3772,'Xã Phú Đa',18,193),(3773,'Xã Tân Tiến',18,193),(3774,'Xã Vân Xuân',18,193),(3775,'Xã Kim Xá',18,193),(3776,'Xã Nghĩa Hưng',18,193),(3777,'Xã Đại Đồng',18,193),(3778,'Thị trấn Thổ Tang',18,193),(3779,'Xã Phú Thịnh',18,193),(3780,'Xã Tuân Chính',18,193),(3781,'Xã Ngũ Kiên',18,193),(3782,'Xã Vĩnh Ninh',18,193),(3783,'Xã Đồng Cương',18,194),(3784,'Xã Bình Định',18,194),(3785,'Xã Trung Nguyên',18,194),(3786,'Xã Tề Lỗ',18,194),(3787,'Xã Yên Đồng',18,194),(3788,'Xã Văn Tiến',18,194),(3789,'Xã Nguyệt Đức',18,194),(3790,'Xã Hồng Phương',18,194),(3791,'Xã Trung Kiên',18,194),(3792,'Xã Hồng Châu',18,194),(3793,'Xã Trung Hà',18,194),(3794,'Thị trấn Yên Lạc',18,194),(3795,'Xã Liên Châu',18,194),(3796,'Xã Đồng Văn',18,194),(3797,'Xã Tam Hồng',18,194),(3798,'Xã Yên Phương',18,194),(3799,'Xã Đại Tự',18,194),(3800,'Xã Trung Mỹ',18,195),(3801,'TT Gia Khánh',18,195),(3802,'Xã Bá Hiến',18,195),(3803,'Xã Tam Hợp',18,195),(3804,'Xã Hương Sơn',18,195),(3805,'Xã Thiện Kế',18,195),(3806,'Xã Đạo Đức',18,195),(3807,'Xã Tân Phong',18,195),(3808,'Xã Quất Lưu',18,195),(3809,'Xã Vũ Xuân',18,195),(3810,'Xã Sơn Lôi',18,195),(3811,'Thị trấn Thanh Lãng',18,195),(3812,'Thị trấn Hương Canh',18,195),(3813,'Xã Đồng Thịnh',18,196),(3814,'Xã Tứ Yên',18,196),(3815,'Xã Cao Phong',18,196),(3816,'Xã Lãng Công',18,196),(3817,'Xã Bạch Lưu',18,196),(3818,'Xã Hải Lựu',18,196),(3819,'Xã Nhân Đạo',18,196),(3820,'Xã Đôn Nhân',18,196),(3821,'Xã Phương Khoan',18,196),(3822,'Xã Nhạo Sơn',18,196),(3823,'Xã Như Thụy',18,196),(3824,'Xã Đức Bác',18,196),(3825,'Xã Quang Yên',18,196),(3826,'Xã Đồng Quế',18,196),(3827,'Thị trấn Tam Sơn',18,196),(3828,'Xã Yên Thạch',18,196),(3829,'Xã Tân Lập',18,196),(3830,'Phường Lê Lợi',19,197),(3831,'Xã Xương Giang',19,197),(3832,'Xã Đa Mai',19,197),(3833,'Xã Dĩnh Kế',19,197),(3834,'Phường Mỹ Độ',19,197),(3835,'Phường Thọ Xương',19,197),(3836,'Phường Trần Nguyên Hãn',19,197),(3837,'Phường Hoàng Văn Thụ',19,197),(3838,'Phường Trần Phú',19,197),(3839,'Xã Song Mai',19,197),(3840,'Phường Ngô Quyền',19,197),(3841,'Thị trấn Cầu Gồ',19,198),(3842,'Thị trấn Bố Hạ',19,198),(3843,'Thị trấn NT Yên Thế',19,198),(3844,'Xã Canh Nậu',19,198),(3845,'Xã Xuân Lương',19,198),(3846,'Xã Đồng Hưu',19,198),(3847,'Xã Tam Hiệp',19,198),(3848,'Xã Tiến Thắng',19,198),(3849,'Xã Hồng Kỳ',19,198),(3850,'Xã Đông Sơn',19,198),(3851,'Xã Tân Hiệp',19,198),(3852,'Xã Đồng Kỳ',19,198),(3853,'Xã An Thượng',19,198),(3854,'Xã Bố Hạ',19,198),(3855,'Xã Tam Tiến',19,198),(3856,'Xã Phồn Xương',19,198),(3857,'Xã Đồng Tiến',19,198),(3858,'Xã Đồng Vương',19,198),(3859,'Xã Đồng Lạc',19,198),(3860,'Xã Hương Vĩ',19,198),(3861,'Xã Tân Sỏi',19,198),(3862,'Thị trấn Cao Thượng',19,199),(3863,'Thị trấn Nhã Nam',19,199),(3864,'Xã Nhã Nam',19,199),(3865,'Xã Tân Trung',19,199),(3866,'Xã Đại Hóa',19,199),(3867,'Xã Phúc Sơn',19,199),(3868,'Xã An Dương',19,199),(3869,'Xã Hợp Đức',19,199),(3870,'Xã Lam Cốt',19,199),(3871,'Xã Cao Xá',19,199),(3872,'Xã Việt Ngọc',19,199),(3873,'Xã Song Vân',19,199),(3874,'Xã Ngọc Châu',19,199),(3875,'Xã Việt Lập',19,199),(3876,'Xã Liên Chung',19,199),(3877,'Xã Quế Nham',19,199),(3878,'Xã Phúc Hòa',19,199),(3879,'Xã Ngọc Thiện',19,199),(3880,'Xã Lan Giới',19,199),(3881,'Xã Quang Tiến',19,199),(3882,'Xã Liên Sơn',19,199),(3883,'Xã Cao Thượng',19,199),(3884,'Xã Ngọc Vân',19,199),(3885,'Xã Ngọc Lý',19,199),(3886,'Xã Hồng Giang',19,200),(3887,'Xã Tân Hoa',19,200),(3888,'Xã Giáp Sơn',19,200),(3889,'Xã Biển Động',19,200),(3890,'Xã Quý Sơn',19,200),(3891,'Xã Trù Hựu',19,200),(3892,'Xã Phì Điền',19,200),(3893,'Xã Nghĩa Hồ',19,200),(3894,'Xã Tân Lập',19,200),(3895,'Xã Phú Nhuận',19,200),(3896,'Xã Nam Dương',19,200),(3897,'Xã Tân Mộc',19,200),(3898,'Xã Đèo Gia',19,200),(3899,'Xã Kiên Thành',19,200),(3900,'Thị trấn Chũ',19,200),(3901,'Xã Tân Sơn',19,200),(3902,'Xã Phong Minh',19,200),(3903,'Xã Hộ Đáp',19,200),(3904,'Xã Sơn Hải',19,200),(3905,'Xã Kiên Lao',19,200),(3906,'Xã Biên Sơn',19,200),(3907,'Xã Kim Sơn',19,200),(3908,'Xã Đồng Cốc',19,200),(3909,'Xã Xa Lý',19,200),(3910,'Xã Tân Quang',19,200),(3911,'Xã Mỹ An',19,200),(3912,'Xã Phượng Sơn',19,200),(3913,'Xã Cấm Sơn',19,200),(3914,'Xã Phong Vân',19,200),(3915,'Xã Thanh Hải',19,200),(3916,'Xã Đồng Tân',19,201),(3917,'Xã Thanh Vân',19,201),(3918,'Xã Hoàng Lương',19,201),(3919,'Xã Hoàng Thanh',19,201),(3920,'Xã Hoàng An',19,201),(3921,'Xã Ngọc Sơn',19,201),(3922,'Xã Đức Thắng',19,201),(3923,'Xã Quang Minh',19,201),(3924,'Xã Hùng Sơn',19,201),(3925,'Xã Đại Thành',19,201),(3926,'Xã Thường Thắng',19,201),(3927,'Xã Danh Thắng',19,201),(3928,'Xã Mai Trung',19,201),(3929,'Xã Xuân Cẩm',19,201),(3930,'Xã Hương Lâm',19,201),(3931,'Xã Đông Lỗ',19,201),(3932,'Xã Mai Đình',19,201),(3933,'Xã Hòa Sơn',19,201),(3934,'Xã Đoan Bái',19,201),(3935,'Thị trấn Thắng',19,201),(3936,'Xã Hoàng Vân',19,201),(3937,'Xã Thái Sơn',19,201),(3938,'Xã Lương Phong',19,201),(3939,'Xã Hợp Thịnh',19,201),(3940,'Xã Bắc Lý',19,201),(3941,'Xã Châu Minh',19,201),(3942,'Thị trấn Kép',19,202),(3943,'Thị trấn NT Bố Hạ',19,202),(3944,'Xã Nghĩa Hòa',19,202),(3945,'Xã Nghĩa Hưng',19,202),(3946,'Xã Quang Thịnh',19,202),(3947,'Xã Đào Mỹ',19,202),(3948,'Xã Tiên Lục',19,202),(3949,'Xã Mỹ Hà',19,202),(3950,'Xã Hương Lạc',19,202),(3951,'Xã Dương Đức',19,202),(3952,'Xã Yên Mỹ',19,202),(3953,'Xã Tân Hưng',19,202),(3954,'Xã Mỹ Thái',19,202),(3955,'Xã Xương Lâm',19,202),(3956,'Xã Đại Lâm',19,202),(3957,'Xã Thái Đào',19,202),(3958,'Xã Dĩnh Trì',19,202),(3959,'Xã An Hà',19,202),(3960,'Xã Xuân Hương',19,202),(3961,'Thị trấn Vôi',19,202),(3962,'Xã Hương Sơn',19,202),(3963,'Xã Tân Thịnh',19,202),(3964,'Xã Tân Thanh',19,202),(3965,'Xã Phi Mô',19,202),(3966,'Xã Tân Dĩnh',19,202),(3967,'Thị trấn An Châu',19,203),(3968,'Xã Thạch Sơn',19,203),(3969,'Xã Vân Sơn',19,203),(3970,'Xã Phúc Thắng',19,203),(3971,'Xã Chiên Sơn',19,203),(3972,'Xã Vĩnh Khương',19,203),(3973,'Xã Cẩm Đàn',19,203),(3974,'Xã An Lạc',19,203),(3975,'Xã Yên Định',19,203),(3976,'Xã Lệ Viễn',19,203),(3977,'Xã An Bá',19,203),(3978,'Xã Dương Hưu',19,203),(3979,'Xã Long Sơn',19,203),(3980,'Thị Trấn Thanh Sơn',19,203),(3981,'Xã Thanh Luận',19,203),(3982,'Xã Quế Sơn',19,203),(3983,'Xã Tuấn Đạo',19,203),(3984,'Xã Hữu Sản',19,203),(3985,'Xã Giáo Liêm',19,203),(3986,'Xã An Lập',19,203),(3987,'Xã An Châu',19,203),(3988,'Xã Bồng Am',19,203),(3989,'Xã Tuấn Mậu',19,203),(3990,'Thị trấn Lục Nam',19,204),(3991,'Xã Đông Hưng',19,204),(3992,'Xã Đông Phú',19,204),(3993,'Xã Tam Dị',19,204),(3994,'Xã Bảo Đài',19,204),(3995,'Xã Trường Giang',19,204),(3996,'Xã Tiên Hưng',19,204),(3997,'Xã Phương Sơn',19,204),(3998,'Xã Cương Sơn',19,204),(3999,'Xã Nghĩa Phương',19,204),(4000,'Xã Vô Tranh',19,204),(4001,'Xã Lan Mẫu',19,204),(4002,'Xã Yên Sơn',19,204),(4003,'Xã Trường Sơn',19,204),(4004,'Xã Lục Sơn',19,204),(4005,'Xã Bắc Lũng',19,204),(4006,'Xã Cẩm Lý',19,204),(4007,'Xã Đan Hội',19,204),(4008,'Xã Thanh Lâm',19,204),(4009,'Xã Khám Lạng',19,204),(4010,'Thị trấn Đồi Ngô',19,204),(4011,'Xã Bảo Sơn',19,204),(4012,'Xã Tiên Nha',19,204),(4013,'Xã Chu Điện',19,204),(4014,'Xã Bình Sơn',19,204),(4015,'Xã Huyền Sơn',19,204),(4016,'Xã Vũ Xá',19,204),(4017,'Thị trấn Bích Động',19,205),(4018,'Thị trấn Nếnh',19,205),(4019,'Xã Thượng Lan',19,205),(4020,'Xã Nghĩa Trung',19,205),(4021,'Xã Hương Mai',19,205),(4022,'Xã Bích Sơn',19,205),(4023,'Xã Trung Sơn',19,205),(4024,'Xã Hồng Thái',19,205),(4025,'Xã Tăng Tiến',19,205),(4026,'Xã Quảng Minh',19,205),(4027,'Xã Ninh Sơn',19,205),(4028,'Xã Vân Trung',19,205),(4029,'Xã Quang Châu',19,205),(4030,'Xã Minh Đức',19,205),(4031,'Xã Vân Hà',19,205),(4032,'Xã Việt Tiến',19,205),(4033,'Xã Tự Lạn',19,205),(4034,'Xã Tiên Sơn',19,205),(4035,'Xã Hoàng Ninh',19,205),(4036,'Xã Lão Hộ',19,206),(4037,'Xã Tân Mỹ',19,206),(4038,'Xã Hương Gián',19,206),(4039,'Xã Tân Tiến',19,206),(4040,'Xã Quỳnh Sơn',19,206),(4041,'Xã Nội Hoàng',19,206),(4042,'Xã Tiền Phong',19,206),(4043,'Xã Tân Liễu',19,206),(4044,'Xã Trí Yên',19,206),(4045,'Xã Lãng Sơn',19,206),(4046,'Xã Tiến Dũng',19,206),(4047,'Xã Đức Giang',19,206),(4048,'Xã Tư Mại',19,206),(4049,'Xã Thắng Cương',19,206),(4050,'Xã Đồng Việt',19,206),(4051,'Xã Đồng Sơn',19,206),(4052,'Xã Nham Sơn',19,206),(4053,'Thị trấn Neo',19,206),(4054,'Xã Tân An',19,206),(4055,'Xã Song Khê',19,206),(4056,'Xã Xuân Phú',19,206),(4057,'Xã Yên Lư',19,206),(4058,'Xã Cảnh Thụy',19,206),(4059,'Xã Đồng Phúc',19,206),(4060,'Thị Trấn Tân Dân',19,206),(4061,'Phường Vũ Ninh',20,207),(4062,'Phường Đáp Cầu',20,207),(4063,'Phường Kinh Bắc',20,207),(4064,'Phường Vệ An',20,207),(4065,'Phường Tiền An',20,207),(4066,'Phường Đại Phúc',20,207),(4067,'Phường Ninh Xá',20,207),(4068,'Phường Suối Hoa',20,207),(4069,'Phường Thị Cầu',20,207),(4070,'Phường Võ Cường',20,207),(4071,'Xã Phong Khê',20,207),(4072,'Xã Hòa Long',20,207),(4073,'Xã Vạn An',20,207),(4074,'Xã Khúc Xuyên',20,207),(4075,'Xã Kim Chân',20,207),(4076,'Xã Vân Dương',20,207),(4077,'Xã Nam Sơn',20,207),(4078,'Xã Khắc Niệm',20,207),(4079,'Xã Hạp Lĩnh',20,207),(4080,'Thị trấn Chờ',20,208),(4081,'Xã Dũng Liệt',20,208),(4082,'Xã Tam Đa',20,208),(4083,'Xã Yên Trung',20,208),(4084,'Xã Thụy Hòa',20,208),(4085,'Xã Đông Tiến',20,208),(4086,'Xã Yên Phụ',20,208),(4087,'Xã Trung Nghĩa',20,208),(4088,'Xã Đông Phong',20,208),(4089,'Xã Long Châu',20,208),(4090,'Xã Văn Môn',20,208),(4091,'Xã Đông Thọ',20,208),(4092,'Xã Hòa Tiến',20,208),(4093,'Xã Tam Giang',20,208),(4094,'Xã Đại Xuân',20,209),(4095,'Xã Nhân Hòa',20,209),(4096,'Xã Phương Liễu',20,209),(4097,'Xã Quế Tân',20,209),(4098,'Xã Phù Lãng',20,209),(4099,'Xã Phượng Mao',20,209),(4100,'Xã Ngọc Xá',20,209),(4101,'Xã Châu Phong',20,209),(4102,'Xã Cách Bi',20,209),(4103,'Xã Đào Viên',20,209),(4104,'Xã Yên Giả',20,209),(4105,'Xã Đức Long',20,209),(4106,'Xã Chi Lăng',20,209),(4107,'Xã Hán Quảng',20,209),(4108,'Xã Việt Thống',20,209),(4109,'Xã Việt Hùng',20,209),(4110,'Thị trấn Phố Mới',20,209),(4111,'Xã Bằng An',20,209),(4112,'Xã Phù Lương',20,209),(4113,'Xã Bồng Lai',20,209),(4114,'Xã Mộ Đạo',20,209),(4115,'Xã Nội Duệ',20,210),(4116,'Xã Liên Bão',20,210),(4117,'Xã Hiên Vân',20,210),(4118,'Xã Hoàn Sơn',20,210),(4119,'Xã Việt Đoàn',20,210),(4120,'Xã Phật Tích',20,210),(4121,'Xã Đại Đồng',20,210),(4122,'Xã Minh Đạo',20,210),(4123,'Xã Phú Lâm',20,210),(4124,'Xã Tri Phương',20,210),(4125,'Thị trấn Lim',20,210),(4126,'Xã Lạc Vệ',20,210),(4127,'Xã Tân Chi',20,210),(4128,'Xã Cảnh Hưng',20,210),(4129,'Xã Hoài Thượng',20,211),(4130,'Xã Đại Đồng Thành',20,211),(4131,'Xã Mão Điền',20,211),(4132,'Xã Đình Tổ',20,211),(4133,'Xã An Bình',20,211),(4134,'Xã Trí Quả',20,211),(4135,'Xã Thanh Khương',20,211),(4136,'Xã Xuân Lâm',20,211),(4137,'Xã Ngũ Thái',20,211),(4138,'Xã Nguyệt Đức',20,211),(4139,'Xã Nghĩa Đạo',20,211),(4140,'Xã Song Liễu',20,211),(4141,'Xã Trạm Lộ',20,211),(4142,'Thị trấn Hồ',20,211),(4143,'Xã Song Hồ',20,211),(4144,'Xã Gia Đông',20,211),(4145,'Xã Hà Mãn',20,211),(4146,'Xã Ninh Xá',20,211),(4147,'Xã Trung Kênh',20,212),(4148,'Xã Phú Hòa',20,212),(4149,'Xã Mỹ Hương',20,212),(4150,'Xã Tân Lãng',20,212),(4151,'Xã Quảng Phú',20,212),(4152,'Xã Trừng Xá',20,212),(4153,'Xã Lai Hạ',20,212),(4154,'Xã Trung Chính',20,212),(4155,'Xã Minh Tân',20,212),(4156,'Xã Phú Lương',20,212),(4157,'Xã An Thịnh',20,212),(4158,'Thị trấn Thứa',20,212),(4159,'Xã Lâm Thao',20,212),(4160,'Xã Bình Định',20,212),(4161,'Phường Đông Ngàn',20,213),(4162,'Xã Tam Sơn',20,213),(4163,'Xã Hương Mạc',20,213),(4164,'Xã Phù Khê',20,213),(4165,'Phường Đồng Kỵ',20,213),(4166,'Phường Đồng Nguyên',20,213),(4167,'Phường Tân Hồng',20,213),(4168,'Xã Phù Chẩn',20,213),(4169,'Phường Đình Bảng',20,213),(4170,'Xã Tương Giang',20,213),(4171,'Phường Châu Khê',20,213),(4172,'Phường Trang Hạ',20,213),(4173,'Thị trấn Gia Bình',20,214),(4174,'Xã Thái Bảo',20,214),(4175,'Xã Giang Sơn',20,214),(4176,'Xã Song Giang',20,214),(4177,'Xã Bình Dương',20,214),(4178,'Xã Lãng Ngâm',20,214),(4179,'Xã Xuân Lai',20,214),(4180,'Xã Đông Cứu',20,214),(4181,'Xã Đại Bái',20,214),(4182,'Xã Cao Đức',20,214),(4183,'Xã Vạn Ninh',20,214),(4184,'Xã Đại Lai',20,214),(4185,'Xã Nhân Thắng',20,214),(4186,'Xã Quỳnh Phú',20,214),(4187,'Phường Hà Khánh',21,215),(4188,'Phường Hà Khẩu',21,215),(4189,'Phường Giếng Đáy',21,215),(4190,'Phường Hà Tu',21,215),(4191,'Phường Hà Trung',21,215),(4192,'Phường Bãi Cháy',21,215),(4193,'Phường Cao Thắng',21,215),(4194,'Phường Hùng Thắng',21,215),(4195,'Phường Trần Hưng Đạo',21,215),(4196,'Phường Hồng Hải',21,215),(4197,'Phường Bạch Đằng',21,215),(4198,'Phường Tuần Châu',21,215),(4199,'Xã Việt Hưng',21,215),(4200,'Xã Đại Yên',21,215),(4201,'Phường Hà Phong',21,215),(4202,'Phường Hòn Gai',21,215),(4203,'Phường Cao Xanh',21,215),(4204,'Phường Hà Lầm',21,215),(4205,'Phường Yết Kiêu',21,215),(4206,'Phường Hồng Hà',21,215),(4207,'Phường Mông Dương',21,216),(4208,'Phường Cửa ông',21,216),(4209,'Phường Cẩm Phú',21,216),(4210,'Phường Cẩm Tây',21,216),(4211,'Phường Quang Hanh',21,216),(4212,'Phường Cẩm Thủy',21,216),(4213,'Phường Cẩm Thạch',21,216),(4214,'Phường Cẩm Thành',21,216),(4215,'Phường Cẩm Trung',21,216),(4216,'Xã Cộng Hòa',21,216),(4217,'Xã Dương Huy',21,216),(4218,'Phường Cẩm Sơn',21,216),(4219,'Xã Cẩm Hải',21,216),(4220,'Phường Cẩm Đông',21,216),(4221,'Phường Cẩm Thịnh',21,216),(4222,'Phường Cẩm Bình',21,216),(4223,'Phường Thanh Sơn',21,217),(4224,'Phường Bắc Sơn',21,217),(4225,'Phường Quang Trung',21,217),(4226,'Phường Trưng Vương',21,217),(4227,'Phường Yên Thanh',21,217),(4228,'Xã Thượng Yên Công',21,217),(4229,'Xã Phương Đông',21,217),(4230,'Xã Điền Công',21,217),(4231,'Phường Vàng Danh',21,217),(4232,'Phường Nam Khê',21,217),(4233,'Xã Phương Nam',21,217),(4234,'Thị trấn Bình Liêu',21,218),(4235,'Xã Hoành Mô',21,218),(4236,'Xã Đồng Tâm',21,218),(4237,'Xã Tình Húc',21,218),(4238,'Xã Lục Hồn',21,218),(4239,'Xã Vô Ngại',21,218),(4240,'Xã Đồng Văn',21,218),(4241,'Xã Húc Động',21,218),(4242,'Phường Trần Phú',21,219),(4243,'Phường Ninh Dương',21,219),(4244,'Phường Hoà Lạc',21,219),(4245,'Xã Hải Sơn',21,219),(4246,'Xã Bắc Sơn',21,219),(4247,'Phường Hải Yên',21,219),(4248,'Xã Quảng Nghĩa',21,219),(4249,'Phường Hải Hoà',21,219),(4250,'Xã Vạn Ninh',21,219),(4251,'Xã Bình Ngọc',21,219),(4252,'Xã Vĩnh Trung',21,219),(4253,'Xã Hải Đông',21,219),(4254,'Phường Ka Long',21,219),(4255,'Phường Trà Cổ',21,219),(4256,'Xã Hải Tiến',21,219),(4257,'Xã Hải Xuân',21,219),(4258,'Xã Vĩnh Thực',21,219),(4259,'Thị trấn Quảng Hà',21,220),(4260,'Xã Quảng Đức',21,220),(4261,'Xã Quảng Sơn',21,220),(4262,'Xã Quảng Thắng',21,220),(4263,'Xã Quảng Thịnh',21,220),(4264,'Xã Quảng Minh',21,220),(4265,'Xã Quảng Long',21,220),(4266,'Xã Đường Hoa',21,220),(4267,'Xã Quảng Phong',21,220),(4268,'Xã Phú Hải',21,220),(4269,'Xã Quảng Điền',21,220),(4270,'Xã Quảng Thành',21,220),(4271,'Xã Tiến Tới',21,220),(4272,'Xã Quảng Chính',21,220),(4273,'Xã Quảng Trung',21,220),(4274,'Xã Cái Chiên',21,220),(4275,'Thị trấn Tiên Yên',21,221),(4276,'Xã Hà Lâu',21,221),(4277,'Xã Đại Dực',21,221),(4278,'Xã Đại Thành',21,221),(4279,'Xã Điền Xá',21,221),(4280,'Xã Đông Ngũ',21,221),(4281,'Xã Hải Lạng',21,221),(4282,'Xã Tiên Lãng',21,221),(4283,'Xã Đồng Rui',21,221),(4284,'Xã Yên Than',21,221),(4285,'Xã Phong Dụ',21,221),(4286,'Xã Đông Hải',21,221),(4287,'Thị trấn Ba Chẽ',21,222),(4288,'Xã Thanh Sơn',21,222),(4289,'Xã Thanh Lâm',21,222),(4290,'Xã Nam Sơn',21,222),(4291,'Xã Lương Mông',21,222),(4292,'Xã Đồn Đạc',21,222),(4293,'Xã Đạp Thanh',21,222),(4294,'Xã Minh Cầm',21,222),(4295,'Thị trấn Cái Rồng',21,223),(4296,'Xã Đài Xuyên',21,223),(4297,'Xã Minh Châu',21,223),(4298,'Xã Đoàn Kết',21,223),(4299,'Xã Hạ Long',21,223),(4300,'Xã Bản Sen',21,223),(4301,'Xã Thắng Lợi',21,223),(4302,'Xã Quan Lạn',21,223),(4303,'Xã Bình Dân',21,223),(4304,'Xã Vạn Yên',21,223),(4305,'Xã Đông Xá',21,223),(4306,'Xã Ngọc Vừng',21,223),(4307,'Thị trấn Trới',21,224),(4308,'Xã Kỳ Thượng',21,224),(4309,'Xã Đồng Lâm',21,224),(4310,'Xã Hòa Bình',21,224),(4311,'Xã Vũ Oai',21,224),(4312,'Xã Quảng La',21,224),(4313,'Xã Bằng Cả',21,224),(4314,'Xã Sơn Dương',21,224),(4315,'Xã Lê Lợi',21,224),(4316,'Xã Đồng Sơn',21,224),(4317,'Xã Tân Dân',21,224),(4318,'Xã Dân Chủ',21,224),(4319,'Xã Thống Nhất',21,224),(4320,'Xã An Sinh',21,225),(4321,'Xã Tràng Lương',21,225),(4322,'Xã Bình Khê',21,225),(4323,'Xã Việt Dân',21,225),(4324,'Xã Bình Dương',21,225),(4325,'Xã Đức Chính',21,225),(4326,'Xã Tràng An',21,225),(4327,'Xã Thủy An',21,225),(4328,'Xã Xuân Sơn',21,225),(4329,'Xã Hoàng Quế',21,225),(4330,'Xã Yên Thọ',21,225),(4331,'Xã Hồng Phong',21,225),(4332,'Xã Kim Sơn',21,225),(4333,'Xã Yên Đức',21,225),(4334,'Thị trấn Mạo Khê',21,225),(4335,'Xã Hồng Thái Tây',21,225),(4336,'Xã Nguyễn Huệ',21,225),(4337,'Xã Hồng Thái Đông',21,225),(4338,'Xã Hưng Đạo',21,225),(4339,'Xã Tân Việt',21,225),(4340,'Thị trấn Đông Triều',21,225),(4341,'Thị trấn Cô Tô',21,226),(4342,'Xã Đồng Tiến',21,226),(4343,'Xã Thanh Lân',21,226),(4344,'Thị trấn Quảng Yên',21,227),(4345,'Xã Đông Mai',21,227),(4346,'Xã Sông Khoai',21,227),(4347,'Xã Hiệp Hòa',21,227),(4348,'Xã Hoàng Tân',21,227),(4349,'Xã Tân An',21,227),(4350,'Xã Yên Giang',21,227),(4351,'Xã Hà An',21,227),(4352,'Xã Cẩm La',21,227),(4353,'Xã Yên Hải',21,227),(4354,'Xã Liên Hòa',21,227),(4355,'Xã Phong Cốc',21,227),(4356,'Xã Tiền Phong',21,227),(4357,'Xã Cộng Hòa',21,227),(4358,'Xã Minh Thành',21,227),(4359,'Xã Tiền An',21,227),(4360,'Xã Nam Hòa',21,227),(4361,'Xã Phong Hải',21,227),(4362,'Xã Liên Vị',21,227),(4363,'Xã Đầm Hà',21,228),(4364,'Xã Đại Bình',21,228),(4365,'Xã Quảng Tân',21,228),(4366,'Xã Quảng Lâm',21,228),(4367,'Xã Quảng An',21,228),(4368,'Xã Tân Bình',21,228),(4369,'Xã Dực Yên',21,228),(4370,'Xã Tân Lập',21,228),(4371,'Thị trấn Đầm Hà',21,228),(4372,'Xã Quảng Lợi',21,228),(4373,'Phường Noong Bua',22,229),(4374,'Phường Him Lam',22,229),(4375,'Phường Thanh Bình',22,229),(4376,'Phường Tân Thanh',22,229),(4377,'Phường Nam Thanh',22,229),(4378,'Phường Thanh Trường',22,229),(4379,'Xã Thanh Minh',22,229),(4380,'Phường Mường Thanh',22,229),(4381,'Xã Tà Lèng',22,229),(4382,'Xã Lay Nưa',22,230),(4383,'Phường Na Lay',22,230),(4384,'Phường Sông Đà',22,230),(4385,'Xã Sín Thầu',22,231),(4386,'Xã Chung Chải',22,231),(4387,'Xã Mường Nhé',22,231),(4388,'Xã Nậm Kè',22,231),(4389,'Xã Quảng Lâm',22,231),(4390,'Xã Pa Tần',22,231),(4391,'Xã Chà Cang',22,231),(4392,'Xã Nà Hỳ',22,231),(4393,'Xã Nà Bủng',22,231),(4394,'Xã Nà Khoa',22,231),(4395,'Xã Mường Toong',22,231),(4396,'Xã Pá Mỳ',22,231),(4397,'Xã Sen Thượng',22,231),(4398,'Xã Na Cô Sa',22,231),(4399,'Xã Nậm Vì',22,231),(4400,'Xã Leng Su Sìn',22,231),(4401,'Thị trấn Mường Chà',22,232),(4402,'Xã Mường Tùng',22,232),(4403,'Xã Hừa Ngài',22,232),(4404,'Xã Pa Ham',22,232),(4405,'Xã Huổi Lèng',22,232),(4406,'Xã Mường Mơn',22,232),(4407,'Xã Xá Tổng',22,232),(4408,'Xã Chà Tở',22,232),(4409,'Xã Chà Nưa',22,232),(4410,'Xã Si Pa Phìn',22,232),(4411,'Thị trấn Tủa Chùa',22,233),(4412,'Xã Huổi Só',22,233),(4413,'Xã Tả Sìn Thàng',22,233),(4414,'Xã Tả Phìn',22,233),(4415,'Xã Trung Thu',22,233),(4416,'Xã Sính Phình',22,233),(4417,'Xã Sáng Nhè',22,233),(4418,'Xã Mường Báng',22,233),(4419,'Xã Lao Xả Phình',22,233),(4420,'Xã Xín Chải',22,233),(4421,'Xã Tủa Thàng',22,233),(4422,'Xã Mường Đun',22,233),(4423,'Thị trấn Tuần Giáo',22,234),(4424,'Xã Mùn Chung',22,234),(4425,'Xã Mường Mùn',22,234),(4426,'Xã Quài Nưa',22,234),(4427,'Xã Mường Thín',22,234),(4428,'Xã Tỏa Tình',22,234),(4429,'Xã Quài Cang',22,234),(4430,'Xã Chiềng Sinh',22,234),(4431,'Xã Tênh Phông',22,234),(4432,'Xã Ta Ma',22,234),(4433,'Xã Phình Sáng',22,234),(4434,'Xã Pú Nhung',22,234),(4435,'Xã Nà Sáy',22,234),(4436,'Xã Quài Tở',22,234),(4437,'Xã Nà Nhạn',22,235),(4438,'Xã Mường Pồn',22,235),(4439,'Xã Thanh Nưa',22,235),(4440,'Xã Mường Phăng',22,235),(4441,'Xã Thanh Xương',22,235),(4442,'Xã Thanh Chăn',22,235),(4443,'Xã Thanh An',22,235),(4444,'Xã Thanh Yên',22,235),(4445,'Xã Noong Luống',22,235),(4446,'Xã Sam Mứn',22,235),(4447,'Xã Núa Ngam',22,235),(4448,'Xã Na ư',22,235),(4449,'Xã Thanh Hưng',22,235),(4450,'Xã Mường Lói',22,235),(4451,'Xã Nà Tấu',22,235),(4452,'Xã Thanh Luông',22,235),(4453,'Xã Pa Thơm',22,235),(4454,'Xã Noong Hẹt',22,235),(4455,'Xã Mường Nhà',22,235),(4456,'Thị trấn Điện Biên Đông',22,236),(4457,'Xã Na Son',22,236),(4458,'Xã Phì Nhừ',22,236),(4459,'Xã Chiềng Sơ',22,236),(4460,'Xã Mường Luân',22,236),(4461,'Xã Pú Nhi',22,236),(4462,'Xã Luân Giói',22,236),(4463,'Xã Phình Giàng',22,236),(4464,'Xó Pú Hồng',22,236),(4465,'Xó Tìa Dình',22,236),(4466,'Xã Háng Lìa',22,236),(4467,'Xã Xa Dung',22,236),(4468,'Xã Keo Lôm',22,236),(4469,'Thị Trấn Mường ảng',22,237),(4470,'Xã ảng cang',22,237),(4471,'Xã ảng nưa',22,237),(4472,'Xã ảng tở',22,237),(4473,'Xã Ngối Cáy',22,237),(4474,'Xã Mường Đăng',22,237),(4475,'Xã Búng Lao',22,237),(4476,'Xã Xuân Lao',22,237),(4477,'Xã Nậm Lịch',22,237),(4478,'Xã Mường Lạn',22,237),(4479,'Xã Thu Lũm',23,238),(4480,'Xã Pa ủ',23,238),(4481,'Xã Mường Tè',23,238),(4482,'Xã Pa Vệ Sử',23,238),(4483,'Xã Bun Tở',23,238),(4484,'Xã Nậm Khao',23,238),(4485,'Xã Tà Tổng',23,238),(4486,'Xã Bun Nưa',23,238),(4487,'Xã Kan Hồ',23,238),(4488,'Thị trấn Mường Tè',23,238),(4489,'Xã Nậm Hàng',23,238),(4490,'Xã Ka Lăng',23,238),(4491,'Xã Mù Cả',23,238),(4492,'Xã Hua Bun',23,238),(4493,'Xã Mường Mô',23,238),(4494,'Xã Nậm Manh',23,238),(4495,'Phường Tân Phong',23,239),(4496,'Phường Quyết Thắng',23,239),(4497,'Phường Đoàn Kết',23,239),(4498,'Xã Nậm Loong',23,239),(4499,'Xã San Thàng',23,239),(4500,'Thị Trấn Phong Thổ',23,240),(4501,'Xã Sì Lờ Lầu',23,240),(4502,'Xã Mồ Sì San',23,240),(4503,'Xã Ma Li Chải',23,240),(4504,'Xã Pa Vây Sử',23,240),(4505,'Xã Vàng Ma Chải',23,240),(4506,'Xã Mù Sang',23,240),(4507,'Xã Dào San',23,240),(4508,'Xã Ma Ly Pho',23,240),(4509,'Xã Bản Lang',23,240),(4510,'Xã Khổng Lào',23,240),(4511,'Xã Nậm Xe',23,240),(4512,'Xã Mường So',23,240),(4513,'Xã Tông Qua Lìn',23,240),(4514,'Xã Hoang Thèn',23,240),(4515,'Xã Sin Suối Hồ',23,240),(4516,'Xã Huổi Luông',23,240),(4517,'Xã Lản Nhì Thảng',23,240),(4518,'Xã Giang Ma',23,241),(4519,'Xã Thèn Sin',23,241),(4520,'Xã Sùng Phài',23,241),(4521,'Xã Tả Lèng',23,241),(4522,'Xã Hồ Thầu',23,241),(4523,'Xã Bình Lư',23,241),(4524,'Xã Bản Giang',23,241),(4525,'Xã Bản Hon',23,241),(4526,'Xã Bản Bo',23,241),(4527,'Xã Khun Há',23,241),(4528,'Thị trấn Tam Đường',23,241),(4529,'Xã Nùng Nàng',23,241),(4530,'Xã Nà Tăm',23,241),(4531,'Xã Sơn Bình',23,241),(4532,'Thị trấn Sìn Hồ',23,242),(4533,'Xã Lê Lợi',23,242),(4534,'Xã Chăn Nưa',23,242),(4535,'Xã Pa Tần',23,242),(4536,'Xã Hồng Thu',23,242),(4537,'Xã Nậm Ban',23,242),(4538,'Xã Ma Quai',23,242),(4539,'Xã Xà Dề Phìn',23,242),(4540,'Xã Nậm Tăm',23,242),(4541,'Xã Pu Sam Cáp',23,242),(4542,'Xã Nậm Cha',23,242),(4543,'Xã Noong Hẻo',23,242),(4544,'Xã Nậm Mạ',23,242),(4545,'Xã Căn Co',23,242),(4546,'Xã Nậm Hăn',23,242),(4547,'Xã Tả Phìn',23,242),(4548,'Xã Nậm Cuổi',23,242),(4549,'Xã Pú Đao',23,242),(4550,'Xã Phìn Hồ',23,242),(4551,'Xã Phăng Sô Lin',23,242),(4552,'Xã Tả Ngảo',23,242),(4553,'Xã Làng Mô',23,242),(4554,'Xã Tủa Sín Chải',23,242),(4555,'Thị trấn Than Uyên',23,243),(4556,'Xã Hua Nà',23,243),(4557,'Xã Tà Mung',23,243),(4558,'Xã Mường Than',23,243),(4559,'Xã Phúc Than',23,243),(4560,'Xã Pha Mu',23,243),(4561,'Xã Mường Cang',23,243),(4562,'Xã Mường Kim',23,243),(4563,'Xã Tà Gia',23,243),(4564,'Xã Khoen On',23,243),(4565,'Xã Tà Hừa',23,243),(4566,'Xã Mường Mít',23,243),(4567,'Thị Trấn Tân Uyên',23,244),(4568,'Xã Phúc Khoa',23,244),(4569,'Xã Mường Khoa',23,244),(4570,'Xã Trung Đồng',23,244),(4571,'Xã Nậm Cần',23,244),(4572,'Xã Nậm Sỏ',23,244),(4573,'Xã Thân Thuộc',23,244),(4574,'Xã Tà Mít',23,244),(4575,'Xã Hố Mít',23,244),(4576,'Xã Pắc Ta',23,244),(4577,'Phường Chiềng Lề',24,245),(4578,'Phường Quyết Thắng',24,245),(4579,'Phường Quyết Tâm',24,245),(4580,'Xã Chiềng Xôm',24,245),(4581,'Phường Chiềng An',24,245),(4582,'Xã Chiềng Cơi',24,245),(4583,'Xã Hua La',24,245),(4584,'Phường Chiềng Sinh',24,245),(4585,'Xã Chiềng Cọ',24,245),(4586,'Phường Tô Hiệu',24,245),(4587,'Xã Chiềng Đen',24,245),(4588,'Xã Chiềng Ngần',24,245),(4589,'Xã Mường Giàng',24,246),(4590,'Xã Chiềng Bằng',24,246),(4591,'Xã Mường Sại',24,246),(4592,'Xã Nậm ét',24,246),(4593,'Xã Liệp Muội',24,246),(4594,'Xã Chiềng Khoang',24,246),(4595,'Xã Chiềng ơn',24,246),(4596,'Xã Mường Chiên',24,246),(4597,'Xã Chiềng Khay',24,246),(4598,'Xã Mường Giôn',24,246),(4599,'Xã Pha Khinh',24,246),(4600,'Xã Cà Nàng',24,246),(4601,'Xã Pắc Ma',24,246),(4602,'Xã ít Ong',24,247),(4603,'Xã Nậm Giôn',24,247),(4604,'Xã Chiềng Lao',24,247),(4605,'Xã Hua Trai',24,247),(4606,'Xã Ngọc Chiến',24,247),(4607,'Xã Nậm Păm',24,247),(4608,'Xã Chiềng Muôn',24,247),(4609,'Xã Chiềng Ân',24,247),(4610,'Xã Pi Toong',24,247),(4611,'Xã Tạ Bú',24,247),(4612,'Xã Chiềng San',24,247),(4613,'Xã Mường Bú',24,247),(4614,'Xã Mường Chùm',24,247),(4615,'Xã Mường Trai',24,247),(4616,'Xã Chiềng Công',24,247),(4617,'Xã Chiềng Hoa',24,247),(4618,'Xã Phỏng Lái',24,248),(4619,'Xã Chiềng Pha',24,248),(4620,'Xã Chiềng La',24,248),(4621,'Xã Liệp Tè',24,248),(4622,'Xã é Tòng',24,248),(4623,'Xã Phỏng Lập',24,248),(4624,'Xã Chiềng Ly',24,248),(4625,'Xã Nong Lay',24,248),(4626,'Xã Mường Khiêng',24,248),(4627,'Xã Chiềng Bôm',24,248),(4628,'Xã Thôn Mòn',24,248),(4629,'Xã Tông Cọ',24,248),(4630,'Xã Bó Mười',24,248),(4631,'Xã Co Mạ',24,248),(4632,'Xã Chiềng Pấc',24,248),(4633,'Xã Nậm Lầu',24,248),(4634,'Xã Muổi Nọi',24,248),(4635,'Xã Pá Lông',24,248),(4636,'Xã Mường é',24,248),(4637,'Xã Long Hẹ',24,248),(4638,'Xã Bon Phặng',24,248),(4639,'Thị trấn Thuận Châu',24,248),(4640,'Xã Chiềng Ngàm',24,248),(4641,'Xã Phổng Lăng',24,248),(4642,'Xã Mường Bám',24,248),(4643,'Xã Tông Lạnh',24,248),(4644,'Xã Púng Tra',24,248),(4645,'Xã Co Tòng',24,248),(4646,'Xã Bản Lầm',24,248),(4647,'Thị trấn Bắc Yên',24,249),(4648,'Xã Phiêng Ban',24,249),(4649,'Xã Hang Chú',24,249),(4650,'Xã Tà Xùa',24,249),(4651,'Xã Làng Chếu',24,249),(4652,'Xã Mường Khoa',24,249),(4653,'Xã Song Pe',24,249),(4654,'Xã Hồng Ngài',24,249),(4655,'Xã Phiêng Côn',24,249),(4656,'Xã Chiềng Sại',24,249),(4657,'Xã Pắc Ngà',24,249),(4658,'Xã Xím Vàng',24,249),(4659,'Xã Chim Vàn',24,249),(4660,'Xã Tạ Khoa',24,249),(4661,'Xã Hua Nhàn',24,249),(4662,'Xã Háng Đồng',24,249),(4663,'Thị trấn Phù Yên',24,250),(4664,'Xã Mường Thải',24,250),(4665,'Xã Mường Cơi',24,250),(4666,'Xã Quang Huy',24,250),(4667,'Xã Huy Thượng',24,250),(4668,'Xã Tân Lang',24,250),(4669,'Xâ Gia Phù',24,250),(4670,'Xã Huy Hạ',24,250),(4671,'Xã Huy Tân',24,250),(4672,'Xã Mường Lang',24,250),(4673,'Xã Suối Bau',24,250),(4674,'Xã Mường Do',24,250),(4675,'Xã Sập Xa',24,250),(4676,'Xã Tường Thượng',24,250),(4677,'Xã Tường Phong',24,250),(4678,'Xã Tường Hạ',24,250),(4679,'Xã Kim Bon',24,250),(4680,'Xá Mường Bang',24,250),(4681,'Xã Tân Phong',24,250),(4682,'Xã Nam Phong',24,250),(4683,'Xã Suối Tọ',24,250),(4684,'Xã Huy Bắc',24,250),(4685,'Xã Tường Phù',24,250),(4686,'Xã Huy Tường',24,250),(4687,'Xã Tường Tiến',24,250),(4688,'Xã Đá Đỏ',24,250),(4689,'Xã Bắc Phong',24,250),(4690,'Xã Chiềng Sung',24,251),(4691,'Xã Mường Bằng',24,251),(4692,'Xã Mương Tranh',24,251),(4693,'Xã Chiềng Mung',24,251),(4694,'Xã Mường Bon',24,251),(4695,'Xã Chiềng Chung',24,251),(4696,'Xã Hát Lót',24,251),(4697,'Xã Cò Nòi',24,251),(4698,'Xã Chiềng Nơi',24,251),(4699,'Xã Chiềng Dong',24,251),(4700,'Xã Chiềng Kheo',24,251),(4701,'Xã Phiêng Pằn',24,251),(4702,'Xã Nà ơt',24,251),(4703,'Xã Tà Hộc',24,251),(4704,'Xã Chiềng Chăn',24,251),(4705,'Xã Chiềng Ve',24,251),(4706,'Thị trấn Hát Lót',24,251),(4707,'Xã Chiềng Ban',24,251),(4708,'Xã Chiềng Mai',24,251),(4709,'Xã Phiêng Cằm',24,251),(4710,'Xã Chiềng Lương',24,251),(4711,'Xã Nà Bó',24,251),(4712,'Thị trấn Sông Mã',24,252),(4713,'Xã Pú Pẩu',24,252),(4714,'Xã Chiềng Phung',24,252),(4715,'Xã Mường Lầm',24,252),(4716,'Xã Nậm Ty',24,252),(4717,'Xã Chiềng Sơ',24,252),(4718,'Xã Nà Nghịu',24,252),(4719,'Xã Nậm Mằn',24,252),(4720,'Xã Chiềng Cang',24,252),(4721,'Xã Huổi Một',24,252),(4722,'Xã Mường Sai',24,252),(4723,'Xã Mường Cai',24,252),(4724,'Xã Đứa Mòn',24,252),(4725,'Xã Chiềng Khương',24,252),(4726,'Xã Bó Sinh',24,252),(4727,'Xã Chiềng En',24,252),(4728,'Xã Yên Hưng',24,252),(4729,'Xã Chiềng Khoong',24,252),(4730,'Xã Mường Hung',24,252),(4731,'Xã Chiềng Sàng',24,253),(4732,'Xã Chiềng Pằn',24,253),(4733,'Xã Viêng Lán',24,253),(4734,'Xã Chiềng Hặc',24,253),(4735,'Xã Mường Lựm',24,253),(4736,'Xã Yên Sơn',24,253),(4737,'Xã Chiềng Khoi',24,253),(4738,'Xã Tú Nang',24,253),(4739,'Xã Lóng Phiêng',24,253),(4740,'Xã Phiêng Khoài',24,253),(4741,'Xã Chiềng Tương',24,253),(4742,'Xã Sập Vạt',24,253),(4743,'Thị trấn Yên Châu',24,253),(4744,'Xã Chiềng On',24,253),(4745,'Xã Chiềng Đông',24,253),(4746,'Thị trấn Mộc Châu',24,254),(4747,'Xã Chiềng Sơn',24,254),(4748,'Xã Tân Hợp',24,254),(4749,'Xã Qui Hướng',24,254),(4750,'Xã Suối Bàng',24,254),(4751,'Xã Tà Lại',24,254),(4752,'Xã Liên Hoà',24,254),(4753,'Xã Chiềng Hắc',24,254),(4754,'Xã Hua Păng',24,254),(4755,'Xã Mường Tè',24,254),(4756,'Xã Chiềng Khứa',24,254),(4757,'Xã Mường Sang',24,254),(4758,'Xã Chiềng Khoa',24,254),(4759,'Xã Quang Minh',24,254),(4760,'Xã Lóng Sập',24,254),(4761,'Xã Vân Hồ',24,254),(4762,'Xã Chiềng Yên',24,254),(4763,'Xã Xuân Nha',24,254),(4764,'Xã Nà Mường',24,254),(4765,'Xã Phiêng Luông',24,254),(4766,'Thị trấn NT Mộc Châu',24,254),(4767,'Xã Tân Lập',24,254),(4768,'Xã Song Khủa',24,254),(4769,'Xã Tô Múa',24,254),(4770,'Xã Đông Sang',24,254),(4771,'Xã Mường Men',24,254),(4772,'Xã Lóng Luông',24,254),(4773,'Xã Chiềng Xuân',24,254),(4774,'Xã Tân Xuân',24,254),(4775,'Xã Sam Kha',24,255),(4776,'Xã Púng Bánh',24,255),(4777,'Xã Dồm Cang',24,255),(4778,'Xã Nậm Lạnh',24,255),(4779,'Xã Mường Lèo',24,255),(4780,'Xã Mường Lạn',24,255),(4781,'Xã Sốp Cộp',24,255),(4782,'Xã Mường Và',24,255),(4783,'Phường Tân Hòa',25,256),(4784,'Phường Thịnh Lang',25,256),(4785,'Phường Hữu Nghị',25,256),(4786,'Phường Đồng Tiến',25,256),(4787,'Phường Phương Lâm',25,256),(4788,'Phường Chăm Mát',25,256),(4789,'Xã Yên Mông',25,256),(4790,'Xã Dân Chủ',25,256),(4791,'Xã Thống Nhất',25,256),(4792,'Xã Thái Thịnh',25,256),(4793,'Phường Thái Bình',25,256),(4794,'Phường Tân Thịnh',25,256),(4795,'Xã Sủ Ngòi',25,256),(4796,'Xã Hòa Bình',25,256),(4797,'Xã Trung Minh',25,256),(4798,'Thị trấn Đà Bắc',25,257),(4799,'Xã Đồng Nghê',25,257),(4800,'Xã Suối Nánh',25,257),(4801,'Xã Mường Tuổng',25,257),(4802,'Xã Mường Chiềng',25,257),(4803,'Xã Tân Pheo',25,257),(4804,'Xã Tân Minh',25,257),(4805,'Xã Đồng Ruộng',25,257),(4806,'Xã Tu Lý',25,257),(4807,'Xã Trung Thành',25,257),(4808,'Xã Cao Sơn',25,257),(4809,'Xã Toàn Sơn',25,257),(4810,'Xã Tân Dân',25,257),(4811,'Xã Tiền Phong',25,257),(4812,'Xã Vầy Nưa',25,257),(4813,'Xã Đoàn Kết',25,257),(4814,'Xã Giáp Đắt',25,257),(4815,'Xã Đồng Chum',25,257),(4816,'Xã Hào Lý',25,257),(4817,'Xã Yên Hòa',25,257),(4818,'Xã Hiền Lương',25,257),(4819,'Xã Tân Mai',25,258),(4820,'Xã Pà Cò',25,258),(4821,'Xã Ba Khan',25,258),(4822,'Xã Tân Sơn',25,258),(4823,'Xã Đồng Bảng',25,258),(4824,'Xã Bao La',25,258),(4825,'Xã Piềng Vế',25,258),(4826,'Xã Tòng Đậu',25,258),(4827,'Xã Nà Phòn',25,258),(4828,'Xã Săm Khòe',25,258),(4829,'Xã Mai Hạ',25,258),(4830,'Xã Noong Luông',25,258),(4831,'Xã Mai Hịch',25,258),(4832,'Xã Vạn Mai',25,258),(4833,'Xã Phúc Sạn',25,258),(4834,'Xã Thung Khe',25,258),(4835,'Thị trấn Mai Châu',25,258),(4836,'Xã Hang Kia',25,258),(4837,'Xã Cun Pheo',25,258),(4838,'Xã Nà Mèo',25,258),(4839,'Xã Chiềng Châu',25,258),(4840,'Xã Pù Pin',25,258),(4841,'Xã Tân Dân',25,258),(4842,'Xã Phú Minh',25,259),(4843,'Xã Hợp Thành',25,259),(4844,'Xã Phúc Tiến',25,259),(4845,'Xã Mông Hóa',25,259),(4846,'Xã Dân Hạ',25,259),(4847,'Xó Trung Minh',25,259),(4848,'Thị trấn Kỳ Sơn',25,259),(4849,'Xã Hợp Thịnh',25,259),(4850,'Xã Dân Hòa',25,259),(4851,'Xã Độc Lập',25,259),(4852,'Xã Yên Quang',25,259),(4853,'Thị trấn Lương Sơn',25,260),(4854,'Xã Lâm Sơn',25,260),(4855,'Xã Trường Sơn',25,260),(4856,'Xã Tân Vinh',25,260),(4857,'Xã Cao Răm',25,260),(4858,'Xã Cư Yên',25,260),(4859,'Xã Hợp Hòa',25,260),(4860,'Xã Liên Sơn',25,260),(4861,'Xã Trung Sơn',25,260),(4862,'Xã Tiến Sơn',25,260),(4863,'Xã Yên Quang',25,260),(4864,'Xã Hòa Sơn',25,260),(4865,'Xã Nhuận Trạch',25,260),(4866,'Xã Thành Lập',25,260),(4867,'Xã Hợp Châu',25,260),(4868,'Xã Long Sơn',25,260),(4869,'Xã Tân Thành',25,260),(4870,'Xã Hợp Thanh',25,260),(4871,'Xã Cao Dương',25,260),(4872,'Xã Thanh Lương',25,260),(4873,'Thị trấn Cao Phong',25,261),(4874,'Xã Thung Nai',25,261),(4875,'Xã Thu Phong',25,261),(4876,'Xã Đông Phong',25,261),(4877,'Xã Tây Phong',25,261),(4878,'Xã Tân Phong',25,261),(4879,'Xã Dũng Phong',25,261),(4880,'Xã Yên Lập',25,261),(4881,'Xã Yên Thượng',25,261),(4882,'Xã Bắc Phong',25,261),(4883,'Xã Bình Thanh',25,261),(4884,'Xã Xuân Phong',25,261),(4885,'Xã Nam Phong',25,261),(4886,'Xã Sơn Thủy',25,262),(4887,'Xã Đông Bắc',25,262),(4888,'Xã Thượng Bì',25,262),(4889,'Xã Lập Chiệng',25,262),(4890,'Xã Hợp Châu',25,262),(4891,'Xã Vĩnh Đồng',25,262),(4892,'Xã Trung Bì',25,262),(4893,'Xã Hợp Đồng',25,262),(4894,'Xã Long Sơn',25,262),(4895,'Xã Cao Thắng',25,262),(4896,'Xã Kim Tiến',25,262),(4897,'Xã Kim Bình',25,262),(4898,'Xã Hợp Kim',25,262),(4899,'Xã Kim Bôi',25,262),(4900,'Xã Nam Thượng',25,262),(4901,'Xã Thanh Nông',25,262),(4902,'Xã Cuối Hạ',25,262),(4903,'Xã Sào Báy',25,262),(4904,'Xã Nuông Dăm',25,262),(4905,'Thị trấn Bo',25,262),(4906,'Xã Đú Sáng',25,262),(4907,'Xã Bắc Sơn',25,262),(4908,'Xã Bình Sơn',25,262),(4909,'Xã Tân Thành',25,262),(4910,'Xã Tú Sơn',25,262),(4911,'Xã Vĩnh Tiến',25,262),(4912,'Xã Hạ Bì',25,262),(4913,'Xã Hợp Thanh',25,262),(4914,'Xã Mỵ Hòa',25,262),(4915,'Xã Cao Dương',25,262),(4916,'Thị trấn Thanh Hà',25,262),(4917,'Xã Hùng Tiến',25,262),(4918,'Xã Nật Sơn',25,262),(4919,'Xã Kim Truy',25,262),(4920,'Xã Kim Sơn',25,262),(4921,'Xã Thượng Tiến',25,262),(4922,'Xã Thanh Lương',25,262),(4923,'Thị trấn Mường Khến',25,263),(4924,'Xã Phú Vinh',25,263),(4925,'Xã Phú Cường',25,263),(4926,'Xã Quy Hậu',25,263),(4927,'Xã Phong Phú',25,263),(4928,'Xã Mãn Đức',25,263),(4929,'Xã Địch Giáo',25,263),(4930,'Xã Tuân Lộ',25,263),(4931,'Xã Thanh Hối',25,263),(4932,'Xã Đông Lai',25,263),(4933,'Xã Bắc Sơn',25,263),(4934,'Xã Quy Mỹ',25,263),(4935,'Xã Do Nhân',25,263),(4936,'Xã Lỗ Sơn',25,263),(4937,'Xã Ngổ Luông',25,263),(4938,'Xã Gia Mô',25,263),(4939,'Xã Trung Hòa',25,263),(4940,'Xã Ngọc Mỹ',25,263),(4941,'Xã Ngòi Hoa',25,263),(4942,'Xã Mỹ Hòa',25,263),(4943,'Xã Quyết Chiến',25,263),(4944,'Xã Tử Nê',25,263),(4945,'Xã Lũng Vân',25,263),(4946,'Xã Nam Sơn',25,263),(4947,'Thị trấn Vụ Bản',25,264),(4948,'Xã Miền Đồi',25,264),(4949,'Xã Tuân Đạo',25,264),(4950,'Xã Văn Sơn',25,264),(4951,'Xã Tân Lập',25,264),(4952,'Xã Nhân Nghĩa',25,264),(4953,'Xã Phú Lương',25,264),(4954,'Xã Phúc Tuy',25,264),(4955,'Xã Xuất Hóa',25,264),(4956,'Xã Bình Hẻm',25,264),(4957,'Xã Bình Cảng',25,264),(4958,'Xã Định Cư',25,264),(4959,'Xã Chí Đạo',25,264),(4960,'Xã Liên Vũ',25,264),(4961,'Xã Hương Nhượng',25,264),(4962,'Xã Vũ Lâm',25,264),(4963,'Xã Tự Do',25,264),(4964,'Xã Yên Nghiệp',25,264),(4965,'Xã ân Nghĩa',25,264),(4966,'Xã Mỹ Thành',25,264),(4967,'Xã Chí Thiện',25,264),(4968,'Xã Tân Mỹ',25,264),(4969,'Xã Quý Hòa',25,264),(4970,'Xã Văn Nghĩa',25,264),(4971,'Xã Thượng Cốc',25,264),(4972,'Xã Yên Phú',25,264),(4973,'Xã Bình Chân',25,264),(4974,'Xã Ngọc Sơn',25,264),(4975,'Xã Ngọc Lâu',25,264),(4976,'Xã Phú Lão',25,265),(4977,'Xã Phú Thành',25,265),(4978,'Xã Hưng Thi',25,265),(4979,'Xã Lạc Long',25,265),(4980,'Xã Liên Hòa',25,265),(4981,'Xã Đồng Môn',25,265),(4982,'Xã Đồng Tâm',25,265),(4983,'Xã Yên Bồng',25,265),(4984,'Xã An Bình',25,265),(4985,'Thị trấn Chi Nê',25,265),(4986,'Xã Cố Nghĩa',25,265),(4987,'Xã Khoan Dụ',25,265),(4988,'Xã An Lạc',25,265),(4989,'Xã Thanh Nông',25,265),(4990,'Thị trấn Thanh Hà',25,265),(4991,'Xã Lạc Sỹ',25,266),(4992,'Xã Lạc Hưng',25,266),(4993,'Xã Bảo Hiệu',25,266),(4994,'Xã Đa Phúc',25,266),(4995,'Xã Hữu Lợi',25,266),(4996,'Xã Lạc Thịnh',25,266),(4997,'Xã Yên Lạc',25,266),(4998,'Xã Đoàn Kết',25,266),(4999,'Xã Phú Lai',25,266),(5000,'Xã Yên Trị',25,266),(5001,'Xã Lạc Lương',25,266),(5002,'Thị trấn Hàng Trạm',25,266),(5003,'Xã Ngọc Lương',25,266),(5004,'Phường Đông Sơn',26,267),(5005,'Phường Đông Thọ',26,267),(5006,'Phường Phú Sơn',26,267),(5007,'Phường Đông Vệ',26,267),(5008,'Xã Đông Hương',26,267),(5009,'Phường Hàm Rồng',26,267),(5010,'Phường Nam Ngạn',26,267),(5011,'Phường Trường Thi',26,267),(5012,'Phường Điện Biên',26,267),(5013,'Phường Lam Sơn',26,267),(5014,'Phường Ba Đình',26,267),(5015,'Phường Ngọc Trạo',26,267),(5016,'Phường Tân Sơn',26,267),(5017,'Xã Đông Cương',26,267),(5018,'Xã Đông Hải',26,267),(5019,'Xã Quảng Hưng',26,267),(5020,'Xã Quảng Thắng',26,267),(5021,'Xã Quảng Thành',26,267),(5022,'Phường Lam Sơn',26,268),(5023,'Phường Bắc Sơn',26,268),(5024,'Phường Đông Sơn',26,268),(5025,'Phường Ba Đình',26,268),(5026,'Phường Ngọc Trạo',26,268),(5027,'Xã Quang Trung',26,268),(5028,'Xã Hà Lan',26,268),(5029,'Phường Bắc Sơn',26,269),(5030,'Phường Trung Sơn',26,269),(5031,'Phường Trường Sơn',26,269),(5032,'Xã Quảng Cư',26,269),(5033,'Xã Quảng Tiến',26,269),(5034,'Xã Mường Chanh',26,270),(5035,'Xã Tam Chung',26,270),(5036,'Thị trấn Mường Lát',26,270),(5037,'Xã Quang Chiểu',26,270),(5038,'Xã Tén Tằn',26,270),(5039,'Xã Mường Lý',26,270),(5040,'Xã Trung Lý',26,270),(5041,'Xã Pù Nhi',26,270),(5042,'Xã Nhi Sơn',26,270),(5043,'Xã Phú Thanh',26,271),(5044,'Xã Nam Tiến',26,271),(5045,'Xã Thanh Xuân',26,271),(5046,'Xã Hồi Xuân',26,271),(5047,'Xã Nam Động',26,271),(5048,'Thị trấn Quan Hóa',26,271),(5049,'Xã Thành Sơn',26,271),(5050,'Xã Trung Sơn',26,271),(5051,'Xã Trung Thành',26,271),(5052,'Xã Phú Lệ',26,271),(5053,'Xã Phú Sơn',26,271),(5054,'Xã Phú Xuân',26,271),(5055,'Xã Hiền Chung',26,271),(5056,'Xã Hiền Kiệt',26,271),(5057,'Xã Thiên Phú',26,271),(5058,'Xã Phú Nghiêm',26,271),(5059,'Xã Nam Xuân',26,271),(5060,'Xã Xuân Phú',26,271),(5061,'Thị trấn Quan Sơn',26,272),(5062,'Xã Mường Mìn',26,272),(5063,'Xã Trung Hạ',26,272),(5064,'Xã Sơn Thủy',26,272),(5065,'Xã Sơn Điện',26,272),(5066,'Xã Trung Xuân',26,272),(5067,'Xã Trung Thượng',26,272),(5068,'Xã Sơn Hà',26,272),(5069,'Xã Tam Thanh',26,272),(5070,'Xã Na Mèo',26,272),(5071,'Xã Sơn Lư',26,272),(5072,'Xã Tam Lư',26,272),(5073,'Xã Trung Tiến',26,272),(5074,'Xã Điền Quang',26,273),(5075,'Xã Hạ Trung',26,273),(5076,'Xã Điền Hạ',26,273),(5077,'Xã Lương Ngoại',26,273),(5078,'Xã Lương Trung',26,273),(5079,'Xã Cổ Lũng',26,273),(5080,'Xã Văn Nho',26,273),(5081,'Xã Tân Lập',26,273),(5082,'Thị trấn Cành Nàng',26,273),(5083,'Xã Điền Thượng',26,273),(5084,'Xã Điền Trung',26,273),(5085,'Xã Thành Sơn',26,273),(5086,'Xã ái Thượng',26,273),(5087,'Xã Lương Nội',26,273),(5088,'Xã Điền Lư',26,273),(5089,'Xã Lũng Niêm',26,273),(5090,'Xã Lũng Cao',26,273),(5091,'Xã Thành Lâm',26,273),(5092,'Xã Ban Công',26,273),(5093,'Xã Kỳ Tân',26,273),(5094,'Xã Thiết ống',26,273),(5095,'Xã Lâm Xa',26,273),(5096,'Xã Thiết Kế',26,273),(5097,'Xã Cẩm Giang',26,274),(5098,'Xã Cẩm Tân',26,274),(5099,'Xã Cẩm Yên',26,274),(5100,'Xã Phúc Do',26,274),(5101,'Xã Cẩm Thạch',26,274),(5102,'Xã Cẩm Tú',26,274),(5103,'Xã Cẩm Tâm',26,274),(5104,'Thị trấn Cẩm Thủy',26,274),(5105,'Xã Cẩm Thành',26,274),(5106,'Xã Cẩm Quý',26,274),(5107,'Xã Cẩm Lương',26,274),(5108,'Xã Cẩm Liên',26,274),(5109,'Xã Cẩm Bình',26,274),(5110,'Xã Cẩm Sơn',26,274),(5111,'Xã Cẩm Châu',26,274),(5112,'Xã Cẩm Phong',26,274),(5113,'Xã Cẩm Ngọc',26,274),(5114,'Xã Cẩm Long',26,274),(5115,'Xã Cẩm Phú',26,274),(5116,'Xã Cẩm Vân',26,274),(5117,'Xã Quang Hiến',26,275),(5118,'Xã Yên Thắng',26,275),(5119,'Xã Tân Phúc',26,275),(5120,'Xã Đồng Lương',26,275),(5121,'Thị trấn Lang Chánh',26,275),(5122,'Xã Yên Khương',26,275),(5123,'Xã Trí Nang',26,275),(5124,'Xã Giao An',26,275),(5125,'Xã Giao Thiện',26,275),(5126,'Xã Tam Văn',26,275),(5127,'Xã Lâm Phú',26,275),(5128,'Xã Thành Mỹ',26,276),(5129,'Xã Thành An',26,276),(5130,'Thị trấn Kim Tân',26,276),(5131,'Xã Thạch Quảng',26,276),(5132,'Xã Thành Minh',26,276),(5133,'Xã Thành Vân',26,276),(5134,'Xã Thành Tiến',26,276),(5135,'Xã Thạch Cẩm',26,276),(5136,'Xã Thạch Sơn',26,276),(5137,'Xã Thạch Bình',26,276),(5138,'Xã Thạch Định',26,276),(5139,'Xã Thạch Đồng',26,276),(5140,'Xã Thạch Long',26,276),(5141,'Xã Thành Yên',26,276),(5142,'Xã Thành Vinh',26,276),(5143,'Xã Thành Công',26,276),(5144,'Xã Thành Tân',26,276),(5145,'Xã Thành Trực',26,276),(5146,'Xã Thành Tâm',26,276),(5147,'Xã Thành Thọ',26,276),(5148,'Xã Thành Long',26,276),(5149,'Xã Thành Kim',26,276),(5150,'Xã Thành Hưng',26,276),(5151,'Xã Ngọc Trạo',26,276),(5152,'Thị trấn Vân Du',26,276),(5153,'Xã Thạch Tân',26,276),(5154,'Xã Thạch Lâm',26,276),(5155,'Xã Thạch Tượng',26,276),(5156,'Xã Quang Trung',26,277),(5157,'Xã Nguyệt ấn',26,277),(5158,'Xã Thúy Sơn',26,277),(5159,'Xã Ngọc Khê',26,277),(5160,'Xã Ngọc Sơn',26,277),(5161,'Xã Phùng Giáo',26,277),(5162,'Xã Kiên Thọ',26,277),(5163,'Thị trấn Ngọc Lặc',26,277),(5164,'Xã Lam Sơn',26,277),(5165,'Xã Mỹ Tân',26,277),(5166,'Xã Thạch Lập',26,277),(5167,'Xã Vân Am',26,277),(5168,'Xã Cao Ngọc',26,277),(5169,'Xã Đồng Thịnh',26,277),(5170,'Xã Ngọc Liên',26,277),(5171,'Xã Lộc Thịnh',26,277),(5172,'Xã Cao Thịnh',26,277),(5173,'Xã Ngọc Trung',26,277),(5174,'Xã Phùng Minh',26,277),(5175,'Xã Phúc Thịnh',26,277),(5176,'Xã Minh Tiến',26,277),(5177,'Xã Minh Sơn',26,277),(5178,'Xã Ngọc Phụng',26,278),(5179,'Xã Xuân Lộc',26,278),(5180,'Xã Thọ Thanh',26,278),(5181,'Xã Xuân Cao',26,278),(5182,'Xã Bát Mọt',26,278),(5183,'Xã Xuân Lẹ',26,278),(5184,'Thị trấn Thường Xuân',26,278),(5185,'Xã Yên Nhân',26,278),(5186,'Xã Vạn Xuân',26,278),(5187,'Xã Lương Sơn',26,278),(5188,'Xã Luận Thành',26,278),(5189,'Xã Luận Khê',26,278),(5190,'Xã Xuân Thắng',26,278),(5191,'Xã Xuân Cẩm',26,278),(5192,'Xã Xuân Dương',26,278),(5193,'Xã Xuân Chinh',26,278),(5194,'Xã Tân Thành',26,278),(5195,'Xã Thanh Lâm',26,279),(5196,'Thị trấn Yên Cát',26,279),(5197,'Xã Bãi Trành',26,279),(5198,'Xã Xuân Quỳ',26,279),(5199,'Xã Tân Bình',26,279),(5200,'Xã Thanh Hoà',26,279),(5201,'Xã Thanh Sơn',26,279),(5202,'Xã Thượng Ninh',26,279),(5203,'Xã Thanh Phong',26,279),(5204,'Xã Xuân Hoà',26,279),(5205,'Xã Xuân Bình',26,279),(5206,'Xã Hóa Quỳ',26,279),(5207,'Xã Yên Lễ',26,279),(5208,'Xã Cát Vân',26,279),(5209,'Xã Cát Tân',26,279),(5210,'Xã Bình Lương',26,279),(5211,'Xã Thanh Quân',26,279),(5212,'Xã Thanh Xuân',26,279),(5213,'Xã Phú Nhuận',26,280),(5214,'Xã Xuân Khang',26,280),(5215,'Xã Xuân Thái',26,280),(5216,'Xã Phúc Đường',26,280),(5217,'Thị trấn Bến Sung',26,280),(5218,'Xã Cán Khê',26,280),(5219,'Xã Xuân Du',26,280),(5220,'Xã Xuân Thọ',26,280),(5221,'Xã Phượng Nghi',26,280),(5222,'Xã Mậu Lâm',26,280),(5223,'Xã Hải Long',26,280),(5224,'Xã Hải Vân',26,280),(5225,'Xã Xuân Phúc',26,280),(5226,'Xã Yên Thọ',26,280),(5227,'Xã Yên Lạc',26,280),(5228,'Xã Thanh Tân',26,280),(5229,'Xã Thanh Kỳ',26,280),(5230,'Xã Vĩnh Long',26,281),(5231,'Xã Vĩnh Quang',26,281),(5232,'Xã Vĩnh Phúc',26,281),(5233,'Xã Vĩnh Hòa',26,281),(5234,'Xã Vĩnh Thịnh',26,281),(5235,'Thị trấn Vĩnh Lộc',26,281),(5236,'Xã Vĩnh Thành',26,281),(5237,'Xã Vĩnh Yên',26,281),(5238,'Xã Vĩnh Tiến',26,281),(5239,'Xã Vĩnh Hưng',26,281),(5240,'Xã Vĩnh Minh',26,281),(5241,'Xã Vĩnh Khang',26,281),(5242,'Xã Vĩnh Hùng',26,281),(5243,'Xã Vĩnh Tân',26,281),(5244,'Xã Vĩnh Ninh',26,281),(5245,'Xã Vĩnh An',26,281),(5246,'Xã Hà Vinh',26,282),(5247,'Xã Hà Ngọc',26,282),(5248,'Xã Hà Châu',26,282),(5249,'Thị trấn Hà Trung',26,282),(5250,'Xã Hà Vân',26,282),(5251,'Xã Hà Dương',26,282),(5252,'Xã Hà Ninh',26,282),(5253,'Xã Hà Lĩnh',26,282),(5254,'Xã Hà Bình',26,282),(5255,'Xã Hà Thái',26,282),(5256,'Xã Hà Long',26,282),(5257,'Xã Hà Bắc',26,282),(5258,'Xã Hà Yên',26,282),(5259,'Xã Hà Thanh',26,282),(5260,'Xã Hà Giang',26,282),(5261,'Xã Hà Phú',26,282),(5262,'Xã Hà Phong',26,282),(5263,'Xã Hà Lâm',26,282),(5264,'Xã Hà Sơn',26,282),(5265,'Xã Hà Đông',26,282),(5266,'Xã Hà Tân',26,282),(5267,'Xã Hà Tiến',26,282),(5268,'Xã Hà Lai',26,282),(5269,'Xã Hà Toại',26,282),(5270,'Xã Hà Hải',26,282),(5271,'Xã Nga Tiến',26,283),(5272,'Xã Nga An',26,283),(5273,'Xã Ba Đình',26,283),(5274,'Xã Nga Thiện',26,283),(5275,'Xã Nga Trung',26,283),(5276,'Xã Nga Mỹ',26,283),(5277,'Xã Nga Thành',26,283),(5278,'Xã Nga Tân',26,283),(5279,'Xã Nga Thạch',26,283),(5280,'Thị trấn Nga Sơn',26,283),(5281,'Xã Nga Vịnh',26,283),(5282,'Xã Nga Văn',26,283),(5283,'Xã Nga Lĩnh',26,283),(5284,'Xã Nga Nhân',26,283),(5285,'Xã Nga Bạch',26,283),(5286,'Xã Nga Thanh',26,283),(5287,'Xã Nga Hưng',26,283),(5288,'Xã Nga Yên',26,283),(5289,'Xã Nga Giáp',26,283),(5290,'Xã Nga Hải',26,283),(5291,'Xã Nga Phú',26,283),(5292,'Xã Nga Điền',26,283),(5293,'Xã Nga Thủy',26,283),(5294,'Xã Nga Liên',26,283),(5295,'Xã Nga Thái',26,283),(5296,'Xã Nga Thắng',26,283),(5297,'Xã Nga Trường',26,283),(5298,'Thị trấn Quán Lào',26,284),(5299,'Xã Yên Phong',26,284),(5300,'Xã Định Công',26,284),(5301,'Xã Yên Phú',26,284),(5302,'Xã Qúi Lộc',26,284),(5303,'Xã Yên Trường',26,284),(5304,'Xã Yên Hùng',26,284),(5305,'Xã Định Tăng',26,284),(5306,'Xã Định Tân',26,284),(5307,'Xã Định Tường',26,284),(5308,'Thị trấn NT Thống Nhất',26,284),(5309,'Xã Yên Lâm',26,284),(5310,'Xã Yên Tâm',26,284),(5311,'Xã Yên Giang',26,284),(5312,'Xã Yên Thọ',26,284),(5313,'Xã Yên Trung',26,284),(5314,'Xã Yên Bái',26,284),(5315,'Xã Yên Thái',26,284),(5316,'Xã Yên Thịnh',26,284),(5317,'Xã Yên Ninh',26,284),(5318,'Xã Yên Lạc',26,284),(5319,'Xã Định Hòa',26,284),(5320,'Xã Định Thành',26,284),(5321,'Xã Định Tiến',26,284),(5322,'Xã Định Long',26,284),(5323,'Xã Định Liên',26,284),(5324,'Xã Định Hưng',26,284),(5325,'Xã Định Hải',26,284),(5326,'Xã Định Bình',26,284),(5327,'Thị trấn Sao Vàng',26,285),(5328,'Xã Xuân Hòa',26,285),(5329,'Xã Xuân Phú',26,285),(5330,'Xã Xuân Yên',26,285),(5331,'Thị trấn Thọ Xuân',26,285),(5332,'Xã Xuân Thành',26,285),(5333,'Xã Xuân Phong',26,285),(5334,'Xã Thọ Hải',26,285),(5335,'Xã Xuân Sơn',26,285),(5336,'Xã Quảng Phú',26,285),(5337,'Xã Xuân Lai',26,285),(5338,'Xã Xuân Tân',26,285),(5339,'Xã Xuân Bái',26,285),(5340,'Xã Xuân Thắng',26,285),(5341,'Xã Xuân Lam',26,285),(5342,'Xã Xuân Thiên',26,285),(5343,'Xã Thọ Minh',26,285),(5344,'Xã Xuân Châu',26,285),(5345,'Xã Thọ Lập',26,285),(5346,'Xã Xuân Tín',26,285),(5347,'Xã Phú Yên',26,285),(5348,'Xã Xuân Lập',26,285),(5349,'Xã Thọ Thắng',26,285),(5350,'Xã Xuân Minh',26,285),(5351,'Xã Xuân Vinh',26,285),(5352,'Xã Thọ Trường',26,285),(5353,'Xã Thọ Xương',26,285),(5354,'Thị trấn Lam Sơn',26,285),(5355,'Xã Xuân Khánh',26,285),(5356,'Xã Thọ Nguyên',26,285),(5357,'Xã Hạnh Phúc',26,285),(5358,'Xã Bắc Lương',26,285),(5359,'Xã Nam Giang',26,285),(5360,'Xã Thọ Lộc',26,285),(5361,'Xã Xuân Trường',26,285),(5362,'Xã Tây Hồ',26,285),(5363,'Xã Xuân Giang',26,285),(5364,'Xã Xuân Quang',26,285),(5365,'Xã Xuân Hưng',26,285),(5366,'Xã Thọ Diên',26,285),(5367,'Xã Thọ Lâm',26,285),(5368,'Xã Tuy Lộc',26,286),(5369,'Xã Hòa Lộc',26,286),(5370,'Xã Đồng Lộc',26,286),(5371,'Xã Tiến Lộc',26,286),(5372,'Xã Thành Lộc',26,286),(5373,'Xã Văn Lộc',26,286),(5374,'Xã Thịnh Lộc',26,286),(5375,'Xã Phú Lộc',26,286),(5376,'Xã Hải Lộc',26,286),(5377,'Thị trấn Hậu Lộc',26,286),(5378,'Xã Đại Lộc',26,286),(5379,'Xã Triệu Lộc',26,286),(5380,'Xã Châu Lộc',26,286),(5381,'Xã Lộc Sơn',26,286),(5382,'Xã Cầu Lộc',26,286),(5383,'Xã Phong Lộc',26,286),(5384,'Xã Mỹ Lộc',26,286),(5385,'Xã Thuần Lộc',26,286),(5386,'Xã Lộc Tân',26,286),(5387,'Xã Xuân Lộc',26,286),(5388,'Xã Hoa Lộc',26,286),(5389,'Xã Liên Lộc',26,286),(5390,'Xã Quang Lộc',26,286),(5391,'Xã Minh Lộc',26,286),(5392,'Xã Hưng Lộc',26,286),(5393,'Xã Đa Lộc',26,286),(5394,'Xã Ngư Lộc',26,286),(5395,'Xã Thiệu Long',26,287),(5396,'Xã Thiệu Minh',26,287),(5397,'Xã Thiệu Khánh',26,287),(5398,'Thị trấn Vạn Hà',26,287),(5399,'Xã Thiệu Công',26,287),(5400,'Xã Thiệu Duy',26,287),(5401,'Xã Thiệu Quang',26,287),(5402,'Xã Thiệu Hòa',26,287),(5403,'Xã Thiệu Lý',26,287),(5404,'Xã Thiệu Châu',26,287),(5405,'Xã Thiệu Dương',26,287),(5406,'Xã Thiệu Ngọc',26,287),(5407,'Xã Thiệu Vũ',26,287),(5408,'Xã Thiệu Phúc',26,287),(5409,'Xã Thiệu Tiến',26,287),(5410,'Xã Thiệu Phú',26,287),(5411,'Xã Thiệu Giang',26,287),(5412,'Xã Thiệu Nguyên',26,287),(5413,'Xã Thiệu Hợp',26,287),(5414,'Xã Thiệu Thịnh',26,287),(5415,'Xã Thiệu Thành',26,287),(5416,'Xã Thiệu Toán',26,287),(5417,'Xã Thiệu Chính',26,287),(5418,'Xã Thiệu Tâm',26,287),(5419,'Xã Thiệu Viên',26,287),(5420,'Xã Thiệu Vận',26,287),(5421,'Xã Thiệu Trung',26,287),(5422,'Xã Thiệu Đô',26,287),(5423,'Xã Thiệu Vân',26,287),(5424,'Xã Thiệu Giao',26,287),(5425,'Xã Thiệu Tân',26,287),(5426,'Xã Hoằng Trinh',26,288),(5427,'Xã Hoằng Quang',26,288),(5428,'Xã Hoằng Trạch',26,288),(5429,'Xã Hoằng Phụ',26,288),(5430,'Xã Hoằng Phượng',26,288),(5431,'Xã Hoằng Giang',26,288),(5432,'Xã Hoằng Quý',26,288),(5433,'Xã Hoằng Minh',26,288),(5434,'Xã Hoằng Đạt',26,288),(5435,'Xã Hoằng Đồng',26,288),(5436,'Xã Hoằng Lộc',26,288),(5437,'Xã Hoằng Lưu',26,288),(5438,'Xã Hoằng Tiến',26,288),(5439,'Xã Hoằng Thanh',26,288),(5440,'Xã Hoằng Phú',26,288),(5441,'Xã Hoằng Quỳ',26,288),(5442,'Xã Hoằng Kim',26,288),(5443,'Xã Hoằng Trung',26,288),(5444,'Xã Hoằng Sơn',26,288),(5445,'Xã Hoằng Lương',26,288),(5446,'Xã Hoằng Xuyên',26,288),(5447,'Xã Hoằng Cát',26,288),(5448,'Xã Hoằng Khê',26,288),(5449,'Xã Hoằng Lý',26,288),(5450,'Xã Hoằng Hợp',26,288),(5451,'Xã Hoằng Long',26,288),(5452,'Xã Hoằng Phúc',26,288),(5453,'Xã Hoằng Đức',26,288),(5454,'Xã Hoằng Hà',26,288),(5455,'Xã Hoằng Vinh',26,288),(5456,'Xã Hoằng Đạo',26,288),(5457,'Xã Hoằng Thắng',26,288),(5458,'Xã Hoằng Thái',26,288),(5459,'Xã Hoằng Thịnh',26,288),(5460,'Xã Hoằng Thành',26,288),(5461,'Xã Hoằng Đại',26,288),(5462,'Xã Hoằng Phong',26,288),(5463,'Xã Hoằng Châu',26,288),(5464,'Xã Hoằng Tân',26,288),(5465,'Xã Hoằng Yến',26,288),(5466,'Xã Hoằng Hải',26,288),(5467,'Xã Hoằng Ngọc',26,288),(5468,'Xã Hoằng Đông',26,288),(5469,'Xã Hoằng Trường',26,288),(5470,'Xã Hoằng Anh',26,288),(5471,'Thị Trấn Bút Sơn',26,288),(5472,'Thị Trấn Tào Xuyên',26,288),(5473,'Xã Hoằng Xuân',26,288),(5474,'Xã Hoằng Khánh',26,288),(5475,'Xã Đông Hòa',26,289),(5476,'Xã Đông Quang',26,289),(5477,'Xã Đông Hoàng',26,289),(5478,'Xã Đông Yên',26,289),(5479,'Xã Đông Tiến',26,289),(5480,'Xã Đông Văn',26,289),(5481,'Xã Đông Vinh',26,289),(5482,'Thị trấn Rừng Thông',26,289),(5483,'Xã Đông Ninh',26,289),(5484,'Xã Đông Khê',26,289),(5485,'Xã Đông Lĩnh',26,289),(5486,'Xã Đông Minh',26,289),(5487,'Xã Đông Thanh',26,289),(5488,'Xã Đông Anh',26,289),(5489,'Xã Đông Xuân',26,289),(5490,'Xã Đông Thịnh',26,289),(5491,'Xã Đông Phú',26,289),(5492,'Xã Đông Nam',26,289),(5493,'Xã Đông Tân',26,289),(5494,'Xã Đông Hưng',26,289),(5495,'Thị Trấn Nhồi',26,289),(5496,'Xã Thọ Thế',26,290),(5497,'Xã Đồng Thắng',26,290),(5498,'Xã Hợp Thắng',26,290),(5499,'Thị trấn Triệu Sơn',26,290),(5500,'Xã Hợp Tiến',26,290),(5501,'Xã Minh Sơn',26,290),(5502,'Xã Dân Lý',26,290),(5503,'Xã Thái Hòa',26,290),(5504,'Xã Đồng Tiến',26,290),(5505,'Xã Xuân Thịnh',26,290),(5506,'Xã Thọ Ngọc',26,290),(5507,'Xã Thọ Vực',26,290),(5508,'Xã Thọ Sơn',26,290),(5509,'Xã Thọ Bình',26,290),(5510,'Xã Thọ Tiến',26,290),(5511,'Xã Hợp Lý',26,290),(5512,'Xã Hợp Thành',26,290),(5513,'Xã Triệu Thành',26,290),(5514,'Xã Minh Dân',26,290),(5515,'Xã Minh Châu',26,290),(5516,'Xã Dân Lực',26,290),(5517,'Xã Dân Quyền',26,290),(5518,'Xã An Nông',26,290),(5519,'Xã Văn Sơn',26,290),(5520,'Xã Tân Ninh',26,290),(5521,'Xã Đồng Lợi',26,290),(5522,'Xã Tiến Nông',26,290),(5523,'Xã Khuyến Nông',26,290),(5524,'Xã Xuân Lộc',26,290),(5525,'Xã Thọ Dân',26,290),(5526,'Xã Xuân Thọ',26,290),(5527,'Xã Thọ Tân',26,290),(5528,'Xã Thọ Cường',26,290),(5529,'Xã Thọ Phú',26,290),(5530,'Xã Nông Trường',26,290),(5531,'Xã Bình Sơn',26,290),(5532,'Xã Quảng Nhân',26,291),(5533,'Xã Quảng Phúc',26,291),(5534,'Xã Quảng Đại',26,291),(5535,'Xã Quảng Lợi',26,291),(5536,'Xã Quảng Thịnh',26,291),(5537,'Xã Quảng Đức',26,291),(5538,'Xã Quảng Ninh',26,291),(5539,'Xã Quảng Long',26,291),(5540,'Xã Quảng Khê',26,291),(5541,'Xã Quảng Trường',26,291),(5542,'Xã Quảng Hùng',26,291),(5543,'Xã Quảng Thọ',26,291),(5544,'Xã Quảng Hải',26,291),(5545,'Xã Quảng Nham',26,291),(5546,'Xã Quảng Thạch',26,291),(5547,'Xã Quảng Thái',26,291),(5548,'Thị trấn Quảng Xương',26,291),(5549,'Xã Quảng Tân',26,291),(5550,'Xã Quảng Trạch',26,291),(5551,'Xã Quảng Phong',26,291),(5552,'Xã Quảng Định',26,291),(5553,'Xã Quảng Đông',26,291),(5554,'Xã Quảng Bình',26,291),(5555,'Xã Quảng Hợp',26,291),(5556,'Xã Quảng Văn',26,291),(5557,'Xã Quảng Yên',26,291),(5558,'Xã Quảng Hòa',26,291),(5559,'Xã Quảng Lĩnh',26,291),(5560,'Xã Quảng Trung',26,291),(5561,'Xã Quảng Chính',26,291),(5562,'Xã Quảng Ngọc',26,291),(5563,'Xã Quảng Cát',26,291),(5564,'Xã Quảng Vọng',26,291),(5565,'Xã Quảng Minh',26,291),(5566,'Xã Quảng Giao',26,291),(5567,'Xã Quảng Phú',26,291),(5568,'Xã Quảng Tâm',26,291),(5569,'Xã Quảng Châu',26,291),(5570,'Xã Quảng Vinh',26,291),(5571,'Xã Quảng Lưu',26,291),(5572,'Xã Quảng Lộc',26,291),(5573,'Xã Tân Phúc',26,292),(5574,'Xã Minh Nghĩa',26,292),(5575,'Xã Công Liêm',26,292),(5576,'Xã Tân Thọ',26,292),(5577,'Xã Hoàng Giang',26,292),(5578,'Xã Tế Thắng',26,292),(5579,'Xã Tế Nông',26,292),(5580,'Xã Trừơng Trung',26,292),(5581,'Xã Trường Minh',26,292),(5582,'Xã Tượng Văn',26,292),(5583,'Xã Công Chính',26,292),(5584,'Thị trấn Nông Cống',26,292),(5585,'Xã Hoàng Sơn',26,292),(5586,'Xã Tân Khang',26,292),(5587,'Xã Trung Chính',26,292),(5588,'Xã Trung ý',26,292),(5589,'Xã Trung Thành',26,292),(5590,'Xã Tế Tân',26,292),(5591,'Xã Minh Thọ',26,292),(5592,'Xã Tế Lợi',26,292),(5593,'Xã Minh Khôi',26,292),(5594,'Xã Vạn Hòa',26,292),(5595,'Xã Vạn Thắng',26,292),(5596,'Xã Trường Giang',26,292),(5597,'Xã Vạn Thiện',26,292),(5598,'Xã Thăng Long',26,292),(5599,'Xã Trường Sơn',26,292),(5600,'Xã Thăng Bình',26,292),(5601,'Xã Thăng Thọ',26,292),(5602,'Xã Tượng Lĩnh',26,292),(5603,'Xã Tượng Sơn',26,292),(5604,'Xã Công Bình',26,292),(5605,'Xã Yên Mỹ',26,292),(5606,'Xã Thanh Thủy',26,293),(5607,'Xã Hải Lĩnh',26,293),(5608,'Xã Hải Bình',26,293),(5609,'Xã Hùng Sơn',26,293),(5610,'Xã Định Hải',26,293),(5611,'Xã Hải Nhân',26,293),(5612,'Xã Phú Lâm',26,293),(5613,'Xã Tân Trường',26,293),(5614,'Xã Trường Lâm',26,293),(5615,'Xã Hải Hà',26,293),(5616,'Thị trấn Tĩnh Gia',26,293),(5617,'Xã Hải Châu',26,293),(5618,'Xã Thanh Sơn',26,293),(5619,'Xã Triêu Dương',26,293),(5620,'Xã Hải Ninh',26,293),(5621,'Xã Anh Sơn',26,293),(5622,'Xã Ngọc Lĩnh',26,293),(5623,'Xã Hải An',26,293),(5624,'Xã Các Sơn',26,293),(5625,'Xã Tân Dân',26,293),(5626,'Xã Phú Sơn',26,293),(5627,'Xã Ninh Hải',26,293),(5628,'Xã Nguyên Bình',26,293),(5629,'Xã Hải Hòa',26,293),(5630,'Xã Bình Minh',26,293),(5631,'Xã Hải Thanh',26,293),(5632,'Xã Xuân Lâm',26,293),(5633,'Xã Trúc Lâm',26,293),(5634,'Xã Tùng Lâm',26,293),(5635,'Xã Tĩnh Hải',26,293),(5636,'Xã Mai Lâm',26,293),(5637,'Xã Hải Yến',26,293),(5638,'Xã Hải Thượng',26,293),(5639,'Xã Nghi Sơn',26,293),(5640,'Phường Quang Trung',27,294),(5641,'Phường Hưng Bình',27,294),(5642,'Phường Lê Mao',27,294),(5643,'Phường Trung Đô',27,294),(5644,'Xã Hưng Hòa',27,294),(5645,'Phường Đông Vĩnh',27,294),(5646,'Phường Hà Huy Tập',27,294),(5647,'Phường Lê Lợi',27,294),(5648,'Phường Quán Bàu',27,294),(5649,'Phường Hưng Phúc',27,294),(5650,'Phường Hưng Dũng',27,294),(5651,'Phường Cửa Nam',27,294),(5652,'Phường Đội Cung',27,294),(5653,'Phường Trường Thi',27,294),(5654,'Phường Bến Thủy',27,294),(5655,'Phường Hồng Sơn',27,294),(5656,'Xã Nghi Phú',27,294),(5657,'Xã Hưng Đông',27,294),(5658,'Xã Hưng Lộc',27,294),(5659,'Xã Vinh Tân',27,294),(5660,'Xã Hưng Chính',27,294),(5661,'Xã Nghi Kim',27,294),(5662,'Xã Nghi Liên',27,294),(5663,'Xã Nghi Ân',27,294),(5664,'Xã Nghi Đức',27,294),(5665,'Phường Nghi Tân',27,295),(5666,'Phường Thu Thuỷ',27,295),(5667,'Xã Nghi Thu',27,295),(5668,'Phường Nghi Thuỷ',27,295),(5669,'Phường Nghi Hoà',27,295),(5670,'Phường Nghi Hải',27,295),(5671,'Xã Nghi Hương',27,295),(5672,'Xã Mường Nọc',27,296),(5673,'Xã Hạnh Dịch',27,296),(5674,'Xã Châu Kim',27,296),(5675,'Xã Quang Phong',27,296),(5676,'Thị trấn Kim Sơn',27,296),(5677,'Xã Thông Thụ',27,296),(5678,'Xã Đồng Văn',27,296),(5679,'Xã Tiền Phong',27,296),(5680,'Xã Nậm Giải',27,296),(5681,'Xã Tri Lễ',27,296),(5682,'Xã Quế Sơn',27,296),(5683,'Xã Châu Thôn',27,296),(5684,'Xã Nậm Nhoóng',27,296),(5685,'Xã Cắm Muộn',27,296),(5686,'Xã Châu Tiến',27,297),(5687,'Xã Châu Thuận',27,297),(5688,'Xã Châu Hoàn',27,297),(5689,'Xã Diên Lãm',27,297),(5690,'Thị trấn Quỳ Châu',27,297),(5691,'Xã Châu Bính',27,297),(5692,'Xã Châu Hội',27,297),(5693,'Xã Châu Nga',27,297),(5694,'Xã Châu Hạnh',27,297),(5695,'Xã Châu Thắng',27,297),(5696,'Xã Châu Phong',27,297),(5697,'Xã Châu Bình',27,297),(5698,'Xã Na Loi',27,298),(5699,'Xã Mường ải',27,298),(5700,'Xã Bảo Nam',27,298),(5701,'Xã Hữu Lập',27,298),(5702,'Xã Hữu Kiệm',27,298),(5703,'Xã Nậm Càn',27,298),(5704,'Thị trấn Mường Xén',27,298),(5705,'Xã Mỹ Lý',27,298),(5706,'Xã Bắc Lý',27,298),(5707,'Xã Keng Đu',27,298),(5708,'Xã Đoọc Mạy',27,298),(5709,'Xã Huồi Tụ',27,298),(5710,'Xã Mường Lống',27,298),(5711,'Xã Nậm Cắn',27,298),(5712,'Xã Phà Đánh',27,298),(5713,'Xã Bảo Thắng',27,298),(5714,'Xã Tà Cạ',27,298),(5715,'Xã Chiêu Lưu',27,298),(5716,'Xã Mường Típ',27,298),(5717,'Xã Tây Sơn',27,298),(5718,'Xã Na Ngoi',27,298),(5719,'Xã Châu Hồng',27,299),(5720,'Xã Châu Đình',27,299),(5721,'Xã Châu Tiến',27,299),(5722,'Xã Liên Hợp',27,299),(5723,'Xã Châu Quang',27,299),(5724,'Xã Châu Thái',27,299),(5725,'Xã Châu Lý',27,299),(5726,'Thị trấn Quỳ Hợp',27,299),(5727,'Xã Yên Hợp',27,299),(5728,'Xã Đồng Hợp',27,299),(5729,'Xã Châu Thành',27,299),(5730,'Xã Châu Lộc',27,299),(5731,'Xã Tam Hợp',27,299),(5732,'Xã Châu Cường',27,299),(5733,'Xã Thọ Hợp',27,299),(5734,'Xã Minh Hợp',27,299),(5735,'Xã Nghĩa Xuân',27,299),(5736,'Xã Văn Lợi',27,299),(5737,'Xã Nam Sơn',27,299),(5738,'Xã Hạ Sơn',27,299),(5739,'Xã Bắc Sơn',27,299),(5740,'Xã Nghĩa Hưng',27,300),(5741,'Xã Nghĩa Yên',27,300),(5742,'Xã Nghĩa Lợi',27,300),(5743,'Xã Nghĩa Phú',27,300),(5744,'Xã Nghĩa Trung',27,300),(5745,'Xã Nghĩa Tiến',27,300),(5746,'Xã Nghĩa Mai',27,300),(5747,'Xã Nghĩa Lạc',27,300),(5748,'Xã Nghĩa Lâm',27,300),(5749,'Xã Nghĩa Sơn',27,300),(5750,'Xã Nghĩa Bình',27,300),(5751,'Xã Nghĩa Thọ',27,300),(5752,'Xã Nghĩa Minh',27,300),(5753,'Xã Nghĩa Hồng',27,300),(5754,'Xã Nghĩa Thịnh',27,300),(5755,'Xã Nghĩa Hội',27,300),(5756,'Xã Nghĩa Tân',27,300),(5757,'Xã Nghĩa Thắng',27,300),(5758,'Xã Nghĩa Hiếu',27,300),(5759,'Xã Nghĩa Liên',27,300),(5760,'Xã Nghĩa Đức',27,300),(5761,'Xã Nghĩa An',27,300),(5762,'Xã Nghĩa Long',27,300),(5763,'Xã Nghĩa Khánh',27,300),(5764,'Phưòng Hoà Hiếu',27,301),(5765,'Phường Quang Tiến',27,301),(5766,'Phường Long Sơn',27,301),(5767,'Phường Quang Phong',27,301),(5768,'Xã Nghĩa Mỹ',27,301),(5769,'Xã Nghĩa Thuận',27,301),(5770,'Xã Nghĩa Tiến',27,301),(5771,'Xã Đông Hiếu',27,301),(5772,'Xã Tây Hiếu',27,301),(5773,'Xã Nghĩa Hoà',27,301),(5774,'Xã Nga My',27,302),(5775,'Xã Tam Hợp',27,302),(5776,'Xã Hữu Khuông',27,302),(5777,'Xã Xiêng My',27,302),(5778,'Xã Yên Hòa',27,302),(5779,'Xã Thạch Giám',27,302),(5780,'Xã Tam Quang',27,302),(5781,'Thị trấn Hòa Bình',27,302),(5782,'Xã Mai Sơn',27,302),(5783,'Xã Nhôn Mai',27,302),(5784,'Xã Yên Tĩnh',27,302),(5785,'Xã Lưỡng Minh',27,302),(5786,'Xã Yên Na',27,302),(5787,'Xã Lưu Kiền',27,302),(5788,'Xã Xá Lượng',27,302),(5789,'Xã Tam Thái',27,302),(5790,'Xã Tam Đình',27,302),(5791,'Xã Yên Thắng',27,302),(5792,'Xã Quỳnh Bảng',27,303),(5793,'Xã Quỳnh Diễn',27,303),(5794,'Xã Quỳnh Trang',27,303),(5795,'Xã Quỳnh Yên',27,303),(5796,'Xã Quỳnh Hưng',27,303),(5797,'Xã An Hòa',27,303),(5798,'Xã Quỳnh Thuận',27,303),(5799,'Xã Quỳnh Tam',27,303),(5800,'Xã Quỳnh Thắng',27,303),(5801,'Xã Quỳnh Lập',27,303),(5802,'Xã Mai Hùng',27,303),(5803,'Xã Quỳnh Liên',27,303),(5804,'Xã Quỳnh Hoa',27,303),(5805,'Xã Quỳnh Thạch',27,303),(5806,'Xã Quỳnh Mỹ',27,303),(5807,'Xã Quỳnh Thanh',27,303),(5808,'Xã Quỳnh Hậu',27,303),(5809,'Xã Quỳnh Lâm',27,303),(5810,'Xã Quỳnh Đôi',27,303),(5811,'Xã Quỳnh Lương',27,303),(5812,'Xã Quỳnh Hồng',27,303),(5813,'Xã Quỳnh Bá',27,303),(5814,'Xã Quỳnh Minh',27,303),(5815,'Xã Quỳnh Giang',27,303),(5816,'Xã Quỳnh Ngọc',27,303),(5817,'Xã Quỳnh Nghĩa',27,303),(5818,'Xã Tiến Thủy',27,303),(5819,'Xã Sơn Hải',27,303),(5820,'Xã Quỳnh Thọ',27,303),(5821,'Xã Quỳnh Long',27,303),(5822,'Xã Tân Thắng',27,303),(5823,'Thị trấn Cầu Giát',27,303),(5824,'Xã Quỳnh Vinh',27,303),(5825,'Xã Quỳnh Lộc',27,303),(5826,'Thị trấn Hoàng Mai',27,303),(5827,'Xã Quỳnh Tân',27,303),(5828,'Xã Quỳnh Châu',27,303),(5829,'Xã Quỳnh Dị',27,303),(5830,'Xã Quỳnh Xuân',27,303),(5831,'Xã Quỳnh Phương',27,303),(5832,'Xã Tân Sơn',27,303),(5833,'Xã Quỳnh Văn',27,303),(5834,'Xã Ngọc Sơn',27,303),(5835,'Xã Tân Hợp',27,304),(5836,'Xã Tân An',27,304),(5837,'Thị trấn Tân Kỳ',27,304),(5838,'Xã Giai Xuân',27,304),(5839,'Xã Nghĩa Thái',27,304),(5840,'Xã Tiên Kỳ',27,304),(5841,'Xã Kỳ Sơn',27,304),(5842,'Xã Nghĩa Hành',27,304),(5843,'Xã Tân Phú',27,304),(5844,'Xã Tân Xuân',27,304),(5845,'Xã Nghĩa Bình',27,304),(5846,'Xã Nghĩa Đồng',27,304),(5847,'Xã Đồng Văn',27,304),(5848,'Xã Nghĩa Hợp',27,304),(5849,'Xã Nghĩa Hoàn',27,304),(5850,'Xã Nghĩa Phúc',27,304),(5851,'Xã Nghĩa Dũng',27,304),(5852,'Xã Tân Long',27,304),(5853,'Xã Hương Sơn',27,304),(5854,'Xã Kỳ Tân',27,304),(5855,'Xã Phú Sơn',27,304),(5856,'Xã Tân Sơn',27,304),(5857,'Thị trấn Con Cuông',27,305),(5858,'Xã Bình Chuẩn',27,305),(5859,'Xã Đôn Phục',27,305),(5860,'Xã Bồng Khê',27,305),(5861,'Xã Lạng Khê',27,305),(5862,'Xã Cam Lâm',27,305),(5863,'Xã Thạch Ngàn',27,305),(5864,'Xã Mậu Đức',27,305),(5865,'Xã Châu Khê',27,305),(5866,'Xã Chi Khê',27,305),(5867,'Xã Yên Khê',27,305),(5868,'Xã Lục Dạ',27,305),(5869,'Xã Môn Sơn',27,305),(5870,'Xã Đức Thành',27,306),(5871,'Xã Tăng Thành',27,306),(5872,'Xã Lý Thành',27,306),(5873,'Xã Tân Thành',27,306),(5874,'Xã Đô Thành',27,306),(5875,'Xã Phúc Thành',27,306),(5876,'Xã Hoa Thành',27,306),(5877,'Xã Hợp Thành',27,306),(5878,'Xã Trung Thành',27,306),(5879,'Xã Vĩnh Thành',27,306),(5880,'Xã Đại Thành',27,306),(5881,'Xã Công Thành',27,306),(5882,'Thị trấn Yên Thành',27,306),(5883,'Xã Mã Thành',27,306),(5884,'Xã Lăng Thành',27,306),(5885,'Xã Kim Thành',27,306),(5886,'Xã Hậu Thành',27,306),(5887,'Xã Thọ Thành',27,306),(5888,'Xã Quang Thành',27,306),(5889,'Xã Tây Thành',27,306),(5890,'Xã Hồng Thành',27,306),(5891,'Xã Đồng Thành',27,306),(5892,'Xã Phú Thành',27,306),(5893,'Xã Văn Thành',27,306),(5894,'Xã Thịnh Thành',27,306),(5895,'Xã Xuân Thành',27,306),(5896,'Xã Bắc Thành',27,306),(5897,'Xã Nhân Thành',27,306),(5898,'Xã Long Thành',27,306),(5899,'Xã Minh Thành',27,306),(5900,'Xã Nam Thành',27,306),(5901,'Xã Khánh Thành',27,306),(5902,'Xã Viên Thành',27,306),(5903,'Xã Liên Thành',27,306),(5904,'Xã Bảo Thành',27,306),(5905,'Xã Mỹ Thành',27,306),(5906,'Xã Sơn Thành',27,306),(5907,'Xã Tiến Thành',27,306),(5908,'Xã Hùng Thành',27,306),(5909,'Xã Diễn Thọ',27,307),(5910,'Xã Diễn Yên',27,307),(5911,'Xã Diễn Xuân',27,307),(5912,'Xã Diễn Bình',27,307),(5913,'Xã Diễn Đoài',27,307),(5914,'Xã Diễn Hùng',27,307),(5915,'Xã Diễn Hải',27,307),(5916,'Xã Diễn Kim',27,307),(5917,'Xã Diễn Đồng',27,307),(5918,'Xã Diễn Quảng',27,307),(5919,'Xã Diễn Phúc',27,307),(5920,'Xã Diễn Lợi',27,307),(5921,'Xã Diễn Lộc',27,307),(5922,'Xã Diễn Trung',27,307),(5923,'Xã Diễn An',27,307),(5924,'Xã Diễn Phú',27,307),(5925,'Xã Diễn Thắng',27,307),(5926,'Thị trấn Diễn Châu',27,307),(5927,'Xã Diễn Lâm',27,307),(5928,'Xã Diễn Trường',27,307),(5929,'Xã Diễn Hoàng',27,307),(5930,'Xã Diễn Mỹ',27,307),(5931,'Xã Diễn Hồng',27,307),(5932,'Xã Diễn Phong',27,307),(5933,'Xã Diễn Tháp',27,307),(5934,'Xã Diễn Liên',27,307),(5935,'Xã Diễn Vạn',27,307),(5936,'Xã Diễn Kỷ',27,307),(5937,'Xã Diễn Thái',27,307),(5938,'Xã Diễn Bích',27,307),(5939,'Xã Diễn Hạnh',27,307),(5940,'Xã Diễn Ngọc',27,307),(5941,'Xã Diễn Nguyên',27,307),(5942,'Xã Diễn Hoa',27,307),(5943,'Xã Diễn Thành',27,307),(5944,'Xã Diễn Minh',27,307),(5945,'Xã Diễn Cát',27,307),(5946,'Xã Diễn Thịnh',27,307),(5947,'Xã Diễn Tân',27,307),(5948,'Xã Thọ Sơn',27,308),(5949,'Xã Lạng Sơn',27,308),(5950,'Xã Bình Sơn',27,308),(5951,'Xã Cẩm Sơn',27,308),(5952,'Xã Tào Sơn',27,308),(5953,'Xã Thạch Sơn',27,308),(5954,'Xã Lĩnh Sơn',27,308),(5955,'Thị trấn Anh Sơn',27,308),(5956,'Xã Thành Sơn',27,308),(5957,'Xã Tam Sơn',27,308),(5958,'Xã Đỉnh Sơn',27,308),(5959,'Xã Hùng Sơn',27,308),(5960,'Xã Đức Sơn',27,308),(5961,'Xã Tường Sơn',27,308),(5962,'Xã Vĩnh Sơn',27,308),(5963,'Xã Hội Sơn',27,308),(5964,'Xã Phúc Sơn',27,308),(5965,'Xã Long Sơn',27,308),(5966,'Xã Khai Sơn',27,308),(5967,'Xã Cao Sơn',27,308),(5968,'Xã Hoa Sơn',27,308),(5969,'Xã Bồi Sơn',27,309),(5970,'Xã Nam Sơn',27,309),(5971,'Xã Thuận Sơn',27,309),(5972,'Xã Mỹ Sơn',27,309),(5973,'Xã Minh Sơn',27,309),(5974,'Xã Lam Sơn',27,309),(5975,'Xã Ngọc Sơn',27,309),(5976,'Xã Hòa Sơn',27,309),(5977,'Xã Lưu Sơn',27,309),(5978,'Xã Đà Sơn',27,309),(5979,'Xã Quang Sơn',27,309),(5980,'Thị trấn Đô Lương',27,309),(5981,'Xã Hồng Sơn',27,309),(5982,'Xã Bài Sơn',27,309),(5983,'Xã Bắc Sơn',27,309),(5984,'Xã Tràng Sơn',27,309),(5985,'Xã Thượng Sơn',27,309),(5986,'Xã Đặng Sơn',27,309),(5987,'Xã Đông Sơn',27,309),(5988,'Xã Yên Sơn',27,309),(5989,'Xã Văn Sơn',27,309),(5990,'Xã Lạc Sơn',27,309),(5991,'Xã Tân Sơn',27,309),(5992,'Xã Thái Sơn',27,309),(5993,'Xã Thịnh Sơn',27,309),(5994,'Xã Trung Sơn',27,309),(5995,'Xã Xuân Sơn',27,309),(5996,'Xã Nhân Sơn',27,309),(5997,'Xã Hiến Sơn',27,309),(5998,'Xã Trù Sơn',27,309),(5999,'Xã Đại Sơn',27,309),(6000,'Xã Giang Sơn Đông',27,309),(6001,'Xã Giang Sơn Tây',27,309),(6002,'Xã Thanh Phong',27,310),(6003,'Xã Ngọc Sơn',27,310),(6004,'Xã Thanh Yên',27,310),(6005,'Xã Thanh Đức',27,310),(6006,'Xã Cát Văn',27,310),(6007,'Xã Thanh Hòa',27,310),(6008,'Xã Thanh Tiên',27,310),(6009,'Xã Thanh Văn',27,310),(6010,'Xã Thanh Lĩnh',27,310),(6011,'Xã Thanh Chi',27,310),(6012,'Xã Thanh Khê',27,310),(6013,'Xã Thanh Khai',27,310),(6014,'Xã Thanh Tùng',27,310),(6015,'Xã Thanh Xuân',27,310),(6016,'Thị trấn Thanh Chương',27,310),(6017,'Xã Thanh Nho',27,310),(6018,'Xã Hạnh Lâm',27,310),(6019,'Xã Phong Thịnh',27,310),(6020,'Xã Thanh Mỹ',27,310),(6021,'Xã Thanh Hưng',27,310),(6022,'Xã Thanh Liên',27,310),(6023,'Xã Thanh Tường',27,310),(6024,'Xã Thanh Đồng',27,310),(6025,'Xã Thanh Ngọc',27,310),(6026,'Xã Thanh Hương',27,310),(6027,'Xã Đồng Văn',27,310),(6028,'Xã Thanh Thịnh',27,310),(6029,'Xã Thanh An',27,310),(6030,'Xã Xuân Tường',27,310),(6031,'Xã Thanh Dương',27,310),(6032,'Xã Thanh Lương',27,310),(6033,'Xã Võ Liệt',27,310),(6034,'Xã Thanh Long',27,310),(6035,'Xã Thanh Thủy',27,310),(6036,'Xã Thanh Hà',27,310),(6037,'Xã Thanh Giang',27,310),(6038,'Xã Thanh Lâm',27,310),(6039,'Xã Thanh Mai',27,310),(6040,'Xã Thanh Sơn',27,310),(6041,'Xã Ngọc Lâm',27,310),(6042,'Xã Nghi Quang',27,311),(6043,'Xã Nghi Công Nam',27,311),(6044,'Xã Nghi Thái',27,311),(6045,'Xã Nghi Phương',27,311),(6046,'Xã Nghi Hợp',27,311),(6047,'Xã Nghi Công Bắc',27,311),(6048,'Xã Nghi Trường',27,311),(6049,'Xã Nghi Vạn',27,311),(6050,'Thị trấn Quán Hành',27,311),(6051,'Xã Nghi Văn',27,311),(6052,'Xã Nghi Yên',27,311),(6053,'Xã Nghi Tiến',27,311),(6054,'Xã Nghi Hưng',27,311),(6055,'Xã Nghi Đồng',27,311),(6056,'Xã Nghi Thiết',27,311),(6057,'Xã Nghi Lâm',27,311),(6058,'Xã Nghi Kiều',27,311),(6059,'Xã Nghi Mỹ',27,311),(6060,'Xã Nghi Thuận',27,311),(6061,'Xã Nghi Long',27,311),(6062,'Xã Nghi Xá',27,311),(6063,'Xã Nghi Hoa',27,311),(6064,'Xã Nghi Khánh',27,311),(6065,'Xã Nghi Thịnh',27,311),(6066,'Xã Nghi Thạch',27,311),(6067,'Xã Nghi Trung',27,311),(6068,'Xã Nghi Diên',27,311),(6069,'Xã Nghi Phong',27,311),(6070,'Xã Nghi Xuân',27,311),(6071,'Xã Phúc Thọ',27,311),(6072,'Xã Nam Kim',27,312),(6073,'Xã Hùng Tiến',27,312),(6074,'Xã Nam Hưng',27,312),(6075,'Xã Nam Xuân',27,312),(6076,'Xã Nam Giang',27,312),(6077,'Xã Nam Tân',27,312),(6078,'Xã Xuân Lâm',27,312),(6079,'Xã Nam Cường',27,312),(6080,'Thị trấn Nam Đàn',27,312),(6081,'Xã Nam Nghĩa',27,312),(6082,'Xã Nam Thanh',27,312),(6083,'Xã Nam Anh',27,312),(6084,'Xã Nam Thái',27,312),(6085,'Xã Vân Diên',27,312),(6086,'Xã Nam Lĩnh',27,312),(6087,'Xã Xuân Hòa',27,312),(6088,'Xã Nam Thượng',27,312),(6089,'Xã Kim Liên',27,312),(6090,'Xã Nam Lộc',27,312),(6091,'Xã Hồng Long',27,312),(6092,'Xã Nam Cát',27,312),(6093,'Xã Khánh Sơn',27,312),(6094,'Xã Nam Phúc',27,312),(6095,'Xã Nam Trung',27,312),(6096,'Xã Hưng Lợi',27,313),(6097,'Xã Hưng Trung',27,313),(6098,'Xã Hưng Đạo',27,313),(6099,'Xã Hưng Thông',27,313),(6100,'Xã Hưng Phúc',27,313),(6101,'Xã Hưng Châu',27,313),(6102,'Xã Hưng Khánh',27,313),(6103,'Thị trấn Hưng Nguyên',27,313),(6104,'Xã Hưng Yên',27,313),(6105,'Xã Hưng Tây',27,313),(6106,'Xã Hưng Mỹ',27,313),(6107,'Xã Hưng Thịnh',27,313),(6108,'Xã Hưng Lĩnh',27,313),(6109,'Xã Hưng Tân',27,313),(6110,'Xã Hưng Thắng',27,313),(6111,'Xã Hưng Long',27,313),(6112,'Xã Hưng Tiến',27,313),(6113,'Xã Hưng Xá',27,313),(6114,'Xã Hưng Xuân',27,313),(6115,'Xã Hưng Nhân',27,313),(6116,'Xã Hưng Phú',27,313),(6117,'Xã Hưng Lam',27,313),(6118,'Phường Thạch Linh',28,314),(6119,'Phường Nam Hà',28,314),(6120,'Phường Hà Huy Tập',28,314),(6121,'Xã Thạch Hạ',28,314),(6122,'Xã Thạch Bình',28,314),(6123,'Phường Trần Phú',28,314),(6124,'Phường Bắc Hà',28,314),(6125,'Phường Tân Giang',28,314),(6126,'Phường Đại Nài',28,314),(6127,'Xã Thạch Trung',28,314),(6128,'Phường Thạch Quý',28,314),(6129,'Phường Văn Yên',28,314),(6130,'Xã Thạch Môn',28,314),(6131,'Xã Thạch Đồng',28,314),(6132,'Xã Thạch Hưng',28,314),(6133,'Phường Nguyễn Du',28,314),(6134,'Phường Nam Hồng',28,315),(6135,'Xã Trung Lương',28,315),(6136,'Xã Đức Thuận',28,315),(6137,'Xã Đậu Liêu',28,315),(6138,'Xã Thuận Lộc',28,315),(6139,'Phường Bắc Hồng',28,315),(6140,'Thị trấn Nghi Xuân',28,316),(6141,'Xã Xuân Liên',28,316),(6142,'Xã Xuân Hội',28,316),(6143,'Xã Xuân Phổ',28,316),(6144,'Xã Xuân Yên',28,316),(6145,'Xã Xuân Hồng',28,316),(6146,'Xã Xuân Lam',28,316),(6147,'Thị trấn Xuân An',28,316),(6148,'Xã Xuân Trường',28,316),(6149,'Xã Xuân Đan',28,316),(6150,'Xã Xuân Hải',28,316),(6151,'Xã Xuân Giang',28,316),(6152,'Xã Tiên Điền',28,316),(6153,'Xã Xuân Mỹ',28,316),(6154,'Xã Xuân Thành',28,316),(6155,'Xã Xuân Viên',28,316),(6156,'Xã Cổ Đạm',28,316),(6157,'Xã Xuân Lĩnh',28,316),(6158,'Xã Cương Gián',28,316),(6159,'Xã Trường Sơn',28,317),(6160,'Xã Đức Hòa',28,317),(6161,'Xã Đức Vĩnh',28,317),(6162,'Xã Liên Minh',28,317),(6163,'Xã Tùng ảnh',28,317),(6164,'Xã Đức Thủy',28,317),(6165,'Xã Đức Long',28,317),(6166,'Xã Đức Lập',28,317),(6167,'Xã Đức Lạng',28,317),(6168,'Thị trấn Đức Thọ',28,317),(6169,'Xã Đức Quang',28,317),(6170,'Xã Đức Châu',28,317),(6171,'Xã Đức Tùng',28,317),(6172,'Xã Đức La',28,317),(6173,'Xã Yên Hồ',28,317),(6174,'Xã Đức Nhân',28,317),(6175,'Xã Bùi Xá',28,317),(6176,'Xã Đức Thịnh',28,317),(6177,'Xã Đức Yên',28,317),(6178,'Xã Thái Yên',28,317),(6179,'Xã Trung Lễ',28,317),(6180,'Xã Đức Lâm',28,317),(6181,'Xã Đức Thanh',28,317),(6182,'Xã Đức Dũng',28,317),(6183,'Xã Đức An',28,317),(6184,'Xã Đức Lạc',28,317),(6185,'Xã Đức Đồng',28,317),(6186,'Xã Tân Hương',28,317),(6187,'Xã Sơn Hồng',28,318),(6188,'Xã Sơn Ninh',28,318),(6189,'Xã Sơn Diệm',28,318),(6190,'Xã Sơn Lâm',28,318),(6191,'Xã Sơn Giang',28,318),(6192,'Xã Sơn Mỹ',28,318),(6193,'Xã Sơn Châu',28,318),(6194,'Xã Sơn Bằng',28,318),(6195,'Xã Sơn Trà',28,318),(6196,'Xã Sơn Hàm',28,318),(6197,'Xã Sơn Mai',28,318),(6198,'Thị trấn Phố Châu',28,318),(6199,'Thị trấn Tây Sơn',28,318),(6200,'Xã Sơn Tiến',28,318),(6201,'Xã Sơn Lễ',28,318),(6202,'Xã Sơn Thịnh',28,318),(6203,'Xã Sơn An',28,318),(6204,'Xã Sơn Lĩnh',28,318),(6205,'Xã Sơn Hòa',28,318),(6206,'Xã Sơn Tân',28,318),(6207,'Xã Sơn Tây',28,318),(6208,'Xã Sơn Hà',28,318),(6209,'Xã Sơn Quang',28,318),(6210,'Xã Sơn Trung',28,318),(6211,'Xã Sơn Bình',28,318),(6212,'Xã Sơn Kim 1',28,318),(6213,'Xã Sơn Kim 2',28,318),(6214,'Xã Sơn Long',28,318),(6215,'Xã Sơn Thủy',28,318),(6216,'Xã Sơn Phú',28,318),(6217,'Xã Sơn Phúc',28,318),(6218,'Xã Sơn Trường',28,318),(6219,'Xã Gia Hanh',28,319),(6220,'Xã Sơn Lộc',28,319),(6221,'Xã Khánh Lộc',28,319),(6222,'Xã Kim Lộc',28,319),(6223,'Xã Song Lộc',28,319),(6224,'Xã Vĩnh Lộc',28,319),(6225,'Xã Tiến Lộc',28,319),(6226,'Xã Trung Lộc',28,319),(6227,'Xã Xuân Lộc',28,319),(6228,'Xã Thượng Lộc',28,319),(6229,'Xã Quang Lộc',28,319),(6230,'Xã Đồng Lộc',28,319),(6231,'Xã Mỹ Lộc',28,319),(6232,'Thị trấn Nghèn',28,319),(6233,'Xã Thiên Lộc',28,319),(6234,'Xã Thuần Thiện',28,319),(6235,'Xã Vượng Lộc',28,319),(6236,'Xã Thanh Lộc',28,319),(6237,'Xã Thường Nga',28,319),(6238,'Xã Trường Lộc',28,319),(6239,'Xã Tùng Lộc',28,319),(6240,'Xã Yên Lộc',28,319),(6241,'Xã Phú Lộc',28,319),(6242,'Thị trấn Thạch Hà',28,320),(6243,'Xã Thạch Lạc',28,320),(6244,'Xã Thạch Xuân',28,320),(6245,'Xã Thạch Bàn',28,320),(6246,'Xã Thạch Kênh',28,320),(6247,'Xã Phù Việt',28,320),(6248,'Xã Việt Xuyên',28,320),(6249,'Xã Thạch Ngọc',28,320),(6250,'Xã Thạch Thắng',28,320),(6251,'Xã Thạch Hội',28,320),(6252,'Xã Thạch Hương',28,320),(6253,'Xã Ngọc Sơn',28,320),(6254,'Xã Thạch Hải',28,320),(6255,'Xã Thạch Sơn',28,320),(6256,'Xã Thạch Liên',28,320),(6257,'Xã Thạch Đỉnh',28,320),(6258,'Xã Thạch Khê',28,320),(6259,'Xã Thạch Long',28,320),(6260,'Xã Thạch Tiến',28,320),(6261,'Xã Thạch Thanh',28,320),(6262,'Xã Thạch Trị',28,320),(6263,'Xã Tượng Sơn',28,320),(6264,'Xã Thạch Văn',28,320),(6265,'Xã Thạch Vĩnh',28,320),(6266,'Xã Thạch Lưu',28,320),(6267,'Xã Thạch Đài',28,320),(6268,'Xã Bắc Sơn',28,320),(6269,'Xã Thạch Tân',28,320),(6270,'Xã Thạch Lâm',28,320),(6271,'Xã Nam Hương',28,320),(6272,'Xã Thạch Điền',28,320),(6273,'Xã Cẩm Thành',28,321),(6274,'Xã Cẩm Lộc',28,321),(6275,'Xã Cẩm Sơn',28,321),(6276,'Xã Cẩm Hưng',28,321),(6277,'Thị trấn Cẩm Xuyên',28,321),(6278,'Xã Cẩm Yên',28,321),(6279,'Xã Cẩm Nam',28,321),(6280,'Xã Cẩm Nhượng',28,321),(6281,'Xã Cẩm Quan',28,321),(6282,'Thị trấn Thiên Cầm',28,321),(6283,'Xã Cẩm Hòa',28,321),(6284,'Xã Cẩm Dương',28,321),(6285,'Xã Cẩm Bình',28,321),(6286,'Xã Cẩm Vĩnh',28,321),(6287,'Xã Cẩm Quang',28,321),(6288,'Xã Cẩm Huy',28,321),(6289,'Xã Cẩm Thạch',28,321),(6290,'Xã Cẩm Thăng',28,321),(6291,'Xã Cẩm Duệ',28,321),(6292,'Xã Cẩm Phúc',28,321),(6293,'Xã Cẩm Lĩnh',28,321),(6294,'Xã Cẩm Hà',28,321),(6295,'Xã Cẩm Thịnh',28,321),(6296,'Xã Cẩm Mỹ',28,321),(6297,'Xã Cẩm Trung',28,321),(6298,'Xã Cẩm Lạc',28,321),(6299,'Xã Cẩm Minh',28,321),(6300,'Xã Hương Long',28,322),(6301,'Thị trấn Hương Khê',28,322),(6302,'Xã Phương Điền',28,322),(6303,'Xã Hương Bình',28,322),(6304,'Xã Phú Phong',28,322),(6305,'Xã Phúc Trạch',28,322),(6306,'Xã Hương Liên',28,322),(6307,'Xã Phương Mỹ',28,322),(6308,'Xã Hà Linh',28,322),(6309,'Xã Hương Thủy',28,322),(6310,'Xã Hòa Hải',28,322),(6311,'Xã Phúc Đồng',28,322),(6312,'Xã Hương Giang',28,322),(6313,'Xã Lộc Yên',28,322),(6314,'Xã Phú Gia',28,322),(6315,'Xã Gia Phố',28,322),(6316,'Xã Hương Đô',28,322),(6317,'Xã Hương Vĩnh',28,322),(6318,'Xã Hương Xuân',28,322),(6319,'Xã Hương Trà',28,322),(6320,'Xã Hương Trạch',28,322),(6321,'Xã Hương Lâm',28,322),(6322,'Xã Kỳ Hà',28,323),(6323,'Xã Kỳ Phương',28,323),(6324,'Xã Kỳ Phong',28,323),(6325,'Xã Kỳ Xuân',28,323),(6326,'Xã Kỳ Tiến',28,323),(6327,'Xã Kỳ Ninh',28,323),(6328,'Xã Kỳ Thọ',28,323),(6329,'Xã Kỳ Long',28,323),(6330,'Xã Kỳ Sơn',28,323),(6331,'Xã Kỳ Thượng',28,323),(6332,'Xã Kỳ Hải',28,323),(6333,'Xã Kỳ Thư',28,323),(6334,'Xã Kỳ Châu',28,323),(6335,'Xã Kỳ Tân',28,323),(6336,'Xã Kỳ Hưng',28,323),(6337,'Xã Kỳ Trinh',28,323),(6338,'Xã Kỳ Thịnh',28,323),(6339,'Xã Kỳ Hợp',28,323),(6340,'Xã Kỳ Hoa',28,323),(6341,'Xã Kỳ Lâm',28,323),(6342,'Xã Kỳ Liên',28,323),(6343,'Xã Kỳ Nam',28,323),(6344,'Xã Kỳ Lạc',28,323),(6345,'Thị trấn Kỳ Anh',28,323),(6346,'Xã Kỳ Bắc',28,323),(6347,'Xã Kỳ Phú',28,323),(6348,'Xã Kỳ Giang',28,323),(6349,'Xã Kỳ Đồng',28,323),(6350,'Xã Kỳ Khang',28,323),(6351,'Xã Kỳ Văn',28,323),(6352,'Xã Kỳ Trung',28,323),(6353,'Xã Kỳ Tây',28,323),(6354,'Xã Kỳ Lợi',28,323),(6355,'Xã ân Phú',28,324),(6356,'Xã Đức Giang',28,324),(6357,'Xã Đức Bồng',28,324),(6358,'Xã Hương Minh',28,324),(6359,'Thị trấn Vũ Quang',28,324),(6360,'Xã Đức Lĩnh',28,324),(6361,'Xã Sơn Thọ',28,324),(6362,'Xã Đức Hương',28,324),(6363,'Xã Đức Liên',28,324),(6364,'Xã Hương Điền',28,324),(6365,'Xã Hương Thọ',28,324),(6366,'Xã Hương Quang',28,324),(6367,'Xã Thạch Bằng',28,325),(6368,'Xã Thạch Châu',28,325),(6369,'Xã Thạch Kim',28,325),(6370,'Xã Thạch Mỹ',28,325),(6371,'Xã Mai Phụ',28,325),(6372,'Xã Hộ Độ',28,325),(6373,'Xã Bình Lộc',28,325),(6374,'Xã Thịnh Lộc',28,325),(6375,'Xã Phù Lưu',28,325),(6376,'Xã ích Hậu',28,325),(6377,'Xã Hồng Lộc',28,325),(6378,'Xã Tân Lộc',28,325),(6379,'Xã An Lộc',28,325),(6380,'Xã Nghĩa Ninh',29,326),(6381,'Phường Bắc Lý',29,326),(6382,'Phường Phú Hải',29,326),(6383,'Xã Lộc Ninh',29,326),(6384,'Xã Đức Ninh',29,326),(6385,'Phường Hải Thành',29,326),(6386,'Phường Đồng Phú',29,326),(6387,'Phường Đồng Mỹ',29,326),(6388,'Phường Nam Lý',29,326),(6389,'Phường Hải Đình',29,326),(6390,'Phường Đồng Sơn',29,326),(6391,'Phường Bắc Nghĩa',29,326),(6392,'Phường Đức Ninh Đông',29,326),(6393,'Xã Quang Phú',29,326),(6394,'Xã Bảo Ninh',29,326),(6395,'Xã Thuận Đức',29,326),(6396,'Xã Thanh Thạch',29,327),(6397,'Xã Cao Quảng',29,327),(6398,'Xã Kim Hóa',29,327),(6399,'Xã Lâm Hóa',29,327),(6400,'Xã Ngư Hóa',29,327),(6401,'Xã Đức Hóa',29,327),(6402,'Xã Châu Hóa',29,327),(6403,'Thị trấn Đồng Lê',29,327),(6404,'Xã Hương Hóa',29,327),(6405,'Xã Thanh Hóa',29,327),(6406,'Xã Thuận Hóa',29,327),(6407,'Xã Lê Hóa',29,327),(6408,'Xã Sơn Hoá',29,327),(6409,'Xã Đồng Hóa',29,327),(6410,'Xã Nam Hoá',29,327),(6411,'Xã Thạch Hóa',29,327),(6412,'Xã Phong Hóa',29,327),(6413,'Xã Mai Hóa',29,327),(6414,'Xã Tiến Hóa',29,327),(6415,'Xã Văn Hóa',29,327),(6416,'Xã Yên Hóa',29,328),(6417,'Xã Hóa Phúc',29,328),(6418,'Xã Hóa Tiến',29,328),(6419,'Xã Minh Hóa',29,328),(6420,'Xã Trung Hóa',29,328),(6421,'Thị trấn Quy Đạt',29,328),(6422,'Xã Dân Hóa',29,328),(6423,'Xã Trọng Hoá',29,328),(6424,'Xã Hồng Hóa',29,328),(6425,'Xã Hóa Thanh',29,328),(6426,'Xã Hóa Hợp',29,328),(6427,'Xã Xuân Hóa',29,328),(6428,'Xã Tân Hóa',29,328),(6429,'Xã Hóa Sơn',29,328),(6430,'Xã Quy Hóa',29,328),(6431,'Xã Thượng Hóa',29,328),(6432,'Xã Quảng Tiến',29,329),(6433,'Xã Quảng Trung',29,329),(6434,'Xã Quảng Hợp',29,329),(6435,'Xã Quảng Châu',29,329),(6436,'Xã Cảnh Dương',29,329),(6437,'Xã Cảnh Hóa',29,329),(6438,'Xã Quảng Long',29,329),(6439,'Xã Quảng Thanh',29,329),(6440,'Xã Quảng Hải',29,329),(6441,'Xã Quảng Văn',29,329),(6442,'Thị trấn Ba Đồn',29,329),(6443,'Xã Quảng Kim',29,329),(6444,'Xã Quảng Đông',29,329),(6445,'Xã Quảng Phú',29,329),(6446,'Xã Quảng Thạch',29,329),(6447,'Xã Quảng Lưu',29,329),(6448,'Xã Quảng Tùng',29,329),(6449,'Xã Quảng Hưng',29,329),(6450,'Xã Quảng Xuân',29,329),(6451,'Xã Quảng Liên',29,329),(6452,'Xã Quảng Trường',29,329),(6453,'Xã Quảng Phương',29,329),(6454,'Xã Phù Hóa',29,329),(6455,'Xã Quảng Thọ',29,329),(6456,'Xã Quảng Tiên',29,329),(6457,'Xã Quảng Phong',29,329),(6458,'Xã Quảng Thuận',29,329),(6459,'Xã Quảng Tân',29,329),(6460,'Xã Quảng Sơn',29,329),(6461,'Xã Quảng Lộc',29,329),(6462,'Xã Quảng Thủy',29,329),(6463,'Xã Quảng Phúc',29,329),(6464,'Xã Quảng Hòa',29,329),(6465,'Xã Quảng Minh',29,329),(6466,'Xã Liên Trạch',29,330),(6467,'Xã Phú Định',29,330),(6468,'Xã Thượng Trạch',29,330),(6469,'Xã Đồng Trạch',29,330),(6470,'Xã Hoàn Trạch',29,330),(6471,'Xã Hoà Trạch',29,330),(6472,'Xã Nam Trạch',29,330),(6473,'Thị trấn NT Việt Trung',29,330),(6474,'Xã Xuân Trạch',29,330),(6475,'Xã Mỹ Trạch',29,330),(6476,'Xã Hạ Trạch',29,330),(6477,'Xã Bắc Trạch',29,330),(6478,'Xã Lâm Trạch',29,330),(6479,'Xã Thanh Trạch',29,330),(6480,'Xã Phúc Trạch',29,330),(6481,'Xã Cự Nẫm',29,330),(6482,'Xã Hải Trạch',29,330),(6483,'Xã Sơn Lộc',29,330),(6484,'Xã Phú Trạch',29,330),(6485,'Xã Hưng Trạch',29,330),(6486,'Xã Đức Trạch',29,330),(6487,'Xã Sơn Trạch',29,330),(6488,'Xã Vạn Trạch',29,330),(6489,'Xã Trung Trạch',29,330),(6490,'Xã Tây Trạch',29,330),(6491,'Xã Đại Trạch',29,330),(6492,'Xã Nhân Trạch',29,330),(6493,'Xã Tân Trạch',29,330),(6494,'Xã Lý Trạch',29,330),(6495,'Thị trấn Hoàn Lão',29,330),(6496,'Xã Vĩnh Ninh',29,331),(6497,'Xã An Ninh',29,331),(6498,'Xã Lương Ninh',29,331),(6499,'Xã Hàm Ninh',29,331),(6500,'Xã Tân Ninh',29,331),(6501,'Thị trấn Quán Hàu',29,331),(6502,'Xã Trường Sơn',29,331),(6503,'Xã Võ Ninh',29,331),(6504,'Xã Hải Ninh',29,331),(6505,'Xã Duy Ninh',29,331),(6506,'Xã Gia Ninh',29,331),(6507,'Xã Trường Xuân',29,331),(6508,'Xã Hiền Ninh',29,331),(6509,'Xã Xuân Ninh',29,331),(6510,'Xã Vạn Ninh',29,331),(6511,'Xã Ngân Thủy',29,332),(6512,'Xã Ngư Thủy Nam',29,332),(6513,'Thị trấn NT Lệ Ninh',29,332),(6514,'Xã An Thủy',29,332),(6515,'Xã Sơn Thủy',29,332),(6516,'Xã Dương Thủy',29,332),(6517,'Xã Mỹ Thủy',29,332),(6518,'Xã Sen Thủy',29,332),(6519,'Xã Văn Thủy',29,332),(6520,'Thị trấn Kiến Giang',29,332),(6521,'Xã Hồng Thủy',29,332),(6522,'Xã Ngư Thuỷ Bắc',29,332),(6523,'Xã Hoa Thủy',29,332),(6524,'Xã Thanh Thủy',29,332),(6525,'Xã Phong Thủy',29,332),(6526,'Xã Cam Thủy',29,332),(6527,'Xã Lộc Thủy',29,332),(6528,'Xã Ngư Thuỷ Trung',29,332),(6529,'Xã Liên Thủy',29,332),(6530,'Xã Hưng Thủy',29,332),(6531,'Xã Tân Thủy',29,332),(6532,'Xã Phú Thủy',29,332),(6533,'Xã Xuân Thủy',29,332),(6534,'Xã Mai Thủy',29,332),(6535,'Xã Thái Thủy',29,332),(6536,'Xã Kim Thủy',29,332),(6537,'Xã Trường Thủy',29,332),(6538,'Xã Lâm Thuỷ',29,332),(6539,'Phường Đông Lễ',30,333),(6540,'Phường 5',30,333),(6541,'Phường Đông Giang',30,333),(6542,'Phường 1',30,333),(6543,'Phường Đông Thanh',30,333),(6544,'Phường 2',30,333),(6545,'Phường 4',30,333),(6546,'Phường Đông Lương',30,333),(6547,'Phường 3',30,333),(6548,'Phường 1',30,334),(6549,'Phường 2',30,334),(6550,'Phường 3',30,334),(6551,'Phường An Đôn',30,334),(6552,'Xã Hải Lệ',30,334),(6553,'Xã Vĩnh Nam',30,335),(6554,'Xã Vĩnh Thái',30,335),(6555,'Xã Vĩnh Kim',30,335),(6556,'Xã Vĩnh Khê',30,335),(6557,'Xã Vĩnh Lâm',30,335),(6558,'Xã Vĩnh Hà',30,335),(6559,'Xã Vĩnh Sơn',30,335),(6560,'Xã Vĩnh Giang',30,335),(6561,'Xã Vĩnh ô',30,335),(6562,'Xã Vĩnh Quang',30,335),(6563,'Thị trấn Hồ Xá',30,335),(6564,'Thị trấn Bến Quan',30,335),(6565,'Xã Vĩnh Tú',30,335),(6566,'Xã Vĩnh Chấp',30,335),(6567,'Xã Vĩnh Trung',30,335),(6568,'Xã Vĩnh Thạch',30,335),(6569,'Xã Vĩnh Long',30,335),(6570,'Xã Vĩnh Hòa',30,335),(6571,'Xã Vĩnh Hiền',30,335),(6572,'Xã Vĩnh Thủy',30,335),(6573,'Xã Vĩnh Thành',30,335),(6574,'Xã Vĩnh Tân',30,335),(6575,'Xã Trung Giang',30,336),(6576,'Xã Linh Thượng',30,336),(6577,'Xã Trung Hải',30,336),(6578,'Xã Vĩnh Trường',30,336),(6579,'Xã Gio Châu',30,336),(6580,'Xã Gio Sơn',30,336),(6581,'Xã Linh Hải',30,336),(6582,'Thị trấn Gio Linh',30,336),(6583,'Thị trấn Cửa Việt',30,336),(6584,'Xã Trung Sơn',30,336),(6585,'Xã Gio Phong',30,336),(6586,'Xã Gio Mỹ',30,336),(6587,'Xã Gio Bình',30,336),(6588,'Xã Gio Hải',30,336),(6589,'Xã Gio An',30,336),(6590,'Xã Gio Thành',30,336),(6591,'Xã Gio Việt',30,336),(6592,'Xã Gio Hòa',30,336),(6593,'Xã Gio Mai',30,336),(6594,'Xã Hải Thái',30,336),(6595,'Xã Gio Quang',30,336),(6596,'Xã Cam Thanh',30,337),(6597,'Xã Cam Thủy',30,337),(6598,'Xã Cam Chính',30,337),(6599,'Thị trấn Cam Lộ',30,337),(6600,'Xã Cam Tuyền',30,337),(6601,'Xã Cam An',30,337),(6602,'Xã Cam Thành',30,337),(6603,'Xã Cam Hiếu',30,337),(6604,'Xã Cam Nghĩa',30,337),(6605,'Xã Triệu Đại',30,338),(6606,'Xã Triệu Vân',30,338),(6607,'Xã Triệu Thuận',30,338),(6608,'Xã Triệu Sơn',30,338),(6609,'Xã Triệu Trung',30,338),(6610,'Xã Triệu Thành',30,338),(6611,'Thị trấn ái Tử',30,338),(6612,'Xã Triệu An',30,338),(6613,'Xã Triệu Phước',30,338),(6614,'Xã Triệu Độ',30,338),(6615,'Xã Triệu Trạch',30,338),(6616,'Xã Triệu Hòa',30,338),(6617,'Xã Triệu Lăng',30,338),(6618,'Xã Triệu Long',30,338),(6619,'Xã Triệu Tài',30,338),(6620,'Xã Triệu Đông',30,338),(6621,'Xã Triệu ái',30,338),(6622,'Xã Triệu Thượng',30,338),(6623,'Xã Triệu Giang',30,338),(6624,'Thị trấn Hải Lăng',30,339),(6625,'Xã Hải Thành',30,339),(6626,'Xã Hải Tân',30,339),(6627,'Xã Hải Chánh',30,339),(6628,'Xã Hải Thiện',30,339),(6629,'Xã Hải Xuân',30,339),(6630,'Xã Hải Phú',30,339),(6631,'Xã Hải An',30,339),(6632,'Xã Hải Ba',30,339),(6633,'Xã Hải Quy',30,339),(6634,'Xã Hải Quế',30,339),(6635,'Xã Hải Vĩnh',30,339),(6636,'Xã Hải Lệ',30,339),(6637,'Xã Hải Thượng',30,339),(6638,'Xã Hải Dương',30,339),(6639,'Xã Hải Lâm',30,339),(6640,'Xã Hải Hòa',30,339),(6641,'Xã Hải Trường',30,339),(6642,'Xã Hải Thọ',30,339),(6643,'Xã Hải Sơn',30,339),(6644,'Xã Hải Khê',30,339),(6645,'Thị trấn Khe Sanh',30,340),(6646,'Xã Tân Liên',30,340),(6647,'Xã Hướng Linh',30,340),(6648,'Xã Tân Long',30,340),(6649,'Xã Thuận',30,340),(6650,'Xã Thanh',30,340),(6651,'Xã Xy',30,340),(6652,'Thị trấn Lao Bảo',30,340),(6653,'Xã Hướng Lập',30,340),(6654,'Xã Hướng Việt',30,340),(6655,'Xã Hướng Phùng',30,340),(6656,'Xã Hướng Sơn',30,340),(6657,'Xã Tân Hợp',30,340),(6658,'Xã Hướng Tân',30,340),(6659,'Xã Tân Thành',30,340),(6660,'Xã Tân Lập',30,340),(6661,'Xã Húc',30,340),(6662,'Xã Hướng Lộc',30,340),(6663,'Xã Ba Tầng',30,340),(6664,'Xã A Dơi',30,340),(6665,'Xã A Xing',30,340),(6666,'Xã A Túc',30,340),(6667,'Xã Ba Nang',30,341),(6668,'Xã Hướng Hiệp',30,341),(6669,'Xã Hải Phúc',30,341),(6670,'Xã A Vao',30,341),(6671,'Xã A Ngo',30,341),(6672,'Thị trấn Krông Klang',30,341),(6673,'Xã Mò ó',30,341),(6674,'Xã Đa Krông',30,341),(6675,'Xã Triệu Nguyên',30,341),(6676,'Xã Ba Lòng',30,341),(6677,'Xã Tà Long',30,341),(6678,'Xã Húc Nghì',30,341),(6679,'Xã Tà Rụt',30,341),(6680,'Xã A Bung',30,341),(6681,'Phường Phú Thuận',31,343),(6682,'Phường Phường Đúc',31,343),(6683,'Phường Phú Hậu',31,343),(6684,'Phường Phú Cát',31,343),(6685,'Phường Vĩnh Ninh',31,343),(6686,'Phường Phước Vĩnh',31,343),(6687,'Xã Thủy Xuân',31,343),(6688,'Phường Phú Bình',31,343),(6689,'Phường Tây Lộc',31,343),(6690,'Phường Thuận Lộc',31,343),(6691,'Phường Phú Hiệp',31,343),(6692,'Phường Thuận Hòa',31,343),(6693,'Phường Thuận Thành',31,343),(6694,'Phường Phú Hòa',31,343),(6695,'Phường Kim Long',31,343),(6696,'Phường Vỹ Dạ',31,343),(6697,'Phường Phú Hội',31,343),(6698,'Phường Phú Nhuận',31,343),(6699,'Phường Xuân Phú',31,343),(6700,'Phường Trường An',31,343),(6701,'Phường An Cựu',31,343),(6702,'Phường Hương Sơ',31,343),(6703,'Xã Thủy Biều',31,343),(6704,'Xã Hương Long',31,343),(6705,'Phường An Đông',31,343),(6706,'Phường An Tây',31,343),(6707,'Phường An Hòa',31,343),(6708,'Thị trấn Phong Điền',31,344),(6709,'Xã Phong Sơn',31,344),(6710,'Xã Điền Môn',31,344),(6711,'Xã Điền Hòa',31,344),(6712,'Xã Phong Hòa',31,344),(6713,'Xã Phong An',31,344),(6714,'Xã Điền Hương',31,344),(6715,'Xã Điền Lộc',31,344),(6716,'Xã Phong Bình',31,344),(6717,'Xã Phong Chương',31,344),(6718,'Xã Phong Hải',31,344),(6719,'Xã Điền Hải',31,344),(6720,'Xã Phong Thu',31,344),(6721,'Xã Phong Hiền',31,344),(6722,'Xã Phong Mỹ',31,344),(6723,'Xã Phong Xuân',31,344),(6724,'Xã Quảng Thái',31,345),(6725,'Xã Quảng Phước',31,345),(6726,'Xã Quảng Phú',31,345),(6727,'Thị trấn Sịa',31,345),(6728,'Xã Quảng Ngạn',31,345),(6729,'Xã Quảng Lợi',31,345),(6730,'Xã Quảng Công',31,345),(6731,'Xã Quảng Vinh',31,345),(6732,'Xã Quảng An',31,345),(6733,'Xã Quảng Thành',31,345),(6734,'Xã Quảng Thọ',31,345),(6735,'Xã Hương Văn',31,346),(6736,'Xã Hương Phong',31,346),(6737,'Xã Hương Vinh',31,346),(6738,'Xã Hương Bình',31,346),(6739,'Xã Hồng Tiến',31,346),(6740,'Thị trấn Tứ Hạ',31,346),(6741,'Xã Hải Dương',31,346),(6742,'Xã Hương Toàn',31,346),(6743,'Xã Hương Vân',31,346),(6744,'Xã Hương Xuân',31,346),(6745,'Xã Hương Chữ',31,346),(6746,'Xã Hương An',31,346),(6747,'Xã Hương Hồ',31,346),(6748,'Xã Hương Thọ',31,346),(6749,'Xã Bình Điền',31,346),(6750,'Xã Bình Thành',31,346),(6751,'Thị trấn Thuận An',31,347),(6752,'Xã Phú Lương',31,347),(6753,'Xã Phú Mậu',31,347),(6754,'Xã Phú Xuân',31,347),(6755,'Xã Phú Thượng',31,347),(6756,'Xã Phú Đa',31,347),(6757,'Xã Vinh Thái',31,347),(6758,'Xã Phú Thuận',31,347),(6759,'Xã Phú Dương',31,347),(6760,'Xã Phú An',31,347),(6761,'Xã Phú Hải',31,347),(6762,'Xã Phú Diên',31,347),(6763,'Xã Phú Thanh',31,347),(6764,'Xã Phú Mỹ',31,347),(6765,'Xã Phú Hồ',31,347),(6766,'Xã Vinh Xuân',31,347),(6767,'Xã Vinh Thanh',31,347),(6768,'Xã Vinh An',31,347),(6769,'Xã Vinh Phú',31,347),(6770,'Xã Vinh Hà',31,347),(6771,'Xã Thủy Châu',31,348),(6772,'Xã Thủy Thanh',31,348),(6773,'Xã Thủy Lương',31,348),(6774,'Xã Phú Sơn',31,348),(6775,'Thị trấn Phú Bài',31,348),(6776,'Xã Thủy Vân',31,348),(6777,'Xã Thủy Dương',31,348),(6778,'Xã Thủy Phương',31,348),(6779,'Xã Thủy Bằng',31,348),(6780,'Xã Thủy Tân',31,348),(6781,'Xã Thủy Phù',31,348),(6782,'Xã Dương Hòa',31,348),(6783,'Xã Lộc Điền',31,349),(6784,'Xã Vinh Mỹ',31,349),(6785,'Thị trấn Phú Lộc',31,349),(6786,'Xã Vinh Giang',31,349),(6787,'Xã Lộc Bình',31,349),(6788,'Xã Lộc Thủy',31,349),(6789,'Xã Xuân Lộc',31,349),(6790,'Thị trấn Lăng Cô',31,349),(6791,'Xã Vinh Hưng',31,349),(6792,'Xã Vinh Hải',31,349),(6793,'Xã Vinh Hiền',31,349),(6794,'Xã Lộc Bổn',31,349),(6795,'Xã Lộc Sơn',31,349),(6796,'Xã Lộc Vĩnh',31,349),(6797,'Xã Lộc An',31,349),(6798,'Xã Lộc Trì',31,349),(6799,'Xã Lộc Tiến',31,349),(6800,'Xã Lộc Hòa',31,349),(6801,'Xã Hồng Quảng',31,350),(6802,'Xã Đông Sơn',31,350),(6803,'Xã Hồng Hạ',31,350),(6804,'Xã Hồng Trung',31,350),(6805,'Xã Hương Nguyên',31,350),(6806,'Xã Bắc Sơn',31,350),(6807,'Xã Hồng Bắc',31,350),(6808,'Xã A Ngo',31,350),(6809,'Xã Sơn Thủy',31,350),(6810,'Xã Phú Vinh',31,350),(6811,'Xã Hương Phong',31,350),(6812,'Xã Nhâm',31,350),(6813,'Xã Hồng Thượng',31,350),(6814,'Xã Hồng Thái',31,350),(6815,'Xã Hương Lâm',31,350),(6816,'Xã A Roằng',31,350),(6817,'Xã A Đớt',31,350),(6818,'Xã Hồng Thủy',31,350),(6819,'Xã Hồng Kim',31,350),(6820,'Thị trấn A Lưới',31,350),(6821,'Xã Hồng Vân',31,350),(6822,'Xã Hương Giang',31,351),(6823,'Xã Hương Lộc',31,351),(6824,'Xã Hương Hữu',31,351),(6825,'Thị trấn Khe Tre',31,351),(6826,'Xã Hương Phú',31,351),(6827,'Xã Hương Sơn',31,351),(6828,'Xã Thượng Quảng',31,351),(6829,'Xã Hương Hoà',31,351),(6830,'Xã Thượng Lộ',31,351),(6831,'Xã Thượng Long',31,351),(6832,'Xã Thượng Nhật',31,351),(6833,'Phường Hải Châu I',32,352),(6834,'Phường Thạch Thang',32,352),(6835,'Phường Nam Dương',32,352),(6836,'Phường Thanh Bình',32,352),(6837,'Phường Thuận Phước',32,352),(6838,'Phường Hải Châu II',32,352),(6839,'Phường Phước Ninh',32,352),(6840,'Phường Hoà Thuận',32,352),(6841,'Phường Bình Hiên',32,352),(6842,'Phường Bình Thuận',32,352),(6843,'Phường Hoà Cường',32,352),(6844,'Phường Hoà Thuận Đông',32,352),(6845,'Phường Hoà Thuận Tây',32,352),(6846,'Phường Hoà Cường Nam',32,352),(6847,'Phường Hoà Cường Bắc',32,352),(6848,'Phường Xuân Hà',32,353),(6849,'Phường Thạc Gián',32,353),(6850,'Phường Tam Thuận',32,353),(6851,'Phường Tân Chính',32,353),(6852,'Phường Chính Gián',32,353),(6853,'Phường Vĩnh Trung',32,353),(6854,'Phường An Khê',32,353),(6855,'Phường Thanh Khê Đông',32,353),(6856,'Phường Thanh Khê Tây',32,353),(6857,'Phường Hoà Khê',32,353),(6858,'Phường An Hải Tây',32,354),(6859,'Phường Thọ Quang',32,354),(6860,'Phường Phước Mỹ',32,354),(6861,'Phường Nại Hiên Đông',32,354),(6862,'Phường Mân Thái',32,354),(6863,'Phường An Hải Bắc',32,354),(6864,'Phường An Hải Đông',32,354),(6865,'Phường Hoà Quý',32,355),(6866,'Phường Mỹ An',32,355),(6867,'Phường Khuê Mỹ',32,355),(6868,'Phường Hoà Hải',32,355),(6869,'Phường Hoà Khánh Bắc',32,356),(6870,'Phường Hoà Hiệp Bắc',32,356),(6871,'Phường Hoà Minh',32,356),(6872,'Phường Hoà Hiệp Nam',32,356),(6873,'Phường Hoà Khánh Nam',32,356),(6874,'Xã Hoà Phú',32,357),(6875,'Xã Hoà Sơn',32,357),(6876,'Xã Hoà Châu',32,357),(6877,'Xã Hoà Bắc',32,357),(6878,'Xã Hoà Liên',32,357),(6879,'Xã Hoà Ninh',32,357),(6880,'Xã Hoà Nhơn',32,357),(6881,'Xã Hoà Phong',32,357),(6882,'Xã Hoà Tiến',32,357),(6883,'Xã Hoà Phước',32,357),(6884,'Xã Hoà Khương',32,357),(6885,'Phường Khuê Trung',32,359),(6886,'Phường Hoà Xuân',32,359),(6887,'Phường Hoà Thọ Đông',32,359),(6888,'Phường Hoà Thọ Tây',32,359),(6889,'Phường Hoà An',32,359),(6890,'Phường Hoà Phát',32,359),(6891,'Phường Hòa Hương',33,360),(6892,'Phường Phước Hòa',33,360),(6893,'Phường An Sơn',33,360),(6894,'Xã Tam Thăng',33,360),(6895,'Phường Tân Thạnh',33,360),(6896,'Phường An Mỹ',33,360),(6897,'Phường An Xuân',33,360),(6898,'Phường Trường Xuân',33,360),(6899,'Phường An Phú',33,360),(6900,'Xã Tam Thanh',33,360),(6901,'Xã Tam Phú',33,360),(6902,'Phường Hòa Thuận',33,360),(6903,'Xã Tam Ngọc',33,360),(6904,'Xã Tam Dân',33,361),(6905,'Xã Tam Lãnh',33,361),(6906,'Xã Tam Thái',33,361),(6907,'Xã Tam Đại',33,361),(6908,'Xã Tam Vinh',33,361),(6909,'Xã Tam Đàn',33,361),(6910,'Xã Tam An',33,361),(6911,'Xã Tam Thành',33,361),(6912,'Xã Tam Phước',33,361),(6913,'Xã Tam Lộc',33,361),(6914,'Phường Cẩm Châu',33,362),(6915,'Phường Minh An',33,362),(6916,'Phường Sơn Phong',33,362),(6917,'Xã Cẩm Kim',33,362),(6918,'Xã Tân Hiệp',33,362),(6919,'Phường Tân An',33,362),(6920,'Phường Cẩm Phô',33,362),(6921,'Phường Thanh Hà',33,362),(6922,'Phường Cửa Đại',33,362),(6923,'Phường Cẩm An',33,362),(6924,'Xã Cẩm Hà',33,362),(6925,'Phường Cẩm Nam',33,362),(6926,'Xã Cẩm Thanh',33,362),(6927,'Xã A Nông',33,363),(6928,'Xã Tr Hy',33,363),(6929,'Xã Bha Lê',33,363),(6930,'Xã Ch ơm',33,363),(6931,'Xã Ga Ri',33,363),(6932,'Xã A Xan',33,363),(6933,'Xã Lăng',33,363),(6934,'Xã A Tiêng',33,363),(6935,'Xã A Vương',33,363),(6936,'Xã Dang',33,363),(6937,'Xã Ba',33,364),(6938,'Thị trấn P Rao',33,364),(6939,'Xã Tư',33,364),(6940,'Xã Za Hung',33,364),(6941,'Xã Tà Lu',33,364),(6942,'Xã Sông Kôn',33,364),(6943,'Xã Zơ Ngây',33,364),(6944,'Xã ATing',33,364),(6945,'Xã A Rooi',33,364),(6946,'Xã Mà Cooil',33,364),(6947,'Xã Ka Dăng',33,364),(6948,'Xã Đại Hồng',33,365),(6949,'Xã Đại Hòa',33,365),(6950,'Thị trấn Aí Nghĩa',33,365),(6951,'Xã Đại Đồng',33,365),(6952,'Xã Đại Thạnh',33,365),(6953,'Xã Đại Minh',33,365),(6954,'Xã Đại Sơn',33,365),(6955,'Xã Đại Lãnh',33,365),(6956,'Xã Đại Hưng',33,365),(6957,'Xã Đại Quang',33,365),(6958,'Xã Đại Nghĩa',33,365),(6959,'Xã Đại Hiệp',33,365),(6960,'Xã Đại Chánh',33,365),(6961,'Xã Đại Tân',33,365),(6962,'Xã Đại Phong',33,365),(6963,'Xã Đại Thắng',33,365),(6964,'Xã Đại Cường',33,365),(6965,'Xã Đại An',33,365),(6966,'Xã Điện Phước',33,366),(6967,'Thị trấn Vĩnh Điện',33,366),(6968,'Xã Điện Hồng',33,366),(6969,'Xã Điện Nam Bắc',33,366),(6970,'Xã Điện Phong',33,366),(6971,'Xã Điện Tiến',33,366),(6972,'Xã Điện Hòa',33,366),(6973,'Xã Điện Thắng Bắc',33,366),(6974,'Xã Điện Thắng Trung',33,366),(6975,'Xã Điện Thắng Nam',33,366),(6976,'Xã Điện Ngọc',33,366),(6977,'Xã Điện Thọ',33,366),(6978,'Xã Điện An',33,366),(6979,'Xã Điện Nam Trung',33,366),(6980,'Xã Điện Nam Đông',33,366),(6981,'Xã Điện Dương',33,366),(6982,'Xã Điện Quang',33,366),(6983,'Xã Điện Trung',33,366),(6984,'Xã Điện Minh',33,366),(6985,'Xã Điện Phương',33,366),(6986,'Xã Duy Nghĩa',33,367),(6987,'Thị trấn Nam Phước',33,367),(6988,'Xã Duy Trung',33,367),(6989,'Xã Duy Phước',33,367),(6990,'Xã Duy Thu',33,367),(6991,'Xã Duy Châu',33,367),(6992,'Xã Duy Thành',33,367),(6993,'Xã Duy Vinh',33,367),(6994,'Xã Duy Hải',33,367),(6995,'Xã Duy Phú',33,367),(6996,'Xã Duy Tân',33,367),(6997,'Xã Duy Hòa',33,367),(6998,'Xã Duy Trinh',33,367),(6999,'Xã Duy Sơn',33,367),(7000,'Xã Laêê',33,368),(7001,'Xã Zuôich',33,368),(7002,'Xã Chà Vàl',33,368),(7003,'Thị trấn Thạnh Mỹ',33,368),(7004,'Xã Tà Bhinh',33,368),(7005,'Xã Cà Dy',33,368),(7006,'Xã La Dêê',33,368),(7007,'Xã Đắc Pring',33,368),(7008,'Xã Đắc Pre',33,368),(7009,'Xã Bình Phục',33,369),(7010,'Xã Bình Hải',33,369),(7011,'Xã Bình Giang',33,369),(7012,'Xã Bình Đào',33,369),(7013,'Xã Bình Định',33,369),(7014,'Xã Bình Tú',33,369),(7015,'Xã Bình An',33,369),(7016,'Thị trấn Hà Lam',33,369),(7017,'Xã Bình Dương',33,369),(7018,'Xã Bình Nguyên',33,369),(7019,'Xã Bình Triều',33,369),(7020,'Xã Bình Minh',33,369),(7021,'Xã Bình Lãnh',33,369),(7022,'Xã Bình Trị',33,369),(7023,'Xã Bình Quý',33,369),(7024,'Xã Bình Phú',33,369),(7025,'Xã Bình Chánh',33,369),(7026,'Xã Bình Sa',33,369),(7027,'Xã Bình Quế',33,369),(7028,'Xã Bình Trung',33,369),(7029,'Xã Bình Nam',33,369),(7030,'Xã Bình Định Bắc',33,369),(7031,'Xã Bình Định Nam',33,369),(7032,'Xã Quế Cường',33,370),(7033,'Xã Phú Thọ',33,370),(7034,'Xã Quế Long',33,370),(7035,'Xã Quế Minh',33,370),(7036,'Thị trấn Đông Phú',33,370),(7037,'Xã Quế Xuân 1',33,370),(7038,'Xã Quế Xuân 2',33,370),(7039,'Xã Quế Phú',33,370),(7040,'Xã Quế Hiệp',33,370),(7041,'Xã Quế Thuận',33,370),(7042,'Xã Quế Châu',33,370),(7043,'Xã Quế Phong',33,370),(7044,'Xã Quế An',33,370),(7045,'Xã Hương An',33,370),(7046,'Xã Quế Lộc',33,371),(7047,'Xã Sơn Viên',33,371),(7048,'Xã Quế Trung',33,371),(7049,'Xã Quế Ninh',33,371),(7050,'Xã Quế Phước',33,371),(7051,'Xã Phước Ninh',33,371),(7052,'Xã Quế Lâm',33,371),(7053,'Xã Bình Lâm',33,372),(7054,'Xã Hiệp Thuận',33,372),(7055,'Xã Phước Trà',33,372),(7056,'Xã Thăng Phước',33,372),(7057,'Thị trấn Tân An',33,372),(7058,'Xã Hiệp Hòa',33,372),(7059,'Xã Quế Thọ',33,372),(7060,'Xã Sông Trà',33,372),(7061,'Xã Phước Gia',33,372),(7062,'Xã Quế Bình',33,372),(7063,'Xã Quế Lưu',33,372),(7064,'Xã Bình Sơn',33,372),(7065,'Xã Tiên Hiệp',33,373),(7066,'Thị trấn Tiên Kỳ',33,373),(7067,'Xã Tiên Lãnh',33,373),(7068,'Xã Tiên Mỹ',33,373),(7069,'Xã Tiên Lộc',33,373),(7070,'Xã Tiên Sơn',33,373),(7071,'Xã Tiên Hà',33,373),(7072,'Xã Tiên Cẩm',33,373),(7073,'Xã Tiên Châu',33,373),(7074,'Xã Tiên Ngọc',33,373),(7075,'Xã Tiên Cảnh',33,373),(7076,'Xã Tiên Phong',33,373),(7077,'Xã Tiên Thọ',33,373),(7078,'Xã Tiên An',33,373),(7079,'Xã Tiên Lập',33,373),(7080,'Xã Phước Đức',33,374),(7081,'Thị trấn Khâm Đức',33,374),(7082,'Xã Phước Năng',33,374),(7083,'Xã Phước Lộc',33,374),(7084,'Xã Phước Xuân',33,374),(7085,'Xã Phước Hiệp',33,374),(7086,'Xã Phước Mỹ',33,374),(7087,'Xã Phước Chánh',33,374),(7088,'Xã Phước Công',33,374),(7089,'Xã Phước Kim',33,374),(7090,'Xã Phước Thành',33,374),(7091,'Xã Phước Hoà',33,374),(7092,'Xã Tam Anh Nam',33,375),(7093,'Xã Tam Nghĩa',33,375),(7094,'Xã Tam Xuân I',33,375),(7095,'Xã Tam Xuân II',33,375),(7096,'Xã Tam Tiến',33,375),(7097,'Xã Tam Sơn',33,375),(7098,'Xã Tam Thạnh',33,375),(7099,'Xã Tam Anh Bắc',33,375),(7100,'Xã Tam Hòa',33,375),(7101,'Xã Tam Hiệp',33,375),(7102,'Xã Tam Hải',33,375),(7103,'Xã Tam Giang',33,375),(7104,'Xã Tam Quang',33,375),(7105,'Xã Tam Mỹ Tây',33,375),(7106,'Xã Tam Mỹ Đông',33,375),(7107,'Xã Tam Trà',33,375),(7108,'Thị trấn Núi Thành',33,375),(7109,'Xã Trà Dương',33,376),(7110,'Xã Trà Nú',33,376),(7111,'Xã Trà Giang',33,376),(7112,'Xã Trà Giác',33,376),(7113,'Thị trấn Trà My',33,376),(7114,'Xã Trà Kót',33,376),(7115,'Xã Trà Đông',33,376),(7116,'Xã Trà Bui',33,376),(7117,'Xã Trà Đốc',33,376),(7118,'Xã Trà Tân',33,376),(7119,'Xã Trà Giáp',33,376),(7120,'Xã Trà Ka',33,376),(7121,'Xã Trà Sơn',33,376),(7122,'Xã Trà Cang',33,377),(7123,'Xã Trà Dơn',33,377),(7124,'Xã Trà Linh',33,377),(7125,'Xã Trà Leng',33,377),(7126,'Xã Trà Tập',33,377),(7127,'Xã Trà Mai',33,377),(7128,'Xã Trà Nam',33,377),(7129,'Xã Trà Don',33,377),(7130,'Xã Trà Vân',33,377),(7131,'Xã Trà Vinh',33,377),(7132,'Phường Nghĩa Chánh',34,378),(7133,'Phường Quảng Phú',34,378),(7134,'Phường Nghĩa Lộ',34,378),(7135,'Phường Lê Hồng Phong',34,378),(7136,'Phường Trần Phú',34,378),(7137,'Phường Trần Hưng Đạo',34,378),(7138,'Phường Nguyễn Nghiêm',34,378),(7139,'Phường Chánh Lộ',34,378),(7140,'Xã Nghĩa Dũng',34,378),(7141,'Xã Nghĩa Dõng',34,378),(7142,'Xã An Vĩnh',34,379),(7143,'Xã An Hải',34,379),(7144,'Xã An Bình',34,379),(7145,'Xã Bình Trị',34,380),(7146,'Xã Bình Phú',34,380),(7147,'Xã Bình Thuận',34,380),(7148,'Xã Bình Nguyên',34,380),(7149,'Xã Bình Hải',34,380),(7150,'Xã Bình Hòa',34,380),(7151,'Xã Bình Thanh Tây',34,380),(7152,'Xã Bình Mỹ',34,380),(7153,'Thị trấn Châu ổ',34,380),(7154,'Xã Bình Thạnh',34,380),(7155,'Xã Bình Đông',34,380),(7156,'Xã Bình Chánh',34,380),(7157,'Xã Bình Khương',34,380),(7158,'Xã Bình An',34,380),(7159,'Xã Bình Dương',34,380),(7160,'Xã Bình Phước',34,380),(7161,'Xã Bình Thới',34,380),(7162,'Xã Bình Trung',34,380),(7163,'Xã Bình Minh',34,380),(7164,'Xã Bình Long',34,380),(7165,'Xã Bình Thanh Đông',34,380),(7166,'Xã Bình Chương',34,380),(7167,'Xã Bình Hiệp',34,380),(7168,'Xã Bình Tân',34,380),(7169,'Xã Bình Châu',34,380),(7170,'Xã Trà Bình',34,381),(7171,'Thị trấn Trà Xuân',34,381),(7172,'Xã Trà Phú',34,381),(7173,'Xã Trà Bùi',34,381),(7174,'Xã Trà Giang',34,381),(7175,'Xã Trà Thủy',34,381),(7176,'Xã Trà Hiệp',34,381),(7177,'Xã Trà Lâm',34,381),(7178,'Xã Trà Tân',34,381),(7179,'Xã Trà Sơn',34,381),(7180,'Xã Trà Thọ',34,382),(7181,'Xã Trà Quân',34,382),(7182,'Xã Trà Xinh',34,382),(7183,'Xã Trà Thanh',34,382),(7184,'Xã Trà Khê',34,382),(7185,'Xã Trà Phong',34,382),(7186,'Xã Trà Lãnh',34,382),(7187,'Xã Trà Nham',34,382),(7188,'Xã Trà Trung',34,382),(7189,'Xã Tịnh Thọ',34,383),(7190,'Xã Tịnh Hòa',34,383),(7191,'Xã Tịnh Đông',34,383),(7192,'Xã Tịnh Châu',34,383),(7193,'Xã Tịnh Hà',34,383),(7194,'Xã Tịnh An',34,383),(7195,'Xã Tịnh Minh',34,383),(7196,'Thị trấn Sơn Tịnh',34,383),(7197,'Xã Tịnh Trà',34,383),(7198,'Xã Tịnh Phong',34,383),(7199,'Xã Tịnh Hiệp',34,383),(7200,'Xã Tịnh Kỳ',34,383),(7201,'Xã Tịnh Bình',34,383),(7202,'Xã Tịnh Thiện',34,383),(7203,'Xã Tịnh ấn Đông',34,383),(7204,'Xã Tịnh Bắc',34,383),(7205,'Xã Tịnh Khê',34,383),(7206,'Xã Tịnh Long',34,383),(7207,'Xã Tịnh Sơn',34,383),(7208,'Xã Tịnh ấn Tây',34,383),(7209,'Xã Tịnh Giang',34,383),(7210,'Xã Sơn Mùa',34,384),(7211,'Xã Sơn Lập',34,384),(7212,'Xã Sơn Bua',34,384),(7213,'Xã Sơn Tân',34,384),(7214,'Xã Sơn Dung',34,384),(7215,'Xã Sơn Tinh',34,384),(7216,'Xã Sơn Liên',34,384),(7217,'Xã Sơn Long',34,384),(7218,'Xã Sơn Màu',34,384),(7219,'Xã Sơn Thượng',34,385),(7220,'Xã Sơn Nham',34,385),(7221,'Xã Sơn Trung',34,385),(7222,'Xã Sơn Thủy',34,385),(7223,'Thị trấn Di Lăng',34,385),(7224,'Xã Sơn Hạ',34,385),(7225,'Xã Sơn Thành',34,385),(7226,'Xã Sơn Bao',34,385),(7227,'Xã Sơn Linh',34,385),(7228,'Xã Sơn Giang',34,385),(7229,'Xã Sơn Cao',34,385),(7230,'Xã Sơn Hải',34,385),(7231,'Xã Sơn Kỳ',34,385),(7232,'Xã Sơn Ba',34,385),(7233,'Thị trấn Sông Vệ',34,386),(7234,'Xã Nghĩa Điền',34,386),(7235,'Xã Nghĩa An',34,386),(7236,'Xã Nghĩa Thương',34,386),(7237,'Xã Nghĩa Mỹ',34,386),(7238,'Thị trấn La Hà',34,386),(7239,'Xã Nghĩa Lâm',34,386),(7240,'Xã Nghĩa Thắng',34,386),(7241,'Xã Nghĩa Thuận',34,386),(7242,'Xã Nghĩa Kỳ',34,386),(7243,'Xã Nghĩa Phú',34,386),(7244,'Xã Nghĩa Hà',34,386),(7245,'Xã Nghĩa Sơn',34,386),(7246,'Xã Nghĩa Thọ',34,386),(7247,'Xã Nghĩa Hòa',34,386),(7248,'Xã Nghĩa Trung',34,386),(7249,'Xã Nghĩa Hiệp',34,386),(7250,'Xã Nghĩa Phương',34,386),(7251,'Xã Hành Phước',34,387),(7252,'Xã Hành Thuận',34,387),(7253,'Xã Hành Minh',34,387),(7254,'Xã Hành Tín Tây',34,387),(7255,'Thị trấn Chợ Chùa',34,387),(7256,'Xã Hành Dũng',34,387),(7257,'Xã Hành Trung',34,387),(7258,'Xã Hành Nhân',34,387),(7259,'Xã Hành Đức',34,387),(7260,'Xã Hành Thiện',34,387),(7261,'Xã Hành Thịnh',34,387),(7262,'Xã Hành Tín Đông',34,387),(7263,'Xã Long Sơn',34,388),(7264,'Xã Long Môn',34,388),(7265,'Xã Long Mai',34,388),(7266,'Xã Thanh An',34,388),(7267,'Xã Long Hiệp',34,388),(7268,'Xã Đức Thạnh',34,389),(7269,'Xã Đức Thắng',34,389),(7270,'Xã Đức Minh',34,389),(7271,'Xã Đức Phú',34,389),(7272,'Thị trấn Mộ Đức',34,389),(7273,'Xã Đức Lợi',34,389),(7274,'Xã Đức Nhuận',34,389),(7275,'Xã Đức Chánh',34,389),(7276,'Xã Đức Hiệp',34,389),(7277,'Xã Đức Hòa',34,389),(7278,'Xã Đức Tân',34,389),(7279,'Xã Đức Phong',34,389),(7280,'Xã Đức Lân',34,389),(7281,'Xã Phổ Nhơn',34,390),(7282,'Xã Phổ An',34,390),(7283,'Xã Phổ Văn',34,390),(7284,'Xã Phổ Minh',34,390),(7285,'Xã Phổ Khánh',34,390),(7286,'Thị trấn Đức Phổ',34,390),(7287,'Xã Phổ Phong',34,390),(7288,'Xã Phổ Thuận',34,390),(7289,'Xã Phổ Quang',34,390),(7290,'Xã Phổ Ninh',34,390),(7291,'Xã Phổ Vinh',34,390),(7292,'Xã Phổ Hòa',34,390),(7293,'Xã Phổ Cường',34,390),(7294,'Xã Phổ Thạnh',34,390),(7295,'Xã Phổ Châu',34,390),(7296,'Xã Ba Thành',34,391),(7297,'Xã Ba Bích',34,391),(7298,'Xã Ba Điền',34,391),(7299,'Xã Ba Dinh',34,391),(7300,'Xã Ba Khâm',34,391),(7301,'Xã Ba Trang',34,391),(7302,'Xã Ba Lế',34,391),(7303,'Thị trấn Ba Tơ',34,391),(7304,'Xã Ba Vinh',34,391),(7305,'Xã Ba Động',34,391),(7306,'Xã Ba Liên',34,391),(7307,'Xã Ba Ngạc',34,391),(7308,'Xã Ba Cung',34,391),(7309,'Xã Ba Chùa',34,391),(7310,'Xã Ba Tiêu',34,391),(7311,'Xã Ba Tô',34,391),(7312,'Xã Ba Vì',34,391),(7313,'Xã Ba Nam',34,391),(7314,'Xã Ba Xa',34,391),(7315,'Xã Ba Giang',34,391),(7316,'Phường Nhơn Bình',35,392),(7317,'Phường Trần Phú',35,392),(7318,'Phường Thị Nại',35,392),(7319,'Phường Lý Thường Kiệt',35,392),(7320,'Phường Ghềnh Ráng',35,392),(7321,'Phường Nhơn Phú',35,392),(7322,'Phường Đống Đa',35,392),(7323,'Phường Trần Quang Diệu',35,392),(7324,'Phường Hải Cảng',35,392),(7325,'Phường Quang Trung',35,392),(7326,'Phường Lê Hồng Phong',35,392),(7327,'Phường Trần Hưng Đạo',35,392),(7328,'Phường Ngô Mây',35,392),(7329,'Phường Lê Lợi',35,392),(7330,'Phường Bùi Thị Xuân',35,392),(7331,'Phường Nguyễn Văn Cừ',35,392),(7332,'Xã Nhơn Lý',35,392),(7333,'Xã Nhơn Hội',35,392),(7334,'Xã Nhơn Hải',35,392),(7335,'Xã Nhơn Châu',35,392),(7336,'Xã Phước Mỹ',35,392),(7337,'Xã An Tân',35,393),(7338,'Xã An Hưng',35,393),(7339,'Xã An Toàn',35,393),(7340,'Xã An Quang',35,393),(7341,'Xã An Trung',35,393),(7342,'Xã An Dũng',35,393),(7343,'Xã An Vinh',35,393),(7344,'Xã An Hòa',35,393),(7345,'Xã An Nghĩa',35,393),(7346,'Thị trấn An Lão',35,393),(7347,'Xã Tam Quan Nam',35,394),(7348,'Xã Hoài Sơn',35,394),(7349,'Xã Tam Quan Bắc',35,394),(7350,'Xã Hoài Thanh',35,394),(7351,'Xã Hoài Mỹ',35,394),(7352,'Thị trấn Tam Quan',35,394),(7353,'Thị trấn Bồng Sơn',35,394),(7354,'Xã Hoài Châu Bắc',35,394),(7355,'Xã Hoài Châu',35,394),(7356,'Xã Hoài Phú',35,394),(7357,'Xã Hoài Hảo',35,394),(7358,'Xã Hoài Thanh Tây',35,394),(7359,'Xã Hoài Hương',35,394),(7360,'Xã Hoài Tân',35,394),(7361,'Xã Hoài Hải',35,394),(7362,'Xã Hoài Xuân',35,394),(7363,'Xã Hoài Đức',35,394),(7364,'Xã Ân Mỹ',35,395),(7365,'Xã Ân Hảo Tây',35,395),(7366,'Xã Ân Hảo Đông',35,395),(7367,'Xã Ân Tín',35,395),(7368,'Xã Ân Hữu',35,395),(7369,'Xã Ân Tường Đông',35,395),(7370,'Thị trấn Tăng Bạt Hổ',35,395),(7371,'Xã Ân Sơn',35,395),(7372,'Xã Dak Mang',35,395),(7373,'Xã Ân Thạnh',35,395),(7374,'Xã Ân Phong',35,395),(7375,'Xã Ân Đức',35,395),(7376,'Xã Bok Tới',35,395),(7377,'Xã Ân Tường Tây',35,395),(7378,'Xã Ân Nghĩa',35,395),(7379,'Thị trấn Phù Mỹ',35,396),(7380,'Xã Mỹ Chánh',35,396),(7381,'Xã Mỹ Châu',35,396),(7382,'Xã Mỹ Lợi',35,396),(7383,'Xã Mỹ Thọ',35,396),(7384,'Xã Mỹ Quang',35,396),(7385,'Xã Mỹ Chánh Tây',35,396),(7386,'Thị trấn Bình Dương',35,396),(7387,'Xã Mỹ Đức',35,396),(7388,'Xã Mỹ Thắng',35,396),(7389,'Xã Mỹ Lộc',35,396),(7390,'Xã Mỹ An',35,396),(7391,'Xã Mỹ Phong',35,396),(7392,'Xã Mỹ Trinh',35,396),(7393,'Xã Mỹ Hòa',35,396),(7394,'Xã Mỹ Thành',35,396),(7395,'Xã Mỹ Hiệp',35,396),(7396,'Xã Mỹ Tài',35,396),(7397,'Xã Mỹ Cát',35,396),(7398,'Xã Vĩnh Thịnh',35,397),(7399,'Xã Vĩnh Hiệp',35,397),(7400,'Xã Vĩnh Sơn',35,397),(7401,'Xã Vĩnh Kim',35,397),(7402,'Xã Vĩnh Hòa',35,397),(7403,'Xã Vĩnh Hảo',35,397),(7404,'Xã Vĩnh Quang',35,397),(7405,'Thị trấn Vĩnh Thạnh',35,397),(7406,'Xã Vĩnh Thuận',35,397),(7407,'Xã Cát Trinh',35,398),(7408,'Xã Cát Minh',35,398),(7409,'Xã Cát Tân',35,398),(7410,'Xã Cát Hanh',35,398),(7411,'Xã Cát Thành',35,398),(7412,'Xã Cát Hải',35,398),(7413,'Xã Cát Hiệp',35,398),(7414,'Xã Cát Nhơn',35,398),(7415,'Xã Cát Hưng',35,398),(7416,'Xã Cát Tường',35,398),(7417,'Xã Cát Tiến',35,398),(7418,'Xã Cát Thắng',35,398),(7419,'Xã Cát Chánh',35,398),(7420,'Xã Cát Lâm',35,398),(7421,'Thị trấn Ngô Mây',35,398),(7422,'Xã Cát Sơn',35,398),(7423,'Xã Cát Khánh',35,398),(7424,'Xã Cát Tài',35,398),(7425,'Xã Vĩnh An',35,399),(7426,'Thị trấn Phú Phong',35,399),(7427,'Xã Bình Thành',35,399),(7428,'Xã Bình Tường',35,399),(7429,'Xã Bình Nghi',35,399),(7430,'Xã Bình Tân',35,399),(7431,'Xã Tây Thuận',35,399),(7432,'Xã Bình Thuận',35,399),(7433,'Xã Tây Giang',35,399),(7434,'Xã Tây An',35,399),(7435,'Xã Bình Hòa',35,399),(7436,'Xã Tây Bình',35,399),(7437,'Xã Tây Vinh',35,399),(7438,'Xã Tây Xuân',35,399),(7439,'Xã Tây Phú',35,399),(7440,'Thị trấn Đập Đá',35,400),(7441,'Xã Nhơn Tân',35,400),(7442,'Thị trấn Bình Định',35,400),(7443,'Xã Nhơn Hạnh',35,400),(7444,'Xã Nhơn Phúc',35,400),(7445,'Xã Nhơn Hòa',35,400),(7446,'Xã Nhơn Mỹ',35,400),(7447,'Xã Nhơn Thành',35,400),(7448,'Xã Nhơn Hậu',35,400),(7449,'Xã Nhơn Phong',35,400),(7450,'Xã Nhơn An',35,400),(7451,'Xã Nhơn Hưng',35,400),(7452,'Xã Nhơn Khánh',35,400),(7453,'Xã Nhơn Lộc',35,400),(7454,'Xã Nhơn Thọ',35,400),(7455,'Xã Phước Nghĩa',35,401),(7456,'Xã Phước Thuận',35,401),(7457,'Xã Phước Sơn',35,401),(7458,'Thị trấn Diêu Trì',35,401),(7459,'Thị trấn Tuy Phước',35,401),(7460,'Xã Phước Thắng',35,401),(7461,'Xã Phước Hưng',35,401),(7462,'Xã Phước Quang',35,401),(7463,'Xã Phước Hòa',35,401),(7464,'Xã Phước Hiệp',35,401),(7465,'Xã Phước Lộc',35,401),(7466,'Xã Phước An',35,401),(7467,'Xã Phước Thành',35,401),(7468,'Thị trấn Vân Canh',35,402),(7469,'Xã Canh Thuận',35,402),(7470,'Xã Canh Liên',35,402),(7471,'Xã Canh Hiệp',35,402),(7472,'Xã Canh Vinh',35,402),(7473,'Xã Canh Hiển',35,402),(7474,'Xã Canh Hòa',35,402),(7475,'Phường 5',36,403),(7476,'Phường 2',36,403),(7477,'Phường 4',36,403),(7478,'Xã Hòa Kiến',36,403),(7479,'Phường 1',36,403),(7480,'Phường 8',36,403),(7481,'Phường 9',36,403),(7482,'Phường 3',36,403),(7483,'Phường 7',36,403),(7484,'Phường 6',36,403),(7485,'Xã Bình Kiến',36,403),(7486,'Xã Bình Ngọc',36,403),(7487,'Xã An Phú',36,403),(7488,'Phường Phú Lâm',36,403),(7489,'Phường Phú Thạnh',36,403),(7490,'Phường Phú Đông',36,403),(7491,'Xã Xuân Quang 3',36,404),(7492,'Xã Xuân Lãnh',36,404),(7493,'Xã Xuân Quang 2',36,404),(7494,'Thị trấn La Hai',36,404),(7495,'Xã Đa Lộc',36,404),(7496,'Xã Phú Mỡ',36,404),(7497,'Xã Xuân Long',36,404),(7498,'Xã Xuân Quang 1',36,404),(7499,'Xã Xuân Sơn Bắc',36,404),(7500,'Xã Xuân Sơn Nam',36,404),(7501,'Xã Xuân Phước',36,404),(7502,'Xã Xuân Lâm',36,405),(7503,'Xã Xuân Phương',36,405),(7504,'Xã Xuân Hải',36,405),(7505,'Xã Xuân Cảnh',36,405),(7506,'Xã Xuân Thọ 2',36,405),(7507,'Thị trấn Sông Cầu',36,405),(7508,'Xã Xuân Lộc',36,405),(7509,'Xã Xuân Bình',36,405),(7510,'Xã Xuân Hòa',36,405),(7511,'Xã Xuân Thịnh',36,405),(7512,'Xã Xuân Thọ 1',36,405),(7513,'Xã An Hòa',36,406),(7514,'Thị trấn Chí Thạnh',36,406),(7515,'Xã An Định',36,406),(7516,'Xã An Xuân',36,406),(7517,'Xã An Hiệp',36,406),(7518,'Xã An Dân',36,406),(7519,'Xã An Ninh Tây',36,406),(7520,'Xã An Ninh Đông',36,406),(7521,'Xã An Thạch',36,406),(7522,'Xã An Nghiệp',36,406),(7523,'Xã An Hải',36,406),(7524,'Xã An Cư',36,406),(7525,'Xã An Lĩnh',36,406),(7526,'Xã An Mỹ',36,406),(7527,'Xã An Chấn',36,406),(7528,'Xã An Thọ',36,406),(7529,'Xã Sơn Xuân',36,407),(7530,'Thị trấn Củng Sơn',36,407),(7531,'Xã Suối Trai',36,407),(7532,'Xã Sơn Long',36,407),(7533,'Xã Cà Lúi',36,407),(7534,'Xã Sơn Phước',36,407),(7535,'Xã Sơn Nguyên',36,407),(7536,'Xã Eachà Rang',36,407),(7537,'Xã Krông Pa',36,407),(7538,'Xã Suối Bạc',36,407),(7539,'Xã Sơn Hà',36,407),(7540,'Xã Sơn Định',36,407),(7541,'Xã Phước Tân',36,407),(7542,'Xã Sơn Hội',36,407),(7543,'Xã Hòa Tân Đông',36,408),(7544,'Xã Hòa Xuân Nam',36,408),(7545,'Xã Hòa Thành',36,408),(7546,'Xã Hòa Hiệp Bắc',36,408),(7547,'Xã Hòa Vinh',36,408),(7548,'Xã Hòa Hiệp Trung',36,408),(7549,'Xã Hòa Xuân Tây',36,408),(7550,'Xã Hòa Hiệp Nam',36,408),(7551,'Xã Hòa Xuân Đông',36,408),(7552,'Xã Hòa Tâm',36,408),(7553,'Xã Hòa Bình 2',36,409),(7554,'Xã Hòa Phú',36,409),(7555,'Xã Hòa Mỹ Đông',36,409),(7556,'Xã Sơn Thành Tây',36,409),(7557,'Xã Sơn Thành Đông',36,409),(7558,'Xã Hòa Bình 1',36,409),(7559,'Xã Hòa Phong',36,409),(7560,'Xã Hòa Tân Tây',36,409),(7561,'Xã Hòa Đồng',36,409),(7562,'Xã Hòa Mỹ Tây',36,409),(7563,'Xã Hòa Thịnh',36,409),(7564,'Xã Sơn Giang',36,410),(7565,'Xã Ea Bá',36,410),(7566,'Xã EaBia',36,410),(7567,'Xã Ealy',36,410),(7568,'Thị trấn Hai Riêng',36,410),(7569,'Xã Ea Lâm',36,410),(7570,'Xã Đức Bình Tây',36,410),(7571,'Xã Đức Bình Đông',36,410),(7572,'Xã EaBar',36,410),(7573,'Xã EaTrol',36,410),(7574,'Xã Sông Hinh',36,410),(7575,'Xã Hòa An',36,411),(7576,'Xã Hòa Hội',36,411),(7577,'Xã Hòa Định Đông',36,411),(7578,'Xã Hòa Quang Bắc',36,411),(7579,'Xã Hoà Quang Nam',36,411),(7580,'Xã Hòa Trị',36,411),(7581,'Xã Hòa Định Tây',36,411),(7582,'Xã Hòa Thắng',36,411),(7583,'Thị trấn Phú Hòa',36,411),(7584,'Xã Vĩnh Hiệp',37,412),(7585,'Phường Phước Tân',37,412),(7586,'Phường Vĩnh Hoà',37,412),(7587,'Phường Ngọc Hiệp',37,412),(7588,'Phường Vạn Thạnh',37,412),(7589,'Phường Lộc Thọ',37,412),(7590,'Phường Vĩnh Nguyên',37,412),(7591,'Xã Vĩnh Ngọc',37,412),(7592,'Xã Vĩnh Thái',37,412),(7593,'Phường Vĩnh Hải',37,412),(7594,'Phường Vĩnh Phước',37,412),(7595,'Phường Vĩnh Thọ',37,412),(7596,'Phường Xương Huân',37,412),(7597,'Phường Vạn Thắng',37,412),(7598,'Phường Phương Sài',37,412),(7599,'Phường Phương Sơn',37,412),(7600,'Phường Phước Hải',37,412),(7601,'Phường Phước Tiến',37,412),(7602,'Phường Tân Lập',37,412),(7603,'Phường Phước Hòa',37,412),(7604,'Phường Phước Long',37,412),(7605,'Phường Vĩnh Trường',37,412),(7606,'Xã Vĩnh Lương',37,412),(7607,'Xã Vĩnh Phương',37,412),(7608,'Xã Vĩnh Thạnh',37,412),(7609,'Xã Vĩnh Trung',37,412),(7610,'Xã Phước Đồng',37,412),(7611,'Xã Vạn Long',37,413),(7612,'Xã Vạn Hưng',37,413),(7613,'Xã Đại Lãnh',37,413),(7614,'Xã Vạn Phước',37,413),(7615,'Xã Vạn Bình',37,413),(7616,'Xã Vạn Thọ',37,413),(7617,'Xã Vạn Khánh',37,413),(7618,'Xã Vạn Phú',37,413),(7619,'Xã Vạn Lương',37,413),(7620,'Xã Vạn Thắng',37,413),(7621,'Xã Vạn Thạnh',37,413),(7622,'Xã Xuân Sơn',37,413),(7623,'Thị trấn Vạn Giã',37,413),(7624,'Thị trấn Ninh Hòa',37,414),(7625,'Xã Ninh Thủy',37,414),(7626,'Xã Ninh ích',37,414),(7627,'Xã Ninh Thượng',37,414),(7628,'Xã Ninh Trung',37,414),(7629,'Xã Ninh Diêm',37,414),(7630,'Xã Ninh Phụng',37,414),(7631,'Xã Ninh Tân',37,414),(7632,'Xã Ninh Hưng',37,414),(7633,'Xã Ninh Sơn',37,414),(7634,'Xã Ninh Tây',37,414),(7635,'Xã Ninh An',37,414),(7636,'Xã Ninh Hải',37,414),(7637,'Xã Ninh Thọ',37,414),(7638,'Xã Ninh Sim',37,414),(7639,'Xã Ninh Xuân',37,414),(7640,'Xã Ninh Thân',37,414),(7641,'Xã Ninh Đông',37,414),(7642,'Xã Ninh Đa',37,414),(7643,'Xã Ninh Bình',37,414),(7644,'Xã Ninh Phước',37,414),(7645,'Xã Ninh Phú',37,414),(7646,'Xã Ninh Quang',37,414),(7647,'Xã Ninh Giang',37,414),(7648,'Xã Ninh Hà',37,414),(7649,'Xã Ninh Lộc',37,414),(7650,'Xã Ninh Vân',37,414),(7651,'Xã Diên Phú',37,415),(7652,'Xã Suối Tiên',37,415),(7653,'Thị trấn Diên Khánh',37,415),(7654,'Xã Diên Sơn',37,415),(7655,'Xã Diên Phước',37,415),(7656,'Xã Diên Thạnh',37,415),(7657,'Xã Suối Hiệp',37,415),(7658,'Xã Diên Lâm',37,415),(7659,'Xã Diên Điền',37,415),(7660,'Xã Diên Xuân',37,415),(7661,'Xã Diên Đồng',37,415),(7662,'Xã Diên Thọ',37,415),(7663,'Xã Diên Lạc',37,415),(7664,'Xã Diên Tân',37,415),(7665,'Xã Diên Hòa',37,415),(7666,'Xã Diên Toàn',37,415),(7667,'Xã Diên An',37,415),(7668,'Xã Diên Bình',37,415),(7669,'Xã Diên Lộc',37,415),(7670,'Phường Cam Thuận',37,416),(7671,'Xã Cam Bình',37,416),(7672,'Phường Cam Nghĩa',37,416),(7673,'Phường Cam Phúc Bắc',37,416),(7674,'Phường Cam Phúc Nam',37,416),(7675,'Phường Cam Lộc',37,416),(7676,'Phường Cam Phú',37,416),(7677,'Phường Ba Ngòi',37,416),(7678,'Phường Cam Lợi',37,416),(7679,'Phường Cam Linh',37,416),(7680,'Xã Cam Thành Nam',37,416),(7681,'Xã Cam Phước Đông',37,416),(7682,'Xã Cam Thịnh Tây',37,416),(7683,'Xã Cam Thịnh Đông',37,416),(7684,'Xã Cam Lập',37,416),(7685,'Xã Cầu Bà',37,417),(7686,'Thị trấn Khánh Vĩnh',37,417),(7687,'Xã Khánh Thượng',37,417),(7688,'Xã Liên Sang',37,417),(7689,'Xã Khánh Hiệp',37,417),(7690,'Xã Khánh Bình',37,417),(7691,'Xã Khánh Trung',37,417),(7692,'Xã Khánh Đông',37,417),(7693,'Xã Khánh Nam',37,417),(7694,'Xã Sông Cầu',37,417),(7695,'Xã Giang Ly',37,417),(7696,'Xã Khánh Thành',37,417),(7697,'Xã Khánh Phú',37,417),(7698,'Xã Sơn Thái',37,417),(7699,'Thị trấn Tô Hạp',37,418),(7700,'Xã Sơn Bình',37,418),(7701,'Xã Thành Sơn',37,418),(7702,'Xã Sơn Lâm',37,418),(7703,'Xã Sơn Hiệp',37,418),(7704,'Xã Sơn Trung',37,418),(7705,'Xã Ba Cụm Bắc',37,418),(7706,'Xã Ba Cụm Nam',37,418),(7707,'Thị trấn Cam Đức',37,420),(7708,'Xã Suối Cát',37,420),(7709,'Xã Suối Tân',37,420),(7710,'Xã Cam Tân',37,420),(7711,'Xã Cam Hòa',37,420),(7712,'Xã Cam Hải Đông',37,420),(7713,'Xã Cam Hải Tây',37,420),(7714,'Xã Cam Hiệp Bắc',37,420),(7715,'Xã Cam Hiệp Nam',37,420),(7716,'Xã Cam Thành Bắc',37,420),(7717,'Xã Cam An Bắc',37,420),(7718,'Xã Cam An Nam',37,420),(7719,'Xã Cam Phước Tây',37,420),(7720,'Xã Sơn Tân',37,420),(7721,'Phường Lê Lợi',38,421),(7722,'Xã Hòa Bình',38,421),(7723,'Phường Quang Trung',38,421),(7724,'Phường Thắng Lợi',38,421),(7725,'Phường Trần Hưng Đạo',38,421),(7726,'Xã Đắk Blà',38,421),(7727,'Xã Đắk Rơ Wa',38,421),(7728,'Phường Duy Tân',38,421),(7729,'Phường Quyết Thắng',38,421),(7730,'Phường Trường Chinh',38,421),(7731,'Phường Ngô Mây',38,421),(7732,'Phường Thống Nhất',38,421),(7733,'Phường Nguyễn Trãi',38,421),(7734,'Xã Đắk Cấm',38,421),(7735,'Xã Kroong',38,421),(7736,'Xã Ngọk Bay',38,421),(7737,'Xã Vinh Quang',38,421),(7738,'Xã Ia Chim',38,421),(7739,'Xã Đoàn Kết',38,421),(7740,'Xã Chư Hreng',38,421),(7741,'Xã Đăk Năng',38,421),(7742,'Xã Đắk Môn',38,422),(7743,'Xã Đắk Man',38,422),(7744,'Xã Đắk Choong',38,422),(7745,'Xã Đắk KRoong',38,422),(7746,'Thị trấn Đắk Glei',38,422),(7747,'Xã Đắk Plô',38,422),(7748,'Xã Đắk Nhoong',38,422),(7749,'Xã Đắk Pék',38,422),(7750,'Xã Xốp',38,422),(7751,'Xã Mường Hoong',38,422),(7752,'Xã Ngọc Linh',38,422),(7753,'Xã Đắk Long',38,422),(7754,'Xã Đắk Dục',38,423),(7755,'Xã Đắk Kan',38,423),(7756,'Thị trấn Plei Cần',38,423),(7757,'Xã Đắk Ang',38,423),(7758,'Xã Đắk Nông',38,423),(7759,'Xã Đắk Xú',38,423),(7760,'Xã Pờ Y',38,423),(7761,'Xã Sa Loong',38,423),(7762,'Xã Ngọk Tụ',38,424),(7763,'Xã Đắk Trăm',38,424),(7764,'Xã Văn Lem',38,424),(7765,'Xã Kon Đào',38,424),(7766,'Xã Tân Cảnh',38,424),(7767,'Xã Diên Bình',38,424),(7768,'Xã Pô Kô',38,424),(7769,'Xã Đắk Rơ Nga',38,424),(7770,'Thị trấn Đắk Tô',38,424),(7771,'Xã Đắk Tờ Re',38,425),(7772,'Xã Đắk Ruồng',38,425),(7773,'Thị trấn Đắk Rve',38,425),(7774,'Xã Đắk Kôi',38,425),(7775,'Xã Đắk Tơ Lung',38,425),(7776,'Xã Đắk Pne',38,425),(7777,'Xã Tân Lập',38,425),(7778,'Xã Măng Buk',38,426),(7779,'Xã Đắk Ring',38,426),(7780,'Xã Pờ ê',38,426),(7781,'Xã Hiếu',38,426),(7782,'Xã Đắk Nên',38,426),(7783,'Xã Đắk Tăng',38,426),(7784,'Xã Ngok Tem',38,426),(7785,'Xã Măng Cành',38,426),(7786,'Xã Đắk Long',38,426),(7787,'Thị trấn Đắk Hà',38,427),(7788,'Xã Đắk Mar',38,427),(7789,'Xã Đắk La',38,427),(7790,'Xã Đắk PXi',38,427),(7791,'Xã Đắk HRing',38,427),(7792,'Xã Đắk Ui',38,427),(7793,'Xã Ngok Wang',38,427),(7794,'Xã Ngok Réo',38,427),(7795,'Xã Hà Mòn',38,427),(7796,'Xã Rơ Kơi',38,428),(7797,'Xã Ya ly',38,428),(7798,'Xã Mô Rai',38,428),(7799,'Xã Sa Bình',38,428),(7800,'Thị trấn Sa Thầy',38,428),(7801,'Xã Sa Nhơn',38,428),(7802,'Xã Hơ Moong',38,428),(7803,'Xã Sa Sơn',38,428),(7804,'Xã Sa Nghĩa',38,428),(7805,'Xã Ya Xiêr',38,428),(7806,'Xã Ya Tăng',38,428),(7807,'Xã Đắk Tơ Kan',38,429),(7808,'Xã Ngọk Lây',38,429),(7809,'Xã Đắk Na',38,429),(7810,'Xã Măng Ri',38,429),(7811,'Xã Ngok Yêu',38,429),(7812,'Xã Đắk Sao',38,429),(7813,'Xã Đắk Rơ Ông',38,429),(7814,'Xã Tu Mơ Rông',38,429),(7815,'Xã Đắk Hà',38,429),(7816,'Xã Tê Xăng',38,429),(7817,'Xã Văn Xuôi',38,429),(7818,'Phường Tây Sơn',39,430),(7819,'Phường Yên Đỗ',39,430),(7820,'Phường Hội Phú',39,430),(7821,'Phường Trà Bá',39,430),(7822,'Xã Tân Sơn',39,430),(7823,'Xã Diên Phú',39,430),(7824,'Phường Diên Hồng',39,430),(7825,'Phường Ia Kring',39,430),(7826,'Phường Hội Thương',39,430),(7827,'Phường Hoa Lư',39,430),(7828,'Phường Thống Nhất',39,430),(7829,'Phường Yên Thế',39,430),(7830,'Xã Chư HDrông',39,430),(7831,'Xã Biển Hồ',39,430),(7832,'Xã Trà Đa',39,430),(7833,'Xã Chư á',39,430),(7834,'Xã An Phú',39,430),(7835,'Xã Ia Kênh',39,430),(7836,'Xã Gào',39,430),(7837,'Phường Đống Đa',39,430),(7838,'Phường Chi Lăng',39,430),(7839,'Phường Thắng Lợi',39,430),(7840,'Phường Phù Đổng',39,430),(7841,'Xã KRong',39,431),(7842,'Xã Kon Pne',39,431),(7843,'Xã Sơ Pai',39,431),(7844,'Xã Nghĩa An',39,431),(7845,'Xã Đăk HLơ',39,431),(7846,'Thị trấn KBang',39,431),(7847,'Xã Đăk Roong',39,431),(7848,'Xã Sơn Lang',39,431),(7849,'Xã Lơ Ku',39,431),(7850,'Xã Đông',39,431),(7851,'Xã Tơ Tung',39,431),(7852,'Xã Kông Lơng Khơng',39,431),(7853,'Xã Kông Pla',39,431),(7854,'Xã Đăk Smar',39,431),(7855,'Xã Kon Thụp',39,432),(7856,'Xã Lơ Pang',39,432),(7857,'Xã Đăk Trôi',39,432),(7858,'Xã Hà Ra',39,432),(7859,'Thị trấn Kon Dơng',39,432),(7860,'Xã Ayun',39,432),(7861,'Xã Đăk Yă',39,432),(7862,'Xã Đăk Djrăng',39,432),(7863,'Xã Đê Ar',39,432),(7864,'Xã Kon Chiêng',39,432),(7865,'Xã ĐăkTaLey',39,432),(7866,'Xã ĐăkJơTa',39,432),(7867,'Xã Hòa Phú',39,433),(7868,'Xã Ia Phí',39,433),(7869,'Xã Đăk Tơ Ver',39,433),(7870,'Xã Ia Nhin',39,433),(7871,'Thị trấn Phú Hòa',39,433),(7872,'Xã Hà Tây',39,433),(7873,'Xã Ia Khươl',39,433),(7874,'Xã Ia Ly',39,433),(7875,'Xã Ia Mơ Nông',39,433),(7876,'Xã Chư Đăng Ya',39,433),(7877,'Xã Ia Ka',39,433),(7878,'Xã Nghĩa Hòa',39,433),(7879,'Xã Chư Jôr',39,433),(7880,'Xã Nghĩa Hưng',39,433),(7881,'Xã Ia KRai',39,434),(7882,'Thị trấn Ia Kha',39,434),(7883,'Xã Ia Tô',39,434),(7884,'Xã Ia Chia',39,434),(7885,'Xã Ia Sao',39,434),(7886,'Xã Ia Hrung',39,434),(7887,'Xã Ia Khai',39,434),(7888,'Xã Ia O',39,434),(7889,'Xã Ia Dêr',39,434),(7890,'Xã Ia Pếch',39,434),(7891,'Xã Ia Bă',39,434),(7892,'Xã Ia Yok',39,434),(7893,'Phường An Bình',39,435),(7894,'Phường Tây Sơn',39,435),(7895,'Xã Cửu An',39,435),(7896,'Phường An Phú',39,435),(7897,'Phường An Tân',39,435),(7898,'Xã Tú An',39,435),(7899,'Xã Song An',39,435),(7900,'Xã Thành An',39,435),(7901,'Xã Xuân An',39,435),(7902,'Phường An Phước',39,435),(7903,'Phường Ngô Mây',39,435),(7904,'Xã Ya Ma',39,436),(7905,'Xã Kông Yang',39,436),(7906,'Xã Yang Trung',39,436),(7907,'Thị trấn Kông Chro',39,436),(7908,'Xã Chư Krêy',39,436),(7909,'Xã An Trung',39,436),(7910,'Xã Đăk Tơ Pang',39,436),(7911,'Xã SRó',39,436),(7912,'Xã Đăk Song',39,436),(7913,'Xã Chơ Long',39,436),(7914,'Xã Yang Nam',39,436),(7915,'Xã Đăk Pling',39,436),(7916,'Xã Đăk Kơ Ning',39,436),(7917,'Xã Đăk Pơ Pho',39,436),(7918,'Xã Ia Kriêng',39,437),(7919,'Thị trấn Chư Ty',39,437),(7920,'Xã Ia Kla',39,437),(7921,'Xã Ia Pnôn',39,437),(7922,'Xã Ia Dơk',39,437),(7923,'Xã Ia Krêl',39,437),(7924,'Xã Ia Din',39,437),(7925,'Xã Ia Dom',39,437),(7926,'Xã Ia Lang',39,437),(7927,'Xã Ia Nan',39,437),(7928,'Xã Ia Púch',39,438),(7929,'Xã Ia Drăng',39,438),(7930,'Xã Ia Băng',39,438),(7931,'Xã Ia O',39,438),(7932,'Xã Ia Pia',39,438),(7933,'Xã Ia Piơr',39,438),(7934,'Thị trấn Chư Prông',39,438),(7935,'Xã Bình Giáo',39,438),(7936,'Xã Thăng Hưng',39,438),(7937,'Xã Bàu Cạn',39,438),(7938,'Xã Ia Phìn',39,438),(7939,'Xã Ia Tôr',39,438),(7940,'Xã Ia Boòng',39,438),(7941,'Xã Ia Me',39,438),(7942,'Xã Ia Vê',39,438),(7943,'Xã Ia Ga',39,438),(7944,'Xã Ia Lâu',39,438),(7945,'Xã Ia Mơ',39,438),(7946,'Xã Ia Kly',39,438),(7947,'Xã Ia Bang',39,438),(7948,'Xã AL Bá',39,439),(7949,'Xã Ia Le',39,439),(7950,'Xã Bờ Ngoong',39,439),(7951,'Xã Ia HLốp',39,439),(7952,'Xã Ia Hrú',39,439),(7953,'Xã Ia Phang',39,439),(7954,'Thị trấn Chư Sê',39,439),(7955,'Xã Ia Tiêm',39,439),(7956,'Xã Ia Glai',39,439),(7957,'Xã AYun',39,439),(7958,'Xã Ia Blang',39,439),(7959,'Xã Dun',39,439),(7960,'Xã H Bông',39,439),(7961,'Xã Ia Dreng',39,439),(7962,'Xã Ia Ko',39,439),(7963,'Xã Nhơn Hòa',39,439),(7964,'Xã Chư Pơng',39,439),(7965,'Xã Ia Hla',39,439),(7966,'Xã IaBlứ',39,439),(7967,'Xã Ia KDăm',39,440),(7968,'Xã Chư Răng',39,440),(7969,'Xã Ia Tul',39,440),(7970,'Xã Ia Trok',39,440),(7971,'Xã Pờ Tó',39,440),(7972,'Xã Kim Tân',39,440),(7973,'Xã Chư Mố',39,440),(7974,'Xã Ia Ma Rơn',39,440),(7975,'Xã Ia Broăi',39,440),(7976,'Xã la Sao',39,441),(7977,'Xã Chư Băh',39,441),(7978,'Xã la RBol',39,441),(7979,'Xã Ia RTô',39,441),(7980,'Phường Đoàn Kết',39,441),(7981,'Phường Sông Bờ',39,441),(7982,'Phường Cheo Reo',39,441),(7983,'Phường Hoà Bình',39,441),(7984,'Xã Uar',39,442),(7985,'Xã Ia RSươm',39,442),(7986,'Xã Chư Drăng',39,442),(7987,'Xã Chư Ngọc',39,442),(7988,'Thị trấn Phú Túc',39,442),(7989,'Xã Ia RSai',39,442),(7990,'Xã Chư Gu',39,442),(7991,'Xã Đất Bằng',39,442),(7992,'Xã Ia Mláh',39,442),(7993,'Xã Phú Cần',39,442),(7994,'Xã Ia HDreh',39,442),(7995,'Xã Ia RMok',39,442),(7996,'Xã Chư RCăm',39,442),(7997,'Xã Krông Năng',39,442),(7998,'Xã Trang',39,443),(7999,'Xã Đăk Sơmei',39,443),(8000,'Xã Hải Yang',39,443),(8001,'Xã K- Dang',39,443),(8002,'Xã Tân Bình',39,443),(8003,'Xã Glar',39,443),(8004,'Xã A Dơk',39,443),(8005,'Xã Ia Pết',39,443),(8006,'Xã Ia Băng',39,443),(8007,'Xã H- Neng',39,443),(8008,'Thị trấn Đăk Đoa',39,443),(8009,'Xã Hà Đông',39,443),(8010,'Xã Kon Gang',39,443),(8011,'Xã Hà Bầu',39,443),(8012,'Xã Nam Yang',39,443),(8013,'Xã Đak Krong',39,443),(8014,'Xã An Thành',39,444),(8015,'Xã Tân An',39,444),(8016,'Xã Hà Tam',39,444),(8017,'Xã Đak Pơ',39,444),(8018,'Xã Yang Bắc',39,444),(8019,'Xã Cư An',39,444),(8020,'Xã Phú An',39,444),(8021,'Xã Ya Hội',39,444),(8022,'Thị Trấn Phú Thiện',39,445),(8023,'Xã Ia Ke',39,445),(8024,'Xã Chư A Thai',39,445),(8025,'Xã Ia Piar',39,445),(8026,'Xã Ia Peng',39,445),(8027,'Xã Ia Hiao',39,445),(8028,'Xã Ia Yeng',39,445),(8029,'Xã Ia Sol',39,445),(8030,'Xã Ayun Hạ',39,445),(8031,'Xã Chrô PơNan',39,445),(8032,'Phường Tân Tiến',40,446),(8033,'Phường Tân An',40,446),(8034,'Phường Tân Lợi',40,446),(8035,'Phường Tự An',40,446),(8036,'Xã Cư êBur',40,446),(8037,'Xã Hòa Phú',40,446),(8038,'Phường Tân Lập',40,446),(8039,'Phường Tân Hoà',40,446),(8040,'Phường Thống Nhất',40,446),(8041,'Phường Thành Nhất',40,446),(8042,'Phường Thắng Lợi',40,446),(8043,'Phường Thành Công',40,446),(8044,'Phường Tân Thành',40,446),(8045,'Phường Ea Tam',40,446),(8046,'Phường Khánh Xuân',40,446),(8047,'Xã Hòa Thuận',40,446),(8048,'Xã Ea Tu',40,446),(8049,'Xã Hòa Thắng',40,446),(8050,'Xã Ea Kao',40,446),(8051,'Xã Hòa Khánh',40,446),(8052,'Xã Hòa Xuân',40,446),(8053,'Thị trấn Ea Drăng',40,447),(8054,'Xã Ea H-leo',40,447),(8055,'Xã Cư Mốt',40,447),(8056,'Xã Dlê Yang',40,447),(8057,'Xã Ea Sol',40,447),(8058,'Xã Ea Ral',40,447),(8059,'Xã Ea Wy',40,447),(8060,'Xã Ea Hiao',40,447),(8061,'Xã Ea Khal',40,447),(8062,'Xã Ea Nam',40,447),(8063,'Xã Ea Tir',40,447),(8064,'Xã Cư Amung',40,447),(8065,'Xã Cư KBang',40,448),(8066,'Xã Ea Rốk',40,448),(8067,'Xã Ea Bung',40,448),(8068,'Thị trấn Ea Súp',40,448),(8069,'Xã Ia Lốp',40,448),(8070,'Xã Ya Tờ Mốt',40,448),(8071,'Xã Ea Lê',40,448),(8072,'Xã Cư M-Lan',40,448),(8073,'Xã Ia Jlơi',40,448),(8074,'Xã Ia Rvê',40,448),(8075,'Thị trấn Krông Năng',40,449),(8076,'Xã Cư Klông',40,449),(8077,'Xã ĐLiê Ya',40,449),(8078,'Xã Tam Giang',40,449),(8079,'Xã Ea Hồ',40,449),(8080,'Xã Phú Xuân',40,449),(8081,'Xã Ea Tân',40,449),(8082,'Xã Phú Lộc',40,449),(8083,'Xã Ea Tóh',40,449),(8084,'Xã Ea Tam',40,449),(8085,'Xã Ea Púk',40,449),(8086,'Xã Ea Đah',40,449),(8087,'Phường Đoàn Kết',40,450),(8088,'Phường Thống Nhất',40,450),(8089,'Xã Ea Blang',40,450),(8090,'Xã Ea Drông',40,450),(8091,'Xã Ea Siên',40,450),(8092,'Xã Bình Thuận',40,450),(8093,'Xã Cư Bao',40,450),(8094,'Phường Bình Tân',40,450),(8095,'Phường Đạt Hiếu',40,450),(8096,'Phường An Lạc',40,450),(8097,'Phường An Bình',40,450),(8098,'Phường Thiện An',40,450),(8099,'Xã Ea Wer',40,451),(8100,'Xã Ea Bar',40,451),(8101,'Xã Krông Na',40,451),(8102,'Xã Ea Huar',40,451),(8103,'Xã Tân Hoà',40,451),(8104,'Xã Cuôr KNia',40,451),(8105,'Xã Ea Nuôl',40,451),(8106,'Thị trấn Quảng Phú',40,452),(8107,'Xã Quảng Tiến',40,452),(8108,'Xã Ea H-Đinh',40,452),(8109,'Xã Quảng Hiệp',40,452),(8110,'Xã Cư Suê',40,452),(8111,'Thị trấn Ea Pốk',40,452),(8112,'Xã Ea Kiết',40,452),(8113,'Xã Ea Tar',40,452),(8114,'Xã Cư Dliê M-nông',40,452),(8115,'Xã Ea Tul',40,452),(8116,'Xã Ea KPam',40,452),(8117,'Xã Ea M-DRóh',40,452),(8118,'Xã Cư M-gar',40,452),(8119,'Xã Ea D-Rơng',40,452),(8120,'Xã Ea M-nang',40,452),(8121,'Xã Cuor Đăng',40,452),(8122,'Xã Eakuêh',40,452),(8123,'Xã Ea Păn',40,453),(8124,'Xã Ea Tih',40,453),(8125,'Xã Cư Ni',40,453),(8126,'Xã Cư Jang',40,453),(8127,'Thị trấn Ea Kar',40,453),(8128,'Thị trấn Ea Knốp',40,453),(8129,'Xã Ea Sô',40,453),(8130,'Xã Xuân Phú',40,453),(8131,'Xã Cư Huê',40,453),(8132,'Xã Ea Đar',40,453),(8133,'Xã Ea Kmút',40,453),(8134,'Xã Ea ô',40,453),(8135,'Xã Cư Bông',40,453),(8136,'Xã Cu ELang',40,453),(8137,'Xã Cu Prong',40,453),(8138,'Xã EaSar',40,453),(8139,'Xã Ea Riêng',40,454),(8140,'Xã Ea Pil',40,454),(8141,'Xã Ea M- Doal',40,454),(8142,'Xã KRông á',40,454),(8143,'Thị trấn M-Đrắk',40,454),(8144,'Xã Cư Prao',40,454),(8145,'Xã Ea Lai',40,454),(8146,'Xã Ea H-MLay',40,454),(8147,'Xã Krông Jing',40,454),(8148,'Xã Cư M-ta',40,454),(8149,'Xã Cư K Róa',40,454),(8150,'Xã Ea Trang',40,454),(8151,'Xó Cư Sang',40,454),(8152,'Xã Ea KNuec',40,455),(8153,'Thị trấn Phước An',40,455),(8154,'Xã Ea Phê',40,455),(8155,'Xã Ea Kuăng',40,455),(8156,'Xã Tân Tiến',40,455),(8157,'Xã KRông Búk',40,455),(8158,'Xã Ea Kly',40,455),(8159,'Xã Ea Kênh',40,455),(8160,'Xã Ea Yông',40,455),(8161,'Xã Hòa An',40,455),(8162,'Xã Hoà Đông',40,455),(8163,'Xã Ea Hiu',40,455),(8164,'Xã Hòa Tiến',40,455),(8165,'Xã Vụ Bổn',40,455),(8166,'Xã Ea Uy',40,455),(8167,'Xã Ea Yiêng',40,455),(8168,'Xã Cư ê Wi',40,456),(8169,'Xã Dur KMăl',40,456),(8170,'Thị trấn Buôn Trấp',40,456),(8171,'Xã Ea Hu',40,456),(8172,'Xã Hòa Hiệp',40,456),(8173,'Xã Bình Hòa',40,456),(8174,'Xã Ea Ktur',40,456),(8175,'Xã Ea Tiêu',40,456),(8176,'Xã Ea BHốk',40,456),(8177,'Xã Dray Sáp',40,456),(8178,'Xã Ea Na',40,456),(8179,'Xã Ea Bông',40,456),(8180,'Xã Băng A Drênh',40,456),(8181,'Xã Quảng Điền',40,456),(8182,'Xã Yang Reh',40,457),(8183,'Xã Cư KTy',40,457),(8184,'Xã Hòa Lễ',40,457),(8185,'Xã Khuê Ngọc Điền',40,457),(8186,'Thị trấn Krông Kmar',40,457),(8187,'Xã Dang Kang',40,457),(8188,'Xã Hòa Thành',40,457),(8189,'Xã Hòa Tân',40,457),(8190,'Xã Hòa Phong',40,457),(8191,'Xã Ea Trul',40,457),(8192,'Xã Cư Pui',40,457),(8193,'Xã Hòa Sơn',40,457),(8194,'Xã Cư Drăm',40,457),(8195,'Xã Yang Mao',40,457),(8196,'Xã Nam Ka',40,458),(8197,'Xã Bông Krang',40,458),(8198,'Xã Đắk Phơi',40,458),(8199,'Xã Ea R-Bin',40,458),(8200,'Thị trấn Liên Sơn',40,458),(8201,'Xã Yang Tao',40,458),(8202,'Xã Đắk Liêng',40,458),(8203,'Xã Buôn Triết',40,458),(8204,'Xã Buôn Tría',40,458),(8205,'Xã Đắk Nuê',40,458),(8206,'Xã Krông Nô',40,458),(8207,'Xã Hòa Hiệp',40,459),(8208,'Xã Dray Bhăng',40,459),(8209,'Xã Ea Bhốc',40,459),(8210,'Xã Ea Hu',40,459),(8211,'Xã Ea Tiêu',40,459),(8212,'Xã Ea Ktur',40,459),(8213,'Xã Ea Ning',40,459),(8214,'Xã Cư Êwi',40,459),(8215,'Xã Cư Né',40,460),(8216,'Xã Cư Pơng',40,460),(8217,'Xã Ea Sin',40,460),(8218,'Xã Cư Kpô',40,460),(8219,'Xã Ea Ngai',40,460),(8220,'Xã Pơng Đrang',40,460),(8221,'Xã Tân Lập',40,460),(8222,'Thị trấn Ea T-Ling',41,461),(8223,'Xã Ea Pô',41,461),(8224,'Xã Cư Knia',41,461),(8225,'Xã Đắk Wil',41,461),(8226,'Xã Nam Dong',41,461),(8227,'Xã Đắk DRông',41,461),(8228,'Xã Tâm Thắng',41,461),(8229,'Xã Trúc Sơn',41,461),(8230,'Xã Nam Đà',41,462),(8231,'Xã Đức Xuyên',41,462),(8232,'Thị trấn Đắk Mâm',41,462),(8233,'Xã Đắk Sôr',41,462),(8234,'Xã Buôn Choah',41,462),(8235,'Xã Tân Thành',41,462),(8236,'Xã Đắk Drô',41,462),(8237,'Xã Nâm Nung',41,462),(8238,'Xã Đắk Nang',41,462),(8239,'Xã Quảng Phú',41,462),(8240,'Xã Nâm Đir',41,462),(8241,'Xã Nam Xuân',41,462),(8242,'Xã Đắk Gằn',41,463),(8243,'Xã Thuận An',41,463),(8244,'Xã Đắk Lao',41,463),(8245,'Xã Đắk R-La',41,463),(8246,'Xã Đức Mạnh',41,463),(8247,'Xã Đắk N Drót',41,463),(8248,'Xã Đắk Sắk',41,463),(8249,'Xã Đức Minh',41,463),(8250,'Thị trấn Đắk Mil',41,463),(8251,'Xã Long Sơn',41,463),(8252,'Xã Đắk Môl',41,464),(8253,'Xã Thuận Hạnh',41,464),(8254,'Xã Đắk Song',41,464),(8255,'Xã Đắk N Dung',41,464),(8256,'Xã Nâm N Jang',41,464),(8257,'Xã Trường Xuân',41,464),(8258,'Xã Thuận Hà',41,464),(8259,'Thị trấn Đức An',41,464),(8260,'Xã Đăk Hoà',41,464),(8261,'Xã Quảng Tín',41,465),(8262,'Xã Quảng Trực',41,465),(8263,'Xã Quảng Tân',41,465),(8264,'Xã Đắk Sin',41,465),(8265,'Thị trấn Kiến Đức',41,465),(8266,'Xã Hưng Bình',41,465),(8267,'Xã Nghĩa Thắng',41,465),(8268,'Xã Đắk Wer',41,465),(8269,'Xã Nhân Cơ',41,465),(8270,'Xã Kiến Thành',41,465),(8271,'Xã Đạo Nghĩa',41,465),(8272,'Xã Đắk Ru',41,465),(8273,'Xã Nhân Đạo',41,465),(8274,'Xã Quảng Thành',41,466),(8275,'Phường Nghĩa Thành',41,466),(8276,'Phường Nghĩa Đức',41,466),(8277,'Phường Nghĩa Phú',41,466),(8278,'Phường Nghĩa Tân',41,466),(8279,'Phường Nghĩa Trung',41,466),(8280,'Xã Đăk R Moan',41,466),(8281,'Xã Đắk Nia',41,466),(8282,'Xã Quảng Sơn',41,467),(8283,'Xã Đắk Plao',41,467),(8284,'Xã Đắk Ha',41,467),(8285,'Xã Đắk R Măng',41,467),(8286,'Xã Quảng Khê',41,467),(8287,'Xã Đắk Som',41,467),(8288,'Xã Quảng Hoà',41,467),(8289,'Xã Quảng Tân',41,468),(8290,'Xã Đắk Búk So',41,468),(8291,'Xã Đắk R-Tíh',41,468),(8292,'Xã Quảng Trực',41,468),(8293,'Xã Đăk Ngo',41,468),(8294,'Xã Quảng Tâm',41,468),(8295,'Phường Tân Định',42,469),(8296,'Phường Đa Kao',42,469),(8297,'Phường Bến Nghé',42,469),(8298,'Phường Bến Thành',42,469),(8299,'Phường Nguyễn Thái Bình',42,469),(8300,'Phường Phạm Ngũ Lão',42,469),(8301,'Phường Cô Giang',42,469),(8302,'Phường Cầu Ông Lãnh',42,469),(8303,'Phường Nguyễn Cư Trinh',42,469),(8304,'Phường Cầu Kho',42,469),(8305,'Phường An Phú',42,470),(8306,'Phường Thảo Điền',42,470),(8307,'Phường An Khánh',42,470),(8308,'Phường Bình Khánh',42,470),(8309,'Phường Bình An',42,470),(8310,'Phường Thủ Thiêm',42,470),(8311,'Phường An Lợi Đông',42,470),(8312,'Phường Bình Trưng Tây',42,470),(8313,'Phường Bình Trưng Đông',42,470),(8314,'Phường Cát Lái',42,470),(8315,'Phường Thạnh Mỹ Lợi',42,470),(8316,'Phường 01',42,471),(8317,'Phường 02',42,471),(8318,'Phường 03',42,471),(8319,'Phường 04',42,471),(8320,'Phuờng 05',42,471),(8321,'Phường 06',42,471),(8322,'Phường 07',42,471),(8323,'Phường 08',42,471),(8324,'Phường 09',42,471),(8325,'Phường 10',42,471),(8326,'Phường 11',42,471),(8327,'Phường 12',42,471),(8328,'Phường 13',42,471),(8329,'Phường 14',42,471),(8330,'phường 01',42,472),(8331,'Phường 02',42,472),(8332,'phường 03',42,472),(8333,'phường 04',42,472),(8334,'phường 05',42,472),(8335,'phường 06',42,472),(8336,'phường 08',42,472),(8337,'phường 09',42,472),(8338,'phường 10',42,472),(8339,'phường 12',42,472),(8340,'phường 13',42,472),(8341,'Phường 14',42,472),(8342,'phường 15',42,472),(8343,'Phường 16',42,472),(8344,'phường 18',42,472),(8345,'Phường 01',42,473),(8346,'Phường 02',42,473),(8347,'Phường 03',42,473),(8348,'Phường 04',42,473),(8349,'Phường 05',42,473),(8350,'Phường 06',42,473),(8351,'Phường 07',42,473),(8352,'Phường 08',42,473),(8353,'Phường 09',42,473),(8354,'Phường 10',42,473),(8355,'Phường 11',42,473),(8356,'Phường 12',42,473),(8357,'Phường 13',42,473),(8358,'Phường 14',42,473),(8359,'Phường 15',42,473),(8360,'Phường 01',42,474),(8361,'Phường 02',42,474),(8362,'Phường 03',42,474),(8363,'Phường 04',42,474),(8364,'Phường 05',42,474),(8365,'Phường 06',42,474),(8366,'Phường 07',42,474),(8367,'Phường 08',42,474),(8368,'Phường 09',42,474),(8369,'Phường 10',42,474),(8370,'Phường 11',42,474),(8371,'Phường 12',42,474),(8372,'Phường 13',42,474),(8373,'Phường 14',42,474),(8374,'Phường Phú Mỹ',42,475),(8375,'Phường Phú Thuận',42,475),(8376,'Phường Tân Phú',42,475),(8377,'Phường Tân Thuận Đông',42,475),(8378,'Phường Bình Thuận',42,475),(8379,'Phường Tân Thuận Tây',42,475),(8380,'Phường Tân Kiểng',42,475),(8381,'Phường Tân Quy',42,475),(8382,'Phường Tân Hưng',42,475),(8383,'Phường Tân Phong',42,475),(8384,'Phường 1',42,476),(8385,'Phường 2',42,476),(8386,'Phường 3',42,476),(8387,'Phường 4',42,476),(8388,'Phường 5',42,476),(8389,'Phường 6',42,476),(8390,'Phường 7',42,476),(8391,'Phường 8',42,476),(8392,'Phường 9',42,476),(8393,'Phường 10',42,476),(8394,'Phường 11',42,476),(8395,'Phường 12',42,476),(8396,'Phường 13',42,476),(8397,'Phường 14',42,476),(8398,'Phường 15',42,476),(8399,'Phường 16',42,476),(8400,'Phường Phước Long A',42,477),(8401,'Phường Phước Long B',42,477),(8402,'Phường Tăng Nhơn Phú A',42,477),(8403,'Phường Tăng Nhơn Phú B',42,477),(8404,'Phường Long Trường',42,477),(8405,'Phường Trường Thạnh',42,477),(8406,'Phường Phước Bình',42,477),(8407,'Phường Tân Phú',42,477),(8408,'Phường Hiệp Phú',42,477),(8409,'Phường Long Thạnh Mỹ',42,477),(8410,'Phường Long Bình',42,477),(8411,'Phường Long Phước',42,477),(8412,'Phường Phú Hữu',42,477),(8413,'Phường 01',42,478),(8414,'Phường 02',42,478),(8415,'Phường 03',42,478),(8416,'Phường 04',42,478),(8417,'Phường 05',42,478),(8418,'Phường 06',42,478),(8419,'Phường 07',42,478),(8420,'Phường 08',42,478),(8421,'Phường 09',42,478),(8422,'Phường 10',42,478),(8423,'Phường 11',42,478),(8424,'Phường 12',42,478),(8425,'Phường 13',42,478),(8426,'Phường 14',42,478),(8427,'Phường 15',42,478),(8428,'Phường 1',42,479),(8429,'Phường 2',42,479),(8430,'Phường 3',42,479),(8431,'Phường 4',42,479),(8432,'Phường 5',42,479),(8433,'Phường 6',42,479),(8434,'Phường 7',42,479),(8435,'Phường 8',42,479),(8436,'Phường 9',42,479),(8437,'Phường 10',42,479),(8438,'Phường 11',42,479),(8439,'Phường 12',42,479),(8440,'Phường 13',42,479),(8441,'Phường 14',42,479),(8442,'Phường 15',42,479),(8443,'Phường 16',42,479),(8444,'phường Tân Thới Nhất',42,480),(8445,'phường Đông Hưng Thuận',42,480),(8446,'phường An Phú Đông',42,480),(8447,'phường Trung Mỹ Tây',42,480),(8448,'phường Tân Chánh Hiệp',42,480),(8449,'phường Thạnh Lộc',42,480),(8450,'phường Thạnh Xuân',42,480),(8451,'phường Hiệp Thành',42,480),(8452,'phường Thới An',42,480),(8453,'phường Tân Thới Hiệp',42,480),(8454,'Phường Tân Hưng Thuận',42,480),(8455,'Phường 1',42,481),(8456,'Phường 3',42,481),(8457,'Phường 4',42,481),(8458,'Phường 5',42,481),(8459,'Phường 7',42,481),(8460,'Phường 10',42,481),(8461,'Phường 11',42,481),(8462,'Phường 12',42,481),(8463,'Phường 13',42,481),(8464,'Phường 15',42,481),(8465,'Phường 16',42,481),(8466,'Phường 17',42,481),(8467,'Phường 14',42,481),(8468,'Phường 8',42,481),(8469,'Phường 9',42,481),(8470,'Phường 6',42,481),(8471,'Phường 1',42,482),(8472,'Phường 2',42,482),(8473,'Phường 3',42,482),(8474,'Phường 4',42,482),(8475,'Phường 5',42,482),(8476,'Phường 6',42,482),(8477,'Phường 7',42,482),(8478,'Phường 8',42,482),(8479,'Phường 9',42,482),(8480,'Phường 10',42,482),(8481,'Phường 11',42,482),(8482,'Phường 12',42,482),(8483,'Phường 13',42,482),(8484,'Phường 14',42,482),(8485,'Phường 15',42,482),(8486,'Phường Tân Sơn Nhì',42,483),(8487,'Phường Tây Thạnh',42,483),(8488,'Phường Sơn Kỳ',42,483),(8489,'Phường Tân Quý',42,483),(8490,'Phường Tân Thành',42,483),(8491,'Phường Phú Thọ Hoà',42,483),(8492,'Phường Phú Thạnh',42,483),(8493,'Phường Phú Trung',42,483),(8494,'Phường Hoà Thạnh',42,483),(8495,'Phường Hiệp Tân',42,483),(8496,'Phường Tân Thới Hoà',42,483),(8497,'Phường 1',42,484),(8498,'Phường 2',42,484),(8499,'Phường 3',42,484),(8500,'Phường 5',42,484),(8501,'Phường 6',42,484),(8502,'Phường 7',42,484),(8503,'Phường 11',42,484),(8504,'Phường 12',42,484),(8505,'Phường 13',42,484),(8506,'Phường 14',42,484),(8507,'Phường 15',42,484),(8508,'Phường 17',42,484),(8509,'Phường 19',42,484),(8510,'Phường 21',42,484),(8511,'Phường 22',42,484),(8512,'Phường 24',42,484),(8513,'Phường 25',42,484),(8514,'Phường 26',42,484),(8515,'Phường 27',42,484),(8516,'Phường 28',42,484),(8517,'Phường 09',42,485),(8518,'Phường 03',42,485),(8519,'Phường 15',42,485),(8520,'Phường 17',42,485),(8521,'Phường 13',42,485),(8522,'Phường 12',42,485),(8523,'Phường 04',42,485),(8524,'Phường 05',42,485),(8525,'Phường 07',42,485),(8526,'Phường 01',42,485),(8527,'Phường 02',42,485),(8528,'Phường 08',42,485),(8529,'Phường 10',42,485),(8530,'Phường 11',42,485),(8531,'Phường 14',42,485),(8532,'Phường Linh Đông',42,486),(8533,'Phường Hiệp Bình Chánh',42,486),(8534,'Phường Hiệp Bình Phước',42,486),(8535,'Phường Tam Phú',42,486),(8536,'Phường Linh Xuân',42,486),(8537,'Phường Linh Chiểu',42,486),(8538,'Phường Trường Thọ',42,486),(8539,'Phường Bình Chiểu',42,486),(8540,'Phường Linh Tây',42,486),(8541,'Phường Bình Thọ',42,486),(8542,'Phường Tam Bình',42,486),(8543,'Phường Linh Trung',42,486),(8544,'Phường Bình Hưng Hòa',42,487),(8545,'Phường Bình Hưng Hòa A',42,487),(8546,'Phường Bình Hưng Hòa B',42,487),(8547,'Phường Bình Trị Đông',42,487),(8548,'Phường Bình Trị Đông A',42,487),(8549,'Phường Bình Trị Đông B',42,487),(8550,'Phường Tân Tạo',42,487),(8551,'Phường Tân Tạo A',42,487),(8552,'Phường An Lạc',42,487),(8553,'Phường An Lạc A',42,487),(8554,'Thị Trấn Củ Chi',42,488),(8555,'Phú Hòa Đông',42,488),(8556,'Tân Thạnh Đông',42,488),(8557,'Tân Thạnh Tây',42,488),(8558,'Trung An',42,488),(8559,'Phước Vĩnh An',42,488),(8560,'Hoà Phú',42,488),(8561,'Tân An Hội',42,488),(8562,'Tân Thông Hội',42,488),(8563,'Tân Phú Trung',42,488),(8564,'Thái Mỹ',42,488),(8565,'Phước Thạnh',42,488),(8566,'An Nhơn Tây',42,488),(8567,'Trung Lập Thượng',42,488),(8568,'Phú Mỹ Hưng',42,488),(8569,'An Phú',42,488),(8570,'Nhuận Đức',42,488),(8571,'Xã Phạm Văn Cội',42,488),(8572,'Xã Bình Mỹ',42,488),(8573,'Xã Phước Hiệp',42,488),(8574,'Xã Trung Lập Hạ',42,488),(8575,'Thị Trấn Hóc Môn',42,489),(8576,'Xã Tân Thới Nhì',42,489),(8577,'Xã Tân Hiệp',42,489),(8578,'Xã Thới Tam Thôn',42,489),(8579,'Xã Đông Thạnh',42,489),(8580,'Xã Nhị Bình',42,489),(8581,'Xã Xuân Thới Sơn',42,489),(8582,'Xã Tân Xuân',42,489),(8583,'Xã Xuân Thới Thượng',42,489),(8584,'Xã Bà Điểm',42,489),(8585,'Xã Trung Chánh',42,489),(8586,'Xã Xuân T Đông',42,489),(8587,'Xã Bình Hưng',42,490),(8588,'Xã Phong Phú',42,490),(8589,'Xã Đa Phước',42,490),(8590,'Xã Qui Đức',42,490),(8591,'Xã Hưng Long',42,490),(8592,'Xã Tân Quý Tây',42,490),(8593,'Xã Bình Chánh',42,490),(8594,'Xã Vĩnh Lộc A',42,490),(8595,'Xã Vĩnh Lộc B',42,490),(8596,'Xã Phạm Văn Hai',42,490),(8597,'Xã Lê Minh Xuân',42,490),(8598,'Xã Bình Lợi',42,490),(8599,'Xã Tân Nhựt',42,490),(8600,'Thị Trấn Tân Túc',42,490),(8601,'Xã Tân Kiên',42,490),(8602,'Xã An Phú Tây',42,490),(8603,'Thị Trấn Nhà Bè',42,491),(8604,'Xã Phú Xuân',42,491),(8605,'Xã Phước Kiển',42,491),(8606,'Xã Phước Lộc',42,491),(8607,'Xã Nhơn Đức',42,491),(8608,'Xã Long Thới',42,491),(8609,'Xã Hiệp Phước',42,491),(8610,'Thị Trấn Cần Thạnh',42,492),(8611,'Xã Long Hoà',42,492),(8612,'Xã Thạnh An',42,492),(8613,'Xã Tam Thôn Hiệp',42,492),(8614,'Xã Bình Khánh',42,492),(8615,'Xã An Thới Đông',42,492),(8616,'Xã Lý Nhơn',42,492),(8617,'Phường 2',43,493),(8618,'Phường 6',43,493),(8619,'Phường 11',43,493),(8620,'Xã Tà Nung',43,493),(8621,'Phường 9',43,493),(8622,'Phường 7',43,493),(8623,'Phường 8',43,493),(8624,'Phường 12',43,493),(8625,'Phường 1',43,493),(8626,'Phường 5',43,493),(8627,'Phường 4',43,493),(8628,'Phường 10',43,493),(8629,'Phường 3',43,493),(8630,'Xã Xuân Thọ',43,493),(8631,'Xã Xuân Trường',43,493),(8632,'Xã Trạm Hành',43,493),(8633,'Phường Lộc Phát',43,494),(8634,'Phường 2',43,494),(8635,'Xã Đạm Bri',43,494),(8636,'Xã Lộc Châu',43,494),(8637,'Phường Lộc Tiến',43,494),(8638,'Phường 1',43,494),(8639,'Phường B-lao',43,494),(8640,'Phường Lộc Sơn',43,494),(8641,'Xã Lộc Thanh',43,494),(8642,'Xã Lộc Nga',43,494),(8643,'Xã Đại Lào',43,494),(8644,'Xã Đạ Chais',43,495),(8645,'Xã Lát',43,495),(8646,'Thị trấn Lạc Dương',43,495),(8647,'Xã Đạ Nhim',43,495),(8648,'Xã Đưng KNớ',43,495),(8649,'Xã Đạ Sar',43,495),(8650,'Xã Đạ Ròn',43,496),(8651,'Thị trấn Thạnh Mỹ',43,496),(8652,'Xã Ka Đô',43,496),(8653,'Xã Pró',43,496),(8654,'Thị trấn D-Ran',43,496),(8655,'Xã Lạc Xuân',43,496),(8656,'Xã Lạc Lâm',43,496),(8657,'Xã Quảng Lập',43,496),(8658,'Xã Ka Đơn',43,496),(8659,'Xã Tu Tra',43,496),(8660,'Xã N-Thol Hạ',43,497),(8661,'Xã Liên Hiệp',43,497),(8662,'Xã Hiệp Thạnh',43,497),(8663,'Xã Bình Thạnh',43,497),(8664,'Xã Tân Hội',43,497),(8665,'Xã Tân Thành',43,497),(8666,'Xã Phú Hội',43,497),(8667,'Xã Ninh Gia',43,497),(8668,'Xã Tà Năng',43,497),(8669,'Xã Tà Hine',43,497),(8670,'Xã Đà Loan',43,497),(8671,'Xã Ninh Loan',43,497),(8672,'Thị trấn Liên Nghĩa',43,497),(8673,'Xã Hiệp An',43,497),(8674,'Xã Đa Quyn',43,497),(8675,'Xã Đông Thanh',43,498),(8676,'Xã Phú Sơn',43,498),(8677,'Xã Đạ Đờn',43,498),(8678,'Xã Tân Thanh',43,498),(8679,'Xã Liên Hà',43,498),(8680,'Thị trấn Nam Ban',43,498),(8681,'Thị trấn Đinh Văn',43,498),(8682,'Xã Phi Tô',43,498),(8683,'Xã Mê Linh',43,498),(8684,'Xã Phúc Thọ',43,498),(8685,'Xã Gia Lâm',43,498),(8686,'Xã Tân Văn',43,498),(8687,'Xã Hoài Đức',43,498),(8688,'Xã Tân Hà',43,498),(8689,'Xã Đan Phượng',43,498),(8690,'Xã Nam Hà',43,498),(8691,'Xã Lộc Phú',43,499),(8692,'Thị trấn Lộc Thắng',43,499),(8693,'Xã Lộc Bắc',43,499),(8694,'Xã Lộc Tân',43,499),(8695,'Xã Lộc Thành',43,499),(8696,'Xã Lộc Bảo',43,499),(8697,'Xã Lộc Lâm',43,499),(8698,'Xã B- Lá',43,499),(8699,'Xã Lộc Ngãi',43,499),(8700,'Xã Lộc Quảng',43,499),(8701,'Xã Lộc Đức',43,499),(8702,'Xã Lộc An',43,499),(8703,'Xã Tân Lạc',43,499),(8704,'Xã Lộc Nam',43,499),(8705,'Thị trấn Di Linh',43,500),(8706,'Xã Đinh Trang Hòa',43,500),(8707,'Xã Đinh Trang Thượng',43,500),(8708,'Xã Đinh Lạc',43,500),(8709,'Xã Gung Ré',43,500),(8710,'Xã Hòa Nam',43,500),(8711,'Xã Tân Thượng',43,500),(8712,'Xã Tân Châu',43,500),(8713,'Xã Tân Nghĩa',43,500),(8714,'Xã Gia Hiệp',43,500),(8715,'Xã Tam Bố',43,500),(8716,'Xã Liên Đầm',43,500),(8717,'Xã Bảo Thuận',43,500),(8718,'Xã Hòa Ninh',43,500),(8719,'Xã Hòa Trung',43,500),(8720,'Xã Hòa Bắc',43,500),(8721,'Xã Sơn Điền',43,500),(8722,'Xã Gia Bắc',43,500),(8723,'Xã Tân Lâm',43,500),(8724,'Thị trấn Ma Đa Guôi',43,501),(8725,'Xã Đạ M-ri',43,501),(8726,'Xã Đạ Ploa',43,501),(8727,'Xã Phước Lộc',43,501),(8728,'Thị trấn Đạ M-ri',43,501),(8729,'Xã Hà Lâm',43,501),(8730,'Xã Đạ Tồn',43,501),(8731,'Xã Đạ Oai',43,501),(8732,'Xã Ma Đa Guôi',43,501),(8733,'Xã Đoàn Kết',43,501),(8734,'Xã Đạ Lây',43,502),(8735,'Xã Mỹ Đức',43,502),(8736,'Xã Triệu Hải',43,502),(8737,'Thị trấn Đạ Tẻh',43,502),(8738,'Xã An Nhơn',43,502),(8739,'Xã Quốc Oai',43,502),(8740,'Xã Quảng Trị',43,502),(8741,'Xã Hương Lâm',43,502),(8742,'Xã Hà Đông',43,502),(8743,'Xã Đạ Kho',43,502),(8744,'Xã Đạ Pal',43,502),(8745,'Xã Tư Nghĩa',43,503),(8746,'Thị trấn Đồng Nai',43,503),(8747,'Xã Mỹ Lâm',43,503),(8748,'Xã Đức Phổ',43,503),(8749,'Xã Tiên Hoàng',43,503),(8750,'Xã Phước Cát 2',43,503),(8751,'Xã Gia Viễn',43,503),(8752,'Xã Nam Ninh',43,503),(8753,'Xã Phước Cát 1',43,503),(8754,'Xã Phù Mỹ',43,503),(8755,'Xã Quảng Ngãi',43,503),(8756,'Xã Đồng Nai Thượng',43,503),(8757,'Xã Đạ Long',43,504),(8758,'Xã Rô Men',43,504),(8759,'Xã Đạ Tông',43,504),(8760,'Xã Đạ M Rong',43,504),(8761,'Xã Liêng Srônh',43,504),(8762,'Xã Đạ RSal',43,504),(8763,'Xã Phi Liêng',43,504),(8764,'Xã Đạ K Nàng',43,504),(8765,'Xã Thành Hải',44,505),(8766,'Phường Bảo An',44,505),(8767,'Phường Tấn Tài',44,505),(8768,'Phường Đông Hải',44,505),(8769,'Phường Đô Vinh',44,505),(8770,'Phường Phước Mỹ',44,505),(8771,'Phường Phủ Hà',44,505),(8772,'Phường Thanh Sơn',44,505),(8773,'Phường Mỹ Hương',44,505),(8774,'Phường Kinh Dinh',44,505),(8775,'Phường Đạo Long',44,505),(8776,'Phường Đài Sơn',44,505),(8777,'Phường Mỹ Đông',44,505),(8778,'Phường Văn Hải',44,505),(8779,'Phường Mỹ Hải',44,505),(8780,'Phường Mỹ Bình',44,505),(8781,'Xã Hòa Sơn',44,506),(8782,'Thị trấn Tân Sơn',44,506),(8783,'Xã Lâm Sơn',44,506),(8784,'Xã Lương Sơn',44,506),(8785,'Xã Quảng Sơn',44,506),(8786,'Xã Mỹ Sơn',44,506),(8787,'Xã Ma Nới',44,506),(8788,'Xã Nhơn Sơn',44,506),(8789,'Xã Tân Hải',44,507),(8790,'Xã Hộ Hải',44,507),(8791,'Thị trấn Khánh Hải',44,507),(8792,'Xã Vĩnh Hải',44,507),(8793,'Xã Phương Hải',44,507),(8794,'Xã Xuân Hải',44,507),(8795,'Xã Tri Hải',44,507),(8796,'Xã Nhơn Hải',44,507),(8797,'Xã Thanh Hải',44,507),(8798,'Xã An Hải',44,508),(8799,'Xã Phước Vinh',44,508),(8800,'Xã Phước Thuận',44,508),(8801,'Xã Phước Hải',44,508),(8802,'Xã Phước Minh',44,508),(8803,'Thị trấn Phước Dân',44,508),(8804,'Xã Phước Sơn',44,508),(8805,'Xã Phước Thái',44,508),(8806,'Xã Phước Hậu',44,508),(8807,'Xã Phước Hà',44,508),(8808,'Xã Phước Hữu',44,508),(8809,'Xã Phước Nam',44,508),(8810,'Xã Nhị Hà',44,508),(8811,'Xã Phước Dinh',44,508),(8812,'Xã Phước Diêm',44,508),(8813,'Xã Phước Bình',44,509),(8814,'Xã Phước Thắng',44,509),(8815,'Xã Phước Trung',44,509),(8816,'Xã Phước Hòa',44,509),(8817,'Xã Phước Tân',44,509),(8818,'Xã Phước Tiến',44,509),(8819,'Xã Phước Thành',44,509),(8820,'Xã Phước Đại',44,509),(8821,'Xã Phước Chính',44,509),(8822,'Xã Lợi Hải',44,510),(8823,'Xã Công Hải',44,510),(8824,'Xã Phước Chiến',44,510),(8825,'Xã Phước Kháng',44,510),(8826,'Xã Bắc Sơn',44,510),(8827,'Xã Bắc Phong',44,510),(8828,'Xã Cà Ná',44,511),(8829,'Xã Phước Diêm',44,511),(8830,'Xã Phước Ninh',44,511),(8831,'Xã Phước Nam',44,511),(8832,'Xã Phước Minh',44,511),(8833,'Xã Phước Dinh',44,511),(8834,'Xã Nhị Hà',44,511),(8835,'Xã Phước Hà',44,511),(8836,'Xã Tân Phước',45,512),(8837,'Xã Đồng Tâm',45,512),(8838,'Xã Tân Lập',45,512),(8839,'Xã Tân Tiến',45,512),(8840,'Thị trấn Tân Phú',45,512),(8841,'Xã Thuận Lợi',45,512),(8842,'Xã Tân Hưng',45,512),(8843,'Xã Tân lợi',45,512),(8844,'Xã Tân Hoà',45,512),(8845,'Xã Thuận Phú',45,512),(8846,'Xã Đồng Tiến',45,512),(8847,'Xã Đak ơ',45,513),(8848,'Xã Long Hà',45,513),(8849,'Thị trấn Phước Bình',45,513),(8850,'Xã Bình Thắng',45,513),(8851,'Xã Long Hưng',45,513),(8852,'Xã Long Tân',45,513),(8853,'Thị trấn Thác Mơ',45,513),(8854,'Xã Bù Gia Mâp',45,513),(8855,'Xã Đức Hạnh',45,513),(8856,'Xã Đa Kia',45,513),(8857,'Xã Sơn Giang',45,513),(8858,'Xã Long Bình',45,513),(8859,'Xã Bình Sơn',45,513),(8860,'Xã Phước Tín',45,513),(8861,'Xã Bù Nho',45,513),(8862,'Xã Phú Trung',45,513),(8863,'Xã Phú Riềng',45,513),(8864,'Xã Phú Nghĩa',45,513),(8865,'Xã Bình Tân',45,513),(8866,'Xã Phước Minh',45,513),(8867,'Xã Phú Văn',45,513),(8868,'Xã Lộc Điền',45,514),(8869,'Xã Lộc Tấn',45,514),(8870,'Xã Lộc Hiệp',45,514),(8871,'Xã Lộc Thiện',45,514),(8872,'Xã Lộc Thuận',45,514),(8873,'Xã Lộc Quang',45,514),(8874,'Xã Lộc Thành',45,514),(8875,'Xã Lộc Thái',45,514),(8876,'Xã Lộc Hưng',45,514),(8877,'Xã Lộc Khánh',45,514),(8878,'Thị trấn Lộc Ninh',45,514),(8879,'Xã Lộc Hòa',45,514),(8880,'Xã Lộc An',45,514),(8881,'Xã Lộc Thịnh',45,514),(8882,'Xã Lộc Thạnh',45,514),(8883,'Xã Lộc Phú',45,514),(8884,'Xã Hưng Phước',45,515),(8885,'Xã Tân Tiến',45,515),(8886,'Xã Thiện Hưng',45,515),(8887,'Xã Thanh Hòa',45,515),(8888,'Xã Tân Thành',45,515),(8889,'Xã Phước Thiện',45,515),(8890,'TT Thanh Bình',45,515),(8891,'Xã Minh Hưng',45,516),(8892,'Xã Bom Bo',45,516),(8893,'Xã Đồng Nai',45,516),(8894,'Xã Đăng Hà',45,516),(8895,'Thị trấn Đức Phong',45,516),(8896,'Xã Đắk Nhau',45,516),(8897,'Xã Đường 10',45,516),(8898,'Xã Thọ Sơn',45,516),(8899,'Xã Đoàn Kết',45,516),(8900,'Xã Đức Liễu',45,516),(8901,'Xã Thống Nhất',45,516),(8902,'Xã Nghĩa Trung',45,516),(8903,'Xã Phước Sơn',45,516),(8904,'Xã Phú Sơn',45,516),(8905,'Xã Bình Minh',45,516),(8906,'Xã Nghĩa Bình',45,516),(8907,'Xã Thanh Phú',45,517),(8908,'Xã Thanh Lương',45,517),(8909,'Xã Tân Hưng',45,517),(8910,'Xã Tân Khai',45,517),(8911,'Thị trấn An Lộc',45,517),(8912,'Xã Thanh An',45,517),(8913,'Xã An Khương',45,517),(8914,'Xã An Phú',45,517),(8915,'Xã Tân Lợi',45,517),(8916,'Xã Minh Đức',45,517),(8917,'Xã Phước An',45,517),(8918,'Xã Thanh Bình',45,517),(8919,'Xã Đồng Nơ',45,517),(8920,'Xã Minh Tâm',45,517),(8921,'Xã Tân Hiệp',45,517),(8922,'Xã Minh Long',45,518),(8923,'Xã Tân Quan',45,518),(8924,'Xã Quang Minh',45,518),(8925,'Xã Nha Bích',45,518),(8926,'Thị trấn Chơn Thành',45,518),(8927,'Xã Minh Lập',45,518),(8928,'Xã Minh Hưng',45,518),(8929,'Xã Minh Thành',45,518),(8930,'Xã Minh Thắng',45,518),(8931,'Xã Thành Tâm',45,518),(8932,'Phường Tân Phú',45,519),(8933,'Xã Tân Thành',45,519),(8934,'Phường Tân Đồng',45,519),(8935,'Phường Tân Bình',45,519),(8936,'Phường Tân Xuân',45,519),(8937,'Xã Tiến Thành',45,519),(8938,'Xã Tiến Hưng',45,519),(8939,'Phường Tân Thiện',45,519),(8940,'Phường 3',46,520),(8941,'Xã Thạnh Tân',46,520),(8942,'Xã Ninh Thạnh',46,520),(8943,'Phường 1',46,520),(8944,'Phường 4',46,520),(8945,'Phường Hiệp Ninh',46,520),(8946,'Phường 2',46,520),(8947,'Xã Tân Bình',46,520),(8948,'Xã Bình Minh',46,520),(8949,'Xã Ninh Sơn',46,520),(8950,'Xã Thạnh Bắc',46,521),(8951,'Xã Tân Bình',46,521),(8952,'Xã Tân Phong',46,521),(8953,'Thị trấn Tân Biên',46,521),(8954,'Xã Tân Lập',46,521),(8955,'Xã Thạnh Bình',46,521),(8956,'Xã Thạnh Tây',46,521),(8957,'Xã Hòa Hiệp',46,521),(8958,'Xã Mỏ Công',46,521),(8959,'Xã Trà Vong',46,521),(8960,'Xã Tân Hoà',46,522),(8961,'Xã Tân Hà',46,522),(8962,'Xã Suối Ngô',46,522),(8963,'Xã Thạnh Đông',46,522),(8964,'Thị trấn Tân Châu',46,522),(8965,'Xã Tân Đông',46,522),(8966,'Xã Tân Hội',46,522),(8967,'Xã Suối Dây',46,522),(8968,'Xã Tân Hiệp',46,522),(8969,'Xã Tân Thành',46,522),(8970,'Xã Tân Phú',46,522),(8971,'Xã Tân Hưng',46,522),(8972,'Xã Bàu Năng',46,523),(8973,'Xã Suối Đá',46,523),(8974,'Xã Phước Minh',46,523),(8975,'Xã Bến Củi',46,523),(8976,'TT. Dương Minh Châu',46,523),(8977,'Xã Phan',46,523),(8978,'Xã Phước Ninh',46,523),(8979,'Xã Chà Là',46,523),(8980,'Xã Cầu Khởi',46,523),(8981,'Xã Lộc Ninh',46,523),(8982,'Xã Truông Mít',46,523),(8983,'Xã Đồng Khởi',46,524),(8984,'Xã Thành Long',46,524),(8985,'Xã Ninh Điền',46,524),(8986,'Xã Phước Vinh',46,524),(8987,'Xã Thái Bình',46,524),(8988,'Xã An Cơ',46,524),(8989,'Xã Biên Giới',46,524),(8990,'Xã Hòa Thạnh',46,524),(8991,'Xã Trí Bình',46,524),(8992,'Xã Hòa Hội',46,524),(8993,'Xã An Bình',46,524),(8994,'Xã Thanh Điền',46,524),(8995,'Xã Long Vĩnh',46,524),(8996,'Xã Hảo Đước',46,524),(8997,'Thị trấn Châu Thành',46,524),(8998,'Xã Long Thành Bắc',46,525),(8999,'Xã Trường Tây',46,525),(9000,'Thị trấn Hòa Thành',46,525),(9001,'Xã Hiệp Tân',46,525),(9002,'Xã Trường Hòa',46,525),(9003,'Xã Trường Đông',46,525),(9004,'Xã Long Thành Trung',46,525),(9005,'Xã Long Thành Nam',46,525),(9006,'Xã Tiên Thuận',46,526),(9007,'Xã Long Phước',46,526),(9008,'Xã Lợi Thuận',46,526),(9009,'Thị trấn Bến Cầu',46,526),(9010,'Xã Long Chữ',46,526),(9011,'Xã Long Giang',46,526),(9012,'Xã Long Khánh',46,526),(9013,'Xã Long Thuận',46,526),(9014,'Xã An Thạnh',46,526),(9015,'Xã Thạnh Đức',46,527),(9016,'Xã Cẩm Giang',46,527),(9017,'Xã Phước Đông',46,527),(9018,'Thị trấn Gò Dầu',46,527),(9019,'Xã Hiệp Thạnh',46,527),(9020,'Xã Bàu Đồn',46,527),(9021,'Xã Phước Thạnh',46,527),(9022,'Xã Phước Trạch',46,527),(9023,'Xã Thanh Phước',46,527),(9024,'Xã Bình Thạnh',46,528),(9025,'Xã Đôn Thuận',46,528),(9026,'Xã Gia Bình',46,528),(9027,'Xã An Hòa',46,528),(9028,'Thị trấn Trảng Bàng',46,528),(9029,'Xã Hưng Thuận',46,528),(9030,'Xã Lộc Hưng',46,528),(9031,'Xã Gia Lộc',46,528),(9032,'Xã Phước Lưu',46,528),(9033,'Xã An Tịnh',46,528),(9034,'Xã Phước Chỉ',46,528),(9035,'Phường Hiệp Thành',47,529),(9036,'Xã Chánh Mỹ',47,529),(9037,'Phường Phú Mỹ',47,529),(9038,'Phường Phú Hòa',47,529),(9039,'Phường Phú Lợi',47,529),(9040,'Phường Phú Cường',47,529),(9041,'Phường Phú Thọ',47,529),(9042,'Phường Chánh Nghĩa',47,529),(9043,'Phường Định Hòa',47,529),(9044,'Xã Tân An',47,529),(9045,'Phường Hiệp An',47,529),(9046,'Xã Tương Bình Hiệp',47,529),(9047,'Xã Cây Trường',47,530),(9048,'Xã Lai Uyên',47,530),(9049,'Xã Lai Hưng',47,530),(9050,'Xã Thới Hòa',47,530),(9051,'Xã Phú An',47,530),(9052,'Thị trấn Mỹ Phước',47,530),(9053,'Xã Trừ Văn Thố',47,530),(9054,'Xã Tân Hưng',47,530),(9055,'Xã Long Nguyên',47,530),(9056,'Xã Hưng Hòa',47,530),(9057,'Xã Chánh Phú Hòa',47,530),(9058,'Xã An Điền',47,530),(9059,'Xã An Tây',47,530),(9060,'Xã Hòa Lợi',47,530),(9061,'Xã Tân Định',47,530),(9062,'Xã Bình Mỹ',47,531),(9063,'Xã Thường Tân',47,531),(9064,'TT. Tân Phước Khánh',47,531),(9065,'Xã Phú Chánh',47,531),(9066,'Xã Thạnh Phước',47,531),(9067,'Xã Tân Bình',47,531),(9068,'Xã Tân Lập',47,531),(9069,'Xã Tân Thành',47,531),(9070,'Xã Lạc An',47,531),(9071,'Xã Vĩnh Tân',47,531),(9072,'Xã Hội Nghĩa',47,531),(9073,'Xã Tân Mỹ',47,531),(9074,'Xã Khánh Bình',47,531),(9075,'Xã Bạch Đằng',47,531),(9076,'Xã Tân Vĩnh Hiệp',47,531),(9077,'Xã Thái Hòa',47,531),(9078,'Xã Tân Định',47,531),(9079,'Thị trấn Uyên Hưng',47,531),(9080,'Xã Đất Cuốc',47,531),(9081,'Xã hiếu Liêm',47,531),(9082,'Xã Thạnh Hội',47,531),(9083,'Xã Tân Hiệp',47,531),(9084,'Thị trấn An Thạnh',47,532),(9085,'Xã Hưng Định',47,532),(9086,'Xã Vĩnh Phú',47,532),(9087,'Thị trấn Lái Thiêu',47,532),(9088,'Xã Bình Chuẩn',47,532),(9089,'Xã Thuận Giao',47,532),(9090,'Xã An Phú',47,532),(9091,'Xã An Sơn',47,532),(9092,'Xã Bình Nhâm',47,532),(9093,'Xã Bình Hòa',47,532),(9094,'Xã An Bình',47,533),(9095,'Xã Tân Đông Hiệp',47,533),(9096,'Thị trấn Dĩ An',47,533),(9097,'Xã Tân Bình',47,533),(9098,'Xã Bình An',47,533),(9099,'Xã Bình Thắng',47,533),(9100,'Xã Đông Hòa',47,533),(9101,'Xã An Linh',47,534),(9102,'Xã An Long',47,534),(9103,'Xã Tân Long',47,534),(9104,'Thị trấn Phước Vĩnh',47,534),(9105,'Xã Phước Sang',47,534),(9106,'Xã An Bình',47,534),(9107,'Xã Tân Hiệp',47,534),(9108,'Xã Tam Lập',47,534),(9109,'Xã Vĩnh Hoà',47,534),(9110,'Xã Phước Hoà',47,534),(9111,'Xã An Thái',47,534),(9112,'Xã Minh Thạnh',47,535),(9113,'Xã Minh Tân',47,535),(9114,'Xã Định Hiệp',47,535),(9115,'Xã Thanh Tuyền',47,535),(9116,'Thị trấn Dầu Tiếng',47,535),(9117,'Xã Minh Hoà',47,535),(9118,'Xã Định An',47,535),(9119,'Xã Long Hoà',47,535),(9120,'Xã Định Thành',47,535),(9121,'Xã An Lập',47,535),(9122,'Xã Long Tân',47,535),(9123,'Xã Thanh An',47,535),(9124,'Phường Long Bình',48,536),(9125,'Phường Tân Vạn',48,536),(9126,'Phường Tân Phong',48,536),(9127,'Phường Bửu Long',48,536),(9128,'Phường Quang Vinh',48,536),(9129,'Phường Hòa Bình',48,536),(9130,'Phường An Bình',48,536),(9131,'Xã Tân Hạnh',48,536),(9132,'Phường Trảng Dài',48,536),(9133,'Phường Tân Biên',48,536),(9134,'Phường Hố Nai',48,536),(9135,'Phường Tân Hòa',48,536),(9136,'Phường Tân Hiệp',48,536),(9137,'Phường Tân Tiến',48,536),(9138,'Phường Tam Hiệp',48,536),(9139,'Phường Tân Mai',48,536),(9140,'Phường Thống Nhất',48,536),(9141,'Phường Trung Dũng',48,536),(9142,'Phường Tam Hòa',48,536),(9143,'Phường Quyết Thắng',48,536),(9144,'Phường Thanh Bình',48,536),(9145,'Phường Bình Đa',48,536),(9146,'Phường Bửu Hòa',48,536),(9147,'Phường Long Bình Tân',48,536),(9148,'Xã Hiệp Hòa',48,536),(9149,'Xã Hóa An',48,536),(9150,'Xã Suối Tre',48,537),(9151,'Phường Xuân Thanh',48,537),(9152,'Xã Bình Lộc',48,537),(9153,'Xã Xuân Lập',48,537),(9154,'Xã Hàng Gòn',48,537),(9155,'Phường Xuân Trung',48,537),(9156,'Phường Xuân Bình',48,537),(9157,'Phường Xuân An',48,537),(9158,'Phường Xuân Hoà',48,537),(9159,'Phường Phú Bình',48,537),(9160,'Xã Bảo Quang',48,537),(9161,'Xã Bảo Vinh',48,537),(9162,'Xã Bàu Sen',48,537),(9163,'Xã Bàu Trâm',48,537),(9164,'Xã Xuân Tân',48,537),(9165,'Xã Tà Lài',48,538),(9166,'Xã Trà Cổ',48,538),(9167,'Xã Phú An',48,538),(9168,'Xã Phú Lập',48,538),(9169,'Xã Phú Trung',48,538),(9170,'Xã Phú Bình',48,538),(9171,'Thị trấn Tân Phú',48,538),(9172,'Xã Dak Lua',48,538),(9173,'Xã Nam Cát Tiên',48,538),(9174,'Xã Núi Tượng',48,538),(9175,'Xã Phú Sơn',48,538),(9176,'Xã Phú Thịnh',48,538),(9177,'Xã Thanh Sơn',48,538),(9178,'Xã Phú Xuân',48,538),(9179,'Xã Phú Lộc',48,538),(9180,'Xã Phú Lâm',48,538),(9181,'Xã Phú Thanh',48,538),(9182,'Xã Phú Điền',48,538),(9183,'Xã Phú Ngọc',48,539),(9184,'Xã Ngọc Định',48,539),(9185,'Xã Phú Cường',48,539),(9186,'Thị trấn Định Quán',48,539),(9187,'Xã Thanh Sơn',48,539),(9188,'Xã Phú Tân',48,539),(9189,'Xã Phú Vinh',48,539),(9190,'Xã Phú Lợi',48,539),(9191,'Xã Phú Hòa',48,539),(9192,'Xã La Ngà',48,539),(9193,'Xã Gia Canh',48,539),(9194,'Xã Túc Trưng',48,539),(9195,'Xã Phú Túc',48,539),(9196,'Xã Suối Nho',48,539),(9197,'Xã Hiếu Liêm',48,540),(9198,'Thị trấn Vĩnh An',48,540),(9199,'Xã Vĩnh Tân',48,540),(9200,'Xã Thiện Tân',48,540),(9201,'Xã Tân Bình',48,540),(9202,'Xã Bình Hòa',48,540),(9203,'Xã Mã Đà',48,540),(9204,'Xã Thạnh Phú',48,540),(9205,'Xã Phú Lý',48,540),(9206,'Xã Trị An',48,540),(9207,'Xã Tân An',48,540),(9208,'Xã Bình Lợi',48,540),(9209,'Xã Bắc Sơn',48,541),(9210,'Thị trấn Trảng Bom',48,541),(9211,'Xã Sông Trầu',48,541),(9212,'Xã Tây Hoà',48,541),(9213,'Xã Hưng Thịnh',48,541),(9214,'Xã Thanh Bình',48,541),(9215,'Xã Cây Gáo',48,541),(9216,'Xã Bàu Hàm',48,541),(9217,'Xã Sông Thao',48,541),(9218,'Xã Đông Hoà',48,541),(9219,'Xã Hố Nai 3',48,541),(9220,'Xã Bình Minh',48,541),(9221,'Xã Trung Hoà',48,541),(9222,'Xã Đồi 61',48,541),(9223,'Xã Quảng Tiến',48,541),(9224,'Xã Giang Điền',48,541),(9225,'Xã An Viễn',48,541),(9226,'Xã Gia Tân 2',48,542),(9227,'Xã Gia Tân 1',48,542),(9228,'Xã Quang Trung',48,542),(9229,'Xã Xuân Thiện',48,542),(9230,'Xã Gia Tân 3',48,542),(9231,'Xã Gia Kiệm',48,542),(9232,'Xã Bàu Hàm 2',48,542),(9233,'Xã Hưng Lộc',48,542),(9234,'Xã Lộ 25',48,542),(9235,'Xã Xuân Thạnh',48,542),(9236,'Xã Xuân Đường',48,543),(9237,'Xã Nhân Nghĩa',48,543),(9238,'Xã Thừa Đức',48,543),(9239,'Xã Xuân Đông',48,543),(9240,'Xã Sông Nhạn',48,543),(9241,'Xã Xuân Quế',48,543),(9242,'Xã Long Giao',48,543),(9243,'Xã Xuân Mỹ',48,543),(9244,'Xã Bảo Bình',48,543),(9245,'Xã Xuân Bảo',48,543),(9246,'Xã Xuân Tây',48,543),(9247,'Xã Sông Ray',48,543),(9248,'Xã Lâm San',48,543),(9249,'Xã Xuân Tâm',48,544),(9250,'Xã Xuân Bắc',48,544),(9251,'Xã Xuân Trường',48,544),(9252,'Xã Suối Cát',48,544),(9253,'Xã Bảo Hoà',48,544),(9254,'Thị trấn Gia Ray',48,544),(9255,'Xã Suối Cao',48,544),(9256,'Xã Xuân Thành',48,544),(9257,'Xã Xuân Thọ',48,544),(9258,'Xã Xuân Hòa',48,544),(9259,'Xã Xuân Hưng',48,544),(9260,'Xã Xuân Hiệp',48,544),(9261,'Xã Xuân Phú',48,544),(9262,'Xã Xuân Định',48,544),(9263,'Xã Lang Minh',48,544),(9264,'Xã Phước Tân',48,545),(9265,'Xã Long Phước',48,545),(9266,'Xã An Hoà',48,545),(9267,'Xã An Phước',48,545),(9268,'Xã Bình Sơn',48,545),(9269,'Xã Long An',48,545),(9270,'Xã Phước Bình',48,545),(9271,'Thị trấn Long Thành',48,545),(9272,'Xã Tam Phước',48,545),(9273,'Xã Long Hưng',48,545),(9274,'Xã Bình An',48,545),(9275,'Xã Long Đức',48,545),(9276,'Xã Lộc An',48,545),(9277,'Xã Tam An',48,545),(9278,'Xã Cẩm Đường',48,545),(9279,'Xã Suối Trầu',48,545),(9280,'Xã Bàu Cạn',48,545),(9281,'Xã Tân Hiệp',48,545),(9282,'Xã Phước Thái',48,545),(9283,'Xã Phú Hội',48,546),(9284,'Xã Đại Phước',48,546),(9285,'Xã Phú Thạnh',48,546),(9286,'Xã Phước Khánh',48,546),(9287,'Xã Phước Thiền',48,546),(9288,'Xã Long Tân',48,546),(9289,'Xã Hiệp Phước',48,546),(9290,'Xã Phú Hữu',48,546),(9291,'Xã Phú Đông',48,546),(9292,'Xã Long Thọ',48,546),(9293,'Xã Vĩnh Thanh',48,546),(9294,'Xã Phước An',48,546),(9295,'Phường Phú Tài',49,547),(9296,'Xã Tiến Thành',49,547),(9297,'Phường Phú Hài',49,547),(9298,'Phường Xuân An',49,547),(9299,'Phường Lạc Đạo',49,547),(9300,'Xã Thiện Nghiệp',49,547),(9301,'Phường Mũi Né',49,547),(9302,'Phường Hàm Tiến',49,547),(9303,'Phường Phú Thủy',49,547),(9304,'Phường Phú Trinh',49,547),(9305,'Phường Thanh Hải',49,547),(9306,'Phường Bình Hưng',49,547),(9307,'Phường Đức Nghĩa',49,547),(9308,'Phường Đức Thắng',49,547),(9309,'Phường Hưng Long',49,547),(9310,'Phường Đức Long',49,547),(9311,'Xã Phong Nẫm',49,547),(9312,'Xã Tiến Lợi',49,547),(9313,'Xã Phong Phú',49,548),(9314,'Thị trấn Phan Rí Cửa',49,548),(9315,'Xã Phú Lạc',49,548),(9316,'Xã Chí Công',49,548),(9317,'Thị trấn Liên Hương',49,548),(9318,'Xã Phan Dũng',49,548),(9319,'Xã Vĩnh Hảo',49,548),(9320,'Xã Vĩnh Tân',49,548),(9321,'Xã Phước Thể',49,548),(9322,'Xã Hòa Minh',49,548),(9323,'Xã Bình Thạnh',49,548),(9324,'Xã Hoà Phú',49,548),(9325,'Xã Bình An',49,549),(9326,'Xã Phan Rí Thành',49,549),(9327,'Xã Phan Sơn',49,549),(9328,'Xã Hải Ninh',49,549),(9329,'Xã Lương Sơn',49,549),(9330,'Xã Phan Hiệp',49,549),(9331,'Xã Hồng Phong',49,549),(9332,'Thị trấn Chợ Lầu',49,549),(9333,'Xã Phan Lâm',49,549),(9334,'Xã Phan Điền',49,549),(9335,'Xã Sông Lũy',49,549),(9336,'Xã Phan Tiến',49,549),(9337,'Xã Sông Bình',49,549),(9338,'Xã Phan Hòa',49,549),(9339,'Xã Phan Thanh',49,549),(9340,'Xã Hồng Thái',49,549),(9341,'Xã Bình Tân',49,549),(9342,'Xã Hòa Thắng',49,549),(9343,'Xã Hàm Thắng',49,550),(9344,'Xã Đông Tiến',49,550),(9345,'Xã Hồng Liêm',49,550),(9346,'Xã Thuận Minh',49,550),(9347,'Xã Hồng Sơn',49,550),(9348,'Xã Hàm Trí',49,550),(9349,'Xã Hàm Đức',49,550),(9350,'Xã Hàm Liêm',49,550),(9351,'Xã Hàm Chính',49,550),(9352,'Xã Hàm Hiệp',49,550),(9353,'Xã Đa Mi',49,550),(9354,'Thị trấn Ma Lâm',49,550),(9355,'Thị trấn Phú Long',49,550),(9356,'Xã La Dạ',49,550),(9357,'Xã Thuận Hòa',49,550),(9358,'Xã Đông Giang',49,550),(9359,'Xã Hàm Phú',49,550),(9360,'Xã Hàm Minh',49,551),(9361,'Xã Hàm Cần',49,551),(9362,'Xã Hàm Cường',49,551),(9363,'Xã Thuận Quí',49,551),(9364,'Thị trấn Thuận Nam',49,551),(9365,'Xã Mỹ Thạnh',49,551),(9366,'Xã Mương Mán',49,551),(9367,'Xã Hàm Thạnh',49,551),(9368,'Xã Hàm Kiệm',49,551),(9369,'Xã Hàm Mỹ',49,551),(9370,'Xã Tân Lập',49,551),(9371,'Xã Tân Thuận',49,551),(9372,'Xã Tân Thành',49,551),(9373,'Xã Đức Phú',49,552),(9374,'Xã Bắc Ruộng',49,552),(9375,'Xã Huy Khiêm',49,552),(9376,'Xã Gia An',49,552),(9377,'Xã Đức Thuận',49,552),(9378,'Thị trấn Lạc Tánh',49,552),(9379,'Xã Măng Tố',49,552),(9380,'Xã Nghị Đức',49,552),(9381,'Xã La Ngâu',49,552),(9382,'Xã Đức Tân',49,552),(9383,'Xã Đồng Kho',49,552),(9384,'Xã Đức Bình',49,552),(9385,'Xã Gia Huynh',49,552),(9386,'Xã Suối Kiết',49,552),(9387,'Xã Tân Tiến',49,553),(9388,'Phường Phước Hội',49,553),(9389,'Phường Phước Lộc',49,553),(9390,'Phường Tân Thiện',49,553),(9391,'Phường Tân An',49,553),(9392,'Phường Bình Tân',49,553),(9393,'Xã Tân Hải',49,553),(9394,'Xã Tân Bình',49,553),(9395,'Xã Tân Phước',49,553),(9396,'Xã Tân Phúc',49,554),(9397,'Xã Tân Đức',49,554),(9398,'Xã Sơn Mỹ',49,554),(9399,'Thị trấn Tân Minh',49,554),(9400,'Thị trấn Tân Nghĩa',49,554),(9401,'Xã Sông Phan',49,554),(9402,'Xã Tân Thắng',49,554),(9403,'Xã Tân Hà',49,554),(9404,'Xã Tân Xuân',49,554),(9405,'Xã Thắng Hải',49,554),(9406,'Xã Nam Chính',49,555),(9407,'Xã Đa Kai',49,555),(9408,'Xã Đức Chính',49,555),(9409,'Xã Tân Hà',49,555),(9410,'Thị trấn Võ Xu',49,555),(9411,'Thị trấn Đức Tài',49,555),(9412,'Xã Sùng Nhơn',49,555),(9413,'Xã Mê Pu',49,555),(9414,'Xã Đức Hạnh',49,555),(9415,'Xã Đức Tín',49,555),(9416,'Xã Vũ Hoà',49,555),(9417,'Xã Đông Hà',49,555),(9418,'Xã Trà Tân',49,555),(9419,'Xã Tam Thanh',49,556),(9420,'Xã Ngũ Phụng',49,556),(9421,'Xã Long Hải',49,556),(9422,'Phường 1',50,557),(9423,'Phường Nguyễn An Ninh',50,557),(9424,'Phường 10',50,557),(9425,'Xã Long Sơn',50,557),(9426,'Phường Thắng Tam',50,557),(9427,'Phường 2',50,557),(9428,'Phường 3',50,557),(9429,'Phường 4',50,557),(9430,'Phường 5',50,557),(9431,'Phường 6',50,557),(9432,'Phường 7',50,557),(9433,'Phường 8',50,557),(9434,'Phường 9',50,557),(9435,'Phường Thắng Nhất',50,557),(9436,'Phường Rạch Dừa',50,557),(9437,'Phường 11',50,557),(9438,'Phường 12',50,557),(9439,'Phường Phước Hiệp',50,558),(9440,'Phường Long Toàn',50,558),(9441,'Phường Phước Hưng',50,558),(9442,'Phường Phước Nguyên',50,558),(9443,'Phường Long Tâm',50,558),(9444,'Phường Phước Trung',50,558),(9445,'Phường Long Hương',50,558),(9446,'Phường Kim Dinh',50,558),(9447,'Xã Tân Hưng',50,558),(9448,'Xã Long Phước',50,558),(9449,'Xã Hoà Long',50,558),(9450,'Xã Bàu Chinh',50,559),(9451,'Xã Bình Trung',50,559),(9452,'Thị trấn Ngãi Giao',50,559),(9453,'Xã Sơn Bình',50,559),(9454,'Xã Láng Lớn',50,559),(9455,'Xã Đá Bạc',50,559),(9456,'Xã Bình Ba',50,559),(9457,'Xã Suối Nghệ',50,559),(9458,'Xã Xuân Sơn',50,559),(9459,'Xã Bình Giã',50,559),(9460,'Xã Xà Bang',50,559),(9461,'Xã Cù Bị',50,559),(9462,'Xã Quảng Thành',50,559),(9463,'Xã Kim Long',50,559),(9464,'Xã Suối Rao',50,559),(9465,'Xã Nghĩa Thành',50,559),(9466,'Xã Xuyên Mộc',50,560),(9467,'Xã Phước Tân',50,560),(9468,'Xã Hòa Bình',50,560),(9469,'Xã Bưng Riềng',50,560),(9470,'Thị trấn Phước Bửu',50,560),(9471,'Xã Phước Thuận',50,560),(9472,'Xã Bông Trang',50,560),(9473,'Xã Tân Lâm',50,560),(9474,'Xã Bàu Lâm',50,560),(9475,'Xã Hòa Hưng',50,560),(9476,'Xã Hòa Hiệp',50,560),(9477,'Xã Hòa Hội',50,560),(9478,'Xã Bình Châu',50,560),(9479,'Thị trấn Phú Mỹ',50,561),(9480,'Xã Sông Xoài',50,561),(9481,'Xã Tân Hải',50,561),(9482,'Xã Tân Hoà',50,561),(9483,'Xã Phước Hoà',50,561),(9484,'Xã Tân Phước',50,561),(9485,'Xã Mỹ Xuân',50,561),(9486,'Xã Hắc Dịch',50,561),(9487,'Xã Châu Pha',50,561),(9488,'Xã Tóc Tiên',50,561),(9489,'Thị trấn Long Hải',50,562),(9490,'Xã An Ngãi',50,562),(9491,'Xã Phước Tỉnh',50,562),(9492,'Thị trấn Long Điền',50,562),(9493,'Xã Tam Phước',50,562),(9494,'Xã An Nhứt',50,562),(9495,'Xã Phước Hưng',50,562),(9496,'Xã Long Mỹ',50,563),(9497,'Xã Láng Dài',50,563),(9498,'Thị trấn Đất Đỏ',50,563),(9499,'Xã Phước Long Thọ',50,563),(9500,'Xã Phước Hội',50,563),(9501,'Thị Trấn Phước Hải',50,563),(9502,'Xã Long Tân',50,563),(9503,'Xã Lộc An',50,563),(9504,'Thị trấn Côn Đảo',50,564),(9505,'Xã Hướng Thọ Phú',51,565),(9506,'Phường 3',51,565),(9507,'Xã Nhơn Thạnh Trung',51,565),(9508,'Phường 5',51,565),(9509,'Xã An Vĩnh Ngãi',51,565),(9510,'Phường 2',51,565),(9511,'Phường 4',51,565),(9512,'Phường 1',51,565),(9513,'Phường 7',51,565),(9514,'Phường 6',51,565),(9515,'Xã Lợi Bình Nhơn',51,565),(9516,'Xã Bình Tâm',51,565),(9517,'Phường Khánh Hậu',51,565),(9518,'Phường Tân Khánh',51,565),(9519,'Xã Vĩnh Thạnh',51,566),(9520,'Thị trấn Tân Hưng',51,566),(9521,'Xã Hưng Hà',51,566),(9522,'Xã Hưng Điền B',51,566),(9523,'Xã Hưng Điền',51,566),(9524,'Xã Thạnh Hưng',51,566),(9525,'Xã Hưng Thạnh',51,566),(9526,'Xã Vĩnh Châu B',51,566),(9527,'Xã Vĩnh Lợi',51,566),(9528,'Xã Vĩnh Đại',51,566),(9529,'Xã Vĩnh Châu A',51,566),(9530,'Xã Vĩnh Bửu',51,566),(9531,'Xã Vĩnh Trị',51,567),(9532,'Thị trấn Vĩnh Hưng',51,567),(9533,'Xã Thái Bình Trung',51,567),(9534,'Xã Hưng Điền A',51,567),(9535,'Xã Khánh Hưng',51,567),(9536,'Xã Thái Trị',51,567),(9537,'Xã Vĩnh Bình',51,567),(9538,'Xã Vĩnh Thuận',51,567),(9539,'Xã Tuyên Bình',51,567),(9540,'Xã Tuyên Bình Tây',51,567),(9541,'Xã Tuyên Thạnh',51,568),(9542,'Thị trấn Mộc Hóa',51,568),(9543,'Xã Bình Tân',51,568),(9544,'Xã Bình Hòa Đông',51,568),(9545,'Xã Tân Thành',51,568),(9546,'Xã Thạnh Trị',51,568),(9547,'Xã Bình Hiệp',51,568),(9548,'Xã Bình Hòa Tây',51,568),(9549,'Xã Bình Thạnh',51,568),(9550,'Xã Bình Hòa Trung',51,568),(9551,'Xã Bình Phong Thạnh',51,568),(9552,'Xã Thạnh Hưng',51,568),(9553,'Xã Tân Lập',51,568),(9554,'Xã Nhơn Hoà',51,569),(9555,'Xã Nhơn Hòa Lập',51,569),(9556,'Xã Tân Thành',51,569),(9557,'Xã Tân Hòa',51,569),(9558,'Thị trấn Tân Thạnh',51,569),(9559,'Xã Bắc Hòa',51,569),(9560,'Xã Hậu Thạnh Tây',51,569),(9561,'Xã Tân Lập',51,569),(9562,'Xã Hậu Thạnh Đông',51,569),(9563,'Xã Kiến Bình',51,569),(9564,'Xã Tân Bình',51,569),(9565,'Xã Tân Ninh',51,569),(9566,'Xã Nhơn Ninh',51,569),(9567,'Xã Thạnh Phú',51,570),(9568,'Xã Thạnh Phước',51,570),(9569,'Xã Thủy Tây',51,570),(9570,'Thị trấn Thạnh Hóa',51,570),(9571,'Xã Tân Hiệp',51,570),(9572,'Xã Thuận Bình',51,570),(9573,'Xã Thuận Nghĩa Hòa',51,570),(9574,'Xã Thủy Đông',51,570),(9575,'Xã Tân Tây',51,570),(9576,'Xã Tân Đông',51,570),(9577,'Xã Thạnh An',51,570),(9578,'Xã Mỹ Thạnh Tây',51,571),(9579,'Thị trấn Đông Thành',51,571),(9580,'Xã Mỹ Thạnh Đông',51,571),(9581,'Xã Bình Hòa Nam',51,571),(9582,'Xã Mỹ Quý Đông',51,571),(9583,'Xã Mỹ Thạnh Bắc',51,571),(9584,'Xã Mỹ Quý Tây',51,571),(9585,'Xã Bình Thành',51,571),(9586,'Xã Bình Hòa Bắc',51,571),(9587,'Xã Bình Hòa Hưng',51,571),(9588,'Xã Mỹ Bình',51,571),(9589,'Xã Tân Mỹ',51,572),(9590,'Xã Đức Hòa Hạ',51,572),(9591,'Thị trấn Đức Hòa',51,572),(9592,'Xã Hiệp Hòa',51,572),(9593,'Xã Mỹ Hạnh Bắc',51,572),(9594,'Xã Mỹ Hạnh Nam',51,572),(9595,'Xã Hựu Thạnh',51,572),(9596,'Thị trấn Hậu Nghĩa',51,572),(9597,'Thị trấn Hiệp Hòa',51,572),(9598,'Xã Lộc Giang',51,572),(9599,'Xã An Ninh Đông',51,572),(9600,'Xã An Ninh Tây',51,572),(9601,'Xã Đức Lập Thượng',51,572),(9602,'Xã Đức Lập Hạ',51,572),(9603,'Xã Tân Phú',51,572),(9604,'Xã Đức Hòa Thượng',51,572),(9605,'Xã Hòa Khánh Tây',51,572),(9606,'Xã Hòa Khánh Đông',51,572),(9607,'Xã Hòa Khánh Nam',51,572),(9608,'Xã Đức Hòa Đông',51,572),(9609,'Xã Thanh Phú',51,573),(9610,'Xã Thạnh Hòa',51,573),(9611,'Xã An Thạnh',51,573),(9612,'Xã Long Hiệp',51,573),(9613,'Thị trấn Bến Lức',51,573),(9614,'Xã Thạnh Lợi',51,573),(9615,'Xã Lương Bình',51,573),(9616,'Xã Lương Hòa',51,573),(9617,'Xã Tân Hòa',51,573),(9618,'Xã Tân Bửu',51,573),(9619,'Xã Bình Đức',51,573),(9620,'Xã Mỹ Yên',51,573),(9621,'Xã Thạnh Đức',51,573),(9622,'Xã Phước Lợi',51,573),(9623,'Xã Nhựt Chánh',51,573),(9624,'Xã Mỹ Thạnh',51,574),(9625,'Xã Tân Lập',51,574),(9626,'Thị trấn Thủ Thừa',51,574),(9627,'Xã Tân Thành',51,574),(9628,'Xã Long Thuận',51,574),(9629,'Xã Mỹ Lạc',51,574),(9630,'Xã Bình An',51,574),(9631,'Xã Nhị Thành',51,574),(9632,'Xã Mỹ An',51,574),(9633,'Xã Bình Thạnh',51,574),(9634,'Xã Mỹ Phú',51,574),(9635,'Xã Long Thành',51,574),(9636,'Xã Long Thạnh',51,574),(9637,'Xã Phước Tân Hưng',51,575),(9638,'Thị trấn Tầm Vu',51,575),(9639,'Xã Vĩnh Công',51,575),(9640,'Xã Thanh Phú Long',51,575),(9641,'Xã Bình Quới',51,575),(9642,'Xã Hòa Phú',51,575),(9643,'Xã Phú Ngãi Trị',51,575),(9644,'Xã Thuận Mỹ',51,575),(9645,'Xã Hiệp Thạnh',51,575),(9646,'Xã Dương Xuân Hội',51,575),(9647,'Xã An Lục Long',51,575),(9648,'Xã Long Trì',51,575),(9649,'Xã Thanh Vĩnh Đông',51,575),(9650,'Xã An Nhựt Tân',51,576),(9651,'Xã Quê Mỹ Thạnh',51,576),(9652,'Xã Bình Lãng',51,576),(9653,'Thị trấn Tân Trụ',51,576),(9654,'Xã Mỹ Bình',51,576),(9655,'Xã Lạc Tấn',51,576),(9656,'Xã Bình Trinh Đông',51,576),(9657,'Xã Tân Phước Tây',51,576),(9658,'Xã Bình Tịnh',51,576),(9659,'Xã Đức Tân',51,576),(9660,'Xã Nhựt Ninh',51,576),(9661,'Xã Phước Vân',51,577),(9662,'Xã Tân Chánh',51,577),(9663,'Thị trấn Cần Đước',51,577),(9664,'Xã Long Hòa',51,577),(9665,'Xã Mỹ Lệ',51,577),(9666,'Xã Long Hựu Đông',51,577),(9667,'Xã Long Trạch',51,577),(9668,'Xã Long Khê',51,577),(9669,'Xã Long Định',51,577),(9670,'Xã Long Cang',51,577),(9671,'Xã Long Sơn',51,577),(9672,'Xã Tân Trạch',51,577),(9673,'Xã Tân Lân',51,577),(9674,'Xã Phước Tuy',51,577),(9675,'Xã Tân ân',51,577),(9676,'Xã Phước Đông',51,577),(9677,'Xã Long Hựu Tây',51,577),(9678,'Xã Phước Vĩnh Tây',51,578),(9679,'Thị trấn Cần Giuộc',51,578),(9680,'Xã Tân Kim',51,578),(9681,'Xã Phước Lâm',51,578),(9682,'Xã Phước Vĩnh Đông',51,578),(9683,'Xã Phước Lý',51,578),(9684,'Xã Long Thượng',51,578),(9685,'Xã Long Hậu',51,578),(9686,'Xã Phứơc Hậu',51,578),(9687,'Xã Mỹ Lộc',51,578),(9688,'Xã Phước Lại',51,578),(9689,'Xã Trường Bình',51,578),(9690,'Xã Thuận Thành',51,578),(9691,'Xã Long An',51,578),(9692,'Xã Long Phụng',51,578),(9693,'Xã Đông Thạnh',51,578),(9694,'Xã Tân Tập',51,578),(9695,'Phường 6',52,579),(9696,'Phường 1',52,579),(9697,'Phường 3',52,579),(9698,'Xã Mỹ Trà',52,579),(9699,'Xã Tân Thuận Đông',52,579),(9700,'Phường 11',52,579),(9701,'Phường 2',52,579),(9702,'Phường 4',52,579),(9703,'Xã Mỹ Ngãi',52,579),(9704,'Xã Mỹ Tân',52,579),(9705,'Xã Tân Thuận Tây',52,579),(9706,'Xã Hòa An',52,579),(9707,'Xã Tịnh Thới',52,579),(9708,'Phường Mỹ Phú',52,579),(9709,'Phường Hoà Thuận',52,579),(9710,'Phường Tân Quy Đông',52,580),(9711,'Phường 4',52,580),(9712,'Xã Tân Khánh Đông',52,580),(9713,'Xã Tân Quy Tây',52,580),(9714,'Xã Tân Phú Đông',52,580),(9715,'Phường 2',52,580),(9716,'Phường 3',52,580),(9717,'Phường 1',52,580),(9718,'Phường An Hòa',52,580),(9719,'Xã Tân Công Chí',52,581),(9720,'Xã An Phước',52,581),(9721,'Thị trấn Sa Rài',52,581),(9722,'Xã Tân Hộ Cơ',52,581),(9723,'Xã Thông Bình',52,581),(9724,'Xã Bình Phú',52,581),(9725,'Xã Tân Thành A',52,581),(9726,'Xã Tân Thành B',52,581),(9727,'Xã Tân Phước',52,581),(9728,'Xã Thường Thới Hậu A',52,582),(9729,'Xã Thường Lạc',52,582),(9730,'Xã Thường Phước 1',52,582),(9731,'Xã Thường Thới Hậu B',52,582),(9732,'Xã Thường Thới Tiền',52,582),(9733,'Xã Thường Phước 2',52,582),(9734,'Xã Long Khánh A',52,582),(9735,'Xã Long Khánh B',52,582),(9736,'Xã Long Thuận',52,582),(9737,'Xã Phú Thuận B',52,582),(9738,'Xã Phú Thuận A',52,582),(9739,'Xã An Long',52,583),(9740,'Thị trấn Tràm Chim',52,583),(9741,'Xã Phú Thành B',52,583),(9742,'Xã Phú Ninh',52,583),(9743,'Xã Hoà Bình',52,583),(9744,'Xã Tân Công Sính',52,583),(9745,'Xã Phú Hiệp',52,583),(9746,'Xã Phú Đức',52,583),(9747,'Xã An Hòa',52,583),(9748,'Xã Phú Cường',52,583),(9749,'Xã Phú Thọ',52,583),(9750,'Xã Phú Thành A',52,583),(9751,'Xã Bình Thành',52,584),(9752,'Xã Tân Quới',52,584),(9753,'Xã Tân Mỹ',52,584),(9754,'Xã Tân Bình',52,584),(9755,'Xã Tân Long',52,584),(9756,'Thị trấn Thanh Bình',52,584),(9757,'Xã Tân Hòa',52,584),(9758,'Xã An Phong',52,584),(9759,'Xã Phú Lợi',52,584),(9760,'Xã Bình Tấn',52,584),(9761,'Xã Tân Huề',52,584),(9762,'Xã Tân Thạnh',52,584),(9763,'Xã Tân Phú',52,584),(9764,'Xã Mỹ Quý',52,585),(9765,'Xã Mỹ Hòa',52,585),(9766,'Xã Mỹ An',52,585),(9767,'Xã Thanh Mỹ',52,585),(9768,'Xã Thạnh Lợi',52,585),(9769,'Thị trấn Mỹ An',52,585),(9770,'Xã Hưng Thạnh',52,585),(9771,'Xã Trường Xuân',52,585),(9772,'Xã Tân Kiều',52,585),(9773,'Xã Mỹ Đông',52,585),(9774,'Xã Đốc Binh Kiều',52,585),(9775,'Xã Phú Điền',52,585),(9776,'Xã Láng Biển',52,585),(9777,'Xã Tân Nghĩa',52,586),(9778,'Xã Bình Thạnh',52,586),(9779,'Xã Ba Sao',52,586),(9780,'Xã Nhị Mỹ',52,586),(9781,'Xã An Bình',52,586),(9782,'Xã Bình Hàng Trung',52,586),(9783,'Thị trấn Mỹ Thọ',52,586),(9784,'Xã Gáo Giồng',52,586),(9785,'Xã Phương Thịnh',52,586),(9786,'Xã Phong Mỹ',52,586),(9787,'Xã Phương Trà',52,586),(9788,'Xã Mỹ Thọ',52,586),(9789,'Xã Tân Hội Trung',52,586),(9790,'Xã Mỹ Hội',52,586),(9791,'Xã Mỹ Hiệp',52,586),(9792,'Xã Mỹ Long',52,586),(9793,'Xã Mỹ Xương',52,586),(9794,'Xã Bình Hàng Tây',52,586),(9795,'Xã Định Yên',52,587),(9796,'Xã Mỹ An Hưng B',52,587),(9797,'Xã Long Hưng B',52,587),(9798,'Xã Bình Thạnh Trung',52,587),(9799,'Thị trấn Lấp Vò',52,587),(9800,'Xã Mỹ An Hưng A',52,587),(9801,'Xã Tân Mỹ',52,587),(9802,'Xã Tân Khánh Trung',52,587),(9803,'Xã Long Hưng A',52,587),(9804,'Xã Vĩnh Thạnh',52,587),(9805,'Xã Bình Thành',52,587),(9806,'Xã Định An',52,587),(9807,'Xã Hội An Đông',52,587),(9808,'Xã Phong Hòa',52,588),(9809,'Xã Định Hòa',52,588),(9810,'Xã Tân Hòa',52,588),(9811,'Xã Long Hậu',52,588),(9812,'Xã Long Thắng',52,588),(9813,'Thị trấn Lai Vung',52,588),(9814,'Xã Tân Dương',52,588),(9815,'Xã Hòa Thành',52,588),(9816,'Xã Tân Phước',52,588),(9817,'Xã Hòa Long',52,588),(9818,'Xã Tân Thành',52,588),(9819,'Xã Vĩnh Thới',52,588),(9820,'Xã Phú Hựu',52,589),(9821,'Xã An Khánh',52,589),(9822,'Thị trấn Cái Tàu Hạ',52,589),(9823,'Xã An Hiệp',52,589),(9824,'Xã An Nhơn',52,589),(9825,'Xã Tân Nhuận Đông',52,589),(9826,'Xã Tân Bình',52,589),(9827,'Xã Tân Phú Trung',52,589),(9828,'Xã Phú Long',52,589),(9829,'Xã An Phú Thuận',52,589),(9830,'Xã Tân Phú',52,589),(9831,'Xã Hòa Tân',52,589),(9832,'Phường An Thạnh',52,590),(9833,'Phường An Lạc',52,590),(9834,'Phường An Lộc',52,590),(9835,'Xã An Bình A',52,590),(9836,'Xã An Bình B',52,590),(9837,'Xã Bình Thạnh',52,590),(9838,'Xã Tân Hội',52,590),(9839,'Phường Mỹ Thạnh',53,591),(9840,'Phường Mỹ Bình',53,591),(9841,'Phường Bình Khánh',53,591),(9842,'Phường Mỹ Hòa',53,591),(9843,'Phường Mỹ Long',53,591),(9844,'Phường Mỹ Xuyên',53,591),(9845,'Phường Bình Đức',53,591),(9846,'Phường Mỹ Phước',53,591),(9847,'Phường Mỹ Quý',53,591),(9848,'Phường Mỹ Thới',53,591),(9849,'Xã Mỹ Khánh',53,591),(9850,'Xã Mỹ Hoà Hưng',53,591),(9851,'Phường Đông Xuyên',53,591),(9852,'Phường Châu Phú A',53,592),(9853,'Xã Vĩnh Tế',53,592),(9854,'Phường Châu Phú B',53,592),(9855,'Phường Vĩnh Mỹ',53,592),(9856,'Phường Núi Sam',53,592),(9857,'Xã Vĩnh Ngươn',53,592),(9858,'Xã Vĩnh Châu',53,592),(9859,'Xã Quốc Thái',53,593),(9860,'Xã Khánh Bình',53,593),(9861,'Xã Phú Hội',53,593),(9862,'Xã Vĩnh Trường',53,593),(9863,'Thị trấn An Phú',53,593),(9864,'Xã Khánh An',53,593),(9865,'Xã Nhơn Hội',53,593),(9866,'Xã Phú Hữu',53,593),(9867,'Xã Phước Hưng',53,593),(9868,'Xã Vĩnh Lộc',53,593),(9869,'Xã Vĩnh Hậu',53,593),(9870,'Xã Vĩnh Hội Đông',53,593),(9871,'Xã Đa Phước',53,593),(9872,'Thị trấn Long Bình',53,593),(9873,'Xã Vĩnh Xương',53,594),(9874,'Xã Phú Lộc',53,594),(9875,'Xã Long An',53,594),(9876,'Xã Lê Chánh',53,594),(9877,'Thị trấn Tân Châu',53,594),(9878,'Xã Vĩnh Hòa',53,594),(9879,'Xã Tân An',53,594),(9880,'Xã Long Phú',53,594),(9881,'Xã Châu Phong',53,594),(9882,'Xã Phú Vĩnh',53,594),(9883,'Xã Tân Thạnh',53,594),(9884,'Xã Phú Long',53,595),(9885,'Xã Bình Thạnh Đông',53,595),(9886,'Xã Long Hoà',53,595),(9887,'Xã Phú Hiệp',53,595),(9888,'Xã Phú An',53,595),(9889,'Xã Phú Thọ',53,595),(9890,'Xã Tân Trung',53,595),(9891,'Thị trấn Phú Mỹ',53,595),(9892,'Thị trấn Chợ Vàm',53,595),(9893,'Xã Long Sơn',53,595),(9894,'Xã Phú Lâm',53,595),(9895,'Xã Phú Thạnh',53,595),(9896,'Xã Hoà Lạc',53,595),(9897,'Xã Phú Thành',53,595),(9898,'Xã Phú Xuân',53,595),(9899,'Xã Hiệp Xương',53,595),(9900,'Xã Phú Bình',53,595),(9901,'Xã Phú Hưng',53,595),(9902,'Xã Tân Hòa',53,595),(9903,'Xã Đào Hữu Cảnh',53,596),(9904,'Xã Mỹ Phú',53,596),(9905,'Xã Thạnh Mỹ Tây',53,596),(9906,'Xã Bình Phú',53,596),(9907,'Thị trấn Cái Dầu',53,596),(9908,'Xã Khánh Hòa',53,596),(9909,'Xã Mỹ Đức',53,596),(9910,'Xã ô Long Vỹ',53,596),(9911,'Xã Vĩnh Thạnh Trung',53,596),(9912,'Xã Bình Long',53,596),(9913,'Xã Bình Mỹ',53,596),(9914,'Xã Bình Thủy',53,596),(9915,'Xã Bình Chánh',53,596),(9916,'Xã Núi Voi',53,597),(9917,'Xã Thới Sơn',53,597),(9918,'Xã An Nông',53,597),(9919,'Xã An Hảo',53,597),(9920,'Xã Tân Lập',53,597),(9921,'Xã Tân Lợi',53,597),(9922,'Thị trấn Nhà Bàng',53,597),(9923,'Thị trấn Chi Lăng',53,597),(9924,'Xã Nhơn Hưng',53,597),(9925,'Xã An Phú',53,597),(9926,'Thị trấn Tịnh Biên',53,597),(9927,'Xã Văn Giáo',53,597),(9928,'Xã An Cư',53,597),(9929,'Xã Vĩnh Trung',53,597),(9930,'Xã Vĩnh Phước',53,598),(9931,'Xã Châu Lăng',53,598),(9932,'Xã Núi Tô',53,598),(9933,'Xã ô Lâm',53,598),(9934,'Thị trấn Tri Tôn',53,598),(9935,'Thị trấn Ba Chúc',53,598),(9936,'Xã Lạc Quới',53,598),(9937,'Xã Lê Trì',53,598),(9938,'Xã Vĩnh Gia',53,598),(9939,'Xã Lương Phi',53,598),(9940,'Xã Lương An Trà',53,598),(9941,'Xã Tà Đảnh',53,598),(9942,'Xã An Tức',53,598),(9943,'Xã Cô Tô',53,598),(9944,'Xã Tân Tuyến',53,598),(9945,'Xã Kiến An',53,599),(9946,'Xã An Thạnh Trung',53,599),(9947,'Xã Mỹ Hội Đông',53,599),(9948,'Xã Kiến Thành',53,599),(9949,'Xã Long Giang',53,599),(9950,'Xã Hội An',53,599),(9951,'Thị trấn Chợ Mới',53,599),(9952,'Thị trấn Mỹ Luông',53,599),(9953,'Xã Long Điền A',53,599),(9954,'Xã Tấn Mỹ',53,599),(9955,'Xã Long Điền B',53,599),(9956,'Xã Mỹ Hiệp',53,599),(9957,'Xã Mỹ An',53,599),(9958,'Xã Nhơn Mỹ',53,599),(9959,'Xã Long Kiến',53,599),(9960,'Xã Bình Phước Xuân',53,599),(9961,'Xã Hòa Bình',53,599),(9962,'Xã Hòa An',53,599),(9963,'Xã Vĩnh Nhuận',53,600),(9964,'Xã An Hòa',53,600),(9965,'Xã Bình Thạnh',53,600),(9966,'Xã Hòa Bình Thạnh',53,600),(9967,'Thị trấn An Châu',53,600),(9968,'Xã Cần Đăng',53,600),(9969,'Xã Vĩnh Hanh',53,600),(9970,'Xã Vĩnh Bình',53,600),(9971,'Xã Bình Hòa',53,600),(9972,'Xã Vĩnh An',53,600),(9973,'Xã Vĩnh Lợi',53,600),(9974,'Xã Tân Phú',53,600),(9975,'Xã Vĩnh Thành',53,600),(9976,'Xã Định Mỹ',53,601),(9977,'Thị trấn Núi Sập',53,601),(9978,'Xã Vĩnh Trạch',53,601),(9979,'Xã Định Thành',53,601),(9980,'Xã Thoại Giang',53,601),(9981,'Thị trấn Phú Hoà',53,601),(9982,'Thị trấn óc Eo',53,601),(9983,'Xã Tây Phú',53,601),(9984,'Xã Vĩnh Phú',53,601),(9985,'Xã Phú Thuận',53,601),(9986,'Xã Vĩnh Chánh',53,601),(9987,'Xã Mỹ Phú Đông',53,601),(9988,'Xã Vọng Đông',53,601),(9989,'Xã Vĩnh Khánh',53,601),(9990,'Xã Bình Thành',53,601),(9991,'Xã Vọng Thê',53,601),(9992,'Xã An Bình',53,601),(9993,'Xã Mỹ Phong',54,602),(9994,'Phường 3',54,602),(9995,'Phường 8',54,602),(9996,'Phường Tân Long',54,602),(9997,'Xã Tân Mỹ Chánh',54,602),(9998,'Phường 5',54,602),(9999,'Phường 4',54,602),(10000,'Phường 7',54,602),(10001,'Phường 1',54,602),(10002,'Phường 2',54,602),(10003,'Phường 6',54,602),(10004,'Phường 9',54,602),(10005,'Phường 10',54,602),(10006,'Xã Đạo Thạnh',54,602),(10007,'Xã Trung An',54,602),(10008,'Phường 1',54,603),(10009,'Xã Long Chánh',54,603),(10010,'Phường 3',54,603),(10011,'Phường 2',54,603),(10012,'Phường 4',54,603),(10013,'Phường 5',54,603),(10014,'Xã Long Hưng',54,603),(10015,'Xã Long Thuận',54,603),(10016,'Xã Long Hòa',54,603),(10017,'Xã Bình Đông',54,603),(10018,'Xã Bình Xuân',54,603),(10019,'Xã Tân Trung',54,603),(10020,'Xã Tân Lập 1',54,604),(10021,'Xã Tân Hòa Đông',54,604),(10022,'Xã Mỹ Phước',54,604),(10023,'Xã Thạnh Tân',54,604),(10024,'Xã Tân Hòa Thành',54,604),(10025,'Xã Tân Hòa Tây',54,604),(10026,'Xã Tân Lập 2',54,604),(10027,'Xã Phước Lập',54,604),(10028,'Thị trấn Mỹ Phước',54,604),(10029,'Xã Thạnh Mỹ',54,604),(10030,'Xã Thạnh Hoà',54,604),(10031,'Xã Phú Mỹ',54,604),(10032,'Xã Hưng Thạnh',54,604),(10033,'Xã Tân Hương',54,605),(10034,'Xã Long An',54,605),(10035,'Xã Tân Hội Đông',54,605),(10036,'Xã Tam Hiệp',54,605),(10037,'Xã Đông Hòa',54,605),(10038,'Xã Long Hưng',54,605),(10039,'Xã Bàn Long',54,605),(10040,'Xã Song Thuận',54,605),(10041,'Thị trấn Tân Hiệp',54,605),(10042,'Xã Tân Lý Đông',54,605),(10043,'Xã Tân Lý Tây',54,605),(10044,'Xã Thân Cửu Nghĩa',54,605),(10045,'Xã Điềm Hy',54,605),(10046,'Xã Nhị Bình',54,605),(10047,'Xã Dưỡng Điềm',54,605),(10048,'Xã Long Định',54,605),(10049,'Xã Hữu Đạo',54,605),(10050,'Xã Bình Trưng',54,605),(10051,'Xã Phước Thạnh',54,605),(10052,'Xã Thạnh Phú',54,605),(10053,'Xã Vĩnh Kim',54,605),(10054,'Xã Bình Đức',54,605),(10055,'Xã Kim Sơn',54,605),(10056,'Xã Phú Phong',54,605),(10057,'Xã Thới Sơn',54,605),(10058,'Xã Mỹ Hạnh Trung',54,606),(10059,'Xã Phú An',54,606),(10060,'Xã Thạnh Lộc',54,606),(10061,'Xã Mỹ Hạnh Đông',54,606),(10062,'Xã Phú Nhuận',54,606),(10063,'Xã Nhị Quý',54,606),(10064,'Xã Long Khánh',54,606),(10065,'Xã Hiệp Đức',54,606),(10066,'Xã Tân Phong',54,606),(10067,'Thị trấn Cai Lậy',54,606),(10068,'Xã Mỹ Thành Bắc',54,606),(10069,'Xã Phú Cường',54,606),(10070,'Xã Mỹ Phước Tây',54,606),(10071,'Xã Mỹ Thành Nam',54,606),(10072,'Xã Tân Phú',54,606),(10073,'Xã Tân Bình',54,606),(10074,'Xã Tân Hội',54,606),(10075,'Xã Bình Phú',54,606),(10076,'Xã Nhị Mỹ',54,606),(10077,'Xã Thanh Hòa',54,606),(10078,'Xã Phú Quý',54,606),(10079,'Xã Cẩm Sơn',54,606),(10080,'Xã Mỹ Long',54,606),(10081,'Xã Long Tiên',54,606),(10082,'Xã Long Trung',54,606),(10083,'Xã Hội Xuân',54,606),(10084,'Xã Tam Bình',54,606),(10085,'Xã Ngũ Hiệp',54,606),(10086,'Thị trấn Chợ Gạo',54,607),(10087,'Xã Long Bình Điền',54,607),(10088,'Xã Trung Hòa',54,607),(10089,'Xã Phú Kiết',54,607),(10090,'Xã Quơn Long',54,607),(10091,'Xã Song Bình',54,607),(10092,'Xã Xuân Đông',54,607),(10093,'Xã Hòa Tịnh',54,607),(10094,'Xã Mỹ Tịnh An',54,607),(10095,'Xã Tân Bình Thạnh',54,607),(10096,'Xã Lương Hòa Lạc',54,607),(10097,'Xã Thanh Bình',54,607),(10098,'Xã Bình Phục Nhứt',54,607),(10099,'Xã Đăng Hưng Phước',54,607),(10100,'Xã Tân Thuận Bình',54,607),(10101,'Xã Bình Phan',54,607),(10102,'Xã An Thạnh Thủy',54,607),(10103,'Xã Hòa Định',54,607),(10104,'Xã Bình Ninh',54,607),(10105,'Xã Đông Hòa Hiệp',54,608),(10106,'Xã Mỹ Tân',54,608),(10107,'Xã Mỹ Lợi B',54,608),(10108,'Xã Hậu Thành',54,608),(10109,'Xã Mỹ Đức Đông',54,608),(10110,'Xã Tân Hưng',54,608),(10111,'Xã An Hữu',54,608),(10112,'Thị trấn Cái Bè',54,608),(10113,'Xã Hậu Mỹ Bắc B',54,608),(10114,'Xã Hậu Mỹ Bắc A',54,608),(10115,'Xã Mỹ Trung',54,608),(10116,'Xã Hậu Mỹ Trinh',54,608),(10117,'Xã Hậu Mỹ Phú',54,608),(10118,'Xã Thiện Trung',54,608),(10119,'Xã Mỹ Hội',54,608),(10120,'Xã An Cư',54,608),(10121,'Xã Mỹ Lợi A',54,608),(10122,'Xã Hòa Khánh',54,608),(10123,'Xã Thiện Trí',54,608),(10124,'Xã Mỹ Đức Tây',54,608),(10125,'Xã An Thái Đông',54,608),(10126,'Xã Mỹ Lương',54,608),(10127,'Xã Tân Thanh',54,608),(10128,'Xã An Thái Trung',54,608),(10129,'Xã Hòa Hưng',54,608),(10130,'Xã Long Vĩnh',54,609),(10131,'Xã Bình Nhì',54,609),(10132,'Xã Đồng Sơn',54,609),(10133,'Xã Thạnh Nhựt',54,609),(10134,'Xã Bình Tân',54,609),(10135,'Xã Vĩnh Hựu',54,609),(10136,'Xã Long Bình',54,609),(10137,'Thị trấn Vĩnh Bình',54,609),(10138,'Xã Bình Phú',54,609),(10139,'Xã Đồng Thạnh',54,609),(10140,'Xã Thành Công',54,609),(10141,'Xã Yên Luông',54,609),(10142,'Xã Thạnh Trị',54,609),(10143,'Xã Tăng Hoà',54,610),(10144,'Xã Bình Nghị',54,610),(10145,'Xã Tân Phước',54,610),(10146,'Xã Tân Tây',54,610),(10147,'Xã Tân Đông',54,610),(10148,'Xã Phước Trung',54,610),(10149,'Thị trấn Tân Hòa',54,610),(10150,'Xã Gia Thuận',54,610),(10151,'Xã Vàm Láng',54,610),(10152,'Xã Kiểng Phước',54,610),(10153,'Xã Bình ân',54,610),(10154,'Xã Tân Điền',54,610),(10155,'Xã Tân Thành',54,610),(10156,'Xã Phú Đông',54,611),(10157,'Xã Phú Thạnh',54,611),(10158,'Xã Tân Phú',54,611),(10159,'Xã Phú Tân',54,611),(10160,'Xã Tân Thạnh',54,611),(10161,'Xã Tân Thới',54,611),(10162,'Xã Trường An',55,612),(10163,'Phường 5',55,612),(10164,'Phường 4',55,612),(10165,'Xã Tân Hòa',55,612),(10166,'Phường 9',55,612),(10167,'Phường 1',55,612),(10168,'Phường 2',55,612),(10169,'Phường 3',55,612),(10170,'Phường 8',55,612),(10171,'Xã Tân Ngãi',55,612),(10172,'Xã Tân Hội',55,612),(10173,'Xã Long An',55,613),(10174,'Xã Phú Quới',55,613),(10175,'Thị trấn Long Hồ',55,613),(10176,'Xã Thanh Đức',55,613),(10177,'Xã Phú Đức',55,613),(10178,'Xã Thạnh Quới',55,613),(10179,'Xã Hòa Phú',55,613),(10180,'Xã Đồng Phú',55,613),(10181,'Xã Bình Hòa Phước',55,613),(10182,'Xã Hòa Ninh',55,613),(10183,'Xã An Bình',55,613),(10184,'Xã Tân Hạnh',55,613),(10185,'Xã Phước Hậu',55,613),(10186,'Xã Long Phước',55,613),(10187,'Xã Lộc Hòa',55,613),(10188,'Xã Mỹ Phước',55,614),(10189,'Xã Bình Phước',55,614),(10190,'Xã Tân Long Hội',55,614),(10191,'Thị trấn Cái Nhum',55,614),(10192,'Xã Mỹ An',55,614),(10193,'Xã An Phước',55,614),(10194,'Xã Nhơn Phú',55,614),(10195,'Xã Long Mỹ',55,614),(10196,'Xã Hòa Tịnh',55,614),(10197,'Xã Chánh Hội',55,614),(10198,'Xã Chánh An',55,614),(10199,'Xã Tân An Hội',55,614),(10200,'Xã Tân Long',55,614),(10201,'Thị trấn Cái Vồn',55,615),(10202,'Xã Đông Thạnh',55,615),(10203,'Xã Thuận An',55,615),(10204,'Xã Đông Bình',55,615),(10205,'Xã Mỹ Hòa',55,615),(10206,'Xã Đông Thành',55,615),(10207,'Xã Tân Lược',55,616),(10208,'Xã Tân An Thạnh',55,616),(10209,'Xã Tân Hưng',55,616),(10210,'Xã Tân Quới',55,616),(10211,'Xã Tân Bình',55,616),(10212,'Xã Tân Thành',55,616),(10213,'Xã Thành Lợi',55,616),(10214,'Xã Thành Đông',55,616),(10215,'Xã Thành Trung',55,616),(10216,'Xã Mỹ Thuận',55,616),(10217,'Xã Nguyễn Văn Thảnh',55,616),(10218,'Xã Hòa Thạnh',55,617),(10219,'Xã Bình Ninh',55,617),(10220,'Thị trấn Tam Bình',55,617),(10221,'Xã Hoà Lộc',55,617),(10222,'Xã Hòa Hiệp',55,617),(10223,'Xã Mỹ Thạnh Trung',55,617),(10224,'Xã Tân Lộc',55,617),(10225,'Xã Phú Thịnh',55,617),(10226,'Xã Hậu Lộc',55,617),(10227,'Xã Phú Lộc',55,617),(10228,'Xã Song Phú',55,617),(10229,'Xã Mỹ Lộc',55,617),(10230,'Xã Tân Phú',55,617),(10231,'Xã Long Phú',55,617),(10232,'Xã Tường Lộc',55,617),(10233,'Xã Loan Mỹ',55,617),(10234,'Xã Ngãi Tứ',55,617),(10235,'Xã Tân Mỹ',55,618),(10236,'Thị trấn Trà ôn',55,618),(10237,'Xã Thới Hòa',55,618),(10238,'Xã Vĩnh Xuân',55,618),(10239,'Xã Lục Sỹ Thành',55,618),(10240,'Xã Xuân Hiệp',55,618),(10241,'Xã Nhơn Bình',55,618),(10242,'Xã Hòa Bình',55,618),(10243,'Xã Trà Côn',55,618),(10244,'Xã Hựu Thành',55,618),(10245,'Xã Thuận Thới',55,618),(10246,'Xã Phú Thành',55,618),(10247,'Xã Thiện Mỹ',55,618),(10248,'Xã Tích Thiện',55,618),(10249,'Thị trấn Vũng Liêm',55,619),(10250,'Xã Trung Ngãi',55,619),(10251,'Xã Trung Chánh',55,619),(10252,'Xã Trung Hiệp',55,619),(10253,'Xã Trung Hiếu',55,619),(10254,'Xã Trung An',55,619),(10255,'Xã Tân Quới Trung',55,619),(10256,'Xã Quới Thiện',55,619),(10257,'Xã Quới An',55,619),(10258,'Xã Tân An Luông',55,619),(10259,'Xã Thanh Bình',55,619),(10260,'Xã Trung Thành Tây',55,619),(10261,'Xã Hiếu Phụng',55,619),(10262,'Xã Trung Thành Đông',55,619),(10263,'Xã Trung Thành',55,619),(10264,'Xã Hiếu Thuận',55,619),(10265,'Xã Trung Nghĩa',55,619),(10266,'Xã Hiếu Nhơn',55,619),(10267,'Xã Hiếu Thành',55,619),(10268,'Xã Hiếu Nghĩa',55,619),(10269,'Xã Phú Hưng',56,620),(10270,'Phường 8',56,620),(10271,'Phường 1',56,620),(10272,'Phường 7',56,620),(10273,'Xã Mỹ Thạnh An',56,620),(10274,'Phường Phú Khương',56,620),(10275,'Phường 6',56,620),(10276,'Phường 4',56,620),(10277,'Phường 5',56,620),(10278,'Phường 3',56,620),(10279,'Phường 2',56,620),(10280,'Xã Sơn Đông',56,620),(10281,'Xã Bình Phú',56,620),(10282,'Xã Nhơn Thạnh',56,620),(10283,'Xã Phú Nhuận',56,620),(10284,'Phường Phú Tân',56,620),(10285,'Xã Phú Đức',56,621),(10286,'Xã An Hiệp',56,621),(10287,'Xã Tân Thạch',56,621),(10288,'Xã Giao Hòa',56,621),(10289,'Xã An Phước',56,621),(10290,'Xã Tân Phú',56,621),(10291,'Xã Tiên Long',56,621),(10292,'Xã Sơn Hòa',56,621),(10293,'Thị trấn Châu Thành',56,621),(10294,'Xã Qưới Sơn',56,621),(10295,'Xã An Khánh',56,621),(10296,'Xã Giao Long',56,621),(10297,'Xã Phú Túc',56,621),(10298,'Xã Phú An Hòa',56,621),(10299,'Xã Tam Phước',56,621),(10300,'Xã Thành Triệu',56,621),(10301,'Xã Tường Đa',56,621),(10302,'Xã Quới Thành',56,621),(10303,'Xã Phước Thạnh',56,621),(10304,'Xã An Hóa',56,621),(10305,'Xã Hữu Định',56,621),(10306,'Xã Tiên Thủy',56,621),(10307,'Xã Mỹ Thành',56,621),(10308,'Xã Tân Thiềng',56,622),(10309,'Xã Phú Phụng',56,622),(10310,'Xã Long Thới',56,622),(10311,'Xã Vĩnh Hòa',56,622),(10312,'Thị trấn Chợ Lách',56,622),(10313,'Xã Sơn Định',56,622),(10314,'Xã Vĩnh Bình',56,622),(10315,'Xã Hòa Nghĩa',56,622),(10316,'Xã Phú Sơn',56,622),(10317,'Xã Vĩnh Thành',56,622),(10318,'Xã Hưng Khánh Trung B',56,622),(10319,'Xã An Thới',56,623),(10320,'Xã Bình Khánh Đông',56,623),(10321,'Xã Thành Thới B',56,623),(10322,'Xã Minh Đức',56,623),(10323,'Thị trấn Mỏ Cày',56,623),(10324,'Xã Định Thủy',56,623),(10325,'Xã Đa Phước Hội',56,623),(10326,'Xã Phước Hiệp',56,623),(10327,'Xã An Thạnh',56,623),(10328,'Xã Bình Khánh Tây',56,623),(10329,'Xã An Định',56,623),(10330,'Xã Tân Trung',56,623),(10331,'Xã Thành Thới A',56,623),(10332,'Xã Ngãi Đăng',56,623),(10333,'Xã Cẩm Sơn',56,623),(10334,'Xã Hương Mỹ',56,623),(10335,'Xã Tân Hội',56,623),(10336,'Xã Thanh Tân',56,624),(10337,'Xã Thạnh Ngãi',56,624),(10338,'Xã Tân Phú Tây',56,624),(10339,'Xã Tân Thành Bình',56,624),(10340,'Xã Thành An',56,624),(10341,'Xã Phước Mỹ Trung',56,624),(10342,'Xã Tân Thanh Tây',56,624),(10343,'Xã Tân Bình',56,624),(10344,'Xã Nhuận Phú Tân',56,624),(10345,'Xã Hòa Lộc',56,624),(10346,'Xã Khánh Thạnh Tân',56,624),(10347,'Xã Hưng Khánh Trung A',56,624),(10348,'Xã Phú Mỹ',56,624),(10349,'Xã Lương Phú',56,625),(10350,'Xã Tân Lợi Thạnh',56,625),(10351,'Xã Bình Hoà',56,625),(10352,'Xã Tân Hào',56,625),(10353,'Xã Thạnh Phú Đông',56,625),(10354,'Xã Phong Nẫm',56,625),(10355,'Xã Phong Mỹ',56,625),(10356,'Xã Mỹ Thạnh',56,625),(10357,'Xã Châu Hòa',56,625),(10358,'Xã Lương Hòa',56,625),(10359,'Xã Lương Quới',56,625),(10360,'Xã Châu Bình',56,625),(10361,'Xã Thuận Điền',56,625),(10362,'Xã Sơn Phú',56,625),(10363,'Xã Phước Long',56,625),(10364,'Xã Hưng Phong',56,625),(10365,'Xã Long Mỹ',56,625),(10366,'Xã Bình Thành',56,625),(10367,'Xã Tân Thanh',56,625),(10368,'Xã Hưng Nhượng',56,625),(10369,'Xã Hưng Lễ',56,625),(10370,'Thị trấn Giồng Trôm',56,625),(10371,'Xã Lộc Thuận',56,626),(10372,'Xã Vang Quới Tây',56,626),(10373,'Xã Định Trung',56,626),(10374,'Xã Bình Thắng',56,626),(10375,'Xã Thạnh Phước',56,626),(10376,'Xã Tam Hiệp',56,626),(10377,'Thị trấn Bình Đại',56,626),(10378,'Xã Long Định',56,626),(10379,'Xã Long Hòa',56,626),(10380,'Xã Phú Thuận',56,626),(10381,'Xã Vang Quới Đông',56,626),(10382,'Xã Châu Hưng',56,626),(10383,'Xã Phú Vang',56,626),(10384,'Xã Thới Lai',56,626),(10385,'Xã Bình Thới',56,626),(10386,'Xã Phú Long',56,626),(10387,'Xã Thạnh Trị',56,626),(10388,'Xã Đại Hòa Lộc',56,626),(10389,'Xã Thừa Đức',56,626),(10390,'Xã Thới Thuận',56,626),(10391,'Xã Tân Mỹ',56,627),(10392,'Xã Phú Lễ',56,627),(10393,'Xã An Thủy',56,627),(10394,'Xã Mỹ Hòa',56,627),(10395,'Xã An Phú Trung',56,627),(10396,'Xã Phú Ngãi',56,627),(10397,'Xã Bảo Thuận',56,627),(10398,'Xã Vĩnh Hòa',56,627),(10399,'Xã An Hòa Tây',56,627),(10400,'Thị trấn Ba Tri',56,627),(10401,'Xã Tân Xuân',56,627),(10402,'Xã Mỹ Chánh',56,627),(10403,'Xã Bảo Thạnh',56,627),(10404,'Xã Mỹ Thạnh',56,627),(10405,'Xã Mỹ Nhơn',56,627),(10406,'Xã Phước Tuy',56,627),(10407,'Xã An Ngãi Trung',56,627),(10408,'Xã An Bình Tây',56,627),(10409,'Xã Tân Hưng',56,627),(10410,'Xã An Ngãi Tây',56,627),(10411,'Xã An Hiệp',56,627),(10412,'Xã Tân Thủy',56,627),(10413,'Xã Vĩnh An',56,627),(10414,'Xã An Đức',56,627),(10415,'Xã An Thuận',56,628),(10416,'Xã Đại Điền',56,628),(10417,'Xã An Thạnh',56,628),(10418,'Xã Bình Thạnh',56,628),(10419,'Xã An Nhơn',56,628),(10420,'Thị trấn Thạnh Phú',56,628),(10421,'Xã Phú Khánh',56,628),(10422,'Xã Quới Điền',56,628),(10423,'Xã Tân Phong',56,628),(10424,'Xã Mỹ Hưng',56,628),(10425,'Xã Thới Thạnh',56,628),(10426,'Xã Hòa Lợi',56,628),(10427,'Xã An Điền',56,628),(10428,'Xã An Quy',56,628),(10429,'Xã Thạnh Hải',56,628),(10430,'Xã Giao Thạnh',56,628),(10431,'Xã Thạnh Phong',56,628),(10432,'Xã Mỹ An',56,628),(10433,'Phường Vĩnh Lạc',57,629),(10434,'Phường Vĩnh Quang',57,629),(10435,'Phường An Bình',57,629),(10436,'Xã Phi Thông',57,629),(10437,'Phường Vĩnh Thanh Vân',57,629),(10438,'Phường Vĩnh Thanh',57,629),(10439,'Phường Vĩnh Hiệp',57,629),(10440,'Phường Vĩnh Bảo',57,629),(10441,'Phường An Hòa',57,629),(10442,'Phường Rạch Sỏi',57,629),(10443,'Phường Vĩnh Lợi',57,629),(10444,'Phường Vĩnh Thông',57,629),(10445,'Xã Bình An',57,630),(10446,'Xã Kiên Bình',57,630),(10447,'Xã Hoà Điền',57,630),(10448,'Xã Sơn Hải',57,630),(10449,'Thị trấn Kiên Lương',57,630),(10450,'Xã Vĩnh Phú',57,630),(10451,'Xã Vĩnh Điều',57,630),(10452,'Xã Tân Khánh Hòa',57,630),(10453,'Xã Phú Lợi',57,630),(10454,'Xã Phú Mỹ',57,630),(10455,'Xã Dương Hòa',57,630),(10456,'Xã Hòn Nghệ',57,630),(10457,'Xã Bình Trị',57,630),(10458,'Xã Lình Huỳnh',57,631),(10459,'Xã Bình Sơn',57,631),(10460,'Xã Bình Giang',57,631),(10461,'Xã Mỹ Thái',57,631),(10462,'Xã Nam Thái Sơn',57,631),(10463,'Xã Mỹ Hiệp Sơn',57,631),(10464,'Xã Sơn Kiên',57,631),(10465,'Xã Mỹ Thuận',57,631),(10466,'Xã Thổ Sơn',57,631),(10467,'Xã Mỹ Lâm',57,631),(10468,'Xã Mỹ Phước',57,631),(10469,'Thị trấn Sóc Sơn',57,631),(10470,'Thị trấn Hòn Đất',57,631),(10471,'Xã Sơn Bình',57,631),(10472,'Xã Tân Hiệp B',57,632),(10473,'Xã Tân Thành',57,632),(10474,'Xã Tân Hiệp A',57,632),(10475,'Thị trấn Tân Hiệp',57,632),(10476,'Xã Tân Hội',57,632),(10477,'Xã Thạnh Đông B',57,632),(10478,'Xã Thạnh Đông',57,632),(10479,'Xã Tân An',57,632),(10480,'Xã Thạnh Đông A',57,632),(10481,'Xã Thạnh Trị',57,632),(10482,'Xã Giục Tượng',57,633),(10483,'Thị trấn Minh Lương',57,633),(10484,'Xã Minh Hòa',57,633),(10485,'Xã Mong Thọ A',57,633),(10486,'Xã Mong Thọ B',57,633),(10487,'Xã Mong Thọ',57,633),(10488,'Xã Vĩnh Hòa Hiệp',57,633),(10489,'Xã Vĩnh Hòa Phú',57,633),(10490,'Xã Bình An',57,633),(10491,'Xã Thạnh Lộc',57,633),(10492,'Xã Bàn Tân Định',57,634),(10493,'Xã Ngọc Hòa',57,634),(10494,'Xã Long Thạnh',57,634),(10495,'Xã Thạnh Hưng',57,634),(10496,'Xã Bàn Thạch',57,634),(10497,'Xã Ngọc Thuận',57,634),(10498,'Thị trấn Giồng Riềng',57,634),(10499,'Xã Thạnh Phước',57,634),(10500,'Xã Thạnh Lộc',57,634),(10501,'Xã Thạnh Hòa',57,634),(10502,'Xã Ngọc Thành',57,634),(10503,'Xã Ngọc Chúc',57,634),(10504,'Xã Hòa Hưng',57,634),(10505,'Xã Hoà Lợi',57,634),(10506,'Xã Hoà An',57,634),(10507,'Xã Vĩnh Thạnh',57,634),(10508,'Xã Vĩnh Phú',57,634),(10509,'Xã Hòa Thuận',57,634),(10510,'Xã Vĩnh Phước A',57,635),(10511,'Xã Vĩnh Hòa Hưng Bắc',57,635),(10512,'Xã Vĩnh Hòa Hưng Nam',57,635),(10513,'Thị trấn Gò Quao',57,635),(10514,'Xã Định Hòa',57,635),(10515,'Xã Thới Quản',57,635),(10516,'Xã Định An',57,635),(10517,'Xã Thủy Liễu',57,635),(10518,'Xã Vĩnh Phước B',57,635),(10519,'Xã Vĩnh Tuy',57,635),(10520,'Xã Vĩnh Thắng',57,635),(10521,'Xã Đông Thái',57,636),(10522,'Thị trấn Thứ Ba',57,636),(10523,'Xã Hưng Yên',57,636),(10524,'Xã Đông Yên',57,636),(10525,'Xã Tây Yên',57,636),(10526,'Xã Tây Yên A',57,636),(10527,'Xã Nam Yên',57,636),(10528,'Xã Nam Thái',57,636),(10529,'Xã Nam Thái A',57,636),(10530,'Xã Đông Hưng B',57,637),(10531,'Xã Thuận Hoà',57,637),(10532,'Xã Đông Hưng',57,637),(10533,'Xã Vân Khánh Đông',57,637),(10534,'Thị trấn Thứ Mười Một',57,637),(10535,'Xã Đông Hòa',57,637),(10536,'Xã Đông Thạnh',57,637),(10537,'Xã Tân Thạnh',57,637),(10538,'Xã Đông Hưng A',57,637),(10539,'Xã Vân Khánh',57,637),(10540,'Xã Vân Khánh Tây',57,637),(10541,'Xã Vĩnh Bình Bắc',57,638),(10542,'Xã Tân Thuận',57,638),(10543,'Thị trấn Vĩnh Thuận',57,638),(10544,'Xã Vĩnh Bình Nam',57,638),(10545,'Xã Vĩnh Thuận',57,638),(10546,'Xã Vĩnh Phong',57,638),(10547,'Thị trấn Dương Đông',57,639),(10548,'Xã Cửa Cạn',57,639),(10549,'Xã Dương Tơ',57,639),(10550,'Thị trấn An Thới',57,639),(10551,'Xã Gành Dầu',57,639),(10552,'Xã Cửa Dương',57,639),(10553,'Xã Hàm Ninh',57,639),(10554,'Xã Hòn Thơm',57,639),(10555,'Xã Bãi Thơm',57,639),(10556,'Xã Thổ Châu',57,639),(10557,'Xã Nam Du',57,640),(10558,'Xã Hòn Tre',57,640),(10559,'Xã Lại Sơn',57,640),(10560,'Xã An Sơn',57,640),(10561,'Xã Tiên Hải',57,641),(10562,'Phường Pháo Đài',57,641),(10563,'Phường Tô Châu',57,641),(10564,'Phường Đông Hồ',57,641),(10565,'Phường Bình San',57,641),(10566,'Xã Mỹ Đức',57,641),(10567,'Xã Thuận Yên',57,641),(10568,'Xã Thạnh Yên',57,642),(10569,'Xã Thạnh Yên A',57,642),(10570,'Xã An Minh Bắc',57,642),(10571,'Xã Vĩnh Hòa',57,642),(10572,'Xã Hoà Chánh',57,642),(10573,'Xã Minh Thuận',57,642),(10574,'Phường Tân Lộc',58,643),(10575,'Phường Thốt Nốt',58,643),(10576,'Phường Thuận An',58,643),(10577,'Phường Trung Nhứt',58,643),(10578,'Phường Trung Kiên',58,643),(10579,'Phường Thuận Hưng',58,643),(10580,'Phường Tân Hưng',58,643),(10581,'Phường Thạnh Hòa',58,643),(10582,'Phường Thới Thuận',58,643),(10583,'Phường Phước Thới',58,644),(10584,'Phường Thới An',58,644),(10585,'Phường Châu Văn Liêm',58,644),(10586,'Phường Thới Long',58,644),(10587,'Phường Trường Lạc',58,644),(10588,'Phường Thới Hoà',58,644),(10589,'Phường Long Hưng',58,644),(10590,'Phường An Cư',58,645),(10591,'Phường Hưng Lợi',58,645),(10592,'Phường Cái Khế',58,645),(10593,'Phường An Hòa',58,645),(10594,'Phường Thới Bình',58,645),(10595,'Phường An Nghiệp',58,645),(10596,'Phường An Hội',58,645),(10597,'Phường Tân An',58,645),(10598,'Phường An Lạc',58,645),(10599,'Phường An Phú',58,645),(10600,'Phường Xuân Khánh',58,645),(10601,'Phường An Bình',58,645),(10602,'Phường An Khánh',58,645),(10603,'Phường Trà Nóc',58,646),(10604,'Phường Bình Thủy',58,646),(10605,'Phường Thới An Đông',58,646),(10606,'Phường An Thới',58,646),(10607,'Phường Long Hòa',58,646),(10608,'Phường Long Tuyền',58,646),(10609,'Phường Bùi Hữu Nghĩa',58,646),(10610,'Phường Trà An',58,646),(10611,'Phường Tân Phú',58,647),(10612,'Phường Lê Bình',58,647),(10613,'Phường Thường Thạnh',58,647),(10614,'Phường Hưng Phú',58,647),(10615,'Phường Hưng Thạnh',58,647),(10616,'Phường Ba Láng',58,647),(10617,'Phường Phú Thứ',58,647),(10618,'Xã Thạnh An',58,648),(10619,'Xã Thạnh Mỹ',58,648),(10620,'Xã Thạnh Qưới',58,648),(10621,'Thị trấn Thạnh An',58,648),(10622,'Xã Vĩnh Trinh',58,648),(10623,'Xã Thạnh Thắng',58,648),(10624,'Xã Thạnh Lộc',58,648),(10625,'Thị Trấn Vĩnh Thạnh',58,648),(10626,'Xã Thạnh Tiến',58,648),(10627,'Xã Thạnh Lợi',58,648),(10628,'Xã Vĩnh Bình',58,648),(10629,'Xã Thới Đông',58,649),(10630,'Xã Đông Hiệp',58,649),(10631,'Thị trấn Cờ Đỏ',58,649),(10632,'Xã Thới Hưng',58,649),(10633,'Xã Đông Thắng',58,649),(10634,'Xã Thới Xuân',58,649),(10635,'Xã Trung Thạnh',58,649),(10636,'Xã Trung An',58,649),(10637,'Xã Trung Hưng',58,649),(10638,'Xã Thạnh Phú',58,649),(10639,'Xã Mỹ Khánh',58,650),(10640,'Xã Trường Long',58,650),(10641,'Xã Nhơn ái',58,650),(10642,'Xã Giai Xuân',58,650),(10643,'Xã Tân Thới',58,650),(10644,'Xã Nhơn Nghĩa',58,650),(10645,'Thị Trấn Phong Điền',58,650),(10646,'Thị Trấn Thới Lai',58,651),(10647,'Xã Trường Xuân',58,651),(10648,'Xã Trường Xuân A',58,651),(10649,'Xã Trường Xuân B',58,651),(10650,'Xã Thới Thạnh',58,651),(10651,'Xã Tân Thạnh',58,651),(10652,'Xã Định Môn',58,651),(10653,'Xã Trường Thành',58,651),(10654,'Xã Trường Thắng',58,651),(10655,'Xã Thới Tân',58,651),(10656,'Xã Đông Bình',58,651),(10657,'Xã Đông Thuận',58,651),(10658,'Xã Xuân Thắng',58,651),(10659,'Phường I',59,652),(10660,'Phường VII',59,652),(10661,'Xã Hoả Tiến',59,652),(10662,'Phường III',59,652),(10663,'Phường IV',59,652),(10664,'Phường V',59,652),(10665,'Xã Vị Tân',59,652),(10666,'Xã Hoả Lựu',59,652),(10667,'Xã Tân Tiến',59,652),(10668,'Xã Trường Long Tây',59,653),(10669,'Xã Trường Long A',59,653),(10670,'Thị trấn Một Ngàn',59,653),(10671,'Xã Tân Thuận',59,653),(10672,'Xã Tân Hòa',59,653),(10673,'Xã Nhơn nghĩa A',59,653),(10674,'Xã Thạnh Xuân',59,653),(10675,'Xã Tân Phú Thạnh',59,653),(10676,'Thị Trấn Rạch Gòi',59,653),(10677,'Thị Trấn Cái Tắc',59,653),(10678,'Xã Đông Phước A',59,654),(10679,'Thị trấn Ngã sáu',59,654),(10680,'Xã Phú Hữu',59,654),(10681,'Xã Đông Phước',59,654),(10682,'Xã Đông Thạnh',59,654),(10683,'Xã Phú An',59,654),(10684,'Xã Đông Phú',59,654),(10685,'Xã Phú Hữu A',59,654),(10686,'Phường Hiệp Thành',59,655),(10687,'Phường Ngã Bảy',59,655),(10688,'Phường Lái Hiếu',59,655),(10689,'Xã Hiệp Lợi',59,655),(10690,'Xã Đại Thành',59,655),(10691,'Xã Tân Thành',59,655),(10692,'Thị trấn Cây Dương',59,656),(10693,'Thị trấn Kinh Cùng',59,656),(10694,'Xã Hoà An',59,656),(10695,'Xã Tân Bình',59,656),(10696,'Xã Bình Thành',59,656),(10697,'Xã Thạnh Hoà',59,656),(10698,'Xã Tân Long',59,656),(10699,'Xã Long Thạnh',59,656),(10700,'Xã Phụng Hiệp',59,656),(10701,'Xã Phương Bình',59,656),(10702,'Xã Hoà Mỹ',59,656),(10703,'Xã Tân Phước Hưng',59,656),(10704,'Xã Phương Phú',59,656),(10705,'Xã Hiệp Hưng',59,656),(10706,'Xã Vị Thanh',59,657),(10707,'Xã Vị Thắng',59,657),(10708,'Xã Vị Đông',59,657),(10709,'Thị trấn Nàng Mau',59,657),(10710,'Xã Vị Trung',59,657),(10711,'Xã Vị Thuỷ',59,657),(10712,'Xã Vĩnh Thuận Tây',59,657),(10713,'Xã Vĩnh Trung',59,657),(10714,'Xã Vĩnh Tường',59,657),(10715,'Xã Vị Bình',59,657),(10716,'Xã Thuận Hòa',59,658),(10717,'Xã Long Bình',59,658),(10718,'Xã Vĩnh Thuận Đông',59,658),(10719,'Thị trấn Long Mỹ',59,658),(10720,'Thị trấn Trà Lồng',59,658),(10721,'Xã Long Trị',59,658),(10722,'Xã Long Phú',59,658),(10723,'Xã Tân Phú',59,658),(10724,'Xã Thuận Hưng',59,658),(10725,'Xã Vĩnh Viễn',59,658),(10726,'Xã Lương Tâm',59,658),(10727,'Xã Xà Phiên',59,658),(10728,'Xã Lương Nghĩa',59,658),(10729,'Xã Vĩnh Viễn A',59,658),(10730,'Xã Long Đức',60,659),(10731,'Phường 2',60,659),(10732,'Phường 7',60,659),(10733,'Phường 4',60,659),(10734,'Phường 1',60,659),(10735,'Phường 3',60,659),(10736,'Phường 5',60,659),(10737,'Phường 6',60,659),(10738,'Phường 8',60,659),(10739,'Phường 9',60,659),(10740,'Xã Tân An',60,660),(10741,'Thị trấn Càng Long',60,660),(10742,'Xã Đại Phúc',60,660),(10743,'Xã An Trường',60,660),(10744,'Xã Tân Bình',60,660),(10745,'Xã Huyền Hội',60,660),(10746,'Xã Phương Thạnh',60,660),(10747,'Xã Đức Mỹ',60,660),(10748,'Xã Nhị Long',60,660),(10749,'Xã Nhị Long Phú',60,660),(10750,'Xã Đại Phước',60,660),(10751,'Xã Mỹ Cẩm',60,660),(10752,'Xã An Trường A',60,660),(10753,'Xã Bình Phú',60,660),(10754,'Xã Long Hòa',60,661),(10755,'Xã Hưng Mỹ',60,661),(10756,'Xã Lương Hoà A',60,661),(10757,'Xã Phước Hảo',60,661),(10758,'Thị trấn Châu Thành',60,661),(10759,'Xã Hòa Thuận',60,661),(10760,'Xã Nguyệt Hóa',60,661),(10761,'Xã Hòa Minh',60,661),(10762,'Xã Lương Hòa',60,661),(10763,'Xã Hòa Lợi',60,661),(10764,'Xã Đa Lộc',60,661),(10765,'Xã Song Lộc',60,661),(10766,'Xã Mỹ Chánh',60,661),(10767,'Xã Thanh Mỹ',60,661),(10768,'Xã Phong Thạnh',60,662),(10769,'Xã Châu Điền',60,662),(10770,'Xã Phong Phú',60,662),(10771,'Thị trấn Cầu Kè',60,662),(10772,'Xã Thạnh Phú',60,662),(10773,'Xã Thông Hòa',60,662),(10774,'Xã Tam Ngãi',60,662),(10775,'Xã Hòa ân',60,662),(10776,'Xã An Phú Tân',60,662),(10777,'Xã Hoà Tân',60,662),(10778,'Xã Ninh Thới',60,662),(10779,'Xã Tân Hùng',60,663),(10780,'Xã Hiếu Trung',60,663),(10781,'Xã Long Thới',60,663),(10782,'Xã Hùng Hòa',60,663),(10783,'Thị trấn Tiểu Cần',60,663),(10784,'Thị trấn Cầu Quan',60,663),(10785,'Xã Hiếu Tử',60,663),(10786,'Xã Tập Ngãi',60,663),(10787,'Xã Phú Cần',60,663),(10788,'Xã Ngãi Hùng',60,663),(10789,'Xã Tân Hòa',60,663),(10790,'Xã Mỹ Long Nam',60,664),(10791,'Thị trấn Mỹ Long',60,664),(10792,'Xã Mỹ Hòa',60,664),(10793,'Xã Thuận Hòa',60,664),(10794,'Xã Hiệp Mỹ Tây',60,664),(10795,'Thị trấn Cầu Ngang',60,664),(10796,'Xã Vĩnh Kim',60,664),(10797,'Xã Kim Hòa',60,664),(10798,'Xã Mỹ Long Bắc',60,664),(10799,'Xã Hiệp Hòa',60,664),(10800,'Xã Trường Thọ',60,664),(10801,'Xã Nhị Trường',60,664),(10802,'Xã Long Sơn',60,664),(10803,'Xã Hiệp Mỹ Đông',60,664),(10804,'Xã Thạnh Hòa Sơn',60,664),(10805,'Xã Hiệp Mỹ',60,664),(10806,'Xã An Quảng Hữu',60,665),(10807,'Xã Tập Sơn',60,665),(10808,'Xã Long Hiệp',60,665),(10809,'Xã Thanh Sơn',60,665),(10810,'Xã Đôn Xuân',60,665),(10811,'Thị trấn Trà Cú',60,665),(10812,'Xã Phước Hưng',60,665),(10813,'Xã Tân Sơn',60,665),(10814,'Xã Tân Hiệp',60,665),(10815,'Xã Ngãi Xuyên',60,665),(10816,'Xã Ngọc Biên',60,665),(10817,'Xã Lưu Nghiệp Anh',60,665),(10818,'Xã Kim Sơn',60,665),(10819,'Xã Đôn Châu',60,665),(10820,'Xã Hàm Giang',60,665),(10821,'Xã Đại An',60,665),(10822,'Xã Định An',60,665),(10823,'Xã Hàm Tân',60,665),(10824,'Thị trấn Định An',60,665),(10825,'Xã Long Hữu',60,666),(10826,'Xã Hiệp Thạnh',60,666),(10827,'Xã Long Toàn',60,666),(10828,'Xã Đông Hải',60,666),(10829,'Thị trấn Duyên Hải',60,666),(10830,'Xã Ngũ Lạc',60,666),(10831,'Xã Trường Long Hòa',60,666),(10832,'Xã Long Khánh',60,666),(10833,'Xã Dân Thành',60,666),(10834,'Xã Long Vĩnh',60,666),(10835,'Phường 2',61,667),(10836,'Phường 7',61,667),(10837,'Phường 1',61,667),(10838,'Phường 9',61,667),(10839,'Phường 5',61,667),(10840,'Phường 8',61,667),(10841,'Phường 6',61,667),(10842,'Phường 4',61,667),(10843,'Phường 3',61,667),(10844,'Phường 10',61,667),(10845,'Xã Trinh Phú',61,668),(10846,'Xã Xuân Hòa',61,668),(10847,'Xã Ba Trinh',61,668),(10848,'Xã Kế An',61,668),(10849,'Thị trấn Kế Sách',61,668),(10850,'Xã An Lạc Thôn',61,668),(10851,'Xã Phong Nẫm',61,668),(10852,'Xã An Lạc Tây',61,668),(10853,'Xã Thới An Hội',61,668),(10854,'Xã Nhơn Mỹ',61,668),(10855,'Xã Kế Thành',61,668),(10856,'Xã Đại Hải',61,668),(10857,'Xã An Mỹ',61,668),(10858,'Xã Tân Hưng',61,669),(10859,'Xã Đại Ngãi',61,669),(10860,'Xã Trường Khánh',61,669),(10861,'Xã Long Phú',61,669),(10862,'Xã Trung Bình',61,669),(10863,'Thị trấn Long Phú',61,669),(10864,'Xã Song Phụng',61,669),(10865,'Xã Hậu Thạnh',61,669),(10866,'Xã Long Đức',61,669),(10867,'Xã Phú Hữu',61,669),(10868,'Xã Châu Khánh',61,669),(10869,'Xã Tân Thạnh',61,669),(10870,'Xã Đại ân 2',61,669),(10871,'Xã Liêu Tú',61,669),(10872,'Xã Lịch Hội Thượng',61,669),(10873,'Thị trấn Cù Lao Dung',61,670),(10874,'Xã An Thạnh 1',61,670),(10875,'Xã An Thạnh 2',61,670),(10876,'Xã An Thạnh Tây',61,670),(10877,'Xã An Thạnh Đông',61,670),(10878,'Xã Đại ân 1',61,670),(10879,'Xã An Thạnh 3',61,670),(10880,'Xã An Thạnh Nam',61,670),(10881,'Xã Long Hưng',61,671),(10882,'TT.Huỳnh Hữu Nghĩa',61,671),(10883,'Xã Thuận Hưng',61,671),(10884,'Xã Hưng Phú',61,671),(10885,'Xã Mỹ Hương',61,671),(10886,'Xã Mỹ Tú',61,671),(10887,'Xã Mỹ Phước',61,671),(10888,'Xã Mỹ Thuận',61,671),(10889,'Xã Phú Mỹ',61,671),(10890,'Xã Tham Đôn',61,672),(10891,'Xã Gia Hòa 1',61,672),(10892,'Xã Đại Tâm',61,672),(10893,'Xã Gia Hòa 2',61,672),(10894,'Xã Viên An',61,672),(10895,'Xã Thạnh Thới An',61,672),(10896,'Xã Thạnh Thới Thuận',61,672),(10897,'Xã Viên Bình',61,672),(10898,'Xã Thạnh Phú',61,672),(10899,'Xã Ngọc Đông',61,672),(10900,'Xã Thạnh Quới',61,672),(10901,'Xã Hòa Tú 1',61,672),(10902,'Xã Ngọc Tố',61,672),(10903,'Xã Hòa Tú II',61,672),(10904,'Thị trấn Mỹ Xuyên',61,672),(10905,'Xã Tài Văn',61,672),(10906,'Thị trấn Phú Lộc',61,673),(10907,'Xã Thạnh Trị',61,673),(10908,'Xã Thạnh Tân',61,673),(10909,'Xã Lâm Tân',61,673),(10910,'Xã Lâm Kiết',61,673),(10911,'Xã Tuân Tức',61,673),(10912,'Xã Vĩnh Thành',61,673),(10913,'Xã Vĩnh Lợi',61,673),(10914,'Xã Châu Hưng',61,673),(10915,'Xã Vĩnh Quới',61,674),(10916,'Xã Mỹ Bình',61,674),(10917,'Thị trấn Ngã Năm',61,674),(10918,'Xã Long Tân',61,674),(10919,'Xã Tân Long',61,674),(10920,'Xã Long Bình',61,674),(10921,'Xã Vĩnh Biên',61,674),(10922,'Xã Mỹ Quới',61,674),(10923,'Xã Lạc Hòa',61,675),(10924,'Xã Hòa Đông',61,675),(10925,'Xã Vĩnh Hải',61,675),(10926,'Xã Vĩnh Tân',61,675),(10927,'Thị trấn Vĩnh Châu',61,675),(10928,'Xã Khánh Hòa',61,675),(10929,'Xã Vĩnh Hiệp',61,675),(10930,'Xã Vĩnh Châu',61,675),(10931,'Xã Vĩnh Phước',61,675),(10932,'Xã Lai Hòa',61,675),(10933,'Thị trấn Châu Thành',61,676),(10934,'Xã Hồ Đắc Kiện',61,676),(10935,'Xã An Ninh',61,676),(10936,'Xã An Hiệp',61,676),(10937,'Xã Phú Tân',61,676),(10938,'Xã Phú Tâm',61,676),(10939,'Xã Thiện Mỹ',61,676),(10940,'Xã Thuận Hòa',61,676),(10941,'Phường 2',62,677),(10942,'Phường 1',62,677),(10943,'Xã Vĩnh Trạch',62,677),(10944,'Phường 3',62,677),(10945,'Phường 5',62,677),(10946,'Phường 7',62,677),(10947,'Phường 8',62,677),(10948,'Phường Nhà Mát',62,677),(10949,'Xã Vĩnh Trạch Đông',62,677),(10950,'Xã Hiệp Thành',62,677),(10951,'Xã Ninh Quới A',62,678),(10952,'Xã Ninh Quới',62,678),(10953,'Xã Vĩnh Lộc',62,678),(10954,'Thị trấn Ngan Dừa',62,678),(10955,'Xã Ninh Hòa',62,678),(10956,'Xã Lộc Ninh',62,678),(10957,'Xã Vĩnh Lộc A',62,678),(10958,'Xã Ninh Thạnh Lợi',62,678),(10959,'Xã Ninh Thạnh Lợi A',62,678),(10960,'Xã Châu Hưng A',62,679),(10961,'Xã Long Thạnh',62,679),(10962,'Xã Vĩnh Hưng',62,679),(10963,'Xã Vĩnh Hưng A',62,679),(10964,'Thị trấn Châu Hưng',62,679),(10965,'Xã Hưng Thành',62,679),(10966,'Xã Hưng Hội',62,679),(10967,'Xã Châu Thới',62,679),(10968,'Thị trấn Hòa Bình',62,680),(10969,'Xã Minh Diệu',62,680),(10970,'Xã Vĩnh Bình',62,680),(10971,'Xã Vĩnh Mỹ B',62,680),(10972,'Xã Vĩnh Hậu',62,680),(10973,'Xã Vĩnh Mỹ A',62,680),(10974,'Xã Vĩnh Thịnh',62,680),(10975,'Xã Vĩnh Hậu A',62,680),(10976,'Xã Tân Phong',62,681),(10977,'Xã Phong Thạnh Đông A',62,681),(10978,'Xã Phong Thạnh Tây',62,681),(10979,'Thị trấn Giá Rai',62,681),(10980,'Thị trấn Hộ Phòng',62,681),(10981,'Xã Phong Thạnh Đông',62,681),(10982,'Xã Phong Tân',62,681),(10983,'Xã Phong Thạnh',62,681),(10984,'Xã Phong Thạnh A',62,681),(10985,'Xã Tân Thạnh',62,681),(10986,'Xã Phong Thạnh Tây B',62,682),(10987,'Xã Vĩnh Phú Đông',62,682),(10988,'Xã Phong Thạnh Tây A',62,682),(10989,'Thị trấn Phước Long',62,682),(10990,'Xã Vĩnh Phú Tây',62,682),(10991,'Xã Phước Long',62,682),(10992,'Xã Hưng Phú',62,682),(10993,'Xã Vĩnh Thanh',62,682),(10994,'Xã An Phúc',62,683),(10995,'Xã Long Điền',62,683),(10996,'Xã Định Thành',62,683),(10997,'Thị trấn Gành Hào',62,683),(10998,'Xã Long Điền Đông',62,683),(10999,'Xã Long Điền Đông A',62,683),(11000,'Xã Long Điền Tây',62,683),(11001,'Xã An Trạch',62,683),(11002,'Xã Định Thành A',62,683),(11003,'Xã An Trạch A',62,683),(11004,'Xã Điền Hải',62,683),(11005,'Phường 5',63,684),(11006,'Xã Lý Văn Lâm',63,684),(11007,'Phường 9',63,684),(11008,'Phường 4',63,684),(11009,'Phường 1',63,684),(11010,'Phường 2',63,684),(11011,'Phường 8',63,684),(11012,'Phường 6',63,684),(11013,'Phường 7',63,684),(11014,'Xã An Xuyên',63,684),(11015,'Xã Tân Thành',63,684),(11016,'Xã Tắc Vân',63,684),(11017,'Xã Định Bình',63,684),(11018,'Xã Hòa Thành',63,684),(11019,'Xã Hòa Tân',63,684),(11020,'Xã Tân Lộc',63,685),(11021,'Thị trấn Thới Bình',63,685),(11022,'Xã Biển Bạch',63,685),(11023,'Xã Trí Phải',63,685),(11024,'Xã Biển Bạch Đông',63,685),(11025,'Xã Thới Bình',63,685),(11026,'Xã Tân Phú',63,685),(11027,'Xã Tân Lộc Bắc',63,685),(11028,'Xã Tân Lộc Đông',63,685),(11029,'Xã Hồ Thị Kỷ',63,685),(11030,'Xã Trí Lực',63,685),(11031,'Xã Tân Bằng',63,685),(11032,'Xã Khánh An',63,686),(11033,'Thị trấn U Minh',63,686),(11034,'Xã Khánh Hòa',63,686),(11035,'Xã Khánh Tiến',63,686),(11036,'Xã Nguyễn Phích',63,686),(11037,'Xã Khánh Lâm',63,686),(11038,'Xã Khánh Hội',63,686),(11039,'Xã Khánh Hưng',63,687),(11040,'Thị trấn Trần Văn Thời',63,687),(11041,'Thị trấn Sông Đốc',63,687),(11042,'Xã Khánh Bình Tây Bắc',63,687),(11043,'Xã Khánh Bình Tây',63,687),(11044,'Xã Trần Hợi',63,687),(11045,'Xã Khánh Bình',63,687),(11046,'Xã Khánh Bình Đông',63,687),(11047,'Xã Khánh Hải',63,687),(11048,'Xã Lợi An',63,687),(11049,'Xã Phong Lạc',63,687),(11050,'Xã Phong Điền',63,687),(11051,'Xã Khánh Lộc',63,687),(11052,'Xã Phú Tân',63,688),(11053,'Xã Việt Thắng',63,688),(11054,'Thị trấn Cái Đôi Vàm',63,688),(11055,'Xã Phú Mỹ',63,688),(11056,'Xã Tân Hải',63,688),(11057,'Xã Tân Hưng Tây',63,688),(11058,'Xã Nguyễn Việt Khái',63,688),(11059,'xã Rạch Chèo',63,688),(11060,'xã Phú Thuận',63,688),(11061,'Xã Đông Thới',63,689),(11062,'Xã Tân Hưng',63,689),(11063,'Xã Trần Thới',63,689),(11064,'Thị trấn Cái Nước',63,689),(11065,'Xã Lương Thế Trân',63,689),(11066,'Xã Phú Hưng',63,689),(11067,'Xã Hưng Mỹ',63,689),(11068,'Xã Tân Hưng Đông',63,689),(11069,'Xã Thạnh Phú',63,689),(11070,'Xã Hoà Mỹ',63,689),(11071,'Xã Đông Hưng',63,689),(11072,'Xã Quách Phẩm Bắc',63,690),(11073,'Xã Trần Phán',63,690),(11074,'Xã Tân Duyệt',63,690),(11075,'Xã Thanh Tùng',63,690),(11076,'Thị trấn Đầm Dơi',63,690),(11077,'Xã Tạ An Khương',63,690),(11078,'Xã Tạ An Khương Đông',63,690),(11079,'Xã Tân Đức',63,690),(11080,'Xã Tân Thuận',63,690),(11081,'Xã Tạ An Khương Nam',63,690),(11082,'Xã Tân Tiến',63,690),(11083,'Xã Quách Phẩm',63,690),(11084,'Xã Nguyễn Huân',63,690),(11085,'Xã Ngọc Chánh',63,690),(11086,'Xã Tân Dân',63,690),(11087,'Xã Tân Trung',63,690),(11088,'Xã Hiệp Tùng',63,691),(11089,'Xã Tam Giang Đông',63,691),(11090,'Thị trấn Năm Căn',63,691),(11091,'Xã Hàm Rồng',63,691),(11092,'Xã Đất Mới',63,691),(11093,'Xã Hàng Vịnh',63,691),(11094,'Xã Tam Giang',63,691),(11095,'Xã Lâm Hải',63,691),(11096,'Xã Tân ân Tây',63,692),(11097,'Xã Đất Mũi',63,692),(11098,'Xã Tam Giang Tây',63,692),(11099,'Xã Viên An Đông',63,692),(11100,'Xã Viên An',63,692),(11101,'Xã Tân ân',63,692);
/*!40000 ALTER TABLE `wards` ENABLE KEYS */;
UNLOCK TABLES;
/*!40103 SET TIME_ZONE=@OLD_TIME_ZONE */;

/*!40101 SET SQL_MODE=@OLD_SQL_MODE */;
/*!40014 SET FOREIGN_KEY_CHECKS=@OLD_FOREIGN_KEY_CHECKS */;
/*!40014 SET UNIQUE_CHECKS=@OLD_UNIQUE_CHECKS */;
/*!40101 SET CHARACTER_SET_CLIENT=@OLD_CHARACTER_SET_CLIENT */;
/*!40101 SET CHARACTER_SET_RESULTS=@OLD_CHARACTER_SET_RESULTS */;
/*!40101 SET COLLATION_CONNECTION=@OLD_COLLATION_CONNECTION */;
/*!40111 SET SQL_NOTES=@OLD_SQL_NOTES */;

-- Dump completed on 2019-06-07 10:25:56
